Case_Number,District_Code,District_Name,Neighborhood_Code,Neighborhood_Name,Street_Code,Street_Name,Postal_Code,Day_of_Week,Year,Month_Code,Month_Name,Day_of_Month,Shift_Description,Hour_of_Day,Pedestrian_Cause_Description,Involved_Vehicle_Type,Gender_Description,Age,Person_Type_Description,Pedestrian_Accident_Location_Description,Pedestrian_Movement_Reason_Description,Driver_Movement_Reason_Description,Victimization_Description,UTM_X_Coordinate,UTM_Y_Coordinate,Longitude,Latitude
2023S000066    ,2,Eixample,5,el Fort Pienc,305100,Sant Joan,0004 0004,Wednesday,2023,1,January,4,Afternoon,19,No és causa del  vianant,Motorcycle,Man,58,Driver,Desconegut                                                                                                                                            ,Unknown,Oci i entreteniment,Minor injury: Hospitalization up to 24 hours,431582.27,4582754.76,2.180501983,41.391569121
2023S000067    ,8,Nou Barris,44,Vilapicina i la Torre Llobeta,209900,Meridiana,0355 0357,Wednesday,2023,1,January,4,Afternoon,19,No és causa del  vianant,Motorcycle,Man,37,Driver,Desconegut                                                                                                                                            ,Unknown,Unknown,Minor injury: Hospitalization up to 24 hours,431996.67,4586786.77,2.185004934,41.427919382
2023S000068    ,2,Eixample,9,la Nova Esquerra de l'Eixample,110803,Entença,0123 0123,Thursday,2023,1,January,5,Night,0,No és causa del  vianant,Motorcycle,Man,28,Driver,Desconegut                                                                                                                                            ,Unknown,Unknown,Minor injury: Hospitalization up to 24 hours,428898.82,4581611.98,2.14854162,41.381043623
2023S000071    ,10,Sant Martí,66,el Parc i la Llacuna del Poblenou,209900,Meridiana,0054 0054,Thursday,2023,1,January,5,Morning,6,No és causa del  vianant,Ciclomotor,Man,21,Driver,Desconegut                                                                                                                                            ,Unknown,In itínere,Minor injury: Medical assistance at accident site,432127.28,4583478.89,2.18693924,41.398137365
2023S000072    ,7,Horta-Guinardó,37,el Carmel,67103,Carmel,0066B0066B,Thursday,2023,1,January,5,Morning,9,No és causa del  vianant,Car,Woman,60,Pedestrian,En pas sense regular                                                                                                                                  ,Unknown,Unknown,Minor injury: Hospitalization up to 24 hours,429733.31,4586319.55,2.157973913,41.423516401
2023S000073    ,2,Eixample,8,l'Antiga Esquerra de l'Eixample,18505,Aragó,0194 0206,Thursday,2023,1,January,5,Morning,10,No és causa del  vianant,Motorcycle,Man,40,Driver,Desconegut                                                                                                                                            ,Unknown,Oci i entreteniment,Minor injury: Medical assistance at accident site,429742.65,4582333.21,2.158548672,41.387613677
2023S000074    ,2,Eixample,6,la Sagrada Família,238400,Padilla,0296B0296B,Thursday,2023,1,January,5,Morning,9,Transitar a peu per la calçada,Motorcycle,Man,71,Driver,Fora del pas                                                                                                                                          ,Unknown,Altres activitats,Minor injury: Hospitalization up to 24 hours,431087.38,4584563.89,2.174376938,41.407821118
2023S000074    ,2,Eixample,6,la Sagrada Família,238400,Padilla,0296B0296B,Thursday,2023,1,January,5,Morning,9,Transitar a peu per la calçada,Motorcycle,Man,40,Pedestrian,Fora del pas                                                                                                                                          ,Oci i entreteniment,Unknown,Minor injury: Hospitalization up to 24 hours,431087.38,4584563.89,2.174376938,41.407821118
2023S000075    ,8,Nou Barris,54,Torre Baró,300503,Sant Feliu de Codines,0095 0095,Thursday,2023,1,January,5,Morning,11,No és causa del  vianant,Bus,Woman,81,Passenger,Desconegut                                                                                                                                            ,Unknown,Unknown,Minor injury: Hospitalization up to 24 hours,431179.12,4589942.83,2.174861648,41.456275161
2023S000076    ,2,Eixample,7,la Dreta de l'Eixample,169409,Corts Catalanes,0655 0655,Thursday,2023,1,January,5,Morning,11,No és causa del  vianant,Motorcycle,Man,26,Driver,Desconegut                                                                                                                                            ,Unknown,Altres activitats,Minor injury: Medical assistance at accident site,430973.07,4582896.51,2.173199642,41.392793737
2023S000077    ,5,Sarrià-Sant Gervasi,26,Sant Gervasi - Galvany,32700,Balmes,0260 0260,Thursday,2023,1,January,5,Morning,9,No és causa del  vianant,Motorcycle,Man,89,Driver,Desconegut                                                                                                                                            ,Unknown,En missió,Minor injury: Hospitalization up to 24 hours,428983.4,4583732.52,2.149304284,41.40015005
2023S000078    ,7,Horta-Guinardó,35,el Guinardó,185507,Llobet i Vall-llosera,0011 0011,Thursday,2023,1,January,5,Morning,10,No és causa del  vianant,Bus,Woman,59,Passenger,Desconegut                                                                                                                                            ,Unknown,Unknown,Minor injury: Hospitalization up to 24 hours,430934.65,4586140.02,2.172369755,41.422003671
2023S000079    ,7,Horta-Guinardó,38,la Teixonera,318305,Santa Rosalia,0001 0001,Thursday,2023,1,January,5,Morning,12,No és causa del  vianant,Bus,Man,70,Passenger,Desconegut                                                                                                                                            ,Unknown,Unknown,Minor injury: Medical assistance at accident site,428500.99,4586012.24,2.14326431,41.420639802
2023S000080    ,2,Eixample,7,la Dreta de l'Eixample,176801,Roger de Llúria,0116 0116,Thursday,2023,1,January,5,Morning,13,No és causa del  vianant,Motorcycle,Man,59,Driver,Desconegut                                                                                                                                            ,Unknown,Unknown,Minor injury: Hospitalization up to 24 hours,430216.17,4583338.88,2.164095783,41.396712664
2023S000081    ,8,Nou Barris,44,Vilapicina i la Torre Llobeta,209900,Meridiana,0365B0365B,Thursday,2023,1,January,5,Morning,13,No és causa del  vianant,Motorcycle,Woman,43,Driver,Desconegut                                                                                                                                            ,Unknown,Unknown,Minor injury: Hospitalization up to 24 hours,431926.84,4586869.18,2.184159998,41.428655703
2023S000082    ,9,Sant Andreu,59,el Bon Pastor,701177,Monterrey,0001 0001,Thursday,2023,1,January,5,Afternoon,15,No és causa del  vianant,Motorcycle,Man,31,Driver,Desconegut                                                                                                                                            ,Unknown,Altres activitats,Minor injury: Hospitalization up to 24 hours,433753.46,4588457.97,2.205845097,41.443118278
2023S000082    ,9,Sant Andreu,59,el Bon Pastor,701177,Monterrey,0001 0001,Thursday,2023,1,January,5,Afternoon,15,No és causa del  vianant,Motorcycle,Man,52,Driver,Desconegut                                                                                                                                            ,Unknown,In itínere,Minor injury: Hospitalization up to 24 hours,433753.46,4588457.97,2.205845097,41.443118278
2023S000084    ,2,Eixample,8,l'Antiga Esquerra de l'Eixample,349706,Comte d'Urgell,0282 0284,Thursday,2023,1,January,5,Afternoon,18,No és causa del  vianant,Motorcycle,Man,63,Driver,Desconegut                                                                                                                                            ,Unknown,En missió,Minor injury: Hospitalization up to 24 hours,428696.68,4582788.67,2.145985819,41.391623754
2023S000085    ,2,Eixample,10,Sant Antoni,323203,Sepúlveda,0131 0133,Thursday,2023,1,January,5,Afternoon,17,No és causa del  vianant,Motorcycle,Woman,31,Driver,Desconegut                                                                                                                                            ,Unknown,Unknown,Minor injury: Hospitalization up to 24 hours,429856.3,4581648.16,2.159987217,41.381453575
2023S000086    ,2,Eixample,7,la Dreta de l'Eixample,335100,Tetuan,0006 0007,Thursday,2023,1,January,5,Afternoon,20,No és causa del  vianant,Motorcycle,Man,53,Driver,Desconegut                                                                                                                                            ,Unknown,Altres activitats,Minor injury: Medical assistance at accident site,431174.55,4583056.0,2.1755913,41.394247493
2023S000086    ,2,Eixample,7,la Dreta de l'Eixample,335100,Tetuan,0006 0007,Thursday,2023,1,January,5,Afternoon,20,No és causa del  vianant,Motorcycle,Woman,11,Passenger,Desconegut                                                                                                                                            ,Unknown,Unknown,Minor injury: Medical assistance at accident site,431174.55,4583056.0,2.1755913,41.394247493
2023S000087    ,2,Eixample,7,la Dreta de l'Eixample,148307,Gràcia,0059 0059,Thursday,2023,1,January,5,Night,22,No és causa del  vianant,Motorcycle,Woman,24,Passenger,Desconegut                                                                                                                                            ,Unknown,Unknown,Minor injury: Hospitalization up to 24 hours,430187.73,4582930.63,2.163802698,41.39303322
2023S000087    ,2,Eixample,7,la Dreta de l'Eixample,148307,Gràcia,0059 0059,Thursday,2023,1,January,5,Night,22,No és causa del  vianant,Motorcycle,Man,26,Driver,Desconegut                                                                                                                                            ,Unknown,Unknown,Minor injury: Hospitalization up to 24 hours,430187.73,4582930.63,2.163802698,41.39303322
2023S000088    ,7,Horta-Guinardó,35,el Guinardó,194406,Maragall,0203 0203,Friday,2023,1,January,6,Night,0,No és causa del  vianant,Car,Woman,48,Passenger,Desconegut                                                                                                                                            ,Unknown,Unknown,Minor injury: Refused medical assistance,431341.49,4586362.71,2.177212631,41.424044254
2023S000089    ,2,Eixample,7,la Dreta de l'Eixample,169409,Corts Catalanes,0681 0683,Thursday,2023,1,January,5,Night,23,No és causa del  vianant,Motorcycle,Man,51,Driver,Desconegut                                                                                                                                            ,Unknown,Unknown,Minor injury: Hospitalization up to 24 hours,431320.59,4583309.03,2.177309331,41.396538951
2023S000090    ,10,Sant Martí,64,el Camp de l'Arpa del Clot,18505,Aragó,0555 0555,Friday,2023,1,January,6,Night,0,No és causa del  vianant,Motorcycle,Woman,30,Driver,Desconegut                                                                                                                                            ,Unknown,Oci i entreteniment,Minor injury: Hospitalization up to 24 hours,431934.16,4584454.66,2.184519459,41.406909506
2023S000091    ,3,Sants-Montjuïc,13,la Marina de Port,137300,Foneria,0031B0031B,Friday,2023,1,January,6,Morning,10,Desobeir el senyal del semàfor,Motorcycle,Man,25,Driver,Desconegut                                                                                                                                            ,Unknown,Oci i entreteniment,Minor injury: Hospitalization up to 24 hours,428057.24,4579344.4,2.138747045,41.360545468
2023S000092    ,7,Horta-Guinardó,35,el Guinardó,26208,Art,0076 0076,Friday,2023,1,January,6,Morning,9,No és causa del  vianant,Motorcycle,Man,32,Driver,Desconegut                                                                                                                                            ,Unknown,Altres activitats,Minor injury: Hospitalization up to 24 hours,431197.99,4585866.5,2.175551968,41.419562777
2023S000093    ,2,Eixample,8,l'Antiga Esquerra de l'Eixample,268003,Provença,0164B0164B,Wednesday,2023,1,January,25,Morning,9,No és causa del  vianant,Bus,Woman,57,Passenger,Desconegut                                                                                                                                            ,Unknown,Unknown,Minor injury: Medical assistance at accident site,429263.55,4582400.41,2.152811049,41.388176913
2023S000094    ,8,Nou Barris,48,la Guineueta,351901,Valldaura,0142X0142X,Friday,2023,1,January,6,Morning,9,No és causa del  vianant,Car,Woman,69,Driver,Desconegut                                                                                                                                            ,Unknown,Unknown,Minor injury: Hospitalization up to 24 hours,430336.74,4588049.84,2.164995065,41.439153044
2023S000095    ,7,Horta-Guinardó,35,el Guinardó,192604,Mas Casanovas,0070 0070,Friday,2023,1,January,6,Morning,11,No és causa del  vianant,Motorcycle,Man,55,Driver,Desconegut                                                                                                                                            ,Unknown,Oci i entreteniment,Minor injury: Hospitalization up to 24 hours,430904.68,4585374.48,2.172098642,41.415106138
2023S000096    ,2,Eixample,6,la Sagrada Família,68900,Cartagena,0229 0229,Friday,2023,1,January,6,Morning,12,No és causa del  vianant,Veh. mobilitat personal amb motor,Woman,40,Pedestrian,En pas regulat per semàfor                                                                                                                            ,Unknown,Unknown,Minor injury: Hospitalization up to 24 hours,431554.86,4584456.44,2.179981666,41.406893313
2023S000097    ,10,Sant Martí,71,Provençals del Poblenou,701414,C-31,020660000,Friday,2023,1,January,6,Afternoon,15,No és causa del  vianant,Motorcycle,Man,42,Driver,Desconegut                                                                                                                                            ,Unknown,Unknown,Minor injury: Medical assistance at accident site,432687.43,4584673.71,2.193506522,41.408945895
2023S000098    ,2,Eixample,7,la Dreta de l'Eixample,18505,Aragó,0286 0286,Friday,2023,1,January,6,Afternoon,16,No és causa del  vianant,Ciclomotor,Man,54,Driver,Desconegut                                                                                                                                            ,Unknown,Altres activitats,Minor injury: Hospitalization up to 24 hours,430435.12,4582966.26,2.166757506,41.393375576
2023S000099    ,3,Sants-Montjuïc,11,el Poble-sec,700025,Josep Carner,0035 0035,Friday,2023,1,January,6,Afternoon,17,No és causa del  vianant,Car,Woman,17,Passenger,Desconegut                                                                                                                                            ,Unknown,Unknown,Minor injury: Hospitalization up to 24 hours,431019.89,4580532.97,2.174028839,41.371510024
2023S000100    ,2,Eixample,7,la Dreta de l'Eixample,74404,Catalunya,0012 0013,Friday,2023,1,January,6,Afternoon,14,No és causa del  vianant,Bus,Man,19,Pedestrian,A la vorera / Andana                                                                                                                                  ,In itinere,Unknown,Minor injury: Hospitalization up to 24 hours,430769.42,4582343.62,2.170827125,41.387796511
2023S000101    ,7,Horta-Guinardó,33,el Baix Guinardó,169704,Josep Ciurana,0026 0026,Friday,2023,1,January,6,Afternoon,16,No és causa del  vianant,Motorcycle,Man,76,Driver,Desconegut                                                                                                                                            ,Unknown,Oci i entreteniment,Minor injury: Hospitalization up to 24 hours,430576.15,4585289.45,2.168177696,41.414311972
2023S000103    ,1,Ciutat Vella,4,"Sant Pere, Santa Caterina i la Ribera",240707,Palau,0019 0019,Friday,2023,1,January,6,Afternoon,18,No és causa del  vianant,Autobús articulat,Woman,64,Passenger,Desconegut                                                                                                                                            ,Unknown,Unknown,Minor injury: Hospitalization up to 24 hours,431867.0,4581697.48,2.184026403,41.382070669
2023S000104    ,10,Sant Martí,64,el Camp de l'Arpa del Clot,209900,Meridiana,0155 0155,Friday,2023,1,January,6,Afternoon,19,No és causa del  vianant,Motorcycle,Man,22,Driver,Desconegut                                                                                                                                            ,Unknown,Altres activitats,Minor injury: Hospitalization up to 24 hours,432136.49,4585039.63,2.186874308,41.412195273
2023S000105    ,6,Gràcia,29,el Coll,299801,Sant Eudald,0057 0057,Friday,2023,1,January,6,Afternoon,19,No és causa del  vianant,Motorcycle,Man,55,Driver,Desconegut                                                                                                                                            ,Unknown,Altres activitats,Minor injury: Hospitalization up to 24 hours,428857.75,4585395.36,2.14760571,41.415115496
2023S000106    ,3,Sants-Montjuïc,15,Hostafrancs,114000,Espanya,0006 0008,Friday,2023,1,January,6,Morning,10,No és causa del  vianant,Bus,Woman,44,Passenger,Desconegut                                                                                                                                            ,Unknown,Unknown,Minor injury: Hospitalization up to 24 hours,428875.86,4580985.95,2.148340565,41.375403152
2023S000107    ,8,Nou Barris,44,Vilapicina i la Torre Llobeta,194406,Maragall,0270 0270,Friday,2023,1,January,6,Afternoon,21,No és causa del  vianant,Bicicleta,Man,30,Driver,Desconegut                                                                                                                                            ,Unknown,Unknown,Minor injury: Medical assistance at accident site,430856.53,4586685.67,2.171372556,41.426911423
2023S000108    ,1,Ciutat Vella,1,el Raval,701349,Drassanes,0001 0001,Saturday,2023,1,January,7,Night,0,No és causa del  vianant,Motorcycle,Woman,26,Passenger,Fora del pas                                                                                                                                          ,Unknown,Unknown,Minor injury: Medical assistance at accident site,431213.91,4580892.22,2.176307867,41.374762308
2023S000108    ,1,Ciutat Vella,1,el Raval,701349,Drassanes,0001 0001,Saturday,2023,1,January,7,Night,0,No és causa del  vianant,Motorcycle,Man,52,Pedestrian,Fora del pas                                                                                                                                          ,En missió,Unknown,Minor injury: Hospitalization up to 24 hours,431213.91,4580892.22,2.176307867,41.374762308
2023S000109    ,2,Eixample,6,la Sagrada Família,73900,Castillejos,0240B0240B,Friday,2023,1,January,6,Night,23,No és causa del  vianant,Bicicleta,Man,20,Driver,Desconegut                                                                                                                                            ,Unknown,Unknown,Minor injury: Hospitalization up to 24 hours,431555.53,4584270.88,2.180010678,41.405222088
2023S000109    ,2,Eixample,6,la Sagrada Família,73900,Castillejos,0240B0240B,Friday,2023,1,January,6,Night,23,No és causa del  vianant,Motorcycle,Woman,27,Driver,Desconegut                                                                                                                                            ,Unknown,Unknown,Minor injury: Hospitalization up to 24 hours,431555.53,4584270.88,2.180010678,41.405222088
2023S000110    ,3,Sants-Montjuïc,11,el Poble-sec,284101,Rius i Taulet,0007 0007,Saturday,2023,1,January,7,Morning,9,No és causa del  vianant,Bicicleta,Man,64,Driver,Desconegut                                                                                                                                            ,Unknown,Unknown,Minor injury: Medical assistance at accident site,429204.57,4580586.97,2.152317636,41.371838667
2023S000111    ,2,Eixample,7,la Dreta de l'Eixample,31300,Bailèn,0096 0096,Saturday,2023,1,January,7,Morning,10,Desobeir el senyal del semàfor,Car,Woman,87,Pedestrian,En pas regulat per semàfor                                                                                                                            ,Oci i entreteniment,Unknown,Minor injury: Hospitalization up to 24 hours,430786.4,4583330.2,2.170917388,41.396683796
2023S000112    ,5,Sarrià-Sant Gervasi,26,Sant Gervasi - Galvany,32700,Balmes,0215 0215,Saturday,2023,1,January,7,Morning,11,No és causa del  vianant,Motorcycle,Woman,51,Passenger,Desconegut                                                                                                                                            ,Unknown,Unknown,Minor injury: Hospitalization up to 24 hours,429141.97,4583551.47,2.151222258,41.398533396
2023S000112    ,5,Sarrià-Sant Gervasi,26,Sant Gervasi - Galvany,32700,Balmes,0215 0215,Saturday,2023,1,January,7,Morning,11,No és causa del  vianant,Motorcycle,Woman,52,Driver,Desconegut                                                                                                                                            ,Unknown,Oci i entreteniment,Minor injury: Hospitalization up to 24 hours,429141.97,4583551.47,2.151222258,41.398533396
2023S000113    ,8,Nou Barris,45,Porta,7600,Alcúdia,0101 0101,Saturday,2023,1,January,7,Morning,11,No és causa del  vianant,Veh. mobilitat personal amb motor,Man,29,Driver,Desconegut                                                                                                                                            ,Unknown,Unknown,Minor injury: Hospitalization up to 24 hours,431264.28,4587918.05,2.176111757,41.438046043
2023S000114    ,9,Sant Andreu,57,la Trinitat Vella,701502,B-20 (Besòs),001640000,Saturday,2023,1,January,7,Morning,13,No és causa del  vianant,Motorcycle,Woman,51,Driver,Desconegut                                                                                                                                            ,Unknown,Unknown,Minor injury: Hospitalization up to 24 hours,433118.62,4589134.87,2.19817121,41.449162226
2023S000115    ,2,Eixample,9,la Nova Esquerra de l'Eixample,289105,Rosselló,0068 0070,Saturday,2023,1,January,7,Afternoon,15,No és causa del  vianant,Motorcycle,Man,25,Driver,Desconegut                                                                                                                                            ,Unknown,In itínere,Minor injury: Hospitalization up to 24 hours,428882.97,4582216.76,2.148281059,41.386489266
2023S000116    ,4,Les Corts,21,Pedralbes,336908,Tòquio,0009I0009I,Saturday,2023,1,January,7,Afternoon,16,No és causa del  vianant,Veh. mobilitat personal amb motor,Man,34,Driver,Desconegut                                                                                                                                            ,Unknown,In itínere,Minor injury: Hospitalization up to 24 hours,426428.1,4582820.21,2.118849551,41.391703394
2023S000117    ,9,Sant Andreu,60,Sant Andreu,314100,Santa Coloma,0007X0007X,Saturday,2023,1,January,7,Morning,11,No és causa del  vianant,Car,Woman,34,Passenger,Desconegut                                                                                                                                            ,Unknown,Unknown,Minor injury: Hospitalization up to 24 hours,432308.88,4588633.5,2.188534153,41.444578645
2023S000117    ,9,Sant Andreu,60,Sant Andreu,314100,Santa Coloma,0007X0007X,Saturday,2023,1,January,7,Morning,11,No és causa del  vianant,Car,Woman,60,Passenger,Desconegut                                                                                                                                            ,Unknown,Unknown,Minor injury: Hospitalization up to 24 hours,432308.88,4588633.5,2.188534153,41.444578645
2023S000117    ,9,Sant Andreu,60,Sant Andreu,314100,Santa Coloma,0007X0007X,Saturday,2023,1,January,7,Morning,11,No és causa del  vianant,Car,Woman,63,Passenger,Desconegut                                                                                                                                            ,Unknown,Unknown,Minor injury: Hospitalization up to 24 hours,432308.88,4588633.5,2.188534153,41.444578645
2023S000117    ,9,Sant Andreu,60,Sant Andreu,314100,Santa Coloma,0007X0007X,Saturday,2023,1,January,7,Morning,11,No és causa del  vianant,Car,Man,65,Driver,Desconegut                                                                                                                                            ,Unknown,Oci i entreteniment,Minor injury: Hospitalization up to 24 hours,432308.88,4588633.5,2.188534153,41.444578645
2023S000119    ,8,Nou Barris,44,Vilapicina i la Torre Llobeta,111704,Escòcia,0053 0061,Saturday,2023,1,January,7,Afternoon,14,No és causa del  vianant,Bus,Woman,68,Passenger,Desconegut                                                                                                                                            ,Unknown,Unknown,Minor injury: Hospitalization up to 24 hours,431642.4,4586873.46,2.180755604,41.428670082
2023S000120    ,9,Sant Andreu,57,la Trinitat Vella,120807,Favència,0443 0443,Saturday,2023,1,January,7,Afternoon,17,No és causa del  vianant,"Camió rígid > 3,5 tones",Man,34,Driver,Desconegut                                                                                                                                            ,Unknown,En missió,Minor injury: Hospitalization up to 24 hours,432696.87,4588930.56,2.193145279,41.447286803
2023S000121    ,3,Sants-Montjuïc,18,Sants,30602,Badal,0112 0114,Saturday,2023,1,January,7,Afternoon,20,No és causa del  vianant,Motorcycle,Man,34,Driver,Desconegut                                                                                                                                            ,Unknown,Altres activitats,Minor injury: Hospitalization up to 24 hours,427518.76,4580549.61,2.132165705,41.371352046
2023S000122    ,2,Eixample,10,Sant Antoni,323203,Sepúlveda,0186 0186,Saturday,2023,1,January,7,Night,23,No és causa del  vianant,Motorcycle,Man,30,Driver,Desconegut                                                                                                                                            ,Unknown,Oci i entreteniment,Minor injury: Hospitalization up to 24 hours,430127.51,4581900.31,2.163201348,41.383748223
2023S000123    ,2,Eixample,9,la Nova Esquerra de l'Eixample,349706,Comte d'Urgell,0111B0111B,Sunday,2023,1,January,8,Night,0,No és causa del  vianant,Veh. mobilitat personal amb motor,Man,24,Driver,Desconegut                                                                                                                                            ,Unknown,Unknown,Minor injury: Hospitalization up to 24 hours,429447.81,4582020.17,2.155059021,41.38476841
2023S000124    ,10,Sant Martí,66,el Parc i la Llacuna del Poblenou,270901,Pujades,0021 0021,Sunday,2023,1,January,8,Night,4,No és causa del  vianant,Ciclomotor,Woman,27,Driver,Desconegut                                                                                                                                            ,Unknown,Oci i entreteniment,Minor injury: Medical assistance at accident site,432301.89,4582921.06,2.189090234,41.393127869
2023S000125    ,2,Eixample,7,la Dreta de l'Eixample,176801,Roger de Llúria,0035 0035,Sunday,2023,1,January,8,Morning,6,No és causa del  vianant,Car,Man,44,Driver,Desconegut                                                                                                                                            ,Unknown,Oci i entreteniment,Minor injury: Hospitalization up to 24 hours,430699.37,4582830.18,2.169933661,41.392172773
2023S000127    ,2,Eixample,6,la Sagrada Família,238400,Padilla,0296 0296,Sunday,2023,1,January,8,Morning,12,No és causa del  vianant,Car,Man,59,Driver,Desconegut                                                                                                                                            ,Unknown,Oci i entreteniment,Minor injury: Hospitalization up to 24 hours,431112.13,4584555.74,2.174673956,41.407749836
2023S000128    ,4,Les Corts,21,Pedralbes,102500,Doctor Joaquín Albarrán,0002V0002V,Sunday,2023,1,January,8,Morning,13,No és causa del  vianant,Motorcycle,Woman,28,Passenger,Desconegut                                                                                                                                            ,Unknown,Unknown,Minor injury: Hospitalization up to 24 hours,425534.86,4582570.14,2.108197105,41.389368878
2023S000129    ,2,Eixample,10,Sant Antoni,198804,Paral·lel,0206 0206,Sunday,2023,1,January,8,Morning,12,No és causa del  vianant,Autobús articulat,Woman,66,Passenger,Desconegut                                                                                                                                            ,Unknown,Unknown,Minor injury: Hospitalization up to 24 hours,428989.31,4580940.29,2.149702461,41.375001931
2023S000130    ,7,Horta-Guinardó,35,el Guinardó,152905,Guinardó,0118 0118,Sunday,2023,1,January,8,Morning,13,Desobeir el senyal del semàfor,Bicicleta,Man,37,Driver,Desconegut                                                                                                                                            ,Unknown,Altres activitats,Minor injury: Hospitalization up to 24 hours,431107.92,4585559.27,2.17450926,41.416787938
2023S000131    ,3,Sants-Montjuïc,11,el Poble-sec,124706,Ferrocarrils Catalans,0006 0006,Sunday,2023,1,January,8,Afternoon,14,No és causa del  vianant,Motorcycle,Man,26,Driver,Desconegut                                                                                                                                            ,Unknown,Unknown,Minor injury: Hospitalization up to 24 hours,428456.64,4579261.0,2.143531495,41.359829919
2023S000132    ,3,Sants-Montjuïc,18,Sants,280701,Rei Martí,0021 0021,Sunday,2023,1,January,8,Afternoon,16,No és causa del  vianant,Bicicleta,Man,49,Driver,Desconegut                                                                                                                                            ,Unknown,Oci i entreteniment,Minor injury: Hospitalization up to 24 hours,428116.8,4580836.81,2.139282049,41.373992419
2023S000133    ,10,Sant Martí,64,el Camp de l'Arpa del Clot,209900,Meridiana,0117B0117B,Sunday,2023,1,January,8,Afternoon,18,No és causa del  vianant,Car,Woman,23,Passenger,Desconegut                                                                                                                                            ,Unknown,Unknown,Minor injury: Hospitalization up to 24 hours,432131.07,4584631.66,2.186855248,41.408520352
2023S000134    ,2,Eixample,8,l'Antiga Esquerra de l'Eixample,23403,Aribau,0140 0140,Sunday,2023,1,January,8,Afternoon,19,No és causa del  vianant,Ciclomotor,Man,30,Driver,Desconegut                                                                                                                                            ,Unknown,Oci i entreteniment,Minor injury: Hospitalization up to 24 hours,429457.79,4582778.44,2.155090022,41.391598768
2023S000136    ,1,Ciutat Vella,4,"Sant Pere, Santa Caterina i la Ribera",240707,Palau,9999 9999,Monday,2023,1,January,9,Night,0,No és causa del  vianant,Ciclomotor,Man,41,Driver,Desconegut                                                                                                                                            ,Unknown,Unknown,Minor injury: Hospitalization up to 24 hours,431761.44,4581819.84,2.182750274,41.383163781
2023S000137    ,3,Sants-Montjuïc,12,la Marina del Prat Vermell,701265,Litoral (Besòs),0014S0000,Monday,2023,1,January,9,Morning,9,No és causa del  vianant,Car,Man,32,Driver,Desconegut                                                                                                                                            ,Unknown,Unknown,Minor injury: Refused medical assistance,429359.74,4578350.94,2.154433479,41.351713051
2023S000138    ,5,Sarrià-Sant Gervasi,25,Sant Gervasi - la Bonanova,701267,Dalt (Besòs),000820000,Monday,2023,1,January,9,Morning,7,No és causa del  vianant,Car,Woman,33,Driver,Desconegut                                                                                                                                            ,Unknown,Unknown,Minor injury: Medical assistance at accident site,426911.54,4584758.15,2.124397455,41.409201689
2023S000139    ,6,Gràcia,32,el Camp d'en Grassot i Gràcia Nova,297001,Sant Antoni Maria Claret,0015 0015,Monday,2023,1,January,9,Morning,8,No és causa del  vianant,Motorcycle,Man,45,Driver,Desconegut                                                                                                                                            ,Unknown,Altres activitats,Minor injury: Refused medical assistance,430262.87,4584113.34,2.164565108,41.40369202
2023S000140    ,4,Les Corts,19,les Corts,701433,Mig (Ascendent),000190000,Monday,2023,1,January,9,Morning,13,No és causa del  vianant,Motorcycle,Man,21,Driver,Desconegut                                                                                                                                            ,Unknown,Unknown,Minor injury: Hospitalization up to 24 hours,427191.1,4581776.77,2.128100585,41.382375016
2023S000140    ,4,Les Corts,19,les Corts,701433,Mig (Ascendent),000190000,Monday,2023,1,January,9,Morning,13,No és causa del  vianant,Motorcycle,Man,36,Driver,Desconegut                                                                                                                                            ,Unknown,Unknown,Minor injury: Hospitalization up to 24 hours,427191.1,4581776.77,2.128100585,41.382375016
2023S000141    ,2,Eixample,8,l'Antiga Esquerra de l'Eixample,349706,Comte d'Urgell,0262 0262,Monday,2023,1,January,9,Morning,10,No és causa del  vianant,Veh. mobilitat personal amb motor,Man,16,Driver,Desconegut                                                                                                                                            ,Unknown,Unknown,Minor injury: Hospitalization up to 24 hours,428792.93,4582690.14,2.147148575,41.390744861
2023S000142    ,2,Eixample,10,Sant Antoni,285807,Rocafort,0057 0059,Monday,2023,1,January,9,Morning,10,No és causa del  vianant,Motorcycle,Man,87,Pedestrian,En pas regulat per semàfor                                                                                                                            ,Unknown,Unknown,Minor injury: Refused medical assistance,429460.63,4581243.7,2.155302769,41.377776122
2023S000143    ,1,Ciutat Vella,1,el Raval,140203,Drassanes,0010 0012,Monday,2023,1,January,9,Afternoon,15,No és causa del  vianant,Motorcycle,Man,58,Driver,Desconegut                                                                                                                                            ,Unknown,Oci i entreteniment,Minor injury: Hospitalization up to 24 hours,431043.27,4581103.5,2.174243448,41.376650638
2023S000144    ,1,Ciutat Vella,1,el Raval,296508,Sant Antoni,0086 0086,Monday,2023,1,January,9,Afternoon,14,No és causa del  vianant,Veh. mobilitat personal amb motor,Woman,17,Driver,Desconegut                                                                                                                                            ,Unknown,En missió,Minor injury: Medical assistance at accident site,430193.6,4581913.96,2.163990129,41.383876905