Case_Number,District_Code,District_Name,Neighborhood_Code,Neighborhood_Name,Street_Code,Street_Name,Postal_Code,Day_of_Week,Year,Month_Code,Month_Name,Day_of_Month,Shift_Description,Hour_of_Day,Pedestrian_Cause_Description,Involved_Vehicle_Type,Gender_Description,Age,Person_Type_Description,Pedestrian_Accident_Location_Description,Pedestrian_Movement_Reason_Description,Driver_Movement_Reason_Description,Victimization_Description,UTM_X_Coordinate,UTM_Y_Coordinate,Longitude,Latitude
2023S000286    ,2,Eixample,8,l'Antiga Esquerra de l'Eixample,144601,Diagonal,0481 0483,Wednesday,2023,1,January,11,Morning,8,No és causa del  vianant,Veh. mobilitat personal amb motor,Woman,61,Pedestrian,En pas regulat per semàfor                                                                                                                            ,Unknown,Unknown,Minor injury: Hospitalization up to 24 hours,428614.3,4582926.6,2.144984276,41.392858727
2023S000287    ,5,Sarrià-Sant Gervasi,23,Sarrià,701268,Dalt (Llobregat),0009S0000,Monday,2023,1,January,16,Morning,8,No és causa del  vianant,Motorcycle,Man,24,Driver,Desconegut                                                                                                                                            ,Unknown,In itínere,Minor injury: Hospitalization up to 24 hours,426082.19,4583902.0,2.114580314,41.40141486
2023S000288    ,5,Sarrià-Sant Gervasi,27,el Putxet i el Farró,302000,Sant Gervasi,0046 0048,Monday,2023,1,January,16,Morning,8,No és causa del  vianant,Autobús articulat,Woman,87,Passenger,Desconegut                                                                                                                                            ,Unknown,Unknown,Minor injury: Hospitalization up to 24 hours,428054.34,4584899.3,2.138052372,41.410576126
2023S000288    ,5,Sarrià-Sant Gervasi,27,el Putxet i el Farró,302000,Sant Gervasi,0046 0048,Monday,2023,1,January,16,Morning,8,No és causa del  vianant,Autobús articulat,Woman,54,Driver,Desconegut                                                                                                                                            ,Unknown,Unknown,Minor injury: Hospitalization up to 24 hours,428054.34,4584899.3,2.138052372,41.410576126
2023S000289    ,5,Sarrià-Sant Gervasi,23,Sarrià,28000,Augusta,0299 0299,Monday,2023,1,January,16,Morning,10,No és causa del  vianant,Motorcycle,Man,54,Driver,Desconegut                                                                                                                                            ,Unknown,Unknown,Minor injury: Hospitalization up to 24 hours,427126.64,4583473.59,2.127125495,41.397651747
2023S000290    ,4,Les Corts,19,les Corts,199909,Marquès de Sentmenat,0099X0099X,Monday,2023,1,January,16,Morning,13,No és causa del  vianant,Motorcycle,Man,59,Driver,Desconegut                                                                                                                                            ,Unknown,In itínere,Minor injury: Hospitalization up to 24 hours,428408.37,4582110.79,2.142617747,41.385492712
2023S000291    ,6,Gràcia,32,el Camp d'en Grassot i Gràcia Nova,289105,Rosselló,0373 0373,Monday,2023,1,January,16,Morning,13,No és causa del  vianant,Veh. mobilitat personal amb motor,Man,34,Driver,Desconegut                                                                                                                                            ,Unknown,Unknown,Minor injury: Hospitalization up to 24 hours,430696.79,4583995.83,2.169769311,41.402671189
2023S000292    ,3,Sants-Montjuïc,12,la Marina del Prat Vermell,701265,Litoral (Besòs),001730000,Monday,2023,1,January,16,Morning,10,No és causa del  vianant,Motorcycle,Man,51,Driver,Desconegut                                                                                                                                            ,Unknown,In itínere,Minor injury: Refused medical assistance,427242.19,4577339.41,2.12924409,41.342413928
2023S000293    ,2,Eixample,7,la Dreta de l'Eixample,268003,Provença,0276 0276,Monday,2023,1,January,16,Morning,13,Transitar a peu per la calçada,Bicicleta,Woman,66,Pedestrian,Fora del pas                                                                                                                                          ,Oci i entreteniment,Unknown,Minor injury: Hospitalization up to 24 hours,429919.95,4583031.43,2.160588255,41.39391779
2023S000294    ,2,Eixample,7,la Dreta de l'Eixample,148307,Gràcia,0072S0072S,Monday,2023,1,January,16,Afternoon,14,No és causa del  vianant,Motorcycle,Woman,28,Driver,Desconegut                                                                                                                                            ,Unknown,In itínere,Minor injury: Hospitalization up to 24 hours,430187.73,4582930.63,2.163802698,41.39303322
2023S000295    ,2,Eixample,6,la Sagrada Família,18505,Aragó,0437 0439,Monday,2023,1,January,16,Afternoon,15,No és causa del  vianant,Car,Woman,27,Driver,Desconegut                                                                                                                                            ,Unknown,Unknown,Minor injury: Medical assistance at accident site,431379.76,4583943.12,2.177945163,41.402255063
2023S000296    ,10,Sant Martí,70,el Besòs i el Maresme,195409,Maresme,0130 0130,Monday,2023,1,January,16,Afternoon,15,No és causa del  vianant,Motorcycle,Man,30,Driver,Desconegut                                                                                                                                            ,Unknown,Oci i entreteniment,Minor injury: Medical assistance at accident site,434134.78,4585450.25,2.210737328,41.41605997
2023S000297    ,7,Horta-Guinardó,40,Montbau,701267,Dalt (Besòs),001150000,Monday,2023,1,January,16,Afternoon,15,No és causa del  vianant,Motorcycle,Man,29,Driver,Desconegut                                                                                                                                            ,Unknown,Oci i entreteniment,Minor injury: Hospitalization up to 24 hours,428733.32,4587304.22,2.145891876,41.432296778
2023S000297    ,7,Horta-Guinardó,40,Montbau,701267,Dalt (Besòs),001150000,Monday,2023,1,January,16,Afternoon,15,No és causa del  vianant,Car,Woman,47,Driver,Desconegut                                                                                                                                            ,Unknown,Oci i entreteniment,Minor injury: Refused medical assistance,428733.32,4587304.22,2.145891876,41.432296778
2023S000298    ,6,Gràcia,32,el Camp d'en Grassot i Gràcia Nova,76807,Sardenya,0499 0499,Monday,2023,1,January,16,Afternoon,16,No és causa del  vianant,Motorcycle,Man,62,Driver,Desconegut                                                                                                                                            ,Unknown,Unknown,Serious injury: Hospitalization over 24 hours,430246.72,4584840.91,2.164288011,41.41024359
2023S000300    ,2,Eixample,9,la Nova Esquerra de l'Eixample,285807,Rocafort,0179 0179,Monday,2023,1,January,16,Afternoon,17,No és causa del  vianant,Motorcycle,Man,47,Driver,Desconegut                                                                                                                                            ,Unknown,Unknown,Minor injury: Hospitalization up to 24 hours,428909.27,4581807.57,2.148643625,41.382806159
2023S000301    ,3,Sants-Montjuïc,14,la Font de la Guatlla,301608,Sant Fructuós,0051 0051,Monday,2023,1,January,16,Afternoon,19,No és causa del  vianant,Motorcycle,Woman,43,Driver,Desconegut                                                                                                                                            ,Unknown,Oci i entreteniment,Minor injury: Medical assistance at accident site,428675.97,4580502.79,2.146007318,41.37103379
2023S000302    ,5,Sarrià-Sant Gervasi,24,les Tres Torres,320704,Sarrià,0150 0152,Monday,2023,1,January,16,Afternoon,19,No és causa del  vianant,Motorcycle,Woman,36,Driver,Desconegut                                                                                                                                            ,Unknown,Oci i entreteniment,Minor injury: Hospitalization up to 24 hours,427430.32,4582878.74,2.1308292,41.392321652
2023S000303    ,2,Eixample,7,la Dreta de l'Eixample,225500,Nàpols,0163 0163,Monday,2023,1,January,16,Afternoon,19,Desobeir el senyal del semàfor,Motorcycle,Man,70,Pedestrian,En pas regulat per semàfor                                                                                                                            ,Unknown,Unknown,Minor injury: Hospitalization up to 24 hours,431259.15,4583419.25,2.176561918,41.397526417
2023S000304    ,1,Ciutat Vella,2,el Barri Gòtic,82901,Colom,0023 0023,Monday,2023,1,January,16,Afternoon,20,No és causa del  vianant,Bicicleta,Man,41,Driver,Desconegut                                                                                                                                            ,Unknown,En missió,Minor injury: Hospitalization up to 24 hours,431390.14,4581135.2,2.17838756,41.376965818
2023S000305    ,8,Nou Barris,48,la Guineueta,351901,Valldaura,0150 0152,Monday,2023,1,January,16,Afternoon,20,No és causa del  vianant,Ciclomotor,Man,19,Driver,Desconegut                                                                                                                                            ,Unknown,Altres activitats,Serious injury: Hospitalization over 24 hours,430446.33,4588059.23,2.16630566,41.439247122
2023S000305    ,8,Nou Barris,48,la Guineueta,351901,Valldaura,0150 0152,Monday,2023,1,January,16,Afternoon,20,No és causa del  vianant,Bus,Woman,10,Passenger,Desconegut                                                                                                                                            ,Unknown,Unknown,Minor injury: Medical assistance at accident site,430446.33,4588059.23,2.16630566,41.439247122
2023S000305    ,8,Nou Barris,48,la Guineueta,351901,Valldaura,0150 0152,Monday,2023,1,January,16,Afternoon,20,No és causa del  vianant,Ciclomotor,Man,18,Passenger,Desconegut                                                                                                                                            ,Unknown,Unknown,Serious injury: Hospitalization over 24 hours,430446.33,4588059.23,2.16630566,41.439247122
2023S000306    ,2,Eixample,9,la Nova Esquerra de l'Eixample,18505,Aragó,0079 0081,Monday,2023,1,January,16,Afternoon,20,No és causa del  vianant,Motorcycle,Man,36,Driver,Desconegut                                                                                                                                            ,Unknown,Altres activitats,Minor injury: Medical assistance at accident site,429094.48,4581660.17,2.150875726,41.381494931
2023S000308    ,7,Horta-Guinardó,38,la Teixonera,352507,Vall d'Hebron,0136X0136X,Monday,2023,1,January,16,Afternoon,18,No és causa del  vianant,Car,Woman,36,Passenger,Desconegut                                                                                                                                            ,Unknown,Unknown,Minor injury: Hospitalization up to 24 hours,428467.51,4586412.4,2.142816346,41.424240894
2023S000308    ,7,Horta-Guinardó,38,la Teixonera,352507,Vall d'Hebron,0136X0136X,Monday,2023,1,January,16,Afternoon,18,No és causa del  vianant,Car,Woman,57,Passenger,Desconegut                                                                                                                                            ,Unknown,Unknown,Minor injury: Hospitalization up to 24 hours,428467.51,4586412.4,2.142816346,41.424240894
2023S000308    ,7,Horta-Guinardó,38,la Teixonera,352507,Vall d'Hebron,0136X0136X,Monday,2023,1,January,16,Afternoon,18,No és causa del  vianant,Car,Man,28,Passenger,Desconegut                                                                                                                                            ,Unknown,Unknown,Minor injury: Hospitalization up to 24 hours,428467.51,4586412.4,2.142816346,41.424240894
2023S000308    ,7,Horta-Guinardó,38,la Teixonera,352507,Vall d'Hebron,0136X0136X,Monday,2023,1,January,16,Afternoon,18,No és causa del  vianant,Car,Man,59,Driver,Desconegut                                                                                                                                            ,Unknown,Unknown,Minor injury: Hospitalization up to 24 hours,428467.51,4586412.4,2.142816346,41.424240894
2023S000309    ,2,Eixample,8,l'Antiga Esquerra de l'Eixample,18505,Aragó,0205 0205,Tuesday,2023,1,January,17,Morning,7,No és causa del  vianant,Motorcycle,Woman,50,Driver,Desconegut                                                                                                                                            ,Unknown,In itínere,Minor injury: Hospitalization up to 24 hours,429830.93,4582396.05,2.15959717,41.388187366
2023S000310    ,2,Eixample,7,la Dreta de l'Eixample,144601,Diagonal,0347 0347,Tuesday,2023,1,January,17,Morning,8,No és causa del  vianant,Bicicleta,Man,30,Driver,Desconegut                                                                                                                                            ,Unknown,In itínere,Minor injury: Medical assistance at accident site,430368.98,4583521.24,2.165902583,41.398368374
2023S000310    ,2,Eixample,7,la Dreta de l'Eixample,144601,Diagonal,0347 0347,Tuesday,2023,1,January,17,Morning,8,No és causa del  vianant,Veh. mobilitat personal amb motor,Woman,55,Driver,Desconegut                                                                                                                                            ,Unknown,In itínere,Minor injury: Hospitalization up to 24 hours,430368.98,4583521.24,2.165902583,41.398368374
2023S000311    ,5,Sarrià-Sant Gervasi,23,Sarrià,701268,Dalt (Llobregat),000660000,Tuesday,2023,1,January,17,Morning,8,No és causa del  vianant,Motorcycle,Woman,24,Passenger,Desconegut                                                                                                                                            ,Unknown,Unknown,Minor injury: Refused medical assistance,425910.22,4583445.84,2.112579087,41.397290598
2023S000311    ,5,Sarrià-Sant Gervasi,23,Sarrià,701268,Dalt (Llobregat),000660000,Tuesday,2023,1,January,17,Morning,8,No és causa del  vianant,Motorcycle,Man,38,Driver,Desconegut                                                                                                                                            ,Unknown,Unknown,Minor injury: Hospitalization up to 24 hours,425910.22,4583445.84,2.112579087,41.397290598
2023S000312    ,9,Sant Andreu,63,Navas,209900,Meridiana,0209 0209,Tuesday,2023,1,January,17,Morning,8,No és causa del  vianant,Motorcycle,Woman,31,Driver,Desconegut                                                                                                                                            ,Unknown,En missió,Minor injury: Medical assistance at accident site,432117.67,4585460.71,2.18660187,41.415986222
2023S000313    ,9,Sant Andreu,58,Baró de Viver,80101,Ciutat d'Asunción,0073 0073,Tuesday,2023,1,January,17,Morning,8,No és causa del  vianant,Motorcycle,Woman,28,Driver,Desconegut                                                                                                                                            ,Unknown,Oci i entreteniment,Minor injury: Hospitalization up to 24 hours,433242.65,4588428.8,2.199734042,41.442813216
2023S000314    ,2,Eixample,7,la Dreta de l'Eixample,191204,Mallorca,0237B0237B,Tuesday,2023,1,January,17,Morning,9,No és causa del  vianant,Ciclomotor,Woman,41,Driver,Desconegut                                                                                                                                            ,Unknown,In itínere,Minor injury: Hospitalization up to 24 hours,429900.74,4582855.73,2.160378839,41.392333643
2023S000315    ,2,Eixample,9,la Nova Esquerra de l'Eixample,54509,Calàbria,0202 0202,Tuesday,2023,1,January,17,Morning,12,No és causa del  vianant,Motorcycle,Woman,40,Driver,Desconegut                                                                                                                                            ,Unknown,En missió,Minor injury: Hospitalization up to 24 hours,428944.44,4581947.94,2.149047737,41.384073532
2023S000316    ,3,Sants-Montjuïc,13,la Marina de Port,230601,Mare de Déu de Port,0264 0266,Tuesday,2023,1,January,17,Morning,13,No és causa del  vianant,Motorcycle,Man,44,Driver,Desconegut                                                                                                                                            ,Unknown,In itínere,Minor injury: Medical assistance at accident site,428140.28,4579489.01,2.139722602,41.361855342
2023S000317    ,10,Sant Martí,66,el Parc i la Llacuna del Poblenou,44403,Bolívia,0054 0054,Tuesday,2023,1,January,17,Morning,9,No és causa del  vianant,Taxi,Woman,35,Pedestrian,En pas regulat per semàfor                                                                                                                            ,Unknown,Unknown,Minor injury: Hospitalization up to 24 hours,432422.94,4583950.03,2.190423152,41.402405709
2023S000318    ,7,Horta-Guinardó,35,el Guinardó,310008,Sant Quintí,0055 0055,Tuesday,2023,1,January,17,Morning,11,No és causa del  vianant,Car,Woman,48,Pedestrian,En pas sense regular                                                                                                                                  ,Unknown,Unknown,Minor injury: Hospitalization up to 24 hours,431234.07,4585376.83,2.176039378,41.415155573
2023S000319    ,2,Eixample,9,la Nova Esquerra de l'Eixample,350308,València,0084 0086,Tuesday,2023,1,January,17,Morning,9,No és causa del  vianant,Motorcycle,Man,48,Driver,Desconegut                                                                                                                                            ,Unknown,Unknown,Minor injury: Hospitalization up to 24 hours,429019.1,4581772.61,2.14996113,41.382500989
2023S000320    ,3,Sants-Montjuïc,15,Hostafrancs,114000,Espanya,0005 0005,Monday,2023,1,January,16,Morning,6,No és causa del  vianant,Motorcycle,Man,58,Driver,Desconegut                                                                                                                                            ,Unknown,In itínere,Minor injury: Hospitalization up to 24 hours,428856.77,4580938.01,2.148117932,41.374969684
2023S000321    ,10,Sant Martí,69,Diagonal Mar i el Front Marítim del Poblenou,30409,Bac de Roda,0064 0064,Tuesday,2023,1,January,17,Afternoon,14,No és causa del  vianant,Veh. mobilitat personal amb motor,Man,31,Driver,Desconegut                                                                                                                                            ,Unknown,En missió,Minor injury: Hospitalization up to 24 hours,433744.76,4584320.11,2.206194629,41.405849009
2023S000322    ,2,Eixample,6,la Sagrada Família,178308,Lepant,0314 0314,Tuesday,2023,1,January,17,Afternoon,14,Others,Bicicleta,Man,43,Driver,Desconegut                                                                                                                                            ,Unknown,En missió,Serious injury: Hospitalization over 24 hours,431089.06,4584377.39,2.174418284,41.406141516
2023S000323    ,5,Sarrià-Sant Gervasi,26,Sant Gervasi - Galvany,223606,Muntaner,0224 0224,Tuesday,2023,1,January,17,Morning,12,No és causa del  vianant,Bicicleta,Woman,72,Driver,Desconegut                                                                                                                                            ,Unknown,Unknown,Minor injury: Hospitalization up to 24 hours,429001.92,4583052.43,2.149605603,41.394026363
2023S000323    ,5,Sarrià-Sant Gervasi,26,Sant Gervasi - Galvany,223606,Muntaner,0224 0224,Tuesday,2023,1,January,17,Morning,12,No és causa del  vianant,Bicicleta,Man,67,Driver,Desconegut                                                                                                                                            ,Unknown,Unknown,Minor injury: Medical assistance at accident site,429001.92,4583052.43,2.149605603,41.394026363
2023S000324    ,5,Sarrià-Sant Gervasi,26,Sant Gervasi - Galvany,139805,Ganduxer,0063 0063,Tuesday,2023,1,January,17,Afternoon,16,No és causa del  vianant,Motorcycle,Man,44,Driver,Desconegut                                                                                                                                            ,Unknown,Unknown,Minor injury: Hospitalization up to 24 hours,427815.43,4583480.39,2.135363454,41.397775152
2023S000325    ,4,Les Corts,21,Pedralbes,244300,Pius XII,0006 0006,Tuesday,2023,1,January,17,Afternoon,16,No és causa del  vianant,Motorcycle,Woman,67,Driver,Desconegut                                                                                                                                            ,Unknown,Altres activitats,Minor injury: Refused medical assistance,426793.07,4582325.32,2.12327447,41.387279445
2023S000326    ,9,Sant Andreu,61,la Sagrera,140407,Garcilaso,0035 0035,Tuesday,2023,1,January,17,Afternoon,20,No és causa del  vianant,Bus,Man,53,Driver,Desconegut                                                                                                                                            ,Unknown,Bus urbà,Minor injury: Hospitalization up to 24 hours,432317.88,4586209.49,2.188913493,41.422747149
2023S000326    ,9,Sant Andreu,61,la Sagrera,140407,Garcilaso,0035 0035,Tuesday,2023,1,January,17,Afternoon,20,No és causa del  vianant,Bus,Woman,21,Passenger,Desconegut                                                                                                                                            ,Unknown,Unknown,Minor injury: Hospitalization up to 24 hours,432317.88,4586209.49,2.188913493,41.422747149
2023S000326    ,9,Sant Andreu,61,la Sagrera,140407,Garcilaso,0035 0035,Tuesday,2023,1,January,17,Afternoon,20,No és causa del  vianant,Bus,Woman,23,Passenger,Desconegut                                                                                                                                            ,Unknown,Unknown,Minor injury: Hospitalization up to 24 hours,432317.88,4586209.49,2.188913493,41.422747149
2023S000326    ,9,Sant Andreu,61,la Sagrera,140407,Garcilaso,0035 0035,Tuesday,2023,1,January,17,Afternoon,20,No és causa del  vianant,Bus,Woman,24,Passenger,Desconegut                                                                                                                                            ,Unknown,Unknown,Minor injury: Hospitalization up to 24 hours,432317.88,4586209.49,2.188913493,41.422747149
2023S000326    ,9,Sant Andreu,61,la Sagrera,140407,Garcilaso,0035 0035,Tuesday,2023,1,January,17,Afternoon,20,No és causa del  vianant,Bus,Woman,37,Passenger,Desconegut                                                                                                                                            ,Unknown,Unknown,Minor injury: Hospitalization up to 24 hours,432317.88,4586209.49,2.188913493,41.422747149
2023S000326    ,9,Sant Andreu,61,la Sagrera,140407,Garcilaso,0035 0035,Tuesday,2023,1,January,17,Afternoon,20,No és causa del  vianant,Bus,Woman,52,Passenger,Desconegut                                                                                                                                            ,Unknown,Unknown,Minor injury: Hospitalization up to 24 hours,432317.88,4586209.49,2.188913493,41.422747149
2023S000326    ,9,Sant Andreu,61,la Sagrera,140407,Garcilaso,0035 0035,Tuesday,2023,1,January,17,Afternoon,20,No és causa del  vianant,Bus,Woman,66,Passenger,Desconegut                                                                                                                                            ,Unknown,Unknown,Minor injury: Hospitalization up to 24 hours,432317.88,4586209.49,2.188913493,41.422747149
2023S000326    ,9,Sant Andreu,61,la Sagrera,140407,Garcilaso,0035 0035,Tuesday,2023,1,January,17,Afternoon,20,No és causa del  vianant,Bus,Woman,67,Passenger,Desconegut                                                                                                                                            ,Unknown,Unknown,Minor injury: Hospitalization up to 24 hours,432317.88,4586209.49,2.188913493,41.422747149
2023S000326    ,9,Sant Andreu,61,la Sagrera,140407,Garcilaso,0035 0035,Tuesday,2023,1,January,17,Afternoon,20,No és causa del  vianant,Bus,Man,62,Passenger,Desconegut                                                                                                                                            ,Unknown,Unknown,Minor injury: Hospitalization up to 24 hours,432317.88,4586209.49,2.188913493,41.422747149
2023S000326    ,9,Sant Andreu,61,la Sagrera,140407,Garcilaso,0035 0035,Tuesday,2023,1,January,17,Afternoon,20,No és causa del  vianant,Bicicleta,Man,33,Driver,Desconegut                                                                                                                                            ,Unknown,Unknown,Minor injury: Hospitalization up to 24 hours,432317.88,4586209.49,2.188913493,41.422747149
2023S000327    ,9,Sant Andreu,62,el Congrés i els Indians,102907,Doctor Modrego,9999 9999,Tuesday,2023,1,January,17,Afternoon,18,No és causa del  vianant,Veh. mobilitat personal amb motor,Man,25,Driver,Desconegut                                                                                                                                            ,Unknown,En missió,Minor injury: Hospitalization up to 24 hours,431624.31,4586491.29,2.180582366,41.425226466
2023S000328    ,5,Sarrià-Sant Gervasi,25,Sant Gervasi - la Bonanova,143904,General Mitre,0093 0093,Tuesday,2023,1,January,17,Afternoon,21,No és causa del  vianant,Motorcycle,Woman,24,Driver,Desconegut                                                                                                                                            ,Unknown,Oci i entreteniment,Minor injury: Hospitalization up to 24 hours,427714.85,4583654.89,2.134139547,41.399337763
2023S000329    ,7,Horta-Guinardó,35,el Guinardó,310008,Sant Quintí,0055 0055,Tuesday,2023,1,January,17,Afternoon,21,No és causa del  vianant,Furgoneta,Woman,68,Pedestrian,En pas sense regular                                                                                                                                  ,Unknown,Unknown,Minor injury: Hospitalization up to 24 hours,431214.09,4585366.03,2.175801555,41.41505659
2023S000330    ,10,Sant Martí,66,el Parc i la Llacuna del Poblenou,311703,Sancho de Ávila,0146X0146X,Tuesday,2023,1,January,17,Night,22,No és causa del  vianant,Motorcycle,Man,27,Driver,Desconegut                                                                                                                                            ,Unknown,Unknown,Minor injury: Medical assistance at accident site,432763.24,4583926.12,2.194496572,41.402218906
2023S000331    ,4,Les Corts,21,Pedralbes,701267,Dalt (Besòs),000560000,Wednesday,2023,1,January,18,Morning,6,No és causa del  vianant,Furgoneta,Man,44,Passenger,Desconegut                                                                                                                                            ,Unknown,Unknown,Minor injury: Medical assistance at accident site,425483.61,4582534.73,2.107588533,41.389045208
2023S000332    ,9,Sant Andreu,60,Sant Andreu,209900,Meridiana,0484 0484,Tuesday,2023,1,January,17,Afternoon,20,No és causa del  vianant,Motorcycle,Man,44,Driver,Desconegut                                                                                                                                            ,Unknown,Oci i entreteniment,Minor injury: Hospitalization up to 24 hours,431939.54,4587688.55,2.184219663,41.436036568
2023S000333    ,10,Sant Martí,66,el Parc i la Llacuna del Poblenou,144601,Diagonal,0203 0203,Wednesday,2023,1,January,18,Morning,8,No és causa del  vianant,Bicicleta,Woman,46,Driver,Desconegut                                                                                                                                            ,Unknown,Unknown,Minor injury: Hospitalization up to 24 hours,432420.06,4584146.89,2.190366709,41.404178529
2023S000334    ,3,Sants-Montjuïc,12,la Marina del Prat Vermell,701481,Longitudinal 9,0065 0067,Wednesday,2023,1,January,18,Morning,9,No és causa del  vianant,Altres vehicles amb motor,Woman,37,Pedestrian,En pas sense regular                                                                                                                                  ,In itinere,Unknown,Minor injury: Medical assistance at accident site,426554.03,4575908.84,2.121192918,41.32946679
2023S000335    ,2,Eixample,8,l'Antiga Esquerra de l'Eixample,169409,Corts Catalanes,0525 0525,Wednesday,2023,1,January,18,Morning,10,No és causa del  vianant,Motorcycle,Man,33,Driver,Desconegut                                                                                                                                            ,Unknown,Unknown,Minor injury: Hospitalization up to 24 hours,429737.74,4581724.85,2.15856054,41.382133946
2023S000336    ,-1,Unknown,-1,Unknown,-1,Unknown,Unknown,Wednesday,2023,1,January,18,Morning,8,No és causa del  vianant,Motorcycle,Woman,26,Driver,Desconegut                                                                                                                                            ,Unknown,In itínere,Minor injury: Hospitalization up to 24 hours,425845.4,4575752.83,2.112744772,41.327996746
2023S000337    ,5,Sarrià-Sant Gervasi,25,Sant Gervasi - la Bonanova,162909,Iradier,0038 0040,Wednesday,2023,1,January,18,Morning,11,No és causa del  vianant,Veh. mobilitat personal amb motor,Man,30,Driver,En pas regulat per semàfor                                                                                                                            ,Unknown,Unknown,Minor injury: Hospitalization up to 24 hours,426843.82,4584433.35,2.123626583,41.406270195
2023S000338    ,2,Eixample,9,la Nova Esquerra de l'Eixample,18505,Aragó,0016 0018,Thursday,2023,1,January,12,Afternoon,20,No és causa del  vianant,Bicicleta,Man,54,Driver,Desconegut                                                                                                                                            ,Unknown,In itínere,Minor injury: Hospitalization up to 24 hours,428944.41,4581512.66,2.149098448,41.380153111
2023S000339    ,8,Nou Barris,48,la Guineueta,701268,Dalt (Llobregat),001330000,Wednesday,2023,1,January,18,Morning,13,No és causa del  vianant,Motorcycle,Man,51,Driver,Desconegut                                                                                                                                            ,Unknown,Unknown,Minor injury: Hospitalization up to 24 hours,430073.98,4588159.76,2.161837381,41.440120197
2023S000340    ,8,Nou Barris,44,Vilapicina i la Torre Llobeta,209900,Meridiana,0385 0387,Wednesday,2023,1,January,18,Morning,11,No és causa del  vianant,Motorcycle,Woman,32,Driver,Desconegut                                                                                                                                            ,Unknown,Oci i entreteniment,Minor injury: Hospitalization up to 24 hours,431820.11,4587013.46,2.182866472,41.429946127
2023S000341    ,10,Sant Martí,71,Provençals del Poblenou,701414,C-31,020770000,Wednesday,2023,1,January,18,Morning,10,No és causa del  vianant,Motorcycle,Woman,34,Driver,Desconegut                                                                                                                                            ,Unknown,Unknown,Minor injury: Hospitalization up to 24 hours,433437.96,4585319.46,2.202414404,41.41482453
2023S000343    ,10,Sant Martí,65,el Clot,169409,Corts Catalanes,0923 0929,Wednesday,2023,1,January,18,Afternoon,14,No és causa del  vianant,Bicicleta,Man,15,Driver,Desconegut                                                                                                                                            ,Unknown,Unknown,Minor injury: Medical assistance at accident site,432785.02,4584779.01,2.194662335,41.409902474
2023S000344    ,2,Eixample,7,la Dreta de l'Eixample,148307,Gràcia,0072S0072S,Wednesday,2023,1,January,18,Afternoon,14,No és causa del  vianant,Veh. mobilitat personal amb motor,Man,41,Driver,Desconegut                                                                                                                                            ,Unknown,Unknown,Minor injury: Hospitalization up to 24 hours,430187.73,4582930.63,2.163802698,41.39303322
2023S000345    ,7,Horta-Guinardó,33,el Baix Guinardó,197302,Marina,0341 0341,Wednesday,2023,1,January,18,Afternoon,15,No és causa del  vianant,Bicicleta,Man,23,Driver,Desconegut                                                                                                                                            ,Unknown,Unknown,Minor injury: Hospitalization up to 24 hours,430657.96,4584640.3,2.169230939,41.408472367
2023S000346    ,3,Sants-Montjuïc,11,el Poble-sec,701266,Litoral (Llobregat),001390000,Wednesday,2023,1,January,18,Afternoon,19,No és causa del  vianant,Car,Woman,18,Passenger,Desconegut                                                                                                                                            ,Unknown,Unknown,Minor injury: Refused medical assistance,429885.56,4578810.87,2.160665376,41.355901489
2023S000346    ,3,Sants-Montjuïc,11,el Poble-sec,701266,Litoral (Llobregat),001390000,Wednesday,2023,1,January,18,Afternoon,19,No és causa del  vianant,Car,Woman,23,Passenger,Desconegut                                                                                                                                            ,Unknown,Unknown,Minor injury: Refused medical assistance,429885.56,4578810.87,2.160665376,41.355901489
2023S000346    ,3,Sants-Montjuïc,11,el Poble-sec,701266,Litoral (Llobregat),001390000,Wednesday,2023,1,January,18,Afternoon,19,No és causa del  vianant,Car,Woman,59,Passenger,Desconegut                                                                                                                                            ,Unknown,Unknown,Minor injury: Refused medical assistance,429885.56,4578810.87,2.160665376,41.355901489
2023S000346    ,3,Sants-Montjuïc,11,el Poble-sec,701266,Litoral (Llobregat),001390000,Wednesday,2023,1,January,18,Afternoon,19,No és causa del  vianant,Car,Man,1,Passenger,Desconegut                                                                                                                                            ,Unknown,Unknown,Minor injury: Refused medical assistance,429885.56,4578810.87,2.160665376,41.355901489
2023S000346    ,3,Sants-Montjuïc,11,el Poble-sec,701266,Litoral (Llobregat),001390000,Wednesday,2023,1,January,18,Afternoon,19,No és causa del  vianant,Taxi,Man,44,Driver,Desconegut                                                                                                                                            ,Unknown,Unknown,Minor injury: Refused medical assistance,429885.56,4578810.87,2.160665376,41.355901489
2023S000346    ,3,Sants-Montjuïc,11,el Poble-sec,701266,Litoral (Llobregat),001390000,Wednesday,2023,1,January,18,Afternoon,19,No és causa del  vianant,Car,Man,26,Driver,Desconegut                                                                                                                                            ,Unknown,Unknown,Minor injury: Refused medical assistance,429885.56,4578810.87,2.160665376,41.355901489
2023S000346    ,3,Sants-Montjuïc,11,el Poble-sec,701266,Litoral (Llobregat),001390000,Wednesday,2023,1,January,18,Afternoon,19,No és causa del  vianant,Car,Man,29,Driver,Desconegut                                                                                                                                            ,Unknown,Unknown,Minor injury: Refused medical assistance,429885.56,4578810.87,2.160665376,41.355901489