Case_Number,District_Code,District_Name,Neighborhood_Code,Neighborhood_Name,Street_Code,Street_Name,Postal_Code,Day_of_Week,Year,Month_Code,Month_Name,Day_of_Month,Shift_Description,Hour_of_Day,Pedestrian_Cause_Description,Involved_Vehicle_Type,Gender_Description,Age,Person_Type_Description,Pedestrian_Accident_Location_Description,Pedestrian_Movement_Reason_Description,Driver_Movement_Reason_Description,Victimization_Description,UTM_X_Coordinate,UTM_Y_Coordinate,Longitude,Latitude
2023S000346    ,3,Sants-Montjuïc,11,el Poble-sec,701266,Litoral (Llobregat),001390000,Wednesday,2023,1,January,18,Afternoon,19,No és causa del  vianant,Car,Man,39,Driver,Desconegut                                                                                                                                            ,Unknown,Unknown,Minor injury: Refused medical assistance,429885.56,4578810.87,2.160665376,41.355901489
2023S000347    ,2,Eixample,7,la Dreta de l'Eixample,169409,Corts Catalanes,9998 9998,Wednesday,2023,1,January,18,Afternoon,17,No és causa del  vianant,Car,Man,24,Driver,Desconegut                                                                                                                                            ,Unknown,En missió,Minor injury: Hospitalization up to 24 hours,430452.15,4582422.95,2.167023614,41.388483628
2023S000348    ,2,Eixample,7,la Dreta de l'Eixample,169409,Corts Catalanes,0650 0650,Wednesday,2023,1,January,18,Afternoon,17,No és causa del  vianant,Motorcycle,Woman,48,Driver,Desconegut                                                                                                                                            ,Unknown,In itínere,Minor injury: Hospitalization up to 24 hours,430694.58,4582659.98,2.169895858,41.390639421
2023S000349    ,2,Eixample,10,Sant Antoni,223606,Muntaner,0019 0019,Wednesday,2023,1,January,18,Afternoon,21,Creuar per fora pas de vianants,Motorcycle,Woman,16,Passenger,Fora del pas                                                                                                                                          ,Unknown,Unknown,Minor injury: Hospitalization up to 24 hours,430058.32,4581956.92,2.162367383,41.384252076
2023S000349    ,2,Eixample,10,Sant Antoni,223606,Muntaner,0019 0019,Wednesday,2023,1,January,18,Afternoon,21,Creuar per fora pas de vianants,Motorcycle,Man,18,Pedestrian,Fora del pas                                                                                                                                          ,Unknown,Unknown,Minor injury: Hospitalization up to 24 hours,430058.32,4581956.92,2.162367383,41.384252076
2023S000349    ,2,Eixample,10,Sant Antoni,223606,Muntaner,0019 0019,Wednesday,2023,1,January,18,Afternoon,21,Creuar per fora pas de vianants,Motorcycle,Man,50,Driver,Fora del pas                                                                                                                                          ,Unknown,Unknown,Minor injury: Hospitalization up to 24 hours,430058.32,4581956.92,2.162367383,41.384252076
2023S000350    ,2,Eixample,7,la Dreta de l'Eixample,268003,Provença,0359 0359,Thursday,2023,1,January,19,Night,0,No és causa del  vianant,Motorcycle,Man,25,Driver,Desconegut                                                                                                                                            ,Unknown,Unknown,Minor injury: Hospitalization up to 24 hours,430696.57,4583807.33,2.169788271,41.400973412
2023S000351    ,8,Nou Barris,49,Canyelles,701267,Dalt (Besòs),001330000,Thursday,2023,1,January,19,Morning,9,No és causa del  vianant,Motorcycle,Man,60,Driver,Desconegut                                                                                                                                            ,Unknown,Unknown,Minor injury: Medical assistance at accident site,430069.4,4588237.98,2.161773503,41.440824294
2023S000352    ,6,Gràcia,31,la Vila de Gràcia,144601,Diagonal,0478 0480,Thursday,2023,1,January,19,Morning,7,No és causa del  vianant,Bicicleta,Man,14,Driver,Desconegut                                                                                                                                            ,Unknown,En missió,Minor injury: Hospitalization up to 24 hours,429514.18,4583218.13,2.155713254,41.395563851
2023S000353    ,7,Horta-Guinardó,43,Horta,180106,Logronyo,0001B0001B,Thursday,2023,1,January,19,Morning,8,No és causa del  vianant,Motorcycle,Man,40,Driver,Desconegut                                                                                                                                            ,Unknown,Unknown,Minor injury: Hospitalization up to 24 hours,429786.89,4588075.75,2.15841094,41.439338486
2023S000354    ,10,Sant Martí,64,el Camp de l'Arpa del Clot,350308,València,0619 0619,Thursday,2023,1,January,19,Morning,9,No és causa del  vianant,Car,Woman,48,Driver,Desconegut                                                                                                                                            ,Unknown,In itínere,Minor injury: Medical assistance at accident site,432134.81,4584834.86,2.186877189,41.410350829
2023S000355    ,7,Horta-Guinardó,43,Horta,349808,Urrutia,0010X0010X,Thursday,2023,1,January,19,Morning,9,No és causa del  vianant,Motorcycle,Woman,20,Passenger,Desconegut                                                                                                                                            ,Unknown,Unknown,Minor injury: Refused medical assistance,430238.39,4587675.04,2.163861215,41.435768825
2023S000355    ,7,Horta-Guinardó,43,Horta,349808,Urrutia,0010X0010X,Thursday,2023,1,January,19,Morning,9,No és causa del  vianant,Motorcycle,Woman,20,Driver,Desconegut                                                                                                                                            ,Unknown,Unknown,Minor injury: Refused medical assistance,430238.39,4587675.04,2.163861215,41.435768825
2023S000356    ,2,Eixample,9,la Nova Esquerra de l'Eixample,245802,París,0113 0115,Thursday,2023,1,January,19,Morning,10,No és causa del  vianant,Motorcycle,Man,33,Driver,Desconegut                                                                                                                                            ,Unknown,In itínere,Minor injury: Hospitalization up to 24 hours,428885.89,4582593.13,2.148271772,41.389879356
2023S000357    ,5,Sarrià-Sant Gervasi,26,Sant Gervasi - Galvany,46103,Bori i Fontestà,0004 0004,Thursday,2023,1,January,19,Morning,12,No és causa del  vianant,Veh. mobilitat personal amb motor,Woman,30,Driver,Desconegut                                                                                                                                            ,Unknown,In itínere,Minor injury: Hospitalization up to 24 hours,428222.62,4582992.41,2.140291834,41.393416573
2023S000358    ,3,Sants-Montjuïc,16,la Bordeta,30602,Badal,0104 0110,Thursday,2023,1,January,19,Morning,9,No és causa del  vianant,Motorcycle,Woman,49,Driver,Desconegut                                                                                                                                            ,Unknown,Oci i entreteniment,Minor injury: Medical assistance at accident site,427505.51,4580539.12,2.132008538,41.371256372
2023S000359    ,6,Gràcia,31,la Vila de Gràcia,306306,Sant Lluís,0055 0055,Thursday,2023,1,January,19,Morning,12,No és causa del  vianant,Ambulància,Woman,56,Passenger,Desconegut                                                                                                                                            ,Unknown,Unknown,Minor injury: Hospitalization up to 24 hours,429941.66,4584339.31,2.160696489,41.40569931
2023S000359    ,6,Gràcia,31,la Vila de Gràcia,306306,Sant Lluís,0055 0055,Thursday,2023,1,January,19,Morning,12,No és causa del  vianant,Ambulància,Woman,99,Passenger,Desconegut                                                                                                                                            ,Unknown,Unknown,Minor injury: Hospitalization up to 24 hours,429941.66,4584339.31,2.160696489,41.40569931
2023S000359    ,6,Gràcia,31,la Vila de Gràcia,306306,Sant Lluís,0055 0055,Thursday,2023,1,January,19,Morning,12,No és causa del  vianant,Furgoneta,Man,34,Driver,Desconegut                                                                                                                                            ,Unknown,En missió,Minor injury: Refused medical assistance,429941.66,4584339.31,2.160696489,41.40569931
2023S000360    ,2,Eixample,8,l'Antiga Esquerra de l'Eixample,169409,Corts Catalanes,0585 0585,Thursday,2023,1,January,19,Morning,13,No és causa del  vianant,Car,Woman,43,Passenger,Desconegut                                                                                                                                            ,Unknown,Unknown,Minor injury: Medical assistance at accident site,430197.26,4582210.36,2.163999731,41.386546805
2023S000360    ,2,Eixample,8,l'Antiga Esquerra de l'Eixample,169409,Corts Catalanes,0585 0585,Thursday,2023,1,January,19,Morning,13,No és causa del  vianant,Motorcycle,Man,31,Driver,Desconegut                                                                                                                                            ,Unknown,Unknown,Minor injury: Refused medical assistance,430197.26,4582210.36,2.163999731,41.386546805
2023S000360    ,2,Eixample,8,l'Antiga Esquerra de l'Eixample,169409,Corts Catalanes,0585 0585,Thursday,2023,1,January,19,Morning,13,No és causa del  vianant,Car,Man,44,Driver,Desconegut                                                                                                                                            ,Unknown,Unknown,Minor injury: Medical assistance at accident site,430197.26,4582210.36,2.163999731,41.386546805
2023S000361    ,7,Horta-Guinardó,43,Horta,194406,Maragall,0419 0419,Thursday,2023,1,January,19,Afternoon,14,No és causa del  vianant,Motorcycle,Woman,31,Driver,Desconegut                                                                                                                                            ,Unknown,Unknown,Minor injury: Hospitalization up to 24 hours,430114.19,4586922.88,2.162461767,41.428983607
2023S000362    ,2,Eixample,8,l'Antiga Esquerra de l'Eixample,268003,Provença,0164B0164B,Thursday,2023,1,January,19,Morning,10,No és causa del  vianant,Bus,Woman,65,Passenger,Desconegut                                                                                                                                            ,Unknown,Unknown,Minor injury: Hospitalization up to 24 hours,429263.55,4582400.41,2.152811049,41.388176913
2023S000362    ,2,Eixample,8,l'Antiga Esquerra de l'Eixample,268003,Provença,0164B0164B,Thursday,2023,1,January,19,Morning,10,No és causa del  vianant,Bus,Woman,75,Passenger,Desconegut                                                                                                                                            ,Unknown,Unknown,Minor injury: Hospitalization up to 24 hours,429263.55,4582400.41,2.152811049,41.388176913
2023S000363    ,3,Sants-Montjuïc,12,la Marina del Prat Vermell,701857,29 del BZ (No Oficial),0070 0070,Thursday,2023,1,January,19,Afternoon,14,No és causa del  vianant,Car,Man,48,Passenger,Desconegut                                                                                                                                            ,Unknown,Unknown,Minor injury: Medical assistance at accident site,427128.37,4576711.44,2.127959214,41.336747713
2023S000363    ,3,Sants-Montjuïc,12,la Marina del Prat Vermell,701857,29 del BZ (No Oficial),0070 0070,Thursday,2023,1,January,19,Afternoon,14,No és causa del  vianant,Car,Man,56,Driver,Desconegut                                                                                                                                            ,Unknown,In itínere,Minor injury: Medical assistance at accident site,427128.37,4576711.44,2.127959214,41.336747713
2023S000364    ,3,Sants-Montjuïc,13,la Marina de Port,12600,Alts Forns,0038 0038,Thursday,2023,1,January,19,Afternoon,14,No és causa del  vianant,Motorcycle,Man,29,Driver,Desconegut                                                                                                                                            ,Unknown,Unknown,Minor injury: Hospitalization up to 24 hours,428026.7,4579013.79,2.138421201,41.357565042
2023S000365    ,6,Gràcia,32,el Camp d'en Grassot i Gràcia Nova,268105,Providència,0141B0141B,Thursday,2023,1,January,19,Afternoon,17,No és causa del  vianant,Bus,Woman,80,Passenger,Desconegut                                                                                                                                            ,Unknown,Unknown,Minor injury: Hospitalization up to 24 hours,430200.04,4584849.32,2.163728578,41.410315281
2023S000366    ,10,Sant Martí,71,Provençals del Poblenou,701414,C-31,020710000,Monday,2023,1,January,16,Afternoon,21,No és causa del  vianant,Car,Woman,23,Passenger,Desconegut                                                                                                                                            ,Unknown,Unknown,Minor injury: Hospitalization up to 24 hours,433081.87,4584996.69,2.198189661,41.411887841
2023S000366    ,10,Sant Martí,71,Provençals del Poblenou,701414,C-31,020710000,Monday,2023,1,January,16,Afternoon,21,No és causa del  vianant,Car,Woman,25,Passenger,Desconegut                                                                                                                                            ,Unknown,Unknown,Minor injury: Hospitalization up to 24 hours,433081.87,4584996.69,2.198189661,41.411887841
2023S000367    ,2,Eixample,6,la Sagrada Família,178308,Lepant,0224 0224,Thursday,2023,1,January,19,Afternoon,17,No és causa del  vianant,Motorcycle,Man,28,Driver,Desconegut                                                                                                                                            ,Unknown,Unknown,Minor injury: Hospitalization up to 24 hours,431557.65,4583899.32,2.180078076,41.401875741
2023S000368    ,2,Eixample,8,l'Antiga Esquerra de l'Eixample,169409,Corts Catalanes,0555 0555,Thursday,2023,1,January,19,Morning,13,No és causa del  vianant,Motorcycle,Man,45,Driver,Desconegut                                                                                                                                            ,Unknown,Oci i entreteniment,Minor injury: Hospitalization up to 24 hours,429928.15,4581911.44,2.160815961,41.383831119
2023S000369    ,9,Sant Andreu,59,el Bon Pastor,701265,Litoral (Besòs),000110000,Thursday,2023,1,January,19,Night,22,No és causa del  vianant,Motorcycle,Woman,52,Driver,Desconegut                                                                                                                                            ,Unknown,En missió,Minor injury: Medical assistance at accident site,433753.25,4588556.56,2.205831765,41.44400623
2023S000370    ,10,Sant Martí,64,el Camp de l'Arpa del Clot,268003,Provença,0570 0570,Thursday,2023,1,January,19,Night,22,No és causa del  vianant,Motorcycle,Woman,26,Driver,Desconegut                                                                                                                                            ,Unknown,Unknown,Minor injury: Medical assistance at accident site,431660.6,4584737.39,2.181214896,41.409432745
2023S000371    ,6,Gràcia,31,la Vila de Gràcia,344101,Gràcia,0172 0172,Friday,2023,1,January,20,Night,3,No és causa del  vianant,Ciclomotor,Woman,22,Passenger,Desconegut                                                                                                                                            ,Unknown,Unknown,Minor injury: Hospitalization up to 24 hours,429710.59,4583870.26,2.157986748,41.401454561
2023S000372    ,2,Eixample,8,l'Antiga Esquerra de l'Eixample,70607,Casanova,0146 0146,Friday,2023,1,January,20,Morning,6,No és causa del  vianant,Motorcycle,Woman,60,Driver,Desconegut                                                                                                                                            ,Unknown,In itínere,Minor injury: Hospitalization up to 24 hours,429361.23,4582493.6,2.153968384,41.389024832
2023S000373    ,9,Sant Andreu,60,Sant Andreu,105701,Dublín,0016B0016B,Thursday,2023,1,January,19,Night,22,No és causa del  vianant,Motorcycle,Man,51,Driver,Desconegut                                                                                                                                            ,Unknown,Unknown,Minor injury: Medical assistance at accident site,431926.84,4586869.18,2.184159998,41.428655703
2023S000374    ,4,Les Corts,20,la Maternitat i Sant Ramon,102306,Doctor Marañón,0001 0001,Friday,2023,1,January,20,Morning,6,No és causa del  vianant,Car,Man,49,Driver,Desconegut                                                                                                                                            ,Unknown,In itínere,Minor injury: Hospitalization up to 24 hours,426410.27,4581606.2,2.118783845,41.380767684
2023S000375    ,3,Sants-Montjuïc,13,la Marina de Port,230601,Mare de Déu de Port,0094 0098,Thursday,2023,1,January,19,Morning,10,No és causa del  vianant,Furgoneta,Woman,22,Pedestrian,En pas sense regular                                                                                                                                  ,Unknown,Unknown,Minor injury: Hospitalization up to 24 hours,428585.44,4578848.59,2.145119784,41.356126911
2023S000376    ,9,Sant Andreu,57,la Trinitat Vella,701501,B-20 (Llobregat),001640000,Friday,2023,1,January,20,Morning,6,No és causa del  vianant,Motorcycle,Man,32,Driver,Desconegut                                                                                                                                            ,Unknown,En missió,Minor injury: Hospitalization up to 24 hours,432838.99,4589349.79,2.19479988,41.451074575
2023S000377    ,10,Sant Martí,65,el Clot,18505,Aragó,0594 0594,Friday,2023,1,January,20,Morning,7,No és causa del  vianant,Veh. mobilitat personal amb motor,Man,43,Driver,Desconegut                                                                                                                                            ,Unknown,Unknown,Minor injury: Hospitalization up to 24 hours,432192.1,4584733.46,2.18757396,41.409442388
2023S000378    ,2,Eixample,8,l'Antiga Esquerra de l'Eixample,23403,Aribau,0177 0177,Friday,2023,1,January,20,Morning,11,No és causa del  vianant,Motorcycle,Man,36,Driver,Desconegut                                                                                                                                            ,Unknown,Unknown,Minor injury: Refused medical assistance,429197.68,4583028.67,2.151949792,41.393829633
2023S000379    ,3,Sants-Montjuïc,11,el Poble-sec,700025,Josep Carner,0043 0043,Friday,2023,1,January,20,Morning,11,No és causa del  vianant,Motorcycle,Man,36,Driver,Desconegut                                                                                                                                            ,Unknown,Altres activitats,Minor injury: Hospitalization up to 24 hours,431050.72,4580486.43,2.174402756,41.371093494
2023S000380    ,2,Eixample,8,l'Antiga Esquerra de l'Eixample,363809,Villarroel,0117 0117,Friday,2023,1,January,20,Morning,12,No és causa del  vianant,Motorcycle,Woman,31,Driver,Desconegut                                                                                                                                            ,Unknown,Oci i entreteniment,Minor injury: Medical assistance at accident site,429512.88,4582181.25,2.155818438,41.386224911
2023S000381    ,6,Gràcia,30,la Salut,344000,Dalt,0101 0101,Monday,2023,1,January,23,Morning,8,No és causa del  vianant,Motorcycle,Woman,44,Driver,Desconegut                                                                                                                                            ,Unknown,Oci i entreteniment,Minor injury: Hospitalization up to 24 hours,429689.26,4584977.01,2.157602951,41.411420794
2023S000382    ,2,Eixample,9,la Nova Esquerra de l'Eixample,349706,Comte d'Urgell,0121 0123,Friday,2023,1,January,20,Afternoon,15,No és causa del  vianant,Motorcycle,Woman,51,Driver,Desconegut                                                                                                                                            ,Unknown,Unknown,Minor injury: Medical assistance at accident site,429430.18,4582062.87,2.154843209,41.385151447
2023S000382    ,2,Eixample,9,la Nova Esquerra de l'Eixample,349706,Comte d'Urgell,0121 0123,Friday,2023,1,January,20,Afternoon,15,No és causa del  vianant,Motorcycle,Woman,39,Driver,Desconegut                                                                                                                                            ,Unknown,In itínere,Minor injury: Medical assistance at accident site,429430.18,4582062.87,2.154843209,41.385151447
2023S000383    ,2,Eixample,6,la Sagrada Família,178308,Lepant,0247 0247,Friday,2023,1,January,20,Afternoon,14,No és causa del  vianant,Motorcycle,Woman,42,Driver,Desconegut                                                                                                                                            ,Unknown,In itínere,Minor injury: Hospitalization up to 24 hours,431371.11,4584089.39,2.177825098,41.403571733
2023S000384    ,10,Sant Martí,66,el Parc i la Llacuna del Poblenou,209900,Meridiana,0026 0026,Friday,2023,1,January,20,Afternoon,14,No és causa del  vianant,Motorcycle,Man,47,Driver,Desconegut                                                                                                                                            ,Unknown,Altres activitats,Minor injury: Hospitalization up to 24 hours,432118.05,4583103.43,2.186870951,41.394754921
2023S000385    ,2,Eixample,10,Sant Antoni,169409,Corts Catalanes,0408 0408,Friday,2023,1,January,20,Afternoon,15,No és causa del  vianant,Motorcycle,Woman,31,Passenger,Desconegut                                                                                                                                            ,Unknown,Unknown,Minor injury: Hospitalization up to 24 hours,429170.59,4581128.41,2.151848055,41.376712251
2023S000385    ,2,Eixample,10,Sant Antoni,169409,Corts Catalanes,0408 0408,Friday,2023,1,January,20,Afternoon,15,No és causa del  vianant,Motorcycle,Man,38,Driver,Desconegut                                                                                                                                            ,Unknown,Unknown,Minor injury: Hospitalization up to 24 hours,429170.59,4581128.41,2.151848055,41.376712251
2023S000386    ,3,Sants-Montjuïc,14,la Font de la Guatlla,169409,Corts Catalanes,0302 0302,Friday,2023,1,January,20,Afternoon,14,No és causa del  vianant,Motorcycle,Man,32,Driver,Desconegut                                                                                                                                            ,Unknown,Unknown,Minor injury: Hospitalization up to 24 hours,428694.98,4580660.99,2.146215993,41.37246033
2023S000387    ,3,Sants-Montjuïc,12,la Marina del Prat Vermell,701265,Litoral (Besòs),001490000,Friday,2023,1,January,20,Afternoon,17,No és causa del  vianant,Motorcycle,Man,25,Driver,Desconegut                                                                                                                                            ,Unknown,Unknown,Minor injury: Hospitalization up to 24 hours,428655.7,4578026.63,2.146056332,41.348729997
2023S000388    ,5,Sarrià-Sant Gervasi,25,Sant Gervasi - la Bonanova,701629,Isaac Newton,0050 0050,Friday,2023,1,January,20,Afternoon,17,No és causa del  vianant,Car,Woman,1,Passenger,Desconegut                                                                                                                                            ,Unknown,Unknown,Minor injury: Refused medical assistance,427797.32,4585376.83,2.13492047,41.414853977
2023S000388    ,5,Sarrià-Sant Gervasi,25,Sant Gervasi - la Bonanova,701629,Isaac Newton,0050 0050,Friday,2023,1,January,20,Afternoon,17,No és causa del  vianant,Car,Woman,44,Driver,Desconegut                                                                                                                                            ,Unknown,Oci i entreteniment,Minor injury: Refused medical assistance,427797.32,4585376.83,2.13492047,41.414853977
2023S000389    ,2,Eixample,8,l'Antiga Esquerra de l'Eixample,349706,Comte d'Urgell,0252 0254,Friday,2023,1,January,20,Afternoon,17,No és causa del  vianant,Veh. mobilitat personal amb motor,Woman,42,Driver,Desconegut                                                                                                                                            ,Unknown,In itínere,Minor injury: Hospitalization up to 24 hours,428841.03,4582663.44,2.147726989,41.390508643
2023S000390    ,2,Eixample,8,l'Antiga Esquerra de l'Eixample,223606,Muntaner,0085 0085,Friday,2023,1,January,20,Afternoon,19,No és causa del  vianant,Motorcycle,Woman,34,Driver,Desconegut                                                                                                                                            ,Unknown,Unknown,Minor injury: Hospitalization up to 24 hours,429641.8,4582396.81,2.157335169,41.388177681
2023S000391    ,2,Eixample,7,la Dreta de l'Eixample,148307,Gràcia,0054 0054,Friday,2023,1,January,20,Afternoon,18,No és causa del  vianant,Motorcycle,Man,52,Driver,Desconegut                                                                                                                                            ,Unknown,Unknown,Minor injury: Hospitalization up to 24 hours,430277.16,4582833.02,2.164883567,41.39216184
2023S000393    ,10,Sant Martí,64,el Camp de l'Arpa del Clot,194406,Maragall,0048 0050,Friday,2023,1,January,20,Afternoon,15,No és causa del  vianant,Bus,Man,81,Passenger,Desconegut                                                                                                                                            ,Unknown,Unknown,Minor injury: Medical assistance at accident site,431631.47,4585406.79,2.180790713,41.41545934
2023S000394    ,2,Eixample,7,la Dreta de l'Eixample,309406,Sant Pere,0001 0001,Friday,2023,1,January,20,Afternoon,20,No és causa del  vianant,Veh. mobilitat personal amb motor,Woman,70,Pedestrian,En pas regulat per semàfor                                                                                                                            ,Oci i entreteniment,Unknown,Minor injury: Hospitalization up to 24 hours,430707.55,4582361.15,2.170085183,41.387949068
2023S000396    ,6,Gràcia,32,el Camp d'en Grassot i Gràcia Nova,344101,Gràcia,0287 0287,Friday,2023,1,January,20,Afternoon,20,No és causa del  vianant,Motorcycle,Man,49,Driver,Desconegut                                                                                                                                            ,Unknown,In itínere,Minor injury: Medical assistance at accident site,430252.06,4584312.28,2.164412857,41.405482866
2023S000397    ,5,Sarrià-Sant Gervasi,27,el Putxet i el Farró,369306,Saragossa,0151 0151,Friday,2023,1,January,20,Afternoon,20,No és causa del  vianant,Motorcycle,Man,45,Driver,Desconegut                                                                                                                                            ,Unknown,Oci i entreteniment,Minor injury: Hospitalization up to 24 hours,428559.02,4584322.86,2.14415826,41.405429399
2023S000398    ,2,Eixample,7,la Dreta de l'Eixample,144601,Diagonal,0385 0385,Friday,2023,1,January,20,Afternoon,20,Desobeir el senyal del semàfor,Motorcycle,Woman,62,Pedestrian,En pas regulat per semàfor                                                                                                                            ,Oci i entreteniment,Unknown,Minor injury: Hospitalization up to 24 hours,429831.32,4583321.36,2.159494571,41.396521359
2023S000398    ,2,Eixample,7,la Dreta de l'Eixample,144601,Diagonal,0385 0385,Friday,2023,1,January,20,Afternoon,20,Desobeir el senyal del semàfor,Motorcycle,Man,35,Driver,En pas regulat per semàfor                                                                                                                            ,Unknown,Unknown,Minor injury: Hospitalization up to 24 hours,429831.32,4583321.36,2.159494571,41.396521359
2023S000399    ,2,Eixample,7,la Dreta de l'Eixample,176801,Roger de Llúria,0039 0039,Friday,2023,1,January,20,Afternoon,18,No és causa del  vianant,Taxi,Woman,24,Pedestrian,En pas regulat per semàfor                                                                                                                            ,Unknown,Unknown,Minor injury: Medical assistance at accident site,430650.41,4582880.64,2.169342302,41.392623028
2023S000400    ,2,Eixample,5,el Fort Pienc,238400,Padilla,0142 0142,Friday,2023,1,January,20,Night,22,No és causa del  vianant,Car,Woman,73,Pedestrian,Altres                                                                                                                                                ,Oci i entreteniment,Unknown,Serious injury: Hospitalization over 24 hours,431985.94,4583661.45,2.185228085,41.399769681
2023S000400    ,2,Eixample,5,el Fort Pienc,238400,Padilla,0142 0142,Friday,2023,1,January,20,Night,22,No és causa del  vianant,Car,Man,79,Driver,Altres                                                                                                                                                ,Unknown,Oci i entreteniment,Minor injury: Medical assistance at accident site,431985.94,4583661.45,2.185228085,41.399769681
2023S000402    ,3,Sants-Montjuïc,12,la Marina del Prat Vermell,700127,Major de Mercabarna,0125 0125,Friday,2023,1,January,20,Afternoon,14,No és causa del  vianant,Motorcycle,Man,48,Driver,Desconegut                                                                                                                                            ,Unknown,En missió,Minor injury: Hospitalization up to 24 hours,425845.4,4575752.83,2.112744772,41.327996746
2023S000402    ,3,Sants-Montjuïc,12,la Marina del Prat Vermell,700127,Major de Mercabarna,0125 0125,Friday,2023,1,January,20,Afternoon,14,No és causa del  vianant,Car,Man,46,Driver,Desconegut                                                                                                                                            ,Unknown,En missió,Minor injury: Hospitalization up to 24 hours,425845.4,4575752.83,2.112744772,41.327996746
2023S000402    ,3,Sants-Montjuïc,12,la Marina del Prat Vermell,700127,Major de Mercabarna,0125 0125,Friday,2023,1,January,20,Afternoon,14,No és causa del  vianant,Car,Man,58,Driver,Desconegut                                                                                                                                            ,Unknown,En missió,Minor injury: Hospitalization up to 24 hours,425845.4,4575752.83,2.112744772,41.327996746
2023S000403    ,1,Ciutat Vella,2,el Barri Gòtic,269108,Portal de la Pau,0007 0007,Saturday,2023,1,January,21,Morning,6,No és causa del  vianant,Motorcycle,Man,31,Passenger,Desconegut                                                                                                                                            ,Unknown,Unknown,Minor injury: Hospitalization up to 24 hours,431258.87,4580951.93,2.176838686,41.375303944
2023S000403    ,1,Ciutat Vella,2,el Barri Gòtic,269108,Portal de la Pau,0007 0007,Saturday,2023,1,January,21,Morning,6,No és causa del  vianant,Motorcycle,Woman,29,Driver,Desconegut                                                                                                                                            ,Unknown,Unknown,Minor injury: Hospitalization up to 24 hours,431258.87,4580951.93,2.176838686,41.375303944
2023S000403    ,1,Ciutat Vella,2,el Barri Gòtic,269108,Portal de la Pau,0007 0007,Saturday,2023,1,January,21,Morning,6,No és causa del  vianant,Car,Man,37,Driver,Desconegut                                                                                                                                            ,Unknown,Unknown,Minor injury: Refused medical assistance,431258.87,4580951.93,2.176838686,41.375303944
2023S000404    ,4,Les Corts,20,la Maternitat i Sant Ramon,144601,Diagonal,0645 0645,Friday,2023,1,January,20,Night,23,No és causa del  vianant,Veh. mobilitat personal amb motor,Man,17,Driver,Desconegut                                                                                                                                            ,Unknown,Oci i entreteniment,Minor injury: Medical assistance at accident site,426339.27,4582176.37,2.11786547,41.385896466
2023S000405    ,2,Eixample,6,la Sagrada Família,238400,Padilla,0218 0218,Friday,2023,1,January,20,Afternoon,21,No és causa del  vianant,Motorcycle,Man,26,Driver,Desconegut                                                                                                                                            ,Unknown,Oci i entreteniment,Minor injury: Medical assistance at accident site,431460.95,4584179.19,2.17888963,41.404388202
2023S000406    ,2,Eixample,7,la Dreta de l'Eixample,74506,Catalunya,0117 0117,Saturday,2023,1,January,21,Night,0,No és causa del  vianant,Motorcycle,Man,35,Driver,Desconegut                                                                                                                                            ,Unknown,Oci i entreteniment,Minor injury: Hospitalization up to 24 hours,429774.77,4583089.18,2.158845112,41.394425253
2023S000407    ,4,Les Corts,19,les Corts,199909,Marquès de Sentmenat,0099X0099X,Friday,2023,1,January,20,Night,22,No és causa del  vianant,Ciclomotor,Man,27,Driver,Desconegut                                                                                                                                            ,Unknown,Unknown,Minor injury: Hospitalization up to 24 hours,428408.37,4582110.79,2.142617747,41.385492712
2023S000409    ,7,Horta-Guinardó,39,Sant Genís dels Agudells,366909,Vista-rica,0015 0015,Saturday,2023,1,January,21,Morning,12,No és causa del  vianant,Bicicleta,Man,50,Driver,Desconegut                                                                                                                                            ,Unknown,Oci i entreteniment,Minor injury: Hospitalization up to 24 hours,426838.28,4586769.19,2.123277643,41.427307535
2023S000410    ,2,Eixample,7,la Dreta de l'Eixample,32700,Balmes,0052 0052,Saturday,2023,1,January,21,Morning,13,No és causa del  vianant,Motorcycle,Man,36,Driver,Desconegut                                                                                                                                            ,Unknown,In itínere,Minor injury: Hospitalization up to 24 hours,430092.25,4582527.68,2.162707247,41.389395681
2023S000411    ,2,Eixample,10,Sant Antoni,54509,Calàbria,0081 0081,Saturday,2023,1,January,21,Afternoon,14,No és causa del  vianant,Bicicleta,Man,32,Driver,Desconegut                                                                                                                                            ,Unknown,Unknown,Minor injury: Hospitalization up to 24 hours,429555.55,4581336.38,2.156427011,41.378619182
2023S000412    ,2,Eixample,10,Sant Antoni,323203,Sepúlveda,0013 0013,Saturday,2023,1,January,21,Afternoon,16,No és causa del  vianant,Car,Woman,26,Pedestrian,En pas regulat per semàfor                                                                                                                            ,In itinere,Unknown,Minor injury: Hospitalization up to 24 hours,429269.66,4581057.55,2.153040952,41.376082757
2023S000413    ,7,Horta-Guinardó,37,el Carmel,325504,Sigüenza,0122 0122,Saturday,2023,1,January,21,Morning,11,No és causa del  vianant,Motorcycle,Man,37,Driver,Desconegut                                                                                                                                            ,Unknown,Unknown,Serious injury: Hospitalization over 24 hours,429195.73,4586193.7,2.151555958,41.422335697
2023S000414    ,8,Nou Barris,45,Porta,256401,Pintor Alsamora,0065B0065B,Saturday,2023,1,January,21,Afternoon,17,No és causa del  vianant,Motorcycle,Woman,24,Driver,Desconegut                                                                                                                                            ,Unknown,Unknown,Minor injury: Medical assistance at accident site,431256.5,4587712.15,2.176042077,41.43619091