Case_Number,District_Code,District_Name,Neighborhood_Code,Neighborhood_Name,Street_Code,Street_Name,Postal_Code,Day_of_Week,Year,Month_Code,Month_Name,Day_of_Month,Shift_Description,Hour_of_Day,Pedestrian_Cause_Description,Involved_Vehicle_Type,Gender_Description,Age,Person_Type_Description,Pedestrian_Accident_Location_Description,Pedestrian_Movement_Reason_Description,Driver_Movement_Reason_Description,Victimization_Description,UTM_X_Coordinate,UTM_Y_Coordinate,Longitude,Latitude
2023S000491    ,4,Les Corts,21,Pedralbes,336001,Til·lers,0002X0002X,Wednesday,2023,1,January,25,Afternoon,20,No és causa del  vianant,Motorcycle,Man,37,Driver,Desconegut                                                                                                                                            ,Unknown,Oci i entreteniment,Minor injury: Hospitalization up to 24 hours,426486.53,4582585.53,2.119576877,41.389595076
2023S000492    ,8,Nou Barris,45,Porta,282650,Rio de Janeiro,0049X0049X,Wednesday,2023,1,January,25,Afternoon,21,No és causa del  vianant,Veh. mobilitat personal amb motor,Man,20,Driver,Desconegut                                                                                                                                            ,Unknown,Oci i entreteniment,Minor injury: Hospitalization up to 24 hours,431563.59,4587561.78,2.179734502,41.434862825
2023S000493    ,2,Eixample,7,la Dreta de l'Eixample,18505,Aragó,0258 0258,Wednesday,2023,1,January,25,Afternoon,20,Desobeir el senyal del semàfor,Veh. mobilitat personal amb motor,Man,23,Driver,En pas regulat per semàfor                                                                                                                            ,Unknown,Altres activitats,Minor injury: Hospitalization up to 24 hours,430155.92,4582713.39,2.163447302,41.391073846
2023S000493    ,2,Eixample,7,la Dreta de l'Eixample,18505,Aragó,0258 0258,Wednesday,2023,1,January,25,Afternoon,20,Desobeir el senyal del semàfor,Veh. mobilitat personal amb motor,Man,63,Pedestrian,En pas regulat per semàfor                                                                                                                            ,Altres activitats,Unknown,Minor injury: Medical assistance at accident site,430155.92,4582713.39,2.163447302,41.391073846
2023S000494    ,2,Eixample,8,l'Antiga Esquerra de l'Eixample,363809,Villarroel,0115 0115,Wednesday,2023,1,January,25,Night,23,Others,Taxi,Man,26,Pedestrian,En pas regulat per semàfor                                                                                                                            ,Unknown,Unknown,Minor injury: Hospitalization up to 24 hours,429546.49,4582097.17,2.15623017,41.385470576
2023S000495    ,10,Sant Martí,73,la Verneda i la Pau,153205,Guipúscoa,0159 0159,Wednesday,2023,1,January,25,Night,22,No és causa del  vianant,Motorcycle,Woman,14,Passenger,Desconegut                                                                                                                                            ,Unknown,Unknown,Minor injury: Hospitalization up to 24 hours,433775.16,4586285.44,2.206343032,41.423552727
2023S000497    ,2,Eixample,7,la Dreta de l'Eixample,144601,Diagonal,0422 0422,Monday,2023,1,January,23,Night,23,No és causa del  vianant,Taxi,Man,42,Pedestrian,En pas regulat per semàfor                                                                                                                            ,Unknown,Unknown,Minor injury: Hospitalization up to 24 hours,430134.59,4583421.81,2.163110418,41.397452499
2023S000499    ,5,Sarrià-Sant Gervasi,26,Sant Gervasi - Galvany,32700,Balmes,0311 0311,Friday,2023,1,January,13,Afternoon,19,No és causa del  vianant,Car,Man,20,Driver,Desconegut                                                                                                                                            ,Unknown,Unknown,Minor injury: Hospitalization up to 24 hours,428633.32,4583993.35,2.145085959,41.402468233
2023S000500    ,3,Sants-Montjuïc,15,Hostafrancs,89004,Consell de Cent,0067U0069U,Thursday,2023,1,January,26,Morning,10,No és causa del  vianant,Bus,Woman,46,Passenger,Desconegut                                                                                                                                            ,Unknown,Unknown,Minor injury: Hospitalization up to 24 hours,428769.74,4581177.12,2.147049191,41.377115564
2023S000501    ,2,Eixample,6,la Sagrada Família,289105,Rosselló,0433 0433,Thursday,2023,1,January,26,Morning,11,No és causa del  vianant,Motorcycle,Woman,16,Passenger,Desconegut                                                                                                                                            ,Unknown,Unknown,Minor injury: Hospitalization up to 24 hours,430996.4,4584288.18,2.173319978,41.405330078
2023S000501    ,2,Eixample,6,la Sagrada Família,289105,Rosselló,0433 0433,Thursday,2023,1,January,26,Morning,11,No és causa del  vianant,Motorcycle,Man,26,Driver,Desconegut                                                                                                                                            ,Unknown,Unknown,Minor injury: Medical assistance at accident site,430996.4,4584288.18,2.173319978,41.405330078
2023S000502    ,10,Sant Martí,66,el Parc i la Llacuna del Poblenou,76807,Sardenya,0043 0043,Thursday,2023,1,January,26,Morning,9,Others,Car,Woman,7,Pedestrian,A la vorera / Andana                                                                                                                                  ,Unknown,Unknown,Minor injury: Hospitalization up to 24 hours,432255.89,4582767.37,2.188557249,41.391739749
2023S000503    ,8,Nou Barris,50,les Roquetes,212304,Mina de la Ciutat,0049 0053,Thursday,2023,1,January,26,Morning,11,No és causa del  vianant,Furgoneta,Woman,75,Pedestrian,Fora del pas                                                                                                                                          ,Unknown,Unknown,Minor injury: Hospitalization up to 24 hours,431183.2,4589018.52,2.175015897,41.447950613
2023S000504    ,8,Nou Barris,48,la Guineueta,701268,Dalt (Llobregat),001330000,Thursday,2023,1,January,26,Morning,13,No és causa del  vianant,Furgoneta,Woman,35,Driver,Desconegut                                                                                                                                            ,Unknown,Unknown,Minor injury: Hospitalization up to 24 hours,430166.99,4588194.17,2.162946648,41.440438213
2023S000505    ,2,Eixample,7,la Dreta de l'Eixample,349309,Universitat,0008 0008,Wednesday,2023,1,January,25,Afternoon,17,No és causa del  vianant,Bicicleta,Woman,51,Pedestrian,En pas regulat per semàfor                                                                                                                            ,Oci i entreteniment,Unknown,Minor injury: Refused medical assistance,430387.36,4582209.74,2.166273263,41.386557704
2023S000506    ,-1,Unknown,-1,Unknown,-1,Unknown,Unknown,Thursday,2023,1,January,26,Afternoon,15,No és causa del  vianant,Motorcycle,Man,28,Driver,Desconegut                                                                                                                                            ,Unknown,In itínere,Minor injury: Hospitalization up to 24 hours,428888.97,4578390.79,2.148801757,41.352030518
2023S000507    ,2,Eixample,5,el Fort Pienc,281307,Ribes,0019 0019,Thursday,2023,1,January,26,Afternoon,14,No és causa del  vianant,Veh. mobilitat personal amb motor,Woman,30,Driver,A la vorera / Andana                                                                                                                                  ,Unknown,Oci i entreteniment,Minor injury: Hospitalization up to 24 hours,431811.38,4583154.27,2.18319719,41.395186863
2023S000508    ,5,Sarrià-Sant Gervasi,26,Sant Gervasi - Galvany,214106,Modolell,0017 0017,Thursday,2023,1,January,26,Morning,13,No és causa del  vianant,Motorcycle,Man,53,Driver,Desconegut                                                                                                                                            ,Unknown,Unknown,Minor injury: Refused medical assistance,427986.52,4583479.44,2.137410019,41.397781944
2023S000509    ,2,Eixample,7,la Dreta de l'Eixample,31300,Bailèn,0145 0145,Thursday,2023,1,January,26,Morning,12,No és causa del  vianant,Ciclomotor,Woman,22,Driver,Desconegut                                                                                                                                            ,Unknown,In itínere,Minor injury: Hospitalization up to 24 hours,430451.69,4583688.77,2.16687266,41.399884424
2023S000510    ,2,Eixample,7,la Dreta de l'Eixample,169409,Corts Catalanes,0656 0656,Thursday,2023,1,January,26,Afternoon,14,No és causa del  vianant,Motorcycle,Woman,36,Passenger,Desconegut                                                                                                                                            ,Unknown,Unknown,Serious injury: Hospitalization over 24 hours,430762.27,4582690.25,2.170701971,41.390917887
2023S000510    ,2,Eixample,7,la Dreta de l'Eixample,169409,Corts Catalanes,0656 0656,Thursday,2023,1,January,26,Afternoon,14,No és causa del  vianant,Motorcycle,Man,27,Driver,Desconegut                                                                                                                                            ,Unknown,Unknown,Minor injury: Hospitalization up to 24 hours,430762.27,4582690.25,2.170701971,41.390917887
2023S000511    ,2,Eixample,8,l'Antiga Esquerra de l'Eixample,169409,Corts Catalanes,0583 0583,Thursday,2023,1,January,26,Afternoon,14,No és causa del  vianant,Bus,Woman,35,Passenger,Desconegut                                                                                                                                            ,Unknown,Unknown,Minor injury: Medical assistance at accident site,430121.36,4582099.83,2.163104777,41.385544703
2023S000511    ,2,Eixample,8,l'Antiga Esquerra de l'Eixample,169409,Corts Catalanes,0583 0583,Thursday,2023,1,January,26,Afternoon,14,No és causa del  vianant,Bus,Woman,36,Passenger,Desconegut                                                                                                                                            ,Unknown,Unknown,Minor injury: Medical assistance at accident site,430121.36,4582099.83,2.163104777,41.385544703
2023S000511    ,2,Eixample,8,l'Antiga Esquerra de l'Eixample,169409,Corts Catalanes,0583 0583,Thursday,2023,1,January,26,Afternoon,14,No és causa del  vianant,Bus,Woman,50,Passenger,Desconegut                                                                                                                                            ,Unknown,Unknown,Minor injury: Medical assistance at accident site,430121.36,4582099.83,2.163104777,41.385544703
2023S000511    ,2,Eixample,8,l'Antiga Esquerra de l'Eixample,169409,Corts Catalanes,0583 0583,Thursday,2023,1,January,26,Afternoon,14,No és causa del  vianant,Bus,Woman,71,Passenger,Desconegut                                                                                                                                            ,Unknown,Unknown,Minor injury: Medical assistance at accident site,430121.36,4582099.83,2.163104777,41.385544703
2023S000511    ,2,Eixample,8,l'Antiga Esquerra de l'Eixample,169409,Corts Catalanes,0583 0583,Thursday,2023,1,January,26,Afternoon,14,No és causa del  vianant,Bus,Man,71,Passenger,Desconegut                                                                                                                                            ,Unknown,Unknown,Minor injury: Medical assistance at accident site,430121.36,4582099.83,2.163104777,41.385544703
2023S000512    ,4,Les Corts,19,les Corts,278302,Reina Maria Cristina,9997 9997,Thursday,2023,1,January,26,Afternoon,14,No és causa del  vianant,Motorcycle,Man,56,Driver,Desconegut                                                                                                                                            ,Unknown,In itínere,Minor injury: Medical assistance at accident site,427207.0,4582445.17,2.128210374,41.38839647
2023S000513    ,9,Sant Andreu,62,el Congrés i els Indians,121402,Felip II,0185 0185,Thursday,2023,1,January,26,Morning,13,No és causa del  vianant,Veh. mobilitat personal amb motor,Man,73,Pedestrian,En pas regulat per semàfor                                                                                                                            ,Unknown,Unknown,Minor injury: Refused medical assistance,431624.31,4586491.29,2.180582366,41.425226466
2023S000514    ,2,Eixample,7,la Dreta de l'Eixample,18505,Aragó,0381 0381,Thursday,2023,1,January,26,Afternoon,15,No és causa del  vianant,Motorcycle,Man,36,Driver,Desconegut                                                                                                                                            ,Unknown,In itínere,Minor injury: Medical assistance at accident site,430991.25,4583556.03,2.17334188,41.398735393
2023S000515    ,5,Sarrià-Sant Gervasi,26,Sant Gervasi - Galvany,32700,Balmes,0262 0262,Thursday,2023,1,January,26,Afternoon,16,No és causa del  vianant,Motorcycle,Woman,54,Driver,Desconegut                                                                                                                                            ,Unknown,Unknown,Minor injury: Medical assistance at accident site,428958.42,4583740.53,2.14900454,41.400219985
2023S000516    ,5,Sarrià-Sant Gervasi,23,Sarrià,193108,Manuel Girona,0055C0055C,Thursday,2023,1,January,26,Afternoon,17,No és causa del  vianant,Motorcycle,Man,23,Driver,Desconegut                                                                                                                                            ,Unknown,Altres activitats,Minor injury: Hospitalization up to 24 hours,427116.27,4582826.05,2.127079434,41.391818681
2023S000517    ,8,Nou Barris,45,Porta,103003,Doctor Pi i Molist,0032 0034,Thursday,2023,1,January,26,Afternoon,18,Creuar per fora pas de vianants,Bus,Man,25,Pedestrian,Fora del pas                                                                                                                                          ,Oci i entreteniment,Unknown,Serious injury: Hospitalization over 24 hours,431107.97,4587195.59,2.174323322,41.431525706
2023S000518    ,3,Sants-Montjuïc,11,el Poble-sec,114000,Espanya,9999 9999,Thursday,2023,1,January,26,Afternoon,17,No és causa del  vianant,Motorcycle,Man,24,Driver,Desconegut                                                                                                                                            ,Unknown,Altres activitats,Minor injury: Hospitalization up to 24 hours,428903.84,4580824.31,2.148694096,41.373949787
2023S000519    ,7,Horta-Guinardó,41,la Vall d'Hebron,169103,Jorge Manrique,0018 0018,Thursday,2023,1,January,26,Afternoon,21,No és causa del  vianant,Car,Man,29,Driver,Desconegut                                                                                                                                            ,Unknown,Altres activitats,Minor injury: Hospitalization up to 24 hours,429109.48,4587196.43,2.150406269,41.431359267
2023S000520    ,2,Eixample,9,la Nova Esquerra de l'Eixample,287201,Roma,0092 0092,Thursday,2023,1,January,26,Afternoon,17,No és causa del  vianant,Veh. mobilitat personal amb motor,Man,28,Driver,Desconegut                                                                                                                                            ,Unknown,Oci i entreteniment,Minor injury: Hospitalization up to 24 hours,429030.0,4581874.03,2.150079593,41.383415407
2023S000521    ,3,Sants-Montjuïc,11,el Poble-sec,178400,Lleida,0041 0041,Thursday,2023,1,January,26,Afternoon,21,No és causa del  vianant,Motorcycle,Man,34,Driver,Desconegut                                                                                                                                            ,Unknown,Oci i entreteniment,Minor injury: Hospitalization up to 24 hours,429475.82,4580613.37,2.15555778,41.372100271
2023S000523    ,1,Ciutat Vella,3,la Barceloneta,145706,Ginebra,0006 0006,Friday,2023,1,January,27,Night,1,No és causa del  vianant,Motorcycle,Woman,29,Driver,Desconegut                                                                                                                                            ,Unknown,In itínere,Minor injury: Medical assistance at accident site,432169.34,4581624.91,2.187650073,41.381442611
2023S000523    ,1,Ciutat Vella,3,la Barceloneta,145706,Ginebra,0006 0006,Friday,2023,1,January,27,Night,1,No és causa del  vianant,Veh. mobilitat personal amb motor,Man,27,Driver,Desconegut                                                                                                                                            ,Unknown,Oci i entreteniment,Minor injury: Hospitalization up to 24 hours,432169.34,4581624.91,2.187650073,41.381442611
2023S000524    ,4,Les Corts,20,la Maternitat i Sant Ramon,144601,Diagonal,0645 0645,Monday,2023,1,January,30,Morning,8,No és causa del  vianant,Veh. mobilitat personal amb motor,Man,30,Driver,Desconegut                                                                                                                                            ,Unknown,Unknown,Minor injury: Medical assistance at accident site,426270.62,4582154.02,2.117047205,41.385688877
2023S000525    ,6,Gràcia,32,el Camp d'en Grassot i Gràcia Nova,305100,Sant Joan,0150 0150,Friday,2023,1,January,27,Morning,6,Creuar per fora pas de vianants,Motorcycle,Man,20,Passenger,Fora del pas                                                                                                                                          ,Unknown,Unknown,Minor injury: Refused medical assistance,430411.16,4583904.05,2.16636309,41.401819871
2023S000525    ,6,Gràcia,32,el Camp d'en Grassot i Gràcia Nova,305100,Sant Joan,0150 0150,Friday,2023,1,January,27,Morning,6,Creuar per fora pas de vianants,Motorcycle,Man,60,Pedestrian,Fora del pas                                                                                                                                          ,In itinere,Unknown,Serious injury: Hospitalization over 24 hours,430411.16,4583904.05,2.16636309,41.401819871
2023S000526    ,9,Sant Andreu,62,el Congrés i els Indians,194406,Maragall,0130 0132,Thursday,2023,1,January,26,Afternoon,21,No és causa del  vianant,Car,Woman,25,Driver,Desconegut                                                                                                                                            ,Unknown,Unknown,Minor injury: Medical assistance at accident site,431528.01,4586133.97,2.179470483,41.421999998
2023S000527    ,10,Sant Martí,73,la Verneda i la Pau,153205,Guipúscoa,0178 0178,Friday,2023,1,January,27,Morning,9,No és causa del  vianant,Motorcycle,Man,49,Driver,Desconegut                                                                                                                                            ,Unknown,Unknown,Minor injury: Hospitalization up to 24 hours,433983.96,4586430.89,2.208825686,41.42487995
2023S000529    ,2,Eixample,8,l'Antiga Esquerra de l'Eixample,18505,Aragó,0187 0187,Friday,2023,1,January,27,Morning,13,No és causa del  vianant,Motorcycle,Man,57,Driver,Desconegut                                                                                                                                            ,Unknown,Unknown,Minor injury: Hospitalization up to 24 hours,429735.29,4582301.52,2.158464328,41.387327612
2023S000531    ,2,Eixample,8,l'Antiga Esquerra de l'Eixample,144601,Diagonal,0441 0441,Friday,2023,1,January,27,Morning,13,No és causa del  vianant,Bicicleta,Man,28,Driver,Desconegut                                                                                                                                            ,Unknown,En missió,Minor injury: Refused medical assistance,429001.92,4583052.43,2.149605603,41.394026363
2023S000533    ,2,Eixample,6,la Sagrada Família,238400,Padilla,0296B0296B,Friday,2023,1,January,27,Afternoon,14,No és causa del  vianant,Motorcycle,Woman,52,Driver,Desconegut                                                                                                                                            ,Unknown,Oci i entreteniment,Minor injury: Refused medical assistance,431087.38,4584563.89,2.174376938,41.407821118
2023S000534    ,1,Ciutat Vella,1,el Raval,250904,Pelai,0062S0062S,Friday,2023,1,January,27,Morning,12,No és causa del  vianant,Motorcycle,Man,31,Driver,Desconegut                                                                                                                                            ,Unknown,In itínere,Minor injury: Medical assistance at accident site,430704.97,4582088.39,2.170085544,41.385492178
2023S000535    ,2,Eixample,5,el Fort Pienc,197302,Marina,0157 0167,Friday,2023,1,January,27,Afternoon,14,Creuar per fora pas de vianants,Bus,Man,20,Pedestrian,Fora del pas                                                                                                                                          ,Oci i entreteniment,Unknown,Minor injury: Hospitalization up to 24 hours,431672.65,4583534.27,2.181494946,41.398597631
2023S000537    ,4,Les Corts,20,la Maternitat i Sant Ramon,285002,Sabino Arana,0025 0025,Friday,2023,1,January,27,Afternoon,17,No és causa del  vianant,Car,Man,28,Driver,Desconegut                                                                                                                                            ,Unknown,En missió,Minor injury: Hospitalization up to 24 hours,426871.94,4582155.28,2.124238235,41.385755142
2023S000538    ,9,Sant Andreu,62,el Congrés i els Indians,140407,Garcilaso,0175 0175,Friday,2023,1,January,27,Afternoon,18,No és causa del  vianant,Motorcycle,Man,52,Driver,Desconegut                                                                                                                                            ,Unknown,Unknown,Minor injury: Hospitalization up to 24 hours,431684.3,4586289.8,2.181323009,41.423416819
2023S000539    ,3,Sants-Montjuïc,18,Sants,48404,Brasil,0028 0030,Friday,2023,1,January,27,Afternoon,20,No és causa del  vianant,Motorcycle,Woman,56,Passenger,Desconegut                                                                                                                                            ,Unknown,Unknown,Minor injury: Medical assistance at accident site,427334.3,4581216.56,2.129880237,41.377342373
2023S000539    ,3,Sants-Montjuïc,18,Sants,48404,Brasil,0028 0030,Friday,2023,1,January,27,Afternoon,20,No és causa del  vianant,Motorcycle,Woman,25,Driver,Desconegut                                                                                                                                            ,Unknown,Unknown,Minor injury: Hospitalization up to 24 hours,427334.3,4581216.56,2.129880237,41.377342373
2023S000539    ,3,Sants-Montjuïc,18,Sants,48404,Brasil,0028 0030,Friday,2023,1,January,27,Afternoon,20,No és causa del  vianant,Motorcycle,Man,39,Driver,Desconegut                                                                                                                                            ,Unknown,Unknown,Minor injury: Hospitalization up to 24 hours,427334.3,4581216.56,2.129880237,41.377342373
2023S000540    ,5,Sarrià-Sant Gervasi,27,el Putxet i el Farró,32700,Balmes,0412 0412,Friday,2023,1,January,27,Afternoon,19,No és causa del  vianant,Motorcycle,Man,71,Driver,Desconegut                                                                                                                                            ,Unknown,Unknown,Minor injury: Hospitalization up to 24 hours,428121.24,4584455.67,2.13890546,41.40658652
2023S000541    ,6,Gràcia,32,el Camp d'en Grassot i Gràcia Nova,305100,Sant Joan,0195 0195,Friday,2023,1,January,27,Afternoon,20,No és causa del  vianant,Bus,Woman,45,Passenger,Desconegut                                                                                                                                            ,Unknown,Unknown,Minor injury: Hospitalization up to 24 hours,430147.6,4584137.6,2.163183398,41.403900508
2023S000543    ,2,Eixample,5,el Fort Pienc,197302,Marina,0155 0155,Friday,2023,1,January,27,Afternoon,21,No és causa del  vianant,Motorcycle,Man,32,Driver,Desconegut                                                                                                                                            ,Unknown,Unknown,Minor injury: Medical assistance at accident site,431735.89,4583543.37,2.182250368,41.398684966
2023S000544    ,2,Eixample,9,la Nova Esquerra de l'Eixample,110803,Entença,0153 0153,Friday,2023,1,January,27,Afternoon,21,No és causa del  vianant,Motorcycle,Man,30,Driver,Desconegut                                                                                                                                            ,Unknown,Oci i entreteniment,Minor injury: Medical assistance at accident site,428690.81,4581838.58,2.14602751,41.383066112
2023S000544    ,2,Eixample,9,la Nova Esquerra de l'Eixample,110803,Entença,0153 0153,Friday,2023,1,January,27,Afternoon,21,No és causa del  vianant,Veh. mobilitat personal amb motor,Woman,35,Driver,Desconegut                                                                                                                                            ,Unknown,Oci i entreteniment,Minor injury: Refused medical assistance,428690.81,4581838.58,2.14602751,41.383066112
2023S000546    ,8,Nou Barris,53,la Trinitat Nova,209900,Meridiana,0605X0605X,Friday,2023,1,January,27,Night,22,No és causa del  vianant,Motorcycle,Woman,24,Driver,Desconegut                                                                                                                                            ,Unknown,En missió,Minor injury: Medical assistance at accident site,432378.64,4589412.75,2.18928188,41.451602957
2023S000547    ,3,Sants-Montjuïc,12,la Marina del Prat Vermell,701265,Litoral (Besòs),001580000,Saturday,2023,1,January,28,Morning,6,No és causa del  vianant,Car,Woman,34,Driver,Desconegut                                                                                                                                            ,Unknown,In itínere,Minor injury: Hospitalization up to 24 hours,427843.56,4577637.92,2.136395635,41.345156627
2023S000548    ,2,Eixample,7,la Dreta de l'Eixample,148307,Gràcia,0087 0087,Saturday,2023,1,January,28,Morning,12,Transitar a peu per la calçada,Bus,Woman,33,Pedestrian,Fora del pas                                                                                                                                          ,Oci i entreteniment,Unknown,Minor injury: Medical assistance at accident site,430001.61,4583089.87,2.161558201,41.394451255
2023S000548    ,2,Eixample,7,la Dreta de l'Eixample,148307,Gràcia,0087 0087,Saturday,2023,1,January,28,Morning,12,Transitar a peu per la calçada,Bus,Woman,35,Pedestrian,Fora del pas                                                                                                                                          ,Oci i entreteniment,Unknown,Minor injury: Medical assistance at accident site,430001.61,4583089.87,2.161558201,41.394451255
2023S000549    ,5,Sarrià-Sant Gervasi,25,Sant Gervasi - la Bonanova,701268,Dalt (Llobregat),000860000,Saturday,2023,1,January,28,Morning,13,No és causa del  vianant,Car,Woman,40,Passenger,Desconegut                                                                                                                                            ,Unknown,Unknown,Minor injury: Hospitalization up to 24 hours,427350.84,4585168.98,2.12960359,41.412941704
2023S000549    ,5,Sarrià-Sant Gervasi,25,Sant Gervasi - la Bonanova,701268,Dalt (Llobregat),000860000,Saturday,2023,1,January,28,Morning,13,No és causa del  vianant,Car,Woman,42,Passenger,Desconegut                                                                                                                                            ,Unknown,Unknown,Minor injury: Hospitalization up to 24 hours,427350.84,4585168.98,2.12960359,41.412941704
2023S000549    ,5,Sarrià-Sant Gervasi,25,Sant Gervasi - la Bonanova,701268,Dalt (Llobregat),000860000,Saturday,2023,1,January,28,Morning,13,No és causa del  vianant,Car,Woman,9,Passenger,Desconegut                                                                                                                                            ,Unknown,Unknown,Minor injury: Hospitalization up to 24 hours,427350.84,4585168.98,2.12960359,41.412941704
2023S000549    ,5,Sarrià-Sant Gervasi,25,Sant Gervasi - la Bonanova,701268,Dalt (Llobregat),000860000,Saturday,2023,1,January,28,Morning,13,No és causa del  vianant,Car,Man,11,Passenger,Desconegut                                                                                                                                            ,Unknown,Unknown,Minor injury: Hospitalization up to 24 hours,427350.84,4585168.98,2.12960359,41.412941704
2023S000549    ,5,Sarrià-Sant Gervasi,25,Sant Gervasi - la Bonanova,701268,Dalt (Llobregat),000860000,Saturday,2023,1,January,28,Morning,13,No és causa del  vianant,Car,Woman,36,Driver,Desconegut                                                                                                                                            ,Unknown,Unknown,Minor injury: Hospitalization up to 24 hours,427350.84,4585168.98,2.12960359,41.412941704
2023S000551    ,10,Sant Martí,73,la Verneda i la Pau,270107,Puigcerdà,0191 0197,Saturday,2023,1,January,28,Afternoon,16,No és causa del  vianant,Veh. mobilitat personal amb motor,Man,28,Driver,Desconegut                                                                                                                                            ,Unknown,Oci i entreteniment,Minor injury: Hospitalization up to 24 hours,433751.6,4585648.82,2.206130886,41.41781692
2023S000552    ,10,Sant Martí,73,la Verneda i la Pau,357602,Verneda,0081 0081,Saturday,2023,1,January,28,Afternoon,18,No és causa del  vianant,Veh. mobilitat personal amb motor,Man,25,Driver,Desconegut                                                                                                                                            ,Unknown,Oci i entreteniment,Minor injury: Hospitalization up to 24 hours,433722.46,4586795.27,2.205656494,41.428140273
2023S000553    ,4,Les Corts,19,les Corts,40300,Berlín,0077 0077,Saturday,2023,1,January,28,Afternoon,14,No és causa del  vianant,Motorcycle,Man,78,Driver,Desconegut                                                                                                                                            ,Unknown,Altres activitats,Minor injury: Hospitalization up to 24 hours,428193.92,4581940.5,2.140073328,41.383939849
2023S000553    ,4,Les Corts,19,les Corts,40300,Berlín,0077 0077,Saturday,2023,1,January,28,Afternoon,14,No és causa del  vianant,Motorcycle,Woman,62,Passenger,Desconegut                                                                                                                                            ,Unknown,Unknown,Minor injury: Hospitalization up to 24 hours,428193.92,4581940.5,2.140073328,41.383939849
2023S000554    ,2,Eixample,7,la Dreta de l'Eixample,148307,Gràcia,0087 0087,Saturday,2023,1,January,28,Afternoon,19,No és causa del  vianant,Motorcycle,Man,45,Driver,Desconegut                                                                                                                                            ,Unknown,Unknown,Minor injury: Medical assistance at accident site,430005.45,4583130.22,2.161599464,41.394815009
2023S000555    ,5,Sarrià-Sant Gervasi,26,Sant Gervasi - Galvany,124105,Ferran Valls i Taberner,0014B0014B,Saturday,2023,1,January,28,Afternoon,21,No és causa del  vianant,Car,Man,51,Pedestrian,Fora del pas                                                                                                                                          ,Unknown,Unknown,Minor injury: Hospitalization up to 24 hours,428230.49,4584078.6,2.14025714,41.403200168
2023S000557    ,3,Sants-Montjuïc,15,Hostafrancs,37601,Béjar,0025 0025,Saturday,2023,1,January,28,Night,23,Transitar a peu per la calçada,Car,Man,47,Pedestrian,Altres                                                                                                                                                ,Unknown,Unknown,Minor injury: Hospitalization up to 24 hours,428686.73,4581072.65,2.146068896,41.376167282
2023S000558    ,4,Les Corts,21,Pedralbes,115400,Esplugues,0079 0079,Sunday,2023,1,January,29,Night,3,No és causa del  vianant,Car,Woman,29,Driver,Desconegut                                                                                                                                            ,Unknown,Altres activitats,Minor injury: Hospitalization up to 24 hours,425622.2,4582655.72,2.109231145,41.390147744
2023S000559    ,2,Eixample,5,el Fort Pienc,100800,Diputació,0433 0433,Sunday,2023,1,January,29,Night,4,No és causa del  vianant,Car,Woman,39,Passenger,Desconegut                                                                                                                                            ,Unknown,Unknown,Minor injury: Hospitalization up to 24 hours,431451.65,4583605.7,2.178843354,41.399222159
2023S000559    ,2,Eixample,5,el Fort Pienc,100800,Diputació,0433 0433,Sunday,2023,1,January,29,Night,4,No és causa del  vianant,Car,Man,58,Driver,Desconegut                                                                                                                                            ,Unknown,En missió,Minor injury: Medical assistance at accident site,431451.65,4583605.7,2.178843354,41.399222159
2023S000560    ,-1,Unknown,-1,Unknown,-1,Unknown,Unknown,Sunday,2023,1,January,29,Morning,10,No és causa del  vianant,Motorcycle,Woman,25,Passenger,Desconegut                                                                                                                                            ,Unknown,Unknown,Minor injury: Hospitalization up to 24 hours,430428.31,4585222.71,2.166416561,41.413698077
2023S000560    ,-1,Unknown,-1,Unknown,-1,Unknown,Unknown,Sunday,2023,1,January,29,Morning,10,No és causa del  vianant,Motorcycle,Man,29,Driver,Desconegut                                                                                                                                            ,Unknown,Oci i entreteniment,Minor injury: Hospitalization up to 24 hours,430428.31,4585222.71,2.166416561,41.413698077
2023S000561    ,2,Eixample,8,l'Antiga Esquerra de l'Eixample,32700,Balmes,0025 0025,Sunday,2023,1,January,29,Morning,13,No és causa del  vianant,Motorcycle,Man,21,Driver,Desconegut                                                                                                                                            ,Unknown,Unknown,Minor injury: Hospitalization up to 24 hours,430246.52,4582370.04,2.164570449,41.387989268
2023S000562    ,6,Gràcia,30,la Salut,344000,Dalt,0098U0098U,Sunday,2023,1,January,29,Morning,13,No és causa del  vianant,Car,Man,41,Driver,Desconegut                                                                                                                                            ,Unknown,In itínere,Minor injury: Hospitalization up to 24 hours,429688.64,4584955.16,2.157598074,41.411223945
2023S000563    ,5,Sarrià-Sant Gervasi,26,Sant Gervasi - Galvany,214401,Molina,0008 0008,Sunday,2023,1,January,29,Afternoon,16,No és causa del  vianant,Bicicleta,Man,18,Driver,Desconegut                                                                                                                                            ,Unknown,Oci i entreteniment,Minor injury: Hospitalization up to 24 hours,428840.58,4583848.34,2.147582289,41.401180563
2023S000564    ,3,Sants-Montjuïc,13,la Marina de Port,212406,Mineria,0002B0002B,Sunday,2023,1,January,29,Afternoon,18,No és causa del  vianant,Veh. mobilitat personal amb motor,Man,37,Driver,Desconegut                                                                                                                                            ,Unknown,Unknown,Serious injury: Hospitalization over 24 hours,427875.3,4579689.31,2.136531021,41.36363567