Case_Number,District_Code,District_Name,Neighborhood_Code,Neighborhood_Name,Street_Code,Street_Name,Postal_Code,Day_of_Week,Year,Month_Code,Month_Name,Day_of_Month,Shift_Description,Hour_of_Day,Pedestrian_Cause_Description,Involved_Vehicle_Type,Gender_Description,Age,Person_Type_Description,Pedestrian_Accident_Location_Description,Pedestrian_Movement_Reason_Description,Driver_Movement_Reason_Description,Victimization_Description,UTM_X_Coordinate,UTM_Y_Coordinate,Longitude,Latitude
2023S000565    ,3,Sants-Montjuïc,13,la Marina de Port,169409,Corts Catalanes,0186 0186,Sunday,2023,1,January,29,Afternoon,19,No és causa del  vianant,Car,Woman,17,Passenger,Desconegut                                                                                                                                            ,Unknown,Unknown,Minor injury: Hospitalization up to 24 hours,428132.8,4580116.76,2.139558755,41.367508608
2023S000566    ,9,Sant Andreu,59,el Bon Pastor,318906,Santander,0138U0138U,Sunday,2023,1,January,29,Afternoon,20,No és causa del  vianant,Car,Man,26,Passenger,Desconegut                                                                                                                                            ,Unknown,Unknown,Minor injury: Medical assistance at accident site,434014.78,4587640.93,2.209062326,41.435780974
2023S000567    ,3,Sants-Montjuïc,16,la Bordeta,282252,Blanca,0195 0195,Sunday,2023,1,January,29,Afternoon,21,No és causa del  vianant,Ciclomotor,Man,20,Driver,Desconegut                                                                                                                                            ,Unknown,In itínere,Minor injury: Hospitalization up to 24 hours,427486.92,4580161.19,2.13183149,41.367850818
2023S000568    ,3,Sants-Montjuïc,11,el Poble-sec,701266,Litoral (Llobregat),001270000,Sunday,2023,1,January,29,Night,23,No és causa del  vianant,Motorcycle,Woman,51,Driver,Desconegut                                                                                                                                            ,Unknown,Oci i entreteniment,Minor injury: Hospitalization up to 24 hours,430613.07,4579536.42,2.169278766,41.362499379
2023S000569    ,2,Eixample,7,la Dreta de l'Eixample,71600,Casp,0069 0069,Sunday,2023,1,January,29,Afternoon,21,No és causa del  vianant,Motorcycle,Man,22,Driver,Desconegut                                                                                                                                            ,Unknown,In itínere,Minor injury: Hospitalization up to 24 hours,431275.84,4583019.17,2.176806984,41.393924444
2023S000570    ,8,Nou Barris,49,Canyelles,701267,Dalt (Besòs),001410000,Monday,2023,1,January,30,Morning,8,No és causa del  vianant,Motorcycle,Man,41,Driver,Desconegut                                                                                                                                            ,Unknown,Unknown,Minor injury: Hospitalization up to 24 hours,430808.39,4588463.43,2.170592827,41.442918895
2023S000571    ,2,Eixample,5,el Fort Pienc,9209,Alí Bei,0108B0108B,Monday,2023,1,January,30,Morning,9,No és causa del  vianant,Motorcycle,Man,39,Driver,Desconegut                                                                                                                                            ,Unknown,Unknown,Minor injury: Medical assistance at accident site,431937.24,4583291.59,2.184687148,41.396434334
2023S000572    ,1,Ciutat Vella,2,el Barri Gòtic,74404,Catalunya,0023 0023,Monday,2023,1,January,30,Morning,10,Desobeir el senyal del semàfor,Autobús articulat,Man,85,Pedestrian,En pas regulat per semàfor                                                                                                                            ,Oci i entreteniment,Unknown,Minor injury: Hospitalization up to 24 hours,430704.97,4582088.39,2.170085544,41.385492178
2023S000573    ,7,Horta-Guinardó,40,Montbau,701267,Dalt (Besòs),001180000,Monday,2023,1,January,30,Morning,10,No és causa del  vianant,Autobús articulat,Woman,80,Passenger,Desconegut                                                                                                                                            ,Unknown,Unknown,Minor injury: Medical assistance at accident site,428817.02,4587609.98,2.146857535,41.435058054
2023S000574    ,2,Eixample,10,Sant Antoni,87009,Comte Borrell,0115 0115,Monday,2023,1,January,30,Morning,11,No és causa del  vianant,Motorcycle,Man,33,Driver,Desconegut                                                                                                                                            ,Unknown,En missió,Minor injury: Refused medical assistance,429783.87,4581503.0,2.159137904,41.380139843
2023S000575    ,5,Sarrià-Sant Gervasi,25,Sant Gervasi - la Bonanova,701268,Dalt (Llobregat),000920000,Monday,2023,1,January,30,Morning,12,No és causa del  vianant,Motorcycle,Woman,52,Driver,Desconegut                                                                                                                                            ,Unknown,Unknown,Minor injury: Hospitalization up to 24 hours,427714.16,4585334.95,2.133930518,41.414469302
2023S000576    ,6,Gràcia,32,el Camp d'en Grassot i Gràcia Nova,76807,Sardenya,0349 0349,Monday,2023,1,January,30,Morning,13,No és causa del  vianant,Motorcycle,Woman,75,Passenger,Desconegut                                                                                                                                            ,Unknown,Unknown,Minor injury: Medical assistance at accident site,430793.01,4584278.9,2.170887936,41.405229002
2023S000576    ,6,Gràcia,32,el Camp d'en Grassot i Gràcia Nova,76807,Sardenya,0349 0349,Monday,2023,1,January,30,Morning,13,No és causa del  vianant,Motorcycle,Man,68,Driver,Desconegut                                                                                                                                            ,Unknown,Unknown,Minor injury: Hospitalization up to 24 hours,430793.01,4584278.9,2.170887936,41.405229002
2023S000576    ,6,Gràcia,32,el Camp d'en Grassot i Gràcia Nova,76807,Sardenya,0349 0349,Monday,2023,1,January,30,Morning,13,No és causa del  vianant,Motorcycle,Man,79,Driver,Desconegut                                                                                                                                            ,Unknown,Unknown,Minor injury: Medical assistance at accident site,430793.01,4584278.9,2.170887936,41.405229002
2023S000577    ,9,Sant Andreu,61,la Sagrera,209900,Meridiana,0285B0285B,Monday,2023,1,January,30,Afternoon,14,No és causa del  vianant,Bicicleta,Man,53,Driver,Desconegut                                                                                                                                            ,Unknown,Unknown,Minor injury: Hospitalization up to 24 hours,432152.02,4586223.7,2.186927218,41.422861136
2023S000578    ,8,Nou Barris,45,Porta,700021,Andreu Nin,0029X0029X,Monday,2023,1,January,30,Afternoon,15,No és causa del  vianant,Bicicleta,Woman,21,Driver,Desconegut                                                                                                                                            ,Unknown,Oci i entreteniment,Minor injury: Medical assistance at accident site,431723.34,4587514.12,2.181651809,41.434447174
2023S000579    ,2,Eixample,6,la Sagrada Família,350308,València,0510 0510,Monday,2023,1,January,30,Afternoon,16,No és causa del  vianant,Ciclomotor,Man,31,Driver,Desconegut                                                                                                                                            ,Unknown,Unknown,Minor injury: Hospitalization up to 24 hours,431555.53,4584270.88,2.180010678,41.405222088
2023S000579    ,2,Eixample,6,la Sagrada Família,350308,València,0510 0510,Monday,2023,1,January,30,Afternoon,16,No és causa del  vianant,Furgoneta,Man,27,Driver,Desconegut                                                                                                                                            ,Unknown,Unknown,Minor injury: Medical assistance at accident site,431555.53,4584270.88,2.180010678,41.405222088
2023S000580    ,7,Horta-Guinardó,43,Horta,352507,Vall d'Hebron,0270 0270,Monday,2023,1,January,30,Afternoon,16,No és causa del  vianant,Motorcycle,Woman,63,Passenger,Desconegut                                                                                                                                            ,Unknown,Unknown,Minor injury: Hospitalization up to 24 hours,429275.07,4587922.9,2.152302899,41.437916886
2023S000581    ,2,Eixample,8,l'Antiga Esquerra de l'Eixample,18505,Aragó,0172 0172,Monday,2023,1,January,30,Afternoon,17,No és causa del  vianant,Motorcycle,Man,30,Driver,Desconegut                                                                                                                                            ,Unknown,Oci i entreteniment,Minor injury: Hospitalization up to 24 hours,429640.11,4582207.73,2.15733693,41.386474552
2023S000582    ,5,Sarrià-Sant Gervasi,23,Sarrià,701267,Dalt (Besòs),000670000,Monday,2023,1,January,30,Afternoon,18,No és causa del  vianant,Car,Woman,26,Driver,Desconegut                                                                                                                                            ,Unknown,Unknown,Minor injury: Refused medical assistance,425910.22,4583445.84,2.112579087,41.397290598
2023S000583    ,4,Les Corts,19,les Corts,128059,Flos i Calcat,0007 0009,Monday,2023,1,January,30,Afternoon,16,No és causa del  vianant,Motorcycle,Man,75,Driver,Desconegut                                                                                                                                            ,Unknown,Unknown,Minor injury: Hospitalization up to 24 hours,427275.29,4582631.11,2.129004754,41.390077338
2023S000584    ,2,Eixample,6,la Sagrada Família,18505,Aragó,0459 0461,Monday,2023,1,January,30,Afternoon,19,No és causa del  vianant,Motorcycle,Man,23,Driver,Desconegut                                                                                                                                            ,Unknown,Unknown,Minor injury: Hospitalization up to 24 hours,431463.86,4583995.65,2.178945234,41.402735362
2023S000585    ,7,Horta-Guinardó,43,Horta,701267,Dalt (Besòs),0004E0000,Monday,2023,1,January,30,Afternoon,16,No és causa del  vianant,Furgoneta,Man,47,Driver,Desconegut                                                                                                                                            ,Unknown,En missió,Minor injury: Refused medical assistance,429739.8,4588052.89,2.157849982,41.439128473
2023S000586    ,1,Ciutat Vella,2,el Barri Gòtic,701266,Litoral (Llobregat),001010000,Monday,2023,1,January,30,Afternoon,20,No és causa del  vianant,Autobús articulat,Man,63,Passenger,Desconegut                                                                                                                                            ,Unknown,Unknown,Minor injury: Hospitalization up to 24 hours,431769.56,4581608.56,2.182871182,41.381261527
2023S000587    ,2,Eixample,10,Sant Antoni,329902,Tamarit,0191 0191,Monday,2023,1,January,30,Afternoon,21,Creuar per fora pas de vianants,Taxi,Man,27,Pedestrian,A la vorera / Andana                                                                                                                                  ,Unknown,Unknown,Minor injury: Hospitalization up to 24 hours,430074.37,4581488.1,2.162613453,41.380030956
2023S000589    ,3,Sants-Montjuïc,11,el Poble-sec,700025,Josep Carner,0037 0037,Tuesday,2023,1,January,31,Morning,9,No és causa del  vianant,Motorcycle,Man,25,Driver,Desconegut                                                                                                                                            ,Unknown,In itínere,Minor injury: Refused medical assistance,431031.12,4580394.22,2.174178904,41.370261303
2023S000590    ,3,Sants-Montjuïc,16,la Bordeta,30602,Badal,0113 0117,Tuesday,2023,1,January,31,Morning,8,No és causa del  vianant,Motorcycle,Woman,31,Driver,Desconegut                                                                                                                                            ,Unknown,In itínere,Minor injury: Hospitalization up to 24 hours,427650.81,4580112.66,2.133796713,41.367428481
2023S000591    ,5,Sarrià-Sant Gervasi,23,Sarrià,701268,Dalt (Llobregat),000660000,Tuesday,2023,1,January,31,Morning,9,No és causa del  vianant,Motorcycle,Woman,26,Driver,Desconegut                                                                                                                                            ,Unknown,Unknown,Minor injury: Medical assistance at accident site,425926.91,4583547.96,2.112766218,41.398211885
2023S000592    ,2,Eixample,9,la Nova Esquerra de l'Eixample,331507,Tarragona,0068U0068U,Tuesday,2023,1,January,31,Morning,9,No és causa del  vianant,Motorcycle,Woman,50,Driver,Desconegut                                                                                                                                            ,Unknown,Unknown,Minor injury: Medical assistance at accident site,428874.56,4581023.67,2.148320592,41.375742768
2023S000593    ,2,Eixample,8,l'Antiga Esquerra de l'Eixample,144601,Diagonal,0433 0433,Tuesday,2023,1,January,31,Morning,9,No és causa del  vianant,Bicicleta,Woman,30,Driver,Desconegut                                                                                                                                            ,Unknown,Unknown,Minor injury: Medical assistance at accident site,429144.63,4583098.78,2.151307076,41.394456414
2023S000594    ,6,Gràcia,30,la Salut,344000,Dalt,0021 0023,Tuesday,2023,1,January,31,Morning,8,No és causa del  vianant,Motorcycle,Woman,53,Driver,Desconegut                                                                                                                                            ,Unknown,Unknown,Minor injury: Hospitalization up to 24 hours,429211.02,4584664.14,2.151918,41.40856089
2023S000595    ,2,Eixample,10,Sant Antoni,127704,Floridablanca,0129 0129,Tuesday,2023,1,January,31,Morning,11,No és causa del  vianant,Motorcycle,Man,59,Driver,Desconegut                                                                                                                                            ,Unknown,En missió,Minor injury: Hospitalization up to 24 hours,430031.23,4581617.2,2.162082667,41.381189968
2023S000596    ,4,Les Corts,19,les Corts,187207,Madrid,0211 0213,Tuesday,2023,1,January,31,Morning,12,No és causa del  vianant,Motorcycle,Man,30,Driver,Desconegut                                                                                                                                            ,Unknown,In itínere,Minor injury: Hospitalization up to 24 hours,427709.19,4581676.58,2.134308082,41.381519387
2023S000597    ,7,Horta-Guinardó,43,Horta,194406,Maragall,0397 0403,Tuesday,2023,1,January,31,Morning,11,No és causa del  vianant,Bus,Woman,87,Passenger,Desconegut                                                                                                                                            ,Unknown,Unknown,Minor injury: Hospitalization up to 24 hours,430179.2,4586839.01,2.163249438,41.428233879
2023S000598    ,2,Eixample,7,la Dreta de l'Eixample,74506,Catalunya,0088 0088,Tuesday,2023,1,January,31,Morning,12,No és causa del  vianant,Veh. mobilitat personal amb motor,Woman,38,Driver,Desconegut                                                                                                                                            ,Unknown,Unknown,Minor injury: Hospitalization up to 24 hours,429965.34,4582901.04,2.161146234,41.392747366
2023S000599    ,3,Sants-Montjuïc,12,la Marina del Prat Vermell,374703,Número 50 Zona Franca,0002 0002,Tuesday,2023,1,January,31,Morning,9,No és causa del  vianant,Motorcycle,Man,33,Driver,Desconegut                                                                                                                                            ,Unknown,Unknown,Minor injury: Hospitalization up to 24 hours,426503.22,4577014.83,2.120451911,41.339423439
2023S000600    ,4,Les Corts,21,Pedralbes,701268,Dalt (Llobregat),0010S0000,Tuesday,2023,1,January,31,Morning,9,No és causa del  vianant,Motorcycle,Man,31,Driver,Desconegut                                                                                                                                            ,Unknown,Unknown,Minor injury: Refused medical assistance,425576.7,4582857.81,2.108662131,41.391963666
2023S000602    ,2,Eixample,9,la Nova Esquerra de l'Eixample,227800,Nicaragua,0015 0015,Tuesday,2023,1,January,31,Afternoon,14,No és causa del  vianant,Motorcycle,Woman,58,Driver,Desconegut                                                                                                                                            ,Unknown,Unknown,Minor injury: Medical assistance at accident site,428452.77,4581685.8,2.143198938,41.381668931
2023S000603    ,6,Gràcia,28,Vallcarca i els Penitents,123408,Lesseps,0021X0021X,Tuesday,2023,1,January,31,Afternoon,14,No és causa del  vianant,Motorcycle,Woman,59,Driver,Desconegut                                                                                                                                            ,Unknown,In itínere,Minor injury: Hospitalization up to 24 hours,429024.35,4584481.54,2.149706242,41.406899811
2023S000605    ,1,Ciutat Vella,3,la Barceloneta,248050,Pau Vila,0014 0014,Tuesday,2023,1,January,31,Afternoon,17,No és causa del  vianant,Motorcycle,Man,22,Driver,Desconegut                                                                                                                                            ,Unknown,Unknown,Minor injury: Medical assistance at accident site,432177.35,4581332.41,2.187778614,41.378808812
2023S000606    ,4,Les Corts,20,la Maternitat i Sant Ramon,65200,Cardenal Reig,0038X0038X,Tuesday,2023,1,January,31,Afternoon,19,No és causa del  vianant,Bus,Man,80,Passenger,Desconegut                                                                                                                                            ,Unknown,Unknown,Minor injury: Hospitalization up to 24 hours,426245.15,4581307.54,2.116845692,41.37806265
2023S000607    ,2,Eixample,9,la Nova Esquerra de l'Eixample,350308,València,0016 0016,Tuesday,2023,1,January,31,Afternoon,18,No és causa del  vianant,Bicicleta,Man,54,Driver,Desconegut                                                                                                                                            ,Unknown,Oci i entreteniment,Minor injury: Hospitalization up to 24 hours,428668.71,4581429.08,2.145811454,41.379375927
2023S000608    ,2,Eixample,10,Sant Antoni,169409,Corts Catalanes,0504 0504,Tuesday,2023,1,January,31,Afternoon,18,No és causa del  vianant,Motorcycle,Woman,32,Pedestrian,En pas regulat per semàfor                                                                                                                            ,Unknown,Unknown,Minor injury: Medical assistance at accident site,429641.98,4581631.12,2.157426287,41.381281377
2023S000608    ,2,Eixample,10,Sant Antoni,169409,Corts Catalanes,0504 0504,Tuesday,2023,1,January,31,Afternoon,18,No és causa del  vianant,Motorcycle,Man,27,Driver,En pas regulat per semàfor                                                                                                                            ,Unknown,Unknown,Minor injury: Medical assistance at accident site,429641.98,4581631.12,2.157426287,41.381281377
2023S000609    ,4,Les Corts,19,les Corts,144601,Diagonal,0632 0632,Tuesday,2023,1,January,31,Afternoon,19,No és causa del  vianant,Motorcycle,Man,24,Driver,Desconegut                                                                                                                                            ,Unknown,Unknown,Minor injury: Hospitalization up to 24 hours,427948.61,4582755.86,2.137042705,41.391261543
2023S000610    ,2,Eixample,9,la Nova Esquerra de l'Eixample,268003,Provença,0036 0036,Tuesday,2023,1,January,31,Afternoon,20,No és causa del  vianant,Veh. mobilitat personal amb motor,Woman,53,Pedestrian,Altres                                                                                                                                                ,Oci i entreteniment,Unknown,Minor injury: Hospitalization up to 24 hours,428631.48,4581766.04,2.145326556,41.382407505
2023S000611    ,10,Sant Martí,67,la Vila Olímpica del Poblenou,701266,Litoral (Llobregat),000850000,Wednesday,2023,2,February,1,Morning,8,No és causa del  vianant,Motorcycle,Woman,48,Driver,Desconegut                                                                                                                                            ,Unknown,In itínere,Minor injury: Hospitalization up to 24 hours,433042.41,4582486.79,2.197995321,41.389278535
2023S000612    ,9,Sant Andreu,59,el Bon Pastor,701177,Monterrey,0001 0001,Wednesday,2023,2,February,1,Morning,9,No és causa del  vianant,Car,Woman,43,Passenger,Desconegut                                                                                                                                            ,Unknown,Unknown,Minor injury: Hospitalization up to 24 hours,433767.83,4588493.8,2.206013173,41.443442174
2023S000612    ,9,Sant Andreu,59,el Bon Pastor,701177,Monterrey,0001 0001,Wednesday,2023,2,February,1,Morning,9,No és causa del  vianant,Car,Woman,49,Driver,Desconegut                                                                                                                                            ,Unknown,Unknown,Minor injury: Refused medical assistance,433767.83,4588493.8,2.206013173,41.443442174
2023S000614    ,10,Sant Martí,70,el Besòs i el Maresme,195409,Maresme,0130 0130,Wednesday,2023,2,February,1,Morning,8,No és causa del  vianant,Motorcycle,Man,20,Driver,Desconegut                                                                                                                                            ,Unknown,Unknown,Minor injury: Medical assistance at accident site,434134.78,4585450.25,2.210737328,41.41605997
2023S000615    ,2,Eixample,7,la Dreta de l'Eixample,18505,Aragó,0281 0281,Wednesday,2023,2,February,1,Morning,10,No és causa del  vianant,Bicicleta,Man,32,Driver,Desconegut                                                                                                                                            ,Unknown,Altres activitats,Minor injury: Hospitalization up to 24 hours,430403.06,4582955.17,2.166375326,41.393272917
2023S000616    ,6,Gràcia,31,la Vila de Gràcia,206403,Gran de Gràcia,0072 0072,Wednesday,2023,2,February,1,Morning,10,No és causa del  vianant,Ciclomotor,Man,27,Driver,Desconegut                                                                                                                                            ,Unknown,Unknown,Minor injury: Medical assistance at accident site,429497.51,4583693.13,2.155458526,41.399840547
2023S000618    ,4,Les Corts,20,la Maternitat i Sant Ramon,144601,Diagonal,0653 0659,Wednesday,2023,2,February,1,Morning,11,No és causa del  vianant,Motorcycle,Woman,46,Driver,Desconegut                                                                                                                                            ,Unknown,Unknown,Minor injury: Hospitalization up to 24 hours,425755.73,4581989.81,2.110909787,41.384162529
2023S000619    ,9,Sant Andreu,63,Navas,121402,Felip II,0105 0105,Wednesday,2023,2,February,1,Morning,8,No és causa del  vianant,Motorcycle,Man,37,Driver,Desconegut                                                                                                                                            ,Unknown,Unknown,Minor injury: Refused medical assistance,432057.36,4586023.89,2.185816978,41.421053507
2023S000620    ,2,Eixample,7,la Dreta de l'Eixample,18505,Aragó,0247 0247,Wednesday,2023,2,February,1,Morning,11,No és causa del  vianant,Motorcycle,Man,33,Driver,Desconegut                                                                                                                                            ,Unknown,Oci i entreteniment,Minor injury: Medical assistance at accident site,430101.98,4582684.44,2.162805516,41.390808414
2023S000621    ,5,Sarrià-Sant Gervasi,26,Sant Gervasi - Galvany,32700,Balmes,0259 0271,Wednesday,2023,2,February,1,Morning,13,No és causa del  vianant,Motorcycle,Man,28,Driver,Desconegut                                                                                                                                            ,Unknown,Unknown,Minor injury: Medical assistance at accident site,428958.42,4583740.53,2.14900454,41.400219985
2023S000622    ,6,Gràcia,32,el Camp d'en Grassot i Gràcia Nova,161407,Indústria,0087 0087,Wednesday,2023,2,February,1,Morning,8,No és causa del  vianant,Motorcycle,Woman,9,Passenger,Desconegut                                                                                                                                            ,Unknown,Unknown,Minor injury: Hospitalization up to 24 hours,430701.44,4584372.93,2.169781737,41.406068006
2023S000622    ,6,Gràcia,32,el Camp d'en Grassot i Gràcia Nova,161407,Indústria,0087 0087,Wednesday,2023,2,February,1,Morning,8,No és causa del  vianant,Motorcycle,Man,56,Driver,Desconegut                                                                                                                                            ,Unknown,En missió,Minor injury: Hospitalization up to 24 hours,430701.44,4584372.93,2.169781737,41.406068006
2023S000623    ,2,Eixample,5,el Fort Pienc,325005,Sicília,0137 0139,Wednesday,2023,2,February,1,Morning,11,Creuar per fora pas de vianants,Furgoneta,Woman,72,Pedestrian,Fora del pas                                                                                                                                          ,Unknown,Unknown,Minor injury: Hospitalization up to 24 hours,431423.01,4583460.31,2.17851725,41.397910231
2023S000623    ,2,Eixample,5,el Fort Pienc,325005,Sicília,0137 0139,Wednesday,2023,2,February,1,Morning,11,Creuar per fora pas de vianants,Furgoneta,Man,35,Driver,Fora del pas                                                                                                                                          ,Unknown,Unknown,Minor injury: Medical assistance at accident site,431423.01,4583460.31,2.17851725,41.397910231
2023S000624    ,2,Eixample,6,la Sagrada Família,109101,Enamorats,0009 0009,Wednesday,2023,2,February,1,Morning,11,Others,Veh. mobilitat personal amb motor,Man,31,Pedestrian,A la vorera / Andana                                                                                                                                  ,Unknown,Unknown,Minor injury: Hospitalization up to 24 hours,431572.72,4583884.01,2.180260077,41.401739132
2023S000625    ,3,Sants-Montjuïc,13,la Marina de Port,135101,Font Florida,0129 0131,Wednesday,2023,2,February,1,Afternoon,15,No és causa del  vianant,Motorcycle,Man,37,Driver,Desconegut                                                                                                                                            ,Unknown,Unknown,Minor injury: Hospitalization up to 24 hours,428184.31,4579928.34,2.140196919,41.365816172
2023S000626    ,10,Sant Martí,72,Sant Martí de Provençals,153205,Guipúscoa,0027 0027,Wednesday,2023,2,February,1,Afternoon,17,No és causa del  vianant,Motorcycle,Man,37,Driver,Desconegut                                                                                                                                            ,Unknown,Unknown,Minor injury: Hospitalization up to 24 hours,432792.64,4585292.45,2.194696433,41.414527519
2023S000626    ,10,Sant Martí,72,Sant Martí de Provençals,153205,Guipúscoa,0027 0027,Wednesday,2023,2,February,1,Afternoon,17,No és causa del  vianant,Veh. mobilitat personal amb motor,Man,22,Driver,Desconegut                                                                                                                                            ,Unknown,Unknown,Minor injury: Hospitalization up to 24 hours,432792.64,4585292.45,2.194696433,41.414527519
2023S000627    ,5,Sarrià-Sant Gervasi,26,Sant Gervasi - Galvany,344101,Gràcia,0067 0067,Wednesday,2023,2,February,1,Afternoon,16,No és causa del  vianant,Motorcycle,Woman,32,Driver,Desconegut                                                                                                                                            ,Unknown,Unknown,Minor injury: Hospitalization up to 24 hours,429090.63,4583339.16,2.150633035,41.396616669
2023S000628    ,10,Sant Martí,66,el Parc i la Llacuna del Poblenou,197302,Marina,0114 0116,Wednesday,2023,2,February,1,Afternoon,17,No és causa del  vianant,Car,Man,71,Driver,Desconegut                                                                                                                                            ,Unknown,Unknown,Minor injury: Medical assistance at accident site,432118.05,4583103.43,2.186870951,41.394754921
2023S000629    ,10,Sant Martí,64,el Camp de l'Arpa del Clot,226400,Las Navas de Tolosa,0317 0317,Wednesday,2023,2,February,1,Afternoon,20,No és causa del  vianant,Bicicleta,Woman,36,Driver,Desconegut                                                                                                                                            ,Unknown,Oci i entreteniment,Minor injury: Hospitalization up to 24 hours,432024.02,4585501.49,2.185476787,41.416345593
2023S000630    ,7,Horta-Guinardó,41,la Vall d'Hebron,701268,Dalt (Llobregat),0004S0000,Wednesday,2023,2,February,1,Afternoon,20,No és causa del  vianant,Motorcycle,Man,54,Driver,Desconegut                                                                                                                                            ,Unknown,Altres activitats,Minor injury: Hospitalization up to 24 hours,428792.42,4587477.7,2.146578713,41.433864483
2023S000631    ,7,Horta-Guinardó,33,el Baix Guinardó,152905,Guinardó,0044 0044,Wednesday,2023,2,February,1,Afternoon,21,No és causa del  vianant,Motorcycle,Man,51,Driver,Desconegut                                                                                                                                            ,Unknown,In itínere,Minor injury: Hospitalization up to 24 hours,430432.84,4585050.82,2.166490535,41.412150316
2023S000633    ,3,Sants-Montjuïc,12,la Marina del Prat Vermell,369408,Zona Franca,0097 0097,Wednesday,2023,2,February,1,Night,23,No és causa del  vianant,Bicicleta,Man,55,Driver,Desconegut                                                                                                                                            ,Unknown,Oci i entreteniment,Minor injury: Hospitalization up to 24 hours,428307.92,4578872.9,2.141799534,41.356321191
2023S000634    ,5,Sarrià-Sant Gervasi,26,Sant Gervasi - Galvany,101904,Doctor Fleming,0016 0016,Wednesday,2023,2,February,1,Afternoon,21,No és causa del  vianant,Motorcycle,Woman,22,Passenger,Desconegut                                                                                                                                            ,Unknown,Unknown,Minor injury: Medical assistance at accident site,427793.82,4583041.86,2.135157291,41.393823544
2023S000634    ,5,Sarrià-Sant Gervasi,26,Sant Gervasi - Galvany,101904,Doctor Fleming,0016 0016,Wednesday,2023,2,February,1,Afternoon,21,No és causa del  vianant,Motorcycle,Man,21,Driver,Desconegut                                                                                                                                            ,Unknown,Oci i entreteniment,Minor injury: Medical assistance at accident site,427793.82,4583041.86,2.135157291,41.393823544
2023S000635    ,1,Ciutat Vella,1,el Raval,250904,Pelai,0006 0006,Thursday,2023,2,February,2,Morning,10,Desobeir el senyal del semàfor,Autobús articulat,Woman,55,Pedestrian,En pas regulat per semàfor                                                                                                                            ,Unknown,Unknown,Minor injury: Medical assistance at accident site,430290.44,4582124.95,2.16512393,41.385785629
2023S000636    ,2,Eixample,10,Sant Antoni,349706,Comte d'Urgell,0021 0021,Thursday,2023,2,February,2,Morning,9,Desobeir el senyal del semàfor,Bicicleta,Woman,39,Pedestrian,En pas regulat per semàfor                                                                                                                            ,Unknown,Unknown,Minor injury: Medical assistance at accident site,429935.26,4581522.19,2.16094602,41.380325886
2023S000636    ,2,Eixample,10,Sant Antoni,349706,Comte d'Urgell,0021 0021,Thursday,2023,2,February,2,Morning,9,Desobeir el senyal del semàfor,Bicicleta,Man,29,Driver,En pas regulat per semàfor                                                                                                                            ,Unknown,In itínere,Minor injury: Medical assistance at accident site,429935.26,4581522.19,2.16094602,41.380325886
2023S000637    ,2,Eixample,7,la Dreta de l'Eixample,32700,Balmes,0032 0032,Thursday,2023,2,February,2,Morning,11,No és causa del  vianant,Motorcycle,Man,62,Driver,Desconegut                                                                                                                                            ,Unknown,Oci i entreteniment,Minor injury: Hospitalization up to 24 hours,430208.68,4582391.9,2.16411538,41.38818287
2023S000639    ,4,Les Corts,19,les Corts,144601,Diagonal,0525 0525,Thursday,2023,2,February,2,Morning,11,No és causa del  vianant,Motorcycle,Woman,50,Driver,Desconegut                                                                                                                                            ,Unknown,Unknown,Minor injury: Hospitalization up to 24 hours,428097.57,4582748.97,2.138825095,41.391212825
2023S000640    ,10,Sant Martí,71,Provençals del Poblenou,701414,C-31,020830000,Thursday,2023,2,February,2,Morning,12,No és causa del  vianant,Motorcycle,Man,43,Driver,Desconegut                                                                                                                                            ,Unknown,In itínere,Minor injury: Hospitalization up to 24 hours,433942.83,4585841.27,2.20839795,41.419566019
2023S000641    ,10,Sant Martí,71,Provençals del Poblenou,253902,Perú,0246 0248,Thursday,2023,2,February,2,Morning,13,No és causa del  vianant,Altres vehicles amb motor,Man,35,Passenger,Desconegut                                                                                                                                            ,Unknown,Unknown,Minor injury: Hospitalization up to 24 hours,433645.48,4585322.81,2.204896928,41.414871874
2023S000641    ,10,Sant Martí,71,Provençals del Poblenou,253902,Perú,0246 0248,Thursday,2023,2,February,2,Morning,13,No és causa del  vianant,Altres vehicles amb motor,Man,45,Driver,Desconegut                                                                                                                                            ,Unknown,En missió,Minor injury: Hospitalization up to 24 hours,433645.48,4585322.81,2.204896928,41.414871874
2023S000642    ,2,Eixample,7,la Dreta de l'Eixample,31300,Bailèn,0169 0169,Thursday,2023,2,February,2,Afternoon,14,No és causa del  vianant,Motorcycle,Man,26,Driver,Desconegut                                                                                                                                            ,Unknown,En missió,Minor injury: Hospitalization up to 24 hours,430335.63,4583776.31,2.165474302,41.400662815
2023S000643    ,2,Eixample,6,la Sagrada Família,238400,Padilla,0249 0249,Thursday,2023,2,February,2,Afternoon,14,No és causa del  vianant,Motorcycle,Woman,33,Driver,Desconegut                                                                                                                                            ,Unknown,Unknown,Minor injury: Hospitalization up to 24 hours,431368.18,4584275.95,2.177768882,41.40525177
2023S000644    ,3,Sants-Montjuïc,11,el Poble-sec,118805,Exposició,0016 0016,Thursday,2023,2,February,2,Afternoon,16,No és causa del  vianant,Car,Man,61,Driver,Desconegut                                                                                                                                            ,Unknown,Unknown,Minor injury: Hospitalization up to 24 hours,430163.45,4580519.61,2.163790323,41.371315796