Case_Number,District_Code,District_Name,Neighborhood_Code,Neighborhood_Name,Street_Code,Street_Name,Postal_Code,Day_of_Week,Year,Month_Code,Month_Name,Day_of_Month,Shift_Description,Hour_of_Day,Pedestrian_Cause_Description,Involved_Vehicle_Type,Gender_Description,Age,Person_Type_Description,Pedestrian_Accident_Location_Description,Pedestrian_Movement_Reason_Description,Driver_Movement_Reason_Description,Victimization_Description,UTM_X_Coordinate,UTM_Y_Coordinate,Longitude,Latitude
2023S000645    ,5,Sarrià-Sant Gervasi,26,Sant Gervasi - Galvany,344101,Gràcia,0090 0090,Thursday,2023,2,February,2,Afternoon,15,No és causa del  vianant,Motorcycle,Man,39,Driver,Desconegut                                                                                                                                            ,Unknown,Unknown,Minor injury: Hospitalization up to 24 hours,429282.04,4583515.68,2.15290188,41.398223386
2023S000646    ,2,Eixample,10,Sant Antoni,223606,Muntaner,0017 0017,Thursday,2023,2,February,2,Afternoon,14,No és causa del  vianant,Veh. mobilitat personal amb motor,Woman,26,Driver,Desconegut                                                                                                                                            ,Unknown,En missió,Serious injury: Hospitalization over 24 hours,430058.32,4581956.92,2.162367383,41.384252076
2023S000647    ,4,Les Corts,19,les Corts,144601,Diagonal,0609 0615,Thursday,2023,2,February,2,Afternoon,16,No és causa del  vianant,Autobús articulat,Woman,65,Passenger,Desconegut                                                                                                                                            ,Unknown,Unknown,Minor injury: Medical assistance at accident site,427253.12,4582427.17,2.12876411,41.388238526
2023S000648    ,1,Ciutat Vella,3,la Barceloneta,701265,Litoral (Besòs),0022S0000,Thursday,2023,2,February,2,Afternoon,15,No és causa del  vianant,Motorcycle,Woman,23,Passenger,Desconegut                                                                                                                                            ,Unknown,Unknown,Minor injury: Hospitalization up to 24 hours,432115.47,4581735.28,2.186993502,41.382432139
2023S000648    ,1,Ciutat Vella,3,la Barceloneta,701265,Litoral (Besòs),0022S0000,Thursday,2023,2,February,2,Afternoon,15,No és causa del  vianant,Motorcycle,Man,26,Driver,Desconegut                                                                                                                                            ,Unknown,Unknown,Minor injury: Hospitalization up to 24 hours,432115.47,4581735.28,2.186993502,41.382432139
2023S000649    ,10,Sant Martí,69,Diagonal Mar i el Front Marítim del Poblenou,143609,Josep Pla,0041 0041,Thursday,2023,2,February,2,Afternoon,18,Creuar per fora pas de vianants,Bicicleta,Woman,73,Pedestrian,Fora del pas                                                                                                                                          ,Unknown,Unknown,Minor injury: Hospitalization up to 24 hours,434343.19,4584835.37,2.213297688,41.410538962
2023S000650    ,2,Eixample,8,l'Antiga Esquerra de l'Eixample,144601,Diagonal,0409 0409,Thursday,2023,2,February,2,Afternoon,18,No és causa del  vianant,Motorcycle,Man,64,Driver,Desconegut                                                                                                                                            ,Unknown,Oci i entreteniment,Serious injury: Hospitalization over 24 hours,429430.09,4583191.25,2.154710596,41.395314373
2023S000651    ,7,Horta-Guinardó,38,la Teixonera,230000,Mare de Déu del Coll,0127 0127,Thursday,2023,2,February,2,Afternoon,16,No és causa del  vianant,Motorcycle,Woman,41,Driver,Desconegut                                                                                                                                            ,Unknown,Oci i entreteniment,Minor injury: Hospitalization up to 24 hours,429119.66,4586144.6,2.150651477,41.421886761
2023S000652    ,7,Horta-Guinardó,36,la Font d'en Fargues,194406,Maragall,0353 0355,Thursday,2023,2,February,2,Afternoon,18,No és causa del  vianant,Motorcycle,Man,43,Driver,Desconegut                                                                                                                                            ,Unknown,Oci i entreteniment,Serious injury: Hospitalization over 24 hours,430508.35,4586762.97,2.1671971,41.427577574
2023S000653    ,7,Horta-Guinardó,40,Montbau,352507,Vall d'Hebron,0119 0129,Thursday,2023,2,February,2,Afternoon,19,No és causa del  vianant,Bus,Woman,37,Passenger,Desconegut                                                                                                                                            ,Unknown,Unknown,Minor injury: Medical assistance at accident site,428523.77,4586830.8,2.143440071,41.428014255
2023S000654    ,2,Eixample,7,la Dreta de l'Eixample,49509,Bruc,0009 0009,Thursday,2023,2,February,2,Afternoon,16,No és causa del  vianant,Car,Woman,85,Pedestrian,En pas regulat per semàfor                                                                                                                            ,Unknown,Unknown,Serious injury: Hospitalization over 24 hours,431150.87,4582574.3,2.175362859,41.389906936
2023S000655    ,7,Horta-Guinardó,37,el Carmel,23108,Argimon,0019 0019,Thursday,2023,2,February,2,Afternoon,20,No és causa del  vianant,Motorcycle,Man,48,Pedestrian,En zona peatonal                                                                                                                                      ,Unknown,Unknown,Minor injury: Hospitalization up to 24 hours,429464.03,4586828.03,2.154692346,41.428072469
2023S000655    ,7,Horta-Guinardó,37,el Carmel,23108,Argimon,0019 0019,Thursday,2023,2,February,2,Afternoon,20,No és causa del  vianant,Motorcycle,Woman,30,Driver,En zona peatonal                                                                                                                                      ,Unknown,En missió,Minor injury: Hospitalization up to 24 hours,429464.03,4586828.03,2.154692346,41.428072469
2023S000656    ,9,Sant Andreu,59,el Bon Pastor,134007,Fra Juníper Serra,0051 0051,Thursday,2023,2,February,2,Afternoon,18,No és causa del  vianant,Furgoneta,Man,42,Passenger,Desconegut                                                                                                                                            ,Unknown,Unknown,Minor injury: Hospitalization up to 24 hours,433746.5,4587235.6,2.205895892,41.432108183
2023S000657    ,9,Sant Andreu,59,el Bon Pastor,701266,Litoral (Llobregat),000160000,Thursday,2023,2,February,2,Afternoon,20,No és causa del  vianant,Car,Woman,27,Driver,Desconegut                                                                                                                                            ,Unknown,Altres activitats,Minor injury: Hospitalization up to 24 hours,433929.19,4588090.41,2.20798877,41.439822266
2023S000658    ,6,Gràcia,28,Vallcarca i els Penitents,158107,Vallcarca,0122 0122,Thursday,2023,2,February,2,Afternoon,21,No és causa del  vianant,Motorcycle,Man,28,Driver,Desconegut                                                                                                                                            ,Unknown,Unknown,Minor injury: Medical assistance at accident site,428555.74,4585074.55,2.144030228,41.412199282
2023S000659    ,5,Sarrià-Sant Gervasi,26,Sant Gervasi - Galvany,32700,Balmes,0228 0230,Thursday,2023,2,February,2,Afternoon,20,No és causa del  vianant,Motorcycle,Woman,33,Driver,Desconegut                                                                                                                                            ,Unknown,Altres activitats,Minor injury: Hospitalization up to 24 hours,429124.26,4583586.72,2.151006292,41.398849318
2023S000661    ,2,Eixample,7,la Dreta de l'Eixample,18505,Aragó,0235 0235,Friday,2023,2,February,3,Morning,8,No és causa del  vianant,Motorcycle,Man,32,Driver,Desconegut                                                                                                                                            ,Unknown,Unknown,Minor injury: Medical assistance at accident site,430067.64,4582650.92,2.16239868,41.390503524
2023S000664    ,8,Nou Barris,44,Vilapicina i la Torre Llobeta,45701,Quinze,0039 0039,Friday,2023,2,February,3,Morning,8,No és causa del  vianant,Motorcycle,Woman,36,Driver,Desconegut                                                                                                                                            ,Unknown,In itínere,Minor injury: Hospitalization up to 24 hours,431110.14,4586906.31,2.174382278,41.428920451
2023S000665    ,2,Eixample,8,l'Antiga Esquerra de l'Eixample,32700,Balmes,0017 0017,Friday,2023,2,February,3,Morning,9,No és causa del  vianant,Motorcycle,Woman,67,Driver,Desconegut                                                                                                                                            ,Unknown,Unknown,Minor injury: Medical assistance at accident site,430311.08,4582286.33,2.165352193,41.387240918
2023S000666    ,5,Sarrià-Sant Gervasi,26,Sant Gervasi - Galvany,28000,Augusta,0187 0187,Friday,2023,2,February,3,Morning,8,No és causa del  vianant,Motorcycle,Man,46,Driver,Desconegut                                                                                                                                            ,Unknown,Oci i entreteniment,Minor injury: Hospitalization up to 24 hours,428278.0,4583488.77,2.140895383,41.397892041
2023S000667    ,1,Ciutat Vella,1,el Raval,34308,Rambla,0083 0083,Friday,2023,2,February,3,Morning,12,No és causa del  vianant,Taxi,Woman,61,Pedestrian,En pas sense regular                                                                                                                                  ,Unknown,Unknown,Minor injury: Hospitalization up to 24 hours,430904.77,4581667.85,2.172522958,41.381721692
2023S000667    ,1,Ciutat Vella,1,el Raval,34308,Rambla,0083 0083,Friday,2023,2,February,3,Morning,12,No és causa del  vianant,Taxi,Man,56,Pedestrian,En pas sense regular                                                                                                                                  ,Unknown,Unknown,Minor injury: Hospitalization up to 24 hours,430904.77,4581667.85,2.172522958,41.381721692
2023S000668    ,6,Gràcia,32,el Camp d'en Grassot i Gràcia Nova,286504,Roger de Flor,0221 0221,Friday,2023,2,February,3,Morning,10,No és causa del  vianant,Motorcycle,Man,23,Driver,Desconegut                                                                                                                                            ,Unknown,Unknown,Minor injury: Hospitalization up to 24 hours,430602.5,4583903.41,2.168651991,41.401830655
2023S000669    ,7,Horta-Guinardó,39,Sant Genís dels Agudells,352507,Vall d'Hebron,0093 0095,Friday,2023,2,February,3,Morning,12,No és causa del  vianant,Autobús articulat,Woman,84,Passenger,Desconegut                                                                                                                                            ,Unknown,Unknown,Minor injury: Hospitalization up to 24 hours,428320.34,4586264.03,2.141072888,41.422891463
2023S000670    ,5,Sarrià-Sant Gervasi,27,el Putxet i el Farró,187105,Madrazo,0002 0002,Friday,2023,2,February,3,Morning,9,No és causa del  vianant,Motorcycle,Man,28,Driver,Desconegut                                                                                                                                            ,Unknown,Unknown,Minor injury: Hospitalization up to 24 hours,429124.99,4583906.38,2.15097758,41.401728444
2023S000671    ,1,Ciutat Vella,1,el Raval,34308,Rambla,0063 0063,Friday,2023,2,February,3,Morning,11,Transitar a peu per la calçada,Motorcycle,Man,80,Pedestrian,Fora del pas                                                                                                                                          ,Unknown,Unknown,Minor injury: Hospitalization up to 24 hours,430976.98,4581555.37,2.173399295,41.380714818
2023S000672    ,3,Sants-Montjuïc,13,la Marina de Port,137300,Foneria,0062 0062,Friday,2023,2,February,3,Morning,12,No és causa del  vianant,Veh. mobilitat personal amb motor,Woman,15,Driver,Desconegut                                                                                                                                            ,Unknown,Unknown,Minor injury: Hospitalization up to 24 hours,428340.48,4579517.68,2.142112542,41.362131417
2023S000673    ,7,Horta-Guinardó,43,Horta,352507,Vall d'Hebron,0203 0203,Friday,2023,2,February,3,Morning,12,No és causa del  vianant,Motorcycle,Man,38,Driver,Desconegut                                                                                                                                            ,Unknown,Oci i entreteniment,Minor injury: Hospitalization up to 24 hours,429209.12,4587926.74,2.151513115,41.437945657
2023S000674    ,3,Sants-Montjuïc,18,Sants,142504,Gaiarre,0029 0029,Friday,2023,2,February,3,Afternoon,14,No és causa del  vianant,Motorcycle,Woman,60,Driver,Desconegut                                                                                                                                            ,Unknown,Unknown,Minor injury: Hospitalization up to 24 hours,428187.25,4580862.21,2.140121402,41.374227481
2023S000675    ,6,Gràcia,32,el Camp d'en Grassot i Gràcia Nova,297001,Sant Antoni Maria Claret,0033 0033,Friday,2023,2,February,3,Afternoon,16,No és causa del  vianant,Bus,Woman,80,Passenger,Desconegut                                                                                                                                            ,Unknown,Unknown,Minor injury: Hospitalization up to 24 hours,430347.14,4584227.58,2.165560028,41.40472825
2023S000677    ,4,Les Corts,20,la Maternitat i Sant Ramon,343903,Corts,0129 0129,Friday,2023,2,February,3,Afternoon,17,No és causa del  vianant,Bus,Woman,5,Passenger,Desconegut                                                                                                                                            ,Unknown,Unknown,Minor injury: Medical assistance at accident site,426976.16,4581591.52,2.125552582,41.380687053
2023S000677    ,4,Les Corts,20,la Maternitat i Sant Ramon,343903,Corts,0129 0129,Friday,2023,2,February,3,Afternoon,17,No és causa del  vianant,Bus,Woman,60,Passenger,Desconegut                                                                                                                                            ,Unknown,Unknown,Minor injury: Hospitalization up to 24 hours,426976.16,4581591.52,2.125552582,41.380687053
2023S000677    ,4,Les Corts,20,la Maternitat i Sant Ramon,343903,Corts,0129 0129,Friday,2023,2,February,3,Afternoon,17,No és causa del  vianant,Bus,Man,3,Passenger,Desconegut                                                                                                                                            ,Unknown,Unknown,Minor injury: Medical assistance at accident site,426976.16,4581591.52,2.125552582,41.380687053
2023S000678    ,8,Nou Barris,44,Vilapicina i la Torre Llobeta,119003,Fabra i Puig,0181 0181,Friday,2023,2,February,3,Afternoon,17,No és causa del  vianant,Motorcycle,Man,11,Passenger,Desconegut                                                                                                                                            ,Unknown,Unknown,Minor injury: Hospitalization up to 24 hours,431379.36,4587039.88,2.177588888,41.430146527
2023S000679    ,8,Nou Barris,52,la Prosperitat,701268,Dalt (Llobregat),001490000,Friday,2023,2,February,3,Afternoon,14,No és causa del  vianant,Motorcycle,Woman,57,Passenger,Desconegut                                                                                                                                            ,Unknown,Unknown,Minor injury: Medical assistance at accident site,431610.06,4588779.53,2.180152742,41.445834621
2023S000682    ,10,Sant Martí,72,Sant Martí de Provençals,30409,Bac de Roda,0192B0192B,Friday,2023,2,February,3,Afternoon,20,No és causa del  vianant,Motorcycle,Man,53,Driver,Desconegut                                                                                                                                            ,Unknown,In itínere,Minor injury: Hospitalization up to 24 hours,432792.64,4585292.45,2.194696433,41.414527519
2023S000683    ,5,Sarrià-Sant Gervasi,26,Sant Gervasi - Galvany,143904,General Mitre,0162 0162,Friday,2023,2,February,3,Afternoon,20,No és causa del  vianant,Motorcycle,Woman,33,Passenger,Desconegut                                                                                                                                            ,Unknown,Unknown,Minor injury: Hospitalization up to 24 hours,428290.79,4584240.5,2.140959274,41.404663721
2023S000683    ,5,Sarrià-Sant Gervasi,26,Sant Gervasi - Galvany,143904,General Mitre,0162 0162,Friday,2023,2,February,3,Afternoon,20,No és causa del  vianant,Motorcycle,Man,38,Driver,Desconegut                                                                                                                                            ,Unknown,Unknown,Minor injury: Hospitalization up to 24 hours,428290.79,4584240.5,2.140959274,41.404663721
2023S000684    ,7,Horta-Guinardó,41,la Vall d'Hebron,352507,Vall d'Hebron,0202 0202,Friday,2023,2,February,3,Afternoon,21,No és causa del  vianant,Motorcycle,Man,38,Driver,Desconegut                                                                                                                                            ,Unknown,In itínere,Minor injury: Refused medical assistance,428711.39,4587312.19,2.145628486,41.432366613
2023S000685    ,4,Les Corts,20,la Maternitat i Sant Ramon,102306,Doctor Marañón,0034 0034,Friday,2023,2,February,3,Afternoon,20,No és causa del  vianant,Motorcycle,Woman,30,Driver,Desconegut                                                                                                                                            ,Unknown,Unknown,Minor injury: Hospitalization up to 24 hours,426047.05,4581664.36,2.114433332,41.381258186
2023S000686    ,4,Les Corts,20,la Maternitat i Sant Ramon,700811,Albert Bastardas,0024 0024,Saturday,2023,2,February,4,Night,1,No és causa del  vianant,Car,Woman,40,Passenger,Desconegut                                                                                                                                            ,Unknown,Unknown,Minor injury: Medical assistance at accident site,425467.32,4581756.19,2.107489538,41.382031736
2023S000687    ,3,Sants-Montjuïc,15,Hostafrancs,89004,Consell de Cent,0067U0069U,Friday,2023,2,February,3,Afternoon,21,Desobeir el senyal del semàfor,Motorcycle,Woman,27,Pedestrian,En pas regulat per semàfor                                                                                                                            ,Unknown,Unknown,Minor injury: Hospitalization up to 24 hours,428769.74,4581177.12,2.147049191,41.377115564
2023S000687    ,3,Sants-Montjuïc,15,Hostafrancs,89004,Consell de Cent,0067U0069U,Friday,2023,2,February,3,Afternoon,21,Desobeir el senyal del semàfor,Motorcycle,Man,26,Driver,En pas regulat per semàfor                                                                                                                            ,Unknown,Unknown,Minor injury: Hospitalization up to 24 hours,428769.74,4581177.12,2.147049191,41.377115564
2023S000688    ,5,Sarrià-Sant Gervasi,25,Sant Gervasi - la Bonanova,143904,General Mitre,0093 0093,Saturday,2023,2,February,4,Morning,8,No és causa del  vianant,Motorcycle,Man,70,Driver,Desconegut                                                                                                                                            ,Unknown,Oci i entreteniment,Minor injury: Medical assistance at accident site,427714.85,4583654.89,2.134139547,41.399337763
2023S000689    ,2,Eixample,9,la Nova Esquerra de l'Eixample,100800,Diputació,0015 0019,Saturday,2023,2,February,4,Morning,8,No és causa del  vianant,Car,Woman,24,Passenger,Desconegut                                                                                                                                            ,Unknown,Unknown,Minor injury: Hospitalization up to 24 hours,429112.78,4581304.55,2.151136183,41.378293593
2023S000689    ,2,Eixample,9,la Nova Esquerra de l'Eixample,100800,Diputació,0015 0019,Saturday,2023,2,February,4,Morning,8,No és causa del  vianant,Car,Man,30,Passenger,Desconegut                                                                                                                                            ,Unknown,Unknown,Minor injury: Hospitalization up to 24 hours,429112.78,4581304.55,2.151136183,41.378293593
2023S000689    ,2,Eixample,9,la Nova Esquerra de l'Eixample,100800,Diputació,0015 0019,Saturday,2023,2,February,4,Morning,8,No és causa del  vianant,Car,Man,22,Driver,Desconegut                                                                                                                                            ,Unknown,Oci i entreteniment,Minor injury: Hospitalization up to 24 hours,429112.78,4581304.55,2.151136183,41.378293593
2023S000690    ,3,Sants-Montjuïc,12,la Marina del Prat Vermell,180,A Zona Franca,0007 0019,Saturday,2023,2,February,4,Night,5,No és causa del  vianant,Car,Woman,34,Driver,Desconegut                                                                                                                                            ,Unknown,In itínere,Minor injury: Hospitalization up to 24 hours,427646.91,4575534.19,2.134296087,41.326191322
2023S000691    ,8,Nou Barris,49,Canyelles,120807,Favència,0005 0007,Saturday,2023,2,February,4,Morning,11,No és causa del  vianant,Car,Man,24,Driver,Desconegut                                                                                                                                            ,Unknown,Oci i entreteniment,Minor injury: Medical assistance at accident site,430337.72,4588274.45,2.164980883,41.441176103
2023S000692    ,4,Les Corts,19,les Corts,144601,Diagonal,0579 0587,Saturday,2023,2,February,4,Morning,9,No és causa del  vianant,Bicicleta,Woman,38,Driver,Desconegut                                                                                                                                            ,Unknown,Unknown,Minor injury: Hospitalization up to 24 hours,427575.97,4582577.49,2.13260725,41.389621548
2023S000692    ,4,Les Corts,19,les Corts,144601,Diagonal,0579 0587,Saturday,2023,2,February,4,Morning,9,No és causa del  vianant,Motorcycle,Man,35,Driver,Desconegut                                                                                                                                            ,Unknown,Unknown,Minor injury: Medical assistance at accident site,427575.97,4582577.49,2.13260725,41.389621548
2023S000693    ,5,Sarrià-Sant Gervasi,25,Sant Gervasi - la Bonanova,101008,Tibidabo,0050 0050,Saturday,2023,2,February,4,Morning,12,No és causa del  vianant,Ciclomotor,Man,9,Passenger,Desconegut                                                                                                                                            ,Unknown,Unknown,Minor injury: Hospitalization up to 24 hours,427668.15,4585388.23,2.133373667,41.41494503
2023S000693    ,5,Sarrià-Sant Gervasi,25,Sant Gervasi - la Bonanova,101008,Tibidabo,0050 0050,Saturday,2023,2,February,4,Morning,12,No és causa del  vianant,Ciclomotor,Man,43,Driver,Desconegut                                                                                                                                            ,Unknown,Unknown,Minor injury: Hospitalization up to 24 hours,427668.15,4585388.23,2.133373667,41.41494503
2023S000694    ,2,Eixample,5,el Fort Pienc,169409,Corts Catalanes,0751 0751,Saturday,2023,2,February,4,Morning,12,Others,Motorcycle,Woman,16,Passenger,Desconegut                                                                                                                                            ,Unknown,Unknown,Minor injury: Hospitalization up to 24 hours,431756.23,4583735.03,2.18247205,41.400412919
2023S000694    ,2,Eixample,5,el Fort Pienc,169409,Corts Catalanes,0751 0751,Saturday,2023,2,February,4,Morning,12,Others,Motorcycle,Man,51,Driver,Desconegut                                                                                                                                            ,Unknown,Oci i entreteniment,Minor injury: Hospitalization up to 24 hours,431756.23,4583735.03,2.18247205,41.400412919
2023S000695    ,9,Sant Andreu,60,Sant Andreu,239300,Pare Manyanet,0025 0025,Saturday,2023,2,February,4,Morning,11,No és causa del  vianant,Autobús articulat,Woman,62,Passenger,Desconegut                                                                                                                                            ,Unknown,Unknown,Minor injury: Hospitalization up to 24 hours,432665.52,4586764.04,2.193011563,41.427771038
2023S000696    ,2,Eixample,8,l'Antiga Esquerra de l'Eixample,363809,Villarroel,0117 0117,Saturday,2023,2,February,4,Afternoon,14,No és causa del  vianant,Motorcycle,Man,20,Driver,Desconegut                                                                                                                                            ,Unknown,Unknown,Minor injury: Hospitalization up to 24 hours,429544.56,4582114.92,2.156205024,41.385630276
2023S000697    ,10,Sant Martí,71,Provençals del Poblenou,701414,C-31,020710000,Saturday,2023,2,February,4,Morning,13,No és causa del  vianant,Motorcycle,Woman,45,Driver,Desconegut                                                                                                                                            ,Unknown,Oci i entreteniment,Minor injury: Refused medical assistance,433145.52,4584957.57,2.198955496,41.411540798
2023S000698    ,7,Horta-Guinardó,41,la Vall d'Hebron,352507,Vall d'Hebron,0250 0250,Saturday,2023,2,February,4,Morning,13,No és causa del  vianant,Car,Woman,36,Passenger,Desconegut                                                                                                                                            ,Unknown,Unknown,Minor injury: Hospitalization up to 24 hours,428960.49,4587747.76,2.148558398,41.436311691
2023S000698    ,7,Horta-Guinardó,41,la Vall d'Hebron,352507,Vall d'Hebron,0250 0250,Saturday,2023,2,February,4,Morning,13,No és causa del  vianant,Car,Man,38,Driver,Desconegut                                                                                                                                            ,Unknown,Oci i entreteniment,Minor injury: Refused medical assistance,428960.49,4587747.76,2.148558398,41.436311691
2023S000699    ,-1,Unknown,-1,Unknown,-1,Unknown,Unknown,Saturday,2023,2,February,4,Afternoon,16,No és causa del  vianant,Motorcycle,Man,25,Passenger,Desconegut                                                                                                                                            ,Unknown,Unknown,Minor injury: Hospitalization up to 24 hours,430443.36,4585232.0,2.166595554,41.413783052
2023S000699    ,-1,Unknown,-1,Unknown,-1,Unknown,Unknown,Saturday,2023,2,February,4,Afternoon,16,No és causa del  vianant,Motorcycle,Woman,27,Driver,Desconegut                                                                                                                                            ,Unknown,Unknown,Minor injury: Hospitalization up to 24 hours,430443.36,4585232.0,2.166595554,41.413783052
2023S000700    ,2,Eixample,9,la Nova Esquerra de l'Eixample,287201,Roma,0001 0003,Saturday,2023,2,February,4,Afternoon,19,Desobeir el senyal del semàfor,Car,Man,33,Pedestrian,En pas regulat per semàfor                                                                                                                            ,Oci i entreteniment,Unknown,Minor injury: Hospitalization up to 24 hours,428500.94,4581613.04,2.14378356,41.381017892
2023S000701    ,8,Nou Barris,53,la Trinitat Nova,209900,Meridiana,0611 0611,Saturday,2023,2,February,4,Afternoon,19,No és causa del  vianant,Motorcycle,Woman,16,Passenger,Desconegut                                                                                                                                            ,Unknown,Unknown,Minor injury: Hospitalization up to 24 hours,432383.24,4589511.79,2.189325851,41.452495363
2023S000701    ,8,Nou Barris,53,la Trinitat Nova,209900,Meridiana,0611 0611,Saturday,2023,2,February,4,Afternoon,19,No és causa del  vianant,Motorcycle,Man,16,Driver,Desconegut                                                                                                                                            ,Unknown,Oci i entreteniment,Minor injury: Hospitalization up to 24 hours,432383.24,4589511.79,2.189325851,41.452495363
2023S000705    ,2,Eixample,7,la Dreta de l'Eixample,245802,París,9999 9999,Saturday,2023,2,February,4,Afternoon,19,No és causa del  vianant,Motorcycle,Woman,57,Passenger,Desconegut                                                                                                                                            ,Unknown,Unknown,Minor injury: Hospitalization up to 24 hours,429519.59,4583193.75,2.155780802,41.395344743
2023S000706    ,7,Horta-Guinardó,37,el Carmel,97807,Dante Alighieri,0142 0142,Saturday,2023,2,February,4,Night,23,No és causa del  vianant,Motorcycle,Man,51,Driver,Desconegut                                                                                                                                            ,Unknown,Unknown,Minor injury: Medical assistance at accident site,429428.86,4586605.33,2.15429748,41.426063608
2023S000707    ,2,Eixample,10,Sant Antoni,127704,Floridablanca,0131 0131,Saturday,2023,2,February,4,Night,23,No és causa del  vianant,Car,Woman,19,Passenger,Desconegut                                                                                                                                            ,Unknown,Unknown,Minor injury: Medical assistance at accident site,430031.23,4581617.2,2.162082667,41.381189968
2023S000707    ,2,Eixample,10,Sant Antoni,127704,Floridablanca,0131 0131,Saturday,2023,2,February,4,Night,23,No és causa del  vianant,Veh. mobilitat personal amb motor,Man,34,Driver,Desconegut                                                                                                                                            ,Unknown,Oci i entreteniment,Serious injury: Hospitalization over 24 hours,430031.23,4581617.2,2.162082667,41.381189968
2023S000709    ,10,Sant Martí,64,el Camp de l'Arpa del Clot,134801,Freser,0136 0136,Sunday,2023,2,February,5,Night,4,No és causa del  vianant,Motorcycle,Man,35,Driver,Desconegut                                                                                                                                            ,Unknown,Oci i entreteniment,Minor injury: Hospitalization up to 24 hours,431666.53,4585171.58,2.181236776,41.413343862
2023S000710    ,2,Eixample,7,la Dreta de l'Eixample,305100,Sant Joan,0082 0082,Sunday,2023,2,February,5,Night,1,Desobeir altres senyals,Bus,Woman,37,Pedestrian,Fora del pas                                                                                                                                          ,Unknown,Unknown,Minor injury: Hospitalization up to 24 hours,430929.85,4583411.86,2.172623897,41.397431624
2023S000712    ,10,Sant Martí,67,la Vila Olímpica del Poblenou,132908,Ramon Trias Fargas,0021 0021,Saturday,2023,2,February,4,Afternoon,19,No és causa del  vianant,Car,Woman,79,Passenger,Desconegut                                                                                                                                            ,Unknown,Unknown,Minor injury: Hospitalization up to 24 hours,432538.92,4582477.58,2.191974671,41.389153488
2023S000712    ,10,Sant Martí,67,la Vila Olímpica del Poblenou,132908,Ramon Trias Fargas,0021 0021,Saturday,2023,2,February,4,Afternoon,19,No és causa del  vianant,Car,Man,78,Driver,Desconegut                                                                                                                                            ,Unknown,Unknown,Minor injury: Hospitalization up to 24 hours,432538.92,4582477.58,2.191974671,41.389153488
2023S000712    ,10,Sant Martí,67,la Vila Olímpica del Poblenou,132908,Ramon Trias Fargas,0021 0021,Saturday,2023,2,February,4,Afternoon,19,No és causa del  vianant,Car,Man,63,Driver,Desconegut                                                                                                                                            ,Unknown,Taxi,Minor injury: Refused medical assistance,432538.92,4582477.58,2.191974671,41.389153488
2023S000714    ,3,Sants-Montjuïc,11,el Poble-sec,270800,Puig i Xoriguer,0030 0034,Sunday,2023,2,February,5,Morning,10,No és causa del  vianant,Motorcycle,Man,37,Driver,Desconegut                                                                                                                                            ,Unknown,Unknown,Minor injury: Medical assistance at accident site,430958.24,4580732.68,2.173268961,41.373303469
2023S000715    ,3,Sants-Montjuïc,14,la Font de la Guatlla,169409,Corts Catalanes,0302 0302,Sunday,2023,2,February,5,Morning,12,No és causa del  vianant,Car,Woman,45,Passenger,Desconegut                                                                                                                                            ,Unknown,Unknown,Minor injury: Medical assistance at accident site,428694.98,4580660.99,2.146215993,41.37246033
2023S000716    ,2,Eixample,5,el Fort Pienc,28305,Ausiàs Marc,0141 0141,Sunday,2023,2,February,5,Morning,12,No és causa del  vianant,Motorcycle,Man,36,Driver,Desconegut                                                                                                                                            ,Unknown,In itínere,Minor injury: Refused medical assistance,431790.94,4583320.7,2.18293395,41.396684116
2023S000717    ,10,Sant Martí,68,el Poblenou,346800,Poblenou,0002 0002,Saturday,2023,2,February,4,Afternoon,16,No és causa del  vianant,Bicicleta,Woman,72,Driver,Desconegut                                                                                                                                            ,Unknown,Oci i entreteniment,Minor injury: Hospitalization up to 24 hours,433716.69,4583409.72,2.20595857,41.397647033
2023S000718    ,5,Sarrià-Sant Gervasi,25,Sant Gervasi - la Bonanova,9402,Alacant,0033 0033,Sunday,2023,2,February,5,Afternoon,14,No és causa del  vianant,Motorcycle,Man,60,Driver,Desconegut                                                                                                                                            ,Unknown,Oci i entreteniment,Minor injury: Hospitalization up to 24 hours,427829.03,4583886.35,2.135477708,41.401432692
2023S000719    ,5,Sarrià-Sant Gervasi,25,Sant Gervasi - la Bonanova,701267,Dalt (Besòs),000920000,Sunday,2023,2,February,5,Afternoon,15,No és causa del  vianant,Car,Woman,3,Passenger,Desconegut                                                                                                                                            ,Unknown,Unknown,Minor injury: Medical assistance at accident site,427869.96,4585406.47,2.135786027,41.415127459
2023S000719    ,5,Sarrià-Sant Gervasi,25,Sant Gervasi - la Bonanova,701267,Dalt (Besòs),000920000,Sunday,2023,2,February,5,Afternoon,15,No és causa del  vianant,Car,Woman,37,Passenger,Desconegut                                                                                                                                            ,Unknown,Unknown,Minor injury: Medical assistance at accident site,427869.96,4585406.47,2.135786027,41.415127459
2023S000719    ,5,Sarrià-Sant Gervasi,25,Sant Gervasi - la Bonanova,701267,Dalt (Besòs),000920000,Sunday,2023,2,February,5,Afternoon,15,No és causa del  vianant,Car,Woman,60,Passenger,Desconegut                                                                                                                                            ,Unknown,Unknown,Minor injury: Hospitalization up to 24 hours,427869.96,4585406.47,2.135786027,41.415127459