Case_Number,District_Code,District_Name,Neighborhood_Code,Neighborhood_Name,Street_Code,Street_Name,Postal_Code,Day_of_Week,Year,Month_Code,Month_Name,Day_of_Month,Shift_Description,Hour_of_Day,Pedestrian_Cause_Description,Involved_Vehicle_Type,Gender_Description,Age,Person_Type_Description,Pedestrian_Accident_Location_Description,Pedestrian_Movement_Reason_Description,Driver_Movement_Reason_Description,Victimization_Description,UTM_X_Coordinate,UTM_Y_Coordinate,Longitude,Latitude
2023S000719    ,5,Sarrià-Sant Gervasi,25,Sant Gervasi - la Bonanova,701267,Dalt (Besòs),000920000,Sunday,2023,2,February,5,Afternoon,15,No és causa del  vianant,Car,Man,5,Passenger,Desconegut                                                                                                                                            ,Unknown,Unknown,Minor injury: Medical assistance at accident site,427869.96,4585406.47,2.135786027,41.415127459
2023S000719    ,5,Sarrià-Sant Gervasi,25,Sant Gervasi - la Bonanova,701267,Dalt (Besòs),000920000,Sunday,2023,2,February,5,Afternoon,15,No és causa del  vianant,Car,Man,37,Driver,Desconegut                                                                                                                                            ,Unknown,Oci i entreteniment,Minor injury: Medical assistance at accident site,427869.96,4585406.47,2.135786027,41.415127459
2023S000719    ,5,Sarrià-Sant Gervasi,25,Sant Gervasi - la Bonanova,701267,Dalt (Besòs),000920000,Sunday,2023,2,February,5,Afternoon,15,No és causa del  vianant,Car,Man,41,Driver,Desconegut                                                                                                                                            ,Unknown,Oci i entreteniment,Minor injury: Medical assistance at accident site,427869.96,4585406.47,2.135786027,41.415127459
2023S000720    ,2,Eixample,9,la Nova Esquerra de l'Eixample,100800,Diputació,0069 0069,Sunday,2023,2,February,5,Afternoon,15,No és causa del  vianant,Veh. mobilitat personal amb motor,Woman,22,Driver,Desconegut                                                                                                                                            ,Unknown,Unknown,Minor injury: Hospitalization up to 24 hours,429404.33,4581589.83,2.154589212,41.380888663
2023S000721    ,10,Sant Martí,72,Sant Martí de Provençals,60807,Cantàbria,0035 0035,Sunday,2023,2,February,5,Afternoon,19,No és causa del  vianant,Motorcycle,Woman,31,Driver,Desconegut                                                                                                                                            ,Unknown,Altres activitats,Minor injury: Hospitalization up to 24 hours,433270.19,4585949.28,2.200337584,41.420483221
2023S000722    ,7,Horta-Guinardó,40,Montbau,25500,Arquitectura,0002B0002B,Sunday,2023,2,February,5,Afternoon,18,No és causa del  vianant,Autobús articulat,Woman,89,Passenger,Desconegut                                                                                                                                            ,Unknown,Unknown,Minor injury: Hospitalization up to 24 hours,428540.65,4587019.01,2.143619812,41.429710885
2023S000723    ,9,Sant Andreu,59,el Bon Pastor,126905,Flix,0005 0005,Monday,2023,2,February,6,Night,3,No és causa del  vianant,Motorcycle,Man,29,Passenger,Desconegut                                                                                                                                            ,Unknown,Unknown,Minor injury: Hospitalization up to 24 hours,433565.56,4587333.63,2.203719664,41.432976155
2023S000723    ,9,Sant Andreu,59,el Bon Pastor,126905,Flix,0005 0005,Monday,2023,2,February,6,Night,3,No és causa del  vianant,Motorcycle,Man,19,Driver,Desconegut                                                                                                                                            ,Unknown,Oci i entreteniment,Minor injury: Hospitalization up to 24 hours,433565.56,4587333.63,2.203719664,41.432976155
2023S000724    ,9,Sant Andreu,59,el Bon Pastor,700051,Cresques,0016 0016,Monday,2023,2,February,6,Morning,7,No és causa del  vianant,Furgoneta,Man,33,Pedestrian,En pas sense regular                                                                                                                                  ,Unknown,Unknown,Minor injury: Medical assistance at accident site,433618.71,4587440.27,2.204344039,41.433941027
2023S000725    ,7,Horta-Guinardó,33,el Baix Guinardó,178308,Lepant,0367 0367,Monday,2023,2,February,6,Morning,8,No és causa del  vianant,Motorcycle,Woman,70,Pedestrian,En pas regulat per semàfor                                                                                                                            ,Altres activitats,Unknown,Minor injury: Hospitalization up to 24 hours,430755.86,4584721.95,2.1703928,41.409216205
2023S000727    ,5,Sarrià-Sant Gervasi,23,Sarrià,701501,B-20 (Llobregat),000650000,Monday,2023,2,February,6,Morning,8,No és causa del  vianant,Motorcycle,Man,51,Driver,Desconegut                                                                                                                                            ,Unknown,In itínere,Minor injury: Hospitalization up to 24 hours,425886.72,4583460.91,2.112296156,41.39742416
2023S000728    ,10,Sant Martí,64,el Camp de l'Arpa del Clot,194406,Maragall,0052 0054,Monday,2023,2,February,6,Morning,9,No és causa del  vianant,Veh. mobilitat personal amb motor,Man,27,Driver,Desconegut                                                                                                                                            ,Unknown,In itínere,Minor injury: Hospitalization up to 24 hours,431603.55,4585443.43,2.180452515,41.415786967
2023S000729    ,5,Sarrià-Sant Gervasi,23,Sarrià,700969,Gaspar Cassadó,0008 0008,Monday,2023,2,February,6,Morning,8,No és causa del  vianant,Car,Woman,51,Driver,Desconegut                                                                                                                                            ,Unknown,Unknown,Minor injury: Hospitalization up to 24 hours,425910.22,4583445.84,2.112579087,41.397290598
2023S000730    ,5,Sarrià-Sant Gervasi,23,Sarrià,28000,Augusta,0395 0395,Monday,2023,2,February,6,Morning,11,No és causa del  vianant,Motorcycle,Woman,57,Driver,Desconegut                                                                                                                                            ,Unknown,Oci i entreteniment,Minor injury: Medical assistance at accident site,426465.72,4584125.1,2.119140932,41.40345941
2023S000731    ,2,Eixample,8,l'Antiga Esquerra de l'Eixample,144601,Diagonal,0443 0443,Monday,2023,2,February,6,Morning,9,No és causa del  vianant,Motorcycle,Man,38,Driver,Desconegut                                                                                                                                            ,Unknown,Unknown,Minor injury: Hospitalization up to 24 hours,429002.19,4583024.82,2.149612071,41.393777714
2023S000732    ,2,Eixample,8,l'Antiga Esquerra de l'Eixample,18505,Aragó,0205 0205,Monday,2023,2,February,6,Morning,11,No és causa del  vianant,Motorcycle,Man,50,Driver,Desconegut                                                                                                                                            ,Unknown,Unknown,Minor injury: Hospitalization up to 24 hours,429830.93,4582396.05,2.15959717,41.388187366
2023S000733    ,2,Eixample,9,la Nova Esquerra de l'Eixample,169409,Corts Catalanes,0523 0523,Monday,2023,2,February,6,Morning,13,No és causa del  vianant,Motorcycle,Man,25,Driver,Desconegut                                                                                                                                            ,Unknown,Oci i entreteniment,Minor injury: Hospitalization up to 24 hours,429737.74,4581724.85,2.15856054,41.382133946
2023S000734    ,2,Eixample,9,la Nova Esquerra de l'Eixample,54509,Calàbria,0181 0181,Monday,2023,2,February,6,Morning,9,No és causa del  vianant,Bicicleta,Woman,46,Driver,Desconegut                                                                                                                                            ,Unknown,Unknown,Minor injury: Hospitalization up to 24 hours,429068.51,4581836.06,2.150544568,41.383076822
2023S000735    ,7,Horta-Guinardó,37,el Carmel,275304,Ramon Rocafull,0060 0060,Monday,2023,2,February,6,Morning,9,No és causa del  vianant,Ciclomotor,Woman,33,Driver,Desconegut                                                                                                                                            ,Unknown,Oci i entreteniment,Minor injury: Refused medical assistance,429358.2,4586291.07,2.153488662,41.423226979
2023S000736    ,4,Les Corts,21,Pedralbes,72704,Castellet,0012 0016,Monday,2023,2,February,6,Morning,13,No és causa del  vianant,Car,Man,26,Driver,Desconegut                                                                                                                                            ,Unknown,Unknown,Minor injury: Refused medical assistance,425758.89,4583189.11,2.110800508,41.394964383
2023S000737    ,9,Sant Andreu,62,el Congrés i els Indians,255704,Pinar del Río,0076 0076,Monday,2023,2,February,6,Afternoon,14,No és causa del  vianant,Motorcycle,Man,59,Driver,Desconegut                                                                                                                                            ,Unknown,En missió,Minor injury: Hospitalization up to 24 hours,431457.6,4586212.43,2.178619071,41.422700653
2023S000738    ,10,Sant Martí,68,el Poblenou,700654,Litoral,0064 0068,Monday,2023,2,February,6,Afternoon,16,No és causa del  vianant,Motorcycle,Woman,30,Passenger,Desconegut                                                                                                                                            ,Unknown,Unknown,Minor injury: Hospitalization up to 24 hours,433600.12,4582986.31,2.204610681,41.393823857
2023S000738    ,10,Sant Martí,68,el Poblenou,700654,Litoral,0064 0068,Monday,2023,2,February,6,Afternoon,16,No és causa del  vianant,Motorcycle,Man,29,Driver,Desconegut                                                                                                                                            ,Unknown,Oci i entreteniment,Minor injury: Hospitalization up to 24 hours,433600.12,4582986.31,2.204610681,41.393823857
2023S000739    ,2,Eixample,10,Sant Antoni,285807,Rocafort,0057 0059,Monday,2023,2,February,6,Afternoon,16,No és causa del  vianant,Motorcycle,Man,39,Driver,Desconegut                                                                                                                                            ,Unknown,Unknown,Minor injury: Medical assistance at accident site,429460.63,4581243.7,2.155302769,41.377776122
2023S000740    ,2,Eixample,9,la Nova Esquerra de l'Eixample,287201,Roma,0030 0030,Monday,2023,2,February,6,Afternoon,17,No és causa del  vianant,Motorcycle,Man,50,Driver,Desconegut                                                                                                                                            ,Unknown,Oci i entreteniment,Minor injury: Hospitalization up to 24 hours,428666.7,4581674.2,2.14575855,41.38158346
2023S000741    ,4,Les Corts,19,les Corts,320704,Sarrià,0044 0044,Monday,2023,2,February,6,Afternoon,18,No és causa del  vianant,Motorcycle,Woman,56,Driver,Desconegut                                                                                                                                            ,Unknown,In itínere,Minor injury: Medical assistance at accident site,428375.91,4582705.55,2.142159197,41.390846606
2023S000741    ,4,Les Corts,19,les Corts,320704,Sarrià,0044 0044,Monday,2023,2,February,6,Afternoon,18,No és causa del  vianant,Motorcycle,Man,45,Driver,Desconegut                                                                                                                                            ,Unknown,Oci i entreteniment,Minor injury: Medical assistance at accident site,428375.91,4582705.55,2.142159197,41.390846606
2023S000742    ,2,Eixample,8,l'Antiga Esquerra de l'Eixample,223606,Muntaner,0043 0043,Monday,2023,2,February,6,Afternoon,15,No és causa del  vianant,Motorcycle,Woman,23,Pedestrian,En pas regulat per semàfor                                                                                                                            ,Unknown,Unknown,Minor injury: Hospitalization up to 24 hours,429922.08,4582109.9,2.160720404,41.385618056
2023S000742    ,2,Eixample,8,l'Antiga Esquerra de l'Eixample,223606,Muntaner,0043 0043,Monday,2023,2,February,6,Afternoon,15,No és causa del  vianant,Motorcycle,Man,21,Driver,En pas regulat per semàfor                                                                                                                            ,Unknown,Unknown,Minor injury: Hospitalization up to 24 hours,429922.08,4582109.9,2.160720404,41.385618056
2023S000743    ,4,Les Corts,19,les Corts,320704,Sarrià,0042 0042,Monday,2023,2,February,6,Afternoon,18,No és causa del  vianant,Bus,Woman,33,Passenger,En pas regulat per semàfor                                                                                                                            ,Unknown,Unknown,Minor injury: Medical assistance at accident site,428387.94,4582688.85,2.142305051,41.390697267
2023S000743    ,4,Les Corts,19,les Corts,320704,Sarrià,0042 0042,Monday,2023,2,February,6,Afternoon,18,No és causa del  vianant,Bus,Woman,35,Pedestrian,En pas regulat per semàfor                                                                                                                            ,Unknown,Unknown,Minor injury: Medical assistance at accident site,428387.94,4582688.85,2.142305051,41.390697267
2023S000743    ,4,Les Corts,19,les Corts,320704,Sarrià,0042 0042,Monday,2023,2,February,6,Afternoon,18,No és causa del  vianant,Bus,Woman,38,Passenger,En pas regulat per semàfor                                                                                                                            ,Unknown,Unknown,Minor injury: Medical assistance at accident site,428387.94,4582688.85,2.142305051,41.390697267
2023S000743    ,4,Les Corts,19,les Corts,320704,Sarrià,0042 0042,Monday,2023,2,February,6,Afternoon,18,No és causa del  vianant,Bus,Woman,41,Passenger,En pas regulat per semàfor                                                                                                                            ,Unknown,Unknown,Minor injury: Medical assistance at accident site,428387.94,4582688.85,2.142305051,41.390697267
2023S000744    ,2,Eixample,5,el Fort Pienc,169409,Corts Catalanes,0778 0778,Monday,2023,2,February,6,Afternoon,20,No és causa del  vianant,Bus,Woman,66,Passenger,Desconegut                                                                                                                                            ,Unknown,Unknown,Minor injury: Hospitalization up to 24 hours,431648.43,4583591.24,2.181198802,41.399108683
2023S000745    ,2,Eixample,5,el Fort Pienc,169409,Corts Catalanes,0722 0722,Monday,2023,2,February,6,Afternoon,18,No és causa del  vianant,Motorcycle,Man,33,Driver,Desconegut                                                                                                                                            ,Unknown,In itínere,Minor injury: Hospitalization up to 24 hours,431363.28,4583313.93,2.177819397,41.396586731
2023S000746    ,1,Ciutat Vella,4,"Sant Pere, Santa Caterina i la Ribera",359109,Lluís Companys,0001 0005,Monday,2023,2,February,6,Afternoon,17,Others,Motorcycle,Man,51,Driver,Altres                                                                                                                                                ,Unknown,Unknown,Minor injury: Hospitalization up to 24 hours,431734.23,4582471.91,2.18235136,41.389034489
2023S000747    ,2,Eixample,7,la Dreta de l'Eixample,18505,Aragó,0278 0278,Monday,2023,2,February,6,Afternoon,17,No és causa del  vianant,Veh. mobilitat personal amb motor,Woman,28,Driver,Desconegut                                                                                                                                            ,Unknown,Altres activitats,Minor injury: Hospitalization up to 24 hours,430340.32,4582873.92,2.165634274,41.392535689
2023S000748    ,2,Eixample,10,Sant Antoni,169409,Corts Catalanes,0384 0390,Monday,2023,2,February,6,Night,23,No és causa del  vianant,"Camió rígid > 3,5 tones",Man,54,Passenger,Desconegut                                                                                                                                            ,Unknown,Unknown,Minor injury: Medical assistance at accident site,429062.24,4581026.1,2.150564446,41.375781229
2023S000749    ,10,Sant Martí,68,el Poblenou,701266,Litoral (Llobregat),000750000,Tuesday,2023,2,February,7,Morning,8,No és causa del  vianant,Motorcycle,Man,33,Driver,Desconegut                                                                                                                                            ,Unknown,In itínere,Minor injury: Hospitalization up to 24 hours,433762.35,4583188.31,2.206528964,41.39565661
2023S000750    ,5,Sarrià-Sant Gervasi,25,Sant Gervasi - la Bonanova,701267,Dalt (Besòs),0007S0000,Monday,2023,2,February,6,Afternoon,14,No és causa del  vianant,Car,Woman,33,Driver,Desconegut                                                                                                                                            ,Unknown,Unknown,Minor injury: Hospitalization up to 24 hours,427143.16,4584946.47,2.127145712,41.410918844
2023S000751    ,2,Eixample,10,Sant Antoni,198804,Paral·lel,0134 0134,Tuesday,2023,2,February,7,Morning,8,No és causa del  vianant,Veh. mobilitat personal amb motor,Woman,44,Pedestrian,En pas regulat per semàfor                                                                                                                            ,Unknown,Unknown,Minor injury: Hospitalization up to 24 hours,429880.92,4580928.89,2.160364892,41.374977479
2023S000752    ,2,Eixample,7,la Dreta de l'Eixample,268003,Provença,0252 0252,Monday,2023,2,February,6,Afternoon,18,Desobeir el senyal del semàfor,Veh. mobilitat personal amb motor,Man,45,Driver,En pas regulat per semàfor                                                                                                                            ,Unknown,Unknown,Minor injury: Hospitalization up to 24 hours,429785.31,4582929.45,2.158989707,41.39298754
2023S000753    ,8,Nou Barris,44,Vilapicina i la Torre Llobeta,119003,Fabra i Puig,0093 0093,Tuesday,2023,2,February,7,Morning,9,No és causa del  vianant,Motorcycle,Man,19,Driver,Desconegut                                                                                                                                            ,Unknown,Oci i entreteniment,Minor injury: Hospitalization up to 24 hours,431820.11,4587013.46,2.182866472,41.429946127
2023S000754    ,6,Gràcia,31,la Vila de Gràcia,273207,Rabassa,0023 0023,Tuesday,2023,2,February,7,Morning,11,No és causa del  vianant,Ciclomotor,Woman,23,Driver,Desconegut                                                                                                                                            ,Unknown,In itínere,Minor injury: Medical assistance at accident site,429734.86,4584536.83,2.158199642,41.407460242
2023S000755    ,10,Sant Martí,66,el Parc i la Llacuna del Poblenou,76807,Sardenya,0065 0065,Tuesday,2023,2,February,7,Morning,12,No és causa del  vianant,Motorcycle,Man,11,Passenger,Desconegut                                                                                                                                            ,Unknown,Unknown,Minor injury: Medical assistance at accident site,432172.96,4582883.83,2.187552331,41.392781679
2023S000755    ,10,Sant Martí,66,el Parc i la Llacuna del Poblenou,76807,Sardenya,0065 0065,Tuesday,2023,2,February,7,Morning,12,No és causa del  vianant,Motorcycle,Woman,39,Driver,Desconegut                                                                                                                                            ,Unknown,Unknown,Minor injury: Hospitalization up to 24 hours,432172.96,4582883.83,2.187552331,41.392781679
2023S000756    ,8,Nou Barris,44,Vilapicina i la Torre Llobeta,119003,Fabra i Puig,0247X0247X,Tuesday,2023,2,February,7,Morning,11,Desobeir el senyal del semàfor,Car,Woman,88,Pedestrian,En pas regulat per semàfor                                                                                                                            ,Oci i entreteniment,Unknown,Minor injury: Hospitalization up to 24 hours,431053.17,4587049.25,2.173684201,41.43020297
2023S000758    ,2,Eixample,8,l'Antiga Esquerra de l'Eixample,180208,Londres,0059 0059,Tuesday,2023,2,February,7,Morning,11,No és causa del  vianant,Motorcycle,Man,60,Driver,Desconegut                                                                                                                                            ,Unknown,Altres activitats,Minor injury: Hospitalization up to 24 hours,428889.04,4582784.58,2.148286957,41.391603956
2023S000759    ,5,Sarrià-Sant Gervasi,25,Sant Gervasi - la Bonanova,223606,Muntaner,0507 0509,Tuesday,2023,2,February,7,Afternoon,14,Desobeir el senyal del semàfor,Motorcycle,Woman,21,Pedestrian,En pas regulat per semàfor                                                                                                                            ,Unknown,Unknown,Minor injury: Refused medical assistance,427975.5,4584108.64,2.137203309,41.40344791
2023S000759    ,5,Sarrià-Sant Gervasi,25,Sant Gervasi - la Bonanova,223606,Muntaner,0507 0509,Tuesday,2023,2,February,7,Afternoon,14,Desobeir el senyal del semàfor,Motorcycle,Woman,28,Driver,En pas regulat per semàfor                                                                                                                            ,Unknown,Unknown,Minor injury: Hospitalization up to 24 hours,427975.5,4584108.64,2.137203309,41.40344791
2023S000760    ,5,Sarrià-Sant Gervasi,25,Sant Gervasi - la Bonanova,44709,Bonanova,0028 0028,Tuesday,2023,2,February,7,Morning,13,No és causa del  vianant,Autobús articulat,Woman,83,Passenger,Desconegut                                                                                                                                            ,Unknown,Unknown,Minor injury: Hospitalization up to 24 hours,427367.24,4584262.54,2.129908654,41.404779271
2023S000761    ,2,Eixample,7,la Dreta de l'Eixample,148307,Gràcia,0042 0042,Tuesday,2023,2,February,7,Morning,11,No és causa del  vianant,Autobús articulat,Woman,48,Passenger,Desconegut                                                                                                                                            ,Unknown,Unknown,Minor injury: Hospitalization up to 24 hours,430365.85,4582734.81,2.165955625,41.391284982
2023S000762    ,5,Sarrià-Sant Gervasi,26,Sant Gervasi - Galvany,318804,Santaló,0123 0125,Tuesday,2023,2,February,7,Afternoon,17,No és causa del  vianant,Car,Man,51,Pedestrian,En pas sense regular                                                                                                                                  ,Oci i entreteniment,Unknown,Minor injury: Hospitalization up to 24 hours,428321.73,4583627.94,2.141401966,41.399149393
2023S000763    ,1,Ciutat Vella,1,el Raval,34308,Rambla,0083 0083,Tuesday,2023,2,February,7,Afternoon,16,No és causa del  vianant,Taxi,Woman,18,Pedestrian,En pas sense regular                                                                                                                                  ,Unknown,Unknown,Minor injury: Hospitalization up to 24 hours,430904.77,4581667.85,2.172522958,41.381721692
2023S000764    ,7,Horta-Guinardó,33,el Baix Guinardó,152905,Guinardó,0060 0062,Tuesday,2023,2,February,7,Afternoon,18,No és causa del  vianant,Motorcycle,Man,59,Driver,Desconegut                                                                                                                                            ,Unknown,Oci i entreteniment,Minor injury: Hospitalization up to 24 hours,430612.12,4585097.04,2.168630135,41.41258211
2023S000766    ,8,Nou Barris,46,el Turó de la Peira,119003,Fabra i Puig,0366 0366,Tuesday,2023,2,February,7,Afternoon,18,No és causa del  vianant,Autobús articulat,Woman,71,Passenger,Desconegut                                                                                                                                            ,Unknown,Unknown,Minor injury: Medical assistance at accident site,430295.83,4587141.44,2.164610249,41.430967886
2023S000767    ,2,Eixample,6,la Sagrada Família,178308,Lepant,0224 0224,Wednesday,2023,2,February,8,Night,3,No és causa del  vianant,Car,Man,33,Passenger,Desconegut                                                                                                                                            ,Unknown,Unknown,Minor injury: Refused medical assistance,431557.65,4583899.32,2.180078076,41.401875741
2023S000767    ,2,Eixample,6,la Sagrada Família,178308,Lepant,0224 0224,Wednesday,2023,2,February,8,Night,3,No és causa del  vianant,Car,Man,52,Driver,Desconegut                                                                                                                                            ,Unknown,Taxi,Minor injury: Hospitalization up to 24 hours,431557.65,4583899.32,2.180078076,41.401875741
2023S000768    ,10,Sant Martí,71,Provençals del Poblenou,701414,C-31,020700000,Wednesday,2023,2,February,8,Morning,8,No és causa del  vianant,Car,Woman,40,Driver,Desconegut                                                                                                                                            ,Unknown,Transport de menors a l'escola,Minor injury: Hospitalization up to 24 hours,432986.83,4584903.52,2.197062924,41.411040761
2023S000769    ,5,Sarrià-Sant Gervasi,23,Sarrià,215302,Monestir,0009 0009,Wednesday,2023,2,February,8,Morning,9,No és causa del  vianant,Motorcycle,Woman,34,Driver,Desconegut                                                                                                                                            ,Unknown,Unknown,Minor injury: Hospitalization up to 24 hours,426092.58,4583460.04,2.114758578,41.397435281
2023S000770    ,2,Eixample,6,la Sagrada Família,238400,Padilla,0200 0200,Wednesday,2023,2,February,8,Morning,9,No és causa del  vianant,Motorcycle,Woman,31,Driver,Desconegut                                                                                                                                            ,Unknown,Unknown,Minor injury: Hospitalization up to 24 hours,431553.57,4584083.99,2.180008377,41.40353866
2023S000771    ,8,Nou Barris,44,Vilapicina i la Torre Llobeta,108903,Emili Roca,0012 0012,Wednesday,2023,2,February,8,Morning,8,Desobeir el senyal del semàfor,Motorcycle,Woman,40,Driver,En pas regulat per semàfor                                                                                                                            ,Unknown,In itínere,Minor injury: Hospitalization up to 24 hours,431418.82,4586876.41,2.178079675,41.428677582
2023S000772    ,10,Sant Martí,71,Provençals del Poblenou,701414,C-31,020710000,Wednesday,2023,2,February,8,Morning,9,No és causa del  vianant,Motorcycle,Man,44,Driver,Desconegut                                                                                                                                            ,Unknown,Unknown,Minor injury: Refused medical assistance,433057.21,4585063.16,2.197887269,41.412484463
2023S000773    ,3,Sants-Montjuïc,18,Sants,312400,Sants,0085 0087,Wednesday,2023,2,February,8,Morning,7,No és causa del  vianant,Bus,Woman,3,Passenger,Desconegut                                                                                                                                            ,Unknown,Unknown,Minor injury: Medical assistance at accident site,427872.97,4580982.36,2.13634927,41.375281508
2023S000774    ,3,Sants-Montjuïc,12,la Marina del Prat Vermell,701265,Litoral (Besòs),001520000,Wednesday,2023,2,February,8,Morning,7,No és causa del  vianant,Motorcycle,Man,40,Driver,Desconegut                                                                                                                                            ,Unknown,In itínere,Minor injury: Hospitalization up to 24 hours,428568.96,4577976.12,2.145025537,41.348267377
2023S000775    ,10,Sant Martí,72,Sant Martí de Provençals,153205,Guipúscoa,0043 0045,Wednesday,2023,2,February,8,Morning,8,No és causa del  vianant,Bicicleta,Woman,35,Driver,Desconegut                                                                                                                                            ,Unknown,Unknown,Minor injury: Hospitalization up to 24 hours,432904.84,4585434.15,2.196023125,41.415813151
2023S000776    ,2,Eixample,7,la Dreta de l'Eixample,18505,Aragó,0255 0255,Wednesday,2023,2,February,8,Morning,11,No és causa del  vianant,Motorcycle,Man,55,Driver,Desconegut                                                                                                                                            ,Unknown,Unknown,Minor injury: Hospitalization up to 24 hours,430181.9,4582762.7,2.163752338,41.391520222
2023S000777    ,7,Horta-Guinardó,43,Horta,701267,Dalt (Besòs),001210000,Wednesday,2023,2,February,8,Morning,7,No és causa del  vianant,Car,Man,42,Driver,Desconegut                                                                                                                                            ,Unknown,Unknown,Minor injury: Refused medical assistance,428986.4,4587888.0,2.148852008,41.437577066
2023S000778    ,7,Horta-Guinardó,41,la Vall d'Hebron,700651,Estatut de Catalunya,0031X0031X,Wednesday,2023,2,February,8,Afternoon,14,No és causa del  vianant,Furgoneta,Man,29,Passenger,Desconegut                                                                                                                                            ,Unknown,Unknown,Minor injury: Refused medical assistance,429350.45,4587439.72,2.153261616,41.433571724
2023S000778    ,7,Horta-Guinardó,41,la Vall d'Hebron,700651,Estatut de Catalunya,0031X0031X,Wednesday,2023,2,February,8,Afternoon,14,No és causa del  vianant,Furgoneta,Man,36,Driver,Desconegut                                                                                                                                            ,Unknown,En missió,Minor injury: Refused medical assistance,429350.45,4587439.72,2.153261616,41.433571724
2023S000779    ,2,Eixample,7,la Dreta de l'Eixample,305100,Sant Joan,0082 0082,Wednesday,2023,2,February,8,Afternoon,14,No és causa del  vianant,Motorcycle,Woman,46,Driver,Desconegut                                                                                                                                            ,Unknown,En missió,Minor injury: Hospitalization up to 24 hours,430880.87,4583424.29,2.172036613,41.397539366
2023S000780    ,10,Sant Martí,69,Diagonal Mar i el Front Marítim del Poblenou,144601,Diagonal,0045X0045X,Wednesday,2023,2,February,8,Afternoon,16,No és causa del  vianant,Car,Woman,4,Passenger,Desconegut                                                                                                                                            ,Unknown,Unknown,Minor injury: Medical assistance at accident site,434276.76,4584807.99,2.212505906,41.410286925
2023S000780    ,10,Sant Martí,69,Diagonal Mar i el Front Marítim del Poblenou,144601,Diagonal,0045X0045X,Wednesday,2023,2,February,8,Afternoon,16,No és causa del  vianant,Car,Woman,32,Driver,Desconegut                                                                                                                                            ,Unknown,Oci i entreteniment,Minor injury: Medical assistance at accident site,434276.76,4584807.99,2.212505906,41.410286925
2023S000781    ,8,Nou Barris,44,Vilapicina i la Torre Llobeta,24304,Arnau d'Oms,0020 0020,Wednesday,2023,2,February,8,Afternoon,17,No és causa del  vianant,Bus,Man,76,Passenger,Desconegut                                                                                                                                            ,Unknown,Unknown,Minor injury: Hospitalization up to 24 hours,431368.74,4586941.82,2.177472935,41.429262427
2023S000782    ,2,Eixample,8,l'Antiga Esquerra de l'Eixample,245802,París,0167 0167,Wednesday,2023,2,February,8,Afternoon,18,No és causa del  vianant,Motorcycle,Man,53,Driver,Desconegut                                                                                                                                            ,Unknown,In itínere,Minor injury: Hospitalization up to 24 hours,429173.98,4582876.38,2.151684146,41.392455923
2023S000783    ,2,Eixample,10,Sant Antoni,323203,Sepúlveda,0180 0180,Wednesday,2023,2,February,8,Afternoon,19,No és causa del  vianant,Car,Man,62,Driver,Desconegut                                                                                                                                            ,Unknown,Unknown,Minor injury: Hospitalization up to 24 hours,430096.37,4581852.04,2.162834524,41.383310764
2023S000785    ,2,Eixample,7,la Dreta de l'Eixample,18505,Aragó,0270 0270,Wednesday,2023,2,February,8,Afternoon,20,No és causa del  vianant,Motorcycle,Woman,24,Passenger,Desconegut                                                                                                                                            ,Unknown,Unknown,Minor injury: Medical assistance at accident site,430215.73,4582751.32,2.164158264,41.391420664
2023S000786    ,8,Nou Barris,53,la Trinitat Nova,209900,Meridiana,0617 0617,Wednesday,2023,2,February,8,Afternoon,19,Others,Motorcycle,Man,28,Driver,En zona peatonal                                                                                                                                      ,Unknown,Unknown,Minor injury: Medical assistance at accident site,432297.78,4589328.4,2.188323344,41.450836426
2023S000787    ,3,Sants-Montjuïc,17,Sants - Badal,223300,Munné,0015 0017,Wednesday,2023,2,February,8,Night,22,No és causa del  vianant,Ciclomotor,Man,24,Driver,Desconegut                                                                                                                                            ,Unknown,Oci i entreteniment,Minor injury: Hospitalization up to 24 hours,426776.57,4580944.14,2.123244121,41.374838208
2023S000788    ,5,Sarrià-Sant Gervasi,26,Sant Gervasi - Galvany,28000,Augusta,0241 0241,Wednesday,2023,2,February,8,Night,23,No és causa del  vianant,Veh. mobilitat personal amb motor,Man,22,Passenger,Desconegut                                                                                                                                            ,Unknown,Unknown,Minor injury: Hospitalization up to 24 hours,427815.43,4583480.39,2.135363454,41.397775152
2023S000788    ,5,Sarrià-Sant Gervasi,26,Sant Gervasi - Galvany,28000,Augusta,0241 0241,Wednesday,2023,2,February,8,Night,23,No és causa del  vianant,Motorcycle,Woman,57,Driver,Desconegut                                                                                                                                            ,Unknown,Oci i entreteniment,Minor injury: Medical assistance at accident site,427815.43,4583480.39,2.135363454,41.397775152
2023S000789    ,5,Sarrià-Sant Gervasi,23,Sarrià,305201,Sant Joan Bosco,0047 0049,Thursday,2023,2,February,9,Morning,7,No és causa del  vianant,Motorcycle,Man,50,Driver,Desconegut                                                                                                                                            ,Unknown,In itínere,Minor injury: Hospitalization up to 24 hours,427149.49,4583108.67,2.127442735,41.394367135
2023S000789    ,5,Sarrià-Sant Gervasi,23,Sarrià,305201,Sant Joan Bosco,0047 0049,Thursday,2023,2,February,9,Morning,7,No és causa del  vianant,Motorcycle,Man,60,Driver,Desconegut                                                                                                                                            ,Unknown,In itínere,Minor injury: Medical assistance at accident site,427149.49,4583108.67,2.127442735,41.394367135
2023S000790    ,8,Nou Barris,49,Canyelles,701267,Dalt (Besòs),001330000,Thursday,2023,2,February,9,Morning,10,No és causa del  vianant,Motorcycle,Man,67,Driver,Desconegut                                                                                                                                            ,Unknown,Oci i entreteniment,Minor injury: Medical assistance at accident site,430538.22,4588335.49,2.167373709,41.441743247