Case_Number,District_Code,District_Name,Neighborhood_Code,Neighborhood_Name,Street_Code,Street_Name,Postal_Code,Day_of_Week,Year,Month_Code,Month_Name,Day_of_Month,Shift_Description,Hour_of_Day,Pedestrian_Cause_Description,Involved_Vehicle_Type,Gender_Description,Age,Person_Type_Description,Pedestrian_Accident_Location_Description,Pedestrian_Movement_Reason_Description,Driver_Movement_Reason_Description,Victimization_Description,UTM_X_Coordinate,UTM_Y_Coordinate,Longitude,Latitude
2023S000791    ,2,Eixample,6,la Sagrada Família,238400,Padilla,0295 0295,Thursday,2023,2,February,9,Morning,10,No és causa del  vianant,Car,Man,28,Passenger,Desconegut                                                                                                                                            ,Unknown,Unknown,Minor injury: Hospitalization up to 24 hours,431148.92,4584518.15,2.175118361,41.407414429
2023S000791    ,2,Eixample,6,la Sagrada Família,238400,Padilla,0295 0295,Thursday,2023,2,February,9,Morning,10,No és causa del  vianant,Car,Man,45,Passenger,Desconegut                                                                                                                                            ,Unknown,Unknown,Minor injury: Hospitalization up to 24 hours,431148.92,4584518.15,2.175118361,41.407414429
2023S000791    ,2,Eixample,6,la Sagrada Família,238400,Padilla,0295 0295,Thursday,2023,2,February,9,Morning,10,No és causa del  vianant,Furgoneta,Man,43,Driver,Desconegut                                                                                                                                            ,Unknown,Unknown,Minor injury: Hospitalization up to 24 hours,431148.92,4584518.15,2.175118361,41.407414429
2023S000791    ,2,Eixample,6,la Sagrada Família,238400,Padilla,0295 0295,Thursday,2023,2,February,9,Morning,10,No és causa del  vianant,Car,Man,25,Driver,Desconegut                                                                                                                                            ,Unknown,Unknown,Minor injury: Medical assistance at accident site,431148.92,4584518.15,2.175118361,41.407414429
2023S000793    ,10,Sant Martí,66,el Parc i la Llacuna del Poblenou,30500,Badajoz,0176 0176,Wednesday,2023,2,February,8,Morning,13,No és causa del  vianant,Bus,Woman,59,Passenger,Desconegut                                                                                                                                            ,Unknown,Unknown,Minor injury: Refused medical assistance,432300.34,4584050.97,2.188945282,41.403304527
2023S000794    ,5,Sarrià-Sant Gervasi,25,Sant Gervasi - la Bonanova,280100,Reus,0028 0028,Thursday,2023,2,February,9,Morning,10,No és causa del  vianant,Motorcycle,Man,54,Driver,Desconegut                                                                                                                                            ,Unknown,Oci i entreteniment,Minor injury: Refused medical assistance,427708.53,4584235.24,2.133994608,41.40456417
2023S000795    ,2,Eixample,5,el Fort Pienc,9209,Alí Bei,0109 0109,Thursday,2023,2,February,9,Afternoon,19,No és causa del  vianant,Taxi,Man,43,Driver,Desconegut                                                                                                                                            ,Unknown,Taxi,Minor injury: Hospitalization up to 24 hours,431845.69,4583203.18,2.183602061,41.395630292
2023S000796    ,4,Les Corts,20,la Maternitat i Sant Ramon,144601,Diagonal,0649 0651,Thursday,2023,2,February,9,Afternoon,19,No és causa del  vianant,Motorcycle,Man,56,Driver,Desconegut                                                                                                                                            ,Unknown,Unknown,Minor injury: Hospitalization up to 24 hours,425818.02,4582082.48,2.111643341,41.385002917
2023S000797    ,3,Sants-Montjuïc,12,la Marina del Prat Vermell,701265,Litoral (Besòs),0021S0000,Thursday,2023,2,February,9,Afternoon,19,No és causa del  vianant,Ambulància,Woman,56,Driver,Desconegut                                                                                                                                            ,Unknown,"Bombers, policia, ambulància",Minor injury: Refused medical assistance,430757.36,4579771.81,2.170976851,41.364631905
2023S000797    ,3,Sants-Montjuïc,12,la Marina del Prat Vermell,701265,Litoral (Besòs),0021S0000,Thursday,2023,2,February,9,Afternoon,19,No és causa del  vianant,Ambulància,Woman,57,Passenger,Desconegut                                                                                                                                            ,Unknown,Unknown,Minor injury: Refused medical assistance,430757.36,4579771.81,2.170976851,41.364631905
2023S000797    ,3,Sants-Montjuïc,12,la Marina del Prat Vermell,701265,Litoral (Besòs),0021S0000,Thursday,2023,2,February,9,Afternoon,19,No és causa del  vianant,Ambulància,Man,49,Passenger,Desconegut                                                                                                                                            ,Unknown,Unknown,Minor injury: Refused medical assistance,430757.36,4579771.81,2.170976851,41.364631905
2023S000799    ,10,Sant Martí,71,Provençals del Poblenou,701414,C-31,020750000,Thursday,2023,2,February,9,Afternoon,21,No és causa del  vianant,Car,Man,53,Driver,Desconegut                                                                                                                                            ,Unknown,Unknown,Minor injury: Hospitalization up to 24 hours,433372.35,4585277.86,2.201633992,41.41444441
2023S000800    ,7,Horta-Guinardó,43,Horta,701267,Dalt (Besòs),001220000,Thursday,2023,2,February,9,Afternoon,21,No és causa del  vianant,Car,Woman,36,Driver,Desconegut                                                                                                                                            ,Unknown,Altres activitats,Minor injury: Hospitalization up to 24 hours,429136.59,4587872.79,2.150651358,41.437453351
2023S000801    ,3,Sants-Montjuïc,13,la Marina de Port,169409,Corts Catalanes,0158A0158A,Thursday,2023,2,February,9,Afternoon,20,No és causa del  vianant,Bus,Woman,49,Passenger,Desconegut                                                                                                                                            ,Unknown,Unknown,Minor injury: Hospitalization up to 24 hours,428011.32,4579996.61,2.138120645,41.366415597
2023S000804    ,2,Eixample,9,la Nova Esquerra de l'Eixample,110803,Entença,0071 0071,Friday,2023,2,February,10,Morning,7,No és causa del  vianant,Motorcycle,Man,31,Driver,Desconegut                                                                                                                                            ,Unknown,Unknown,Minor injury: Hospitalization up to 24 hours,429156.52,4581362.4,2.151652449,41.378818483
2023S000805    ,5,Sarrià-Sant Gervasi,27,el Putxet i el Farró,143904,General Mitre,0215 0217,Friday,2023,2,February,10,Morning,9,No és causa del  vianant,Ciclomotor,Man,20,Driver,Desconegut                                                                                                                                            ,Unknown,Oci i entreteniment,Minor injury: Hospitalization up to 24 hours,428559.02,4584322.86,2.14415826,41.405429399
2023S000806    ,10,Sant Martí,69,Diagonal Mar i el Front Marítim del Poblenou,701266,Litoral (Llobregat),000680000,Friday,2023,2,February,10,Morning,9,No és causa del  vianant,Motorcycle,Man,28,Driver,Desconegut                                                                                                                                            ,Unknown,In itínere,Minor injury: Hospitalization up to 24 hours,434227.97,4583837.28,2.212027746,41.401539977
2023S000808    ,10,Sant Martí,66,el Parc i la Llacuna del Poblenou,44403,Bolívia,0023 0023,Friday,2023,2,February,10,Morning,7,No és causa del  vianant,Motorcycle,Man,48,Driver,Desconegut                                                                                                                                            ,Unknown,Unknown,Minor injury: Hospitalization up to 24 hours,432328.1,4583858.49,2.18929889,41.401573252
2023S000809    ,4,Les Corts,20,la Maternitat i Sant Ramon,144601,Diagonal,0689 0701,Friday,2023,2,February,10,Morning,8,No és causa del  vianant,Furgoneta,Woman,54,Passenger,Desconegut                                                                                                                                            ,Unknown,Unknown,Minor injury: Hospitalization up to 24 hours,425238.83,4581781.81,2.10475403,41.382241273
2023S000810    ,2,Eixample,7,la Dreta de l'Eixample,191204,Mallorca,0274 0276,Tuesday,2023,2,February,7,Morning,8,No és causa del  vianant,Ciclomotor,Man,18,Driver,Desconegut                                                                                                                                            ,Unknown,Oci i entreteniment,Minor injury: Hospitalization up to 24 hours,430246.37,4583194.88,2.164473606,41.395418325
2023S000812    ,7,Horta-Guinardó,42,la Clota,701080,Estatut,0003X0003X,Friday,2023,2,February,10,Morning,12,No és causa del  vianant,Motorcycle,Woman,28,Driver,Desconegut                                                                                                                                            ,Unknown,Unknown,Minor injury: Hospitalization up to 24 hours,429578.3,4586995.75,2.156040252,41.429593088
2023S000813    ,10,Sant Martí,71,Provençals del Poblenou,322608,Selva de Mar,0167S0167S,Friday,2023,2,February,10,Morning,13,No és causa del  vianant,Motorcycle,Man,31,Driver,Desconegut                                                                                                                                            ,Unknown,Unknown,Minor injury: Hospitalization up to 24 hours,433465.73,4585204.84,2.202759274,41.41379448
2023S000814    ,2,Eixample,6,la Sagrada Família,178308,Lepant,0224 0224,Friday,2023,2,February,10,Afternoon,14,No és causa del  vianant,Motorcycle,Woman,44,Driver,Desconegut                                                                                                                                            ,Unknown,Unknown,Minor injury: Hospitalization up to 24 hours,431557.65,4583899.32,2.180078076,41.401875741
2023S000815    ,10,Sant Martí,65,el Clot,209900,Meridiana,0068 0078,Friday,2023,2,February,10,Afternoon,14,No és causa del  vianant,Motorcycle,Man,27,Driver,Desconegut                                                                                                                                            ,Unknown,Unknown,Minor injury: Hospitalization up to 24 hours,432127.7,4584285.31,2.186853797,41.405400594
2023S000816    ,4,Les Corts,19,les Corts,343903,Corts,0174 0176,Friday,2023,2,February,10,Morning,13,Creuar per fora pas de vianants,Motorcycle,Man,38,Driver,Fora del pas                                                                                                                                          ,Unknown,Unknown,Minor injury: Hospitalization up to 24 hours,427274.86,4581827.27,2.129096158,41.38283743
2023S000817    ,8,Nou Barris,54,Torre Baró,111908,Escolapi Càncer,0058 0058,Friday,2023,2,February,10,Afternoon,15,No és causa del  vianant,Motorcycle,Woman,25,Passenger,Desconegut                                                                                                                                            ,Unknown,Unknown,Minor injury: Medical assistance at accident site,431383.08,4590036.1,2.177292875,41.457132683
2023S000817    ,8,Nou Barris,54,Torre Baró,111908,Escolapi Càncer,0058 0058,Friday,2023,2,February,10,Afternoon,15,No és causa del  vianant,Motorcycle,Man,31,Driver,Desconegut                                                                                                                                            ,Unknown,Oci i entreteniment,Minor injury: Hospitalization up to 24 hours,431383.08,4590036.1,2.177292875,41.457132683
2023S000818    ,9,Sant Andreu,63,Navas,297001,Sant Antoni Maria Claret,0355 0355,Friday,2023,2,February,10,Afternoon,14,No és causa del  vianant,Veh. mobilitat personal amb motor,Man,20,Driver,Desconegut                                                                                                                                            ,Unknown,Unknown,Minor injury: Hospitalization up to 24 hours,432147.88,4585942.07,2.186909296,41.420324234
2023S000819    ,1,Ciutat Vella,1,el Raval,700025,Josep Carner,0029B0029B,Friday,2023,2,February,10,Morning,13,No és causa del  vianant,Motorcycle,Man,32,Driver,Desconegut                                                                                                                                            ,Unknown,Unknown,Minor injury: Medical assistance at accident site,431242.62,4580854.67,2.176655418,41.37442656
2023S000820    ,2,Eixample,8,l'Antiga Esquerra de l'Eixample,18505,Aragó,0205 0205,Friday,2023,2,February,10,Afternoon,15,No és causa del  vianant,Motorcycle,Man,40,Driver,Desconegut                                                                                                                                            ,Unknown,In itínere,Minor injury: Medical assistance at accident site,429845.9,4582433.84,2.159771826,41.388529035
2023S000821    ,2,Eixample,9,la Nova Esquerra de l'Eixample,362001,Vilamarí,0082 0084,Friday,2023,2,February,10,Afternoon,16,No és causa del  vianant,Veh. mobilitat personal amb motor,Woman,18,Driver,Desconegut                                                                                                                                            ,Unknown,Unknown,Minor injury: Hospitalization up to 24 hours,428947.83,4581402.34,2.149152286,41.379159798
2023S000822    ,2,Eixample,7,la Dreta de l'Eixample,74404,Catalunya,0008 0008,Friday,2023,2,February,10,Afternoon,14,No és causa del  vianant,Motorcycle,Man,35,Passenger,Desconegut                                                                                                                                            ,Unknown,Unknown,Minor injury: Medical assistance at accident site,430577.54,4582299.78,2.168537358,41.387385111
2023S000822    ,2,Eixample,7,la Dreta de l'Eixample,74404,Catalunya,0008 0008,Friday,2023,2,February,10,Afternoon,14,No és causa del  vianant,Motorcycle,Man,37,Driver,Desconegut                                                                                                                                            ,Unknown,Oci i entreteniment,Minor injury: Medical assistance at accident site,430577.54,4582299.78,2.168537358,41.387385111
2023S000823    ,5,Sarrià-Sant Gervasi,25,Sant Gervasi - la Bonanova,191703,Mandri,0033 0033,Friday,2023,2,February,10,Afternoon,20,No és causa del  vianant,Motorcycle,Man,17,Driver,Desconegut                                                                                                                                            ,Unknown,Unknown,Minor injury: Medical assistance at accident site,427694.18,4584086.28,2.13384075,41.403221257
2023S000824    ,5,Sarrià-Sant Gervasi,27,el Putxet i el Farró,152508,Guillem Tell,0040 0040,Friday,2023,2,February,10,Afternoon,20,Others,Motorcycle,Man,45,Driver,Desconegut                                                                                                                                            ,Unknown,En missió,Minor injury: Medical assistance at accident site,428816.64,4583901.99,2.147289609,41.401661649
2023S000825    ,6,Gràcia,31,la Vila de Gràcia,51103,Bonavista,0013 0013,Monday,2023,2,February,20,Night,22,No és causa del  vianant,Bicicleta,Man,31,Driver,Desconegut                                                                                                                                            ,Unknown,Oci i entreteniment,Minor injury: Refused medical assistance,429833.99,4583500.91,2.159505689,41.398138738
2023S000826    ,2,Eixample,9,la Nova Esquerra de l'Eixample,54509,Calàbria,0205 0205,Friday,2023,2,February,10,Afternoon,18,No és causa del  vianant,Bicicleta,Woman,8,Driver,En pas regulat per semàfor                                                                                                                            ,Unknown,Altres activitats,Minor injury: Hospitalization up to 24 hours,428880.88,4582025.85,2.148278487,41.384769621
2023S000827    ,5,Sarrià-Sant Gervasi,25,Sant Gervasi - la Bonanova,101008,Tibidabo,0073 0073,Friday,2023,2,February,10,Afternoon,21,No és causa del  vianant,Car,Woman,1,Pedestrian,A la vorera / Andana                                                                                                                                  ,Unknown,Unknown,Minor injury: Medical assistance at accident site,427358.67,4585496.79,2.129657886,41.415894853
2023S000827    ,5,Sarrià-Sant Gervasi,25,Sant Gervasi - la Bonanova,101008,Tibidabo,0073 0073,Friday,2023,2,February,10,Afternoon,21,No és causa del  vianant,Car,Woman,34,Pedestrian,A la vorera / Andana                                                                                                                                  ,Unknown,Unknown,Minor injury: Medical assistance at accident site,427358.67,4585496.79,2.129657886,41.415894853
2023S000827    ,5,Sarrià-Sant Gervasi,25,Sant Gervasi - la Bonanova,101008,Tibidabo,0073 0073,Friday,2023,2,February,10,Afternoon,21,No és causa del  vianant,Car,Woman,39,Pedestrian,A la vorera / Andana                                                                                                                                  ,Unknown,Unknown,Minor injury: Hospitalization up to 24 hours,427358.67,4585496.79,2.129657886,41.415894853
2023S000828    ,2,Eixample,9,la Nova Esquerra de l'Eixample,331507,Tarragona,0074 0076,Friday,2023,2,February,10,Afternoon,21,No és causa del  vianant,Motorcycle,Woman,23,Passenger,Desconegut                                                                                                                                            ,Unknown,Unknown,Minor injury: Medical assistance at accident site,428769.74,4581177.12,2.147049191,41.377115564
2023S000828    ,2,Eixample,9,la Nova Esquerra de l'Eixample,331507,Tarragona,0074 0076,Friday,2023,2,February,10,Afternoon,21,No és causa del  vianant,Motorcycle,Man,22,Driver,Desconegut                                                                                                                                            ,Unknown,Oci i entreteniment,Minor injury: Medical assistance at accident site,428769.74,4581177.12,2.147049191,41.377115564
2023S000829    ,8,Nou Barris,51,Verdun,174307,Júlia,0195 0195,Friday,2023,2,February,10,Afternoon,21,No és causa del  vianant,Bus,Man,74,Passenger,Desconegut                                                                                                                                            ,Unknown,Unknown,Minor injury: Hospitalization up to 24 hours,431504.41,4588688.47,2.178898422,41.445005465
2023S000831    ,5,Sarrià-Sant Gervasi,26,Sant Gervasi - Galvany,113007,Escoles Pies,0014 0014,Friday,2023,2,February,10,Night,23,No és causa del  vianant,Motorcycle,Woman,28,Driver,Desconegut                                                                                                                                            ,Unknown,Oci i entreteniment,Minor injury: Hospitalization up to 24 hours,427819.41,4583268.09,2.135436381,41.395863407
2023S000835    ,4,Les Corts,21,Pedralbes,213806,Miret i Sans,0038 0046,Saturday,2023,2,February,11,Morning,12,No és causa del  vianant,Motorcycle,Woman,30,Passenger,Desconegut                                                                                                                                            ,Unknown,Unknown,Minor injury: Hospitalization up to 24 hours,425635.67,4582914.9,2.109360405,41.392483308
2023S000835    ,4,Les Corts,21,Pedralbes,213806,Miret i Sans,0038 0046,Saturday,2023,2,February,11,Morning,12,No és causa del  vianant,Motorcycle,Man,30,Driver,Desconegut                                                                                                                                            ,Unknown,Unknown,Minor injury: Hospitalization up to 24 hours,425635.67,4582914.9,2.109360405,41.392483308
2023S000836    ,10,Sant Martí,68,el Poblenou,42306,Bilbao,0032X0032X,Saturday,2023,2,February,11,Morning,9,No és causa del  vianant,Bicicleta,Woman,28,Driver,Desconegut                                                                                                                                            ,Unknown,Oci i entreteniment,Minor injury: Hospitalization up to 24 hours,433600.64,4583893.63,2.204517341,41.401995913
2023S000837    ,9,Sant Andreu,57,la Trinitat Vella,701497,B-10 (Llobregat),000020000,Saturday,2023,2,February,11,Afternoon,15,No és causa del  vianant,Motorcycle,Man,56,Driver,Desconegut                                                                                                                                            ,Unknown,Oci i entreteniment,Minor injury: Hospitalization up to 24 hours,433072.09,4589234.17,2.197603194,41.450052707
2023S000838    ,1,Ciutat Vella,4,"Sant Pere, Santa Caterina i la Ribera",342900,Trafalgar,0032 0032,Saturday,2023,2,February,11,Afternoon,15,Desobeir el senyal del semàfor,Motorcycle,Woman,37,Pedestrian,En pas regulat per semàfor                                                                                                                            ,Unknown,Unknown,Minor injury: Hospitalization up to 24 hours,431205.64,4582467.76,2.176030011,41.388952051
2023S000838    ,1,Ciutat Vella,4,"Sant Pere, Santa Caterina i la Ribera",342900,Trafalgar,0032 0032,Saturday,2023,2,February,11,Afternoon,15,Desobeir el senyal del semàfor,Motorcycle,Man,49,Driver,En pas regulat per semàfor                                                                                                                            ,Unknown,Unknown,Minor injury: Hospitalization up to 24 hours,431205.64,4582467.76,2.176030011,41.388952051
2023S000839    ,2,Eixample,10,Sant Antoni,349706,Comte d'Urgell,0027 0027,Saturday,2023,2,February,11,Morning,13,No és causa del  vianant,Bicicleta,Man,25,Driver,Desconegut                                                                                                                                            ,Unknown,Unknown,Minor injury: Hospitalization up to 24 hours,429898.34,4581539.92,2.160502474,41.380482357
2023S000840    ,2,Eixample,6,la Sagrada Família,289105,Rosselló,0493 0493,Saturday,2023,2,February,11,Afternoon,14,No és causa del  vianant,Motorcycle,Woman,26,Driver,Desconegut                                                                                                                                            ,Unknown,Unknown,Minor injury: Medical assistance at accident site,431274.06,4584558.52,2.176610842,41.407788743
2023S000841    ,5,Sarrià-Sant Gervasi,22,"Vallvidrera, el Tibidabo i les Planes",320908,Sarrià a Vallvidrera,0185 0185,Saturday,2023,2,February,11,Afternoon,18,No és causa del  vianant,Taxi,Man,80,Passenger,Desconegut                                                                                                                                            ,Unknown,Unknown,Minor injury: Hospitalization up to 24 hours,425369.97,4584458.95,2.105992153,41.406365214
2023S000842    ,5,Sarrià-Sant Gervasi,26,Sant Gervasi - Galvany,55807,Francesc Macià,9999 9999,Saturday,2023,2,February,11,Afternoon,16,No és causa del  vianant,Motorcycle,Man,26,Driver,Desconegut                                                                                                                                            ,Unknown,In itínere,Minor injury: Hospitalization up to 24 hours,428560.64,4582872.87,2.144348823,41.392370033
2023S000843    ,7,Horta-Guinardó,41,la Vall d'Hebron,701268,Dalt (Llobregat),001070000,Saturday,2023,2,February,11,Afternoon,18,No és causa del  vianant,Motorcycle,Man,28,Driver,Desconegut                                                                                                                                            ,Unknown,Oci i entreteniment,Minor injury: Hospitalization up to 24 hours,428462.82,4586546.94,2.142744299,41.425452221
2023S000844    ,4,Les Corts,19,les Corts,320704,Sarrià,0121 0127,Saturday,2023,2,February,11,Morning,13,No és causa del  vianant,Car,Man,36,Driver,Desconegut                                                                                                                                            ,Unknown,En missió,Minor injury: Hospitalization up to 24 hours,427558.75,4582878.72,2.132365256,41.392333056
2023S000845    ,2,Eixample,10,Sant Antoni,169409,Corts Catalanes,0538 0538,Saturday,2023,2,February,11,Afternoon,20,No és causa del  vianant,Ciclomotor,Man,23,Driver,Desconegut                                                                                                                                            ,Unknown,Oci i entreteniment,Minor injury: Hospitalization up to 24 hours,429834.07,4581818.31,2.15970167,41.382984122
2023S000846    ,2,Eixample,7,la Dreta de l'Eixample,18505,Aragó,0310 0310,Saturday,2023,2,February,11,Afternoon,18,No és causa del  vianant,Motorcycle,Man,22,Driver,Desconegut                                                                                                                                            ,Unknown,In itínere,Minor injury: Hospitalization up to 24 hours,430577.16,4583105.99,2.168440355,41.394646361
2023S000847    ,5,Sarrià-Sant Gervasi,27,el Putxet i el Farró,143904,General Mitre,0248 0248,Saturday,2023,2,February,11,Afternoon,17,No és causa del  vianant,Motorcycle,Man,0,Passenger,Desconegut                                                                                                                                            ,Unknown,Unknown,Minor injury: Hospitalization up to 24 hours,428997.48,4584396.97,2.149394724,41.406135747
2023S000847    ,5,Sarrià-Sant Gervasi,27,el Putxet i el Farró,143904,General Mitre,0248 0248,Saturday,2023,2,February,11,Afternoon,17,No és causa del  vianant,Motorcycle,Woman,26,Driver,Desconegut                                                                                                                                            ,Unknown,En missió,Minor injury: Medical assistance at accident site,428997.48,4584396.97,2.149394724,41.406135747
2023S000848    ,5,Sarrià-Sant Gervasi,25,Sant Gervasi - la Bonanova,32700,Balmes,0379 0379,Saturday,2023,2,February,11,Night,23,No és causa del  vianant,Motorcycle,Man,25,Driver,Desconegut                                                                                                                                            ,Unknown,Oci i entreteniment,Minor injury: Hospitalization up to 24 hours,428204.64,4584253.59,2.139927149,41.404773924
2023S000849    ,8,Nou Barris,52,la Prosperitat,351901,Valldaura,0201 0201,Wednesday,2023,2,February,15,Afternoon,19,No és causa del  vianant,Motorcycle,Man,59,Driver,Desconegut                                                                                                                                            ,Unknown,Oci i entreteniment,Minor injury: Hospitalization up to 24 hours,431288.21,4587995.12,2.176389401,41.438742233
2023S000850    ,6,Gràcia,32,el Camp d'en Grassot i Gràcia Nova,161407,Indústria,0053 0053,Sunday,2023,2,February,12,Night,5,No és causa del  vianant,Bicicleta,Man,24,Driver,Desconegut                                                                                                                                            ,Unknown,Oci i entreteniment,Minor injury: Hospitalization up to 24 hours,430511.14,4584187.85,2.167526463,41.404384616
2023S000851    ,7,Horta-Guinardó,33,el Baix Guinardó,152905,Guinardó,0048 0050,Saturday,2023,2,February,11,Night,23,No és causa del  vianant,Motorcycle,Man,61,Driver,Desconegut                                                                                                                                            ,Unknown,En missió,Minor injury: Hospitalization up to 24 hours,430521.69,4585050.34,2.16755359,41.412153683
2023S000852    ,2,Eixample,6,la Sagrada Família,238400,Padilla,0296B0296B,Saturday,2023,2,February,11,Night,22,No és causa del  vianant,Motorcycle,Woman,24,Pedestrian,Desconegut                                                                                                                                            ,Unknown,Unknown,Minor injury: Refused medical assistance,431087.38,4584563.89,2.174376938,41.407821118
2023S000852    ,2,Eixample,6,la Sagrada Família,238400,Padilla,0296B0296B,Saturday,2023,2,February,11,Night,22,No és causa del  vianant,Motorcycle,Woman,36,Driver,Desconegut                                                                                                                                            ,Unknown,Oci i entreteniment,Minor injury: Hospitalization up to 24 hours,431087.38,4584563.89,2.174376938,41.407821118
2023S000854    ,5,Sarrià-Sant Gervasi,26,Sant Gervasi - Galvany,320704,Sarrià,0084 0086,Sunday,2023,2,February,12,Morning,8,No és causa del  vianant,Motorcycle,Man,30,Driver,Desconegut                                                                                                                                            ,Unknown,Altres activitats,Minor injury: Hospitalization up to 24 hours,427892.33,4582795.84,2.13636483,41.391616581
2023S000856    ,4,Les Corts,19,les Corts,144601,Diagonal,0632 0632,Sunday,2023,2,February,12,Morning,10,No és causa del  vianant,Motorcycle,Man,17,Driver,Desconegut                                                                                                                                            ,Unknown,Unknown,Minor injury: Hospitalization up to 24 hours,427954.95,4582701.1,2.137125048,41.390768909
2023S000858    ,2,Eixample,8,l'Antiga Esquerra de l'Eixample,144601,Diagonal,0433 0433,Sunday,2023,2,February,12,Morning,11,No és causa del  vianant,Car,Woman,66,Pedestrian,En pas regulat per semàfor                                                                                                                            ,Altres activitats,Unknown,Minor injury: Hospitalization up to 24 hours,429144.63,4583098.78,2.151307076,41.394456414
2023S000859    ,6,Gràcia,31,la Vila de Gràcia,326201,Siracusa,0032 0032,Sunday,2023,2,February,12,Afternoon,14,No és causa del  vianant,Motorcycle,Man,33,Driver,Desconegut                                                                                                                                            ,Unknown,Unknown,Minor injury: Hospitalization up to 24 hours,429998.01,4583935.06,2.16141737,41.402063282
2023S000861    ,3,Sants-Montjuïc,15,Hostafrancs,169409,Corts Catalanes,0327 0327,Sunday,2023,2,February,12,Morning,12,No és causa del  vianant,Veh. mobilitat personal amb motor,Man,21,Driver,Desconegut                                                                                                                                            ,Unknown,Unknown,Minor injury: Hospitalization up to 24 hours,428691.28,4580704.77,2.146166601,41.372854314
2023S000862    ,2,Eixample,9,la Nova Esquerra de l'Eixample,285807,Rocafort,0233 0233,Sunday,2023,2,February,12,Afternoon,15,No és causa del  vianant,Bicicleta,Man,29,Driver,Desconegut                                                                                                                                            ,Unknown,En missió,Minor injury: Medical assistance at accident site,428665.12,4582042.51,2.145696272,41.384900559
2023S000863    ,7,Horta-Guinardó,43,Horta,321401,Scala Dei,0050 0050,Sunday,2023,2,February,12,Afternoon,16,No és causa del  vianant,Motorcycle,Man,27,Driver,Desconegut                                                                                                                                            ,Unknown,Unknown,Minor injury: Hospitalization up to 24 hours,429549.07,4588168.13,2.155553708,41.440149671
2023S000864    ,3,Sants-Montjuïc,16,la Bordeta,89707,Constitució,0010 0012,Sunday,2023,2,February,12,Afternoon,14,No és causa del  vianant,Car,Man,55,Pedestrian,A la vorera / Andana                                                                                                                                  ,Unknown,Unknown,Serious injury: Hospitalization over 24 hours,427949.35,4580391.97,2.13733276,41.36997092
2023S000865    ,3,Sants-Montjuïc,11,el Poble-sec,701266,Litoral (Llobregat),001430000,Sunday,2023,2,February,12,Afternoon,17,No és causa del  vianant,Motorcycle,Man,18,Passenger,Desconegut                                                                                                                                            ,Unknown,Unknown,Minor injury: Hospitalization up to 24 hours,429453.56,4578421.99,2.155546634,41.352361207
2023S000865    ,3,Sants-Montjuïc,11,el Poble-sec,701266,Litoral (Llobregat),001430000,Sunday,2023,2,February,12,Afternoon,17,No és causa del  vianant,Motorcycle,Man,22,Driver,Desconegut                                                                                                                                            ,Unknown,Unknown,Minor injury: Hospitalization up to 24 hours,429453.56,4578421.99,2.155546634,41.352361207
2023S000866    ,5,Sarrià-Sant Gervasi,24,les Tres Torres,54906,Calatrava,0014 0014,Sunday,2023,2,February,12,Afternoon,14,No és causa del  vianant,Car,Woman,52,Pedestrian,En pas sense regular                                                                                                                                  ,Unknown,Unknown,Minor injury: Hospitalization up to 24 hours,427462.68,4583577.13,2.13113253,41.398614689
2023S000867    ,5,Sarrià-Sant Gervasi,26,Sant Gervasi - Galvany,32700,Balmes,0199 0199,Sunday,2023,2,February,12,Afternoon,16,No és causa del  vianant,Motorcycle,Woman,36,Driver,Desconegut                                                                                                                                            ,Unknown,Unknown,Minor injury: Hospitalization up to 24 hours,429197.14,4583444.59,2.151894676,41.397575629
2023S000868    ,1,Ciutat Vella,3,la Barceloneta,248050,Pau Vila,0011 0011,Sunday,2023,2,February,12,Afternoon,18,Others,Bicicleta,Woman,28,Pedestrian,Altres                                                                                                                                                ,Unknown,Unknown,Minor injury: Hospitalization up to 24 hours,432011.36,4581589.21,2.18576489,41.381107728
2023S000869    ,4,Les Corts,19,les Corts,278302,Reina Maria Cristina,9997 9997,Sunday,2023,2,February,12,Night,23,No és causa del  vianant,Car,Woman,27,Passenger,Desconegut                                                                                                                                            ,Unknown,Unknown,Minor injury: Hospitalization up to 24 hours,427207.0,4582445.17,2.128210374,41.38839647
2023S000869    ,4,Les Corts,19,les Corts,278302,Reina Maria Cristina,9997 9997,Sunday,2023,2,February,12,Night,23,No és causa del  vianant,Motorcycle,Man,28,Driver,Desconegut                                                                                                                                            ,Unknown,Oci i entreteniment,Minor injury: Hospitalization up to 24 hours,427207.0,4582445.17,2.128210374,41.38839647
2023S000870    ,9,Sant Andreu,63,Navas,209900,Meridiana,0270 0272,Monday,2023,2,February,13,Night,2,No és causa del  vianant,Motorcycle,Man,34,Driver,Desconegut                                                                                                                                            ,Unknown,Oci i entreteniment,Minor injury: Hospitalization up to 24 hours,432174.02,4585878.71,2.187229185,41.419755779
2023S000871    ,8,Nou Barris,55,Ciutat Meridiana,701432,C-17 (Barcelona),000140000,Monday,2023,2,February,13,Morning,7,No és causa del  vianant,Motorcycle,Woman,42,Driver,Desconegut                                                                                                                                            ,Unknown,In itínere,Minor injury: Medical assistance at accident site,432306.01,4589737.0,2.188376031,41.454517233