Case_Number,District_Code,District_Name,Neighborhood_Code,Neighborhood_Name,Street_Code,Street_Name,Postal_Code,Day_of_Week,Year,Month_Code,Month_Name,Day_of_Month,Shift_Description,Hour_of_Day,Pedestrian_Cause_Description,Involved_Vehicle_Type,Gender_Description,Age,Person_Type_Description,Pedestrian_Accident_Location_Description,Pedestrian_Movement_Reason_Description,Driver_Movement_Reason_Description,Victimization_Description,UTM_X_Coordinate,UTM_Y_Coordinate,Longitude,Latitude
2023S000872    ,3,Sants-Montjuïc,15,Hostafrancs,191204,Mallorca,0028U0028U,Saturday,2023,2,February,11,Morning,13,No és causa del  vianant,Motorcycle,Man,43,Driver,Desconegut                                                                                                                                            ,Unknown,Unknown,Minor injury: Hospitalization up to 24 hours,428494.09,4581458.79,2.143719857,41.379628007
2023S000873    ,2,Eixample,6,la Sagrada Família,238400,Padilla,0252 0252,Monday,2023,2,February,13,Morning,9,No és causa del  vianant,Motorcycle,Man,33,Driver,Desconegut                                                                                                                                            ,Unknown,Unknown,Minor injury: Hospitalization up to 24 hours,431273.03,4584371.26,2.176619797,41.406102064
2023S000875    ,2,Eixample,5,el Fort Pienc,305100,Sant Joan,0006 0006,Friday,2023,2,February,10,Afternoon,21,No és causa del  vianant,Motorcycle,Woman,32,Passenger,Desconegut                                                                                                                                            ,Unknown,Unknown,Minor injury: Hospitalization up to 24 hours,431582.27,4582754.76,2.180501983,41.391569121
2023S000875    ,2,Eixample,5,el Fort Pienc,305100,Sant Joan,0006 0006,Friday,2023,2,February,10,Afternoon,21,No és causa del  vianant,Motorcycle,Woman,34,Driver,Desconegut                                                                                                                                            ,Unknown,Unknown,Minor injury: Hospitalization up to 24 hours,431582.27,4582754.76,2.180501983,41.391569121
2023S000876    ,2,Eixample,8,l'Antiga Esquerra de l'Eixample,320704,Sarrià,0018 0018,Monday,2023,2,February,13,Morning,12,No és causa del  vianant,Motorcycle,Woman,41,Driver,Desconegut                                                                                                                                            ,Unknown,En missió,Minor injury: Medical assistance at accident site,428499.73,4582666.13,2.143644741,41.390502587
2023S000877    ,2,Eixample,6,la Sagrada Família,76807,Sardenya,0245 0245,Monday,2023,2,February,13,Morning,10,No és causa del  vianant,Motorcycle,Man,23,Driver,Desconegut                                                                                                                                            ,Unknown,Altres activitats,Minor injury: Hospitalization up to 24 hours,431264.72,4583795.85,2.176585763,41.400918815
2023S000880    ,2,Eixample,5,el Fort Pienc,169409,Corts Catalanes,0736 0740,Monday,2023,2,February,13,Morning,13,No és causa del  vianant,Furgoneta,Man,62,Driver,Desconegut                                                                                                                                            ,Unknown,En missió,Minor injury: Hospitalization up to 24 hours,431455.99,4583368.44,2.178922143,41.397085599
2023S000880    ,2,Eixample,5,el Fort Pienc,169409,Corts Catalanes,0736 0740,Monday,2023,2,February,13,Morning,13,No és causa del  vianant,Car,Woman,24,Driver,Desconegut                                                                                                                                            ,Unknown,Unknown,Minor injury: Hospitalization up to 24 hours,431455.99,4583368.44,2.178922143,41.397085599
2023S000881    ,2,Eixample,7,la Dreta de l'Eixample,169409,Corts Catalanes,0694 0694,Monday,2023,2,February,13,Morning,13,No és causa del  vianant,Veh. mobilitat personal amb motor,Man,32,Driver,Desconegut                                                                                                                                            ,Unknown,Unknown,Minor injury: Hospitalization up to 24 hours,431044.09,4582965.88,2.174041171,41.393424628
2023S000882    ,4,Les Corts,19,les Corts,144601,Diagonal,0579 0587,Monday,2023,2,February,13,Afternoon,15,No és causa del  vianant,Motorcycle,Woman,27,Driver,Desconegut                                                                                                                                            ,Unknown,Unknown,Minor injury: Hospitalization up to 24 hours,427557.22,4582526.09,2.132389155,41.389156919
2023S000883    ,4,Les Corts,20,la Maternitat i Sant Ramon,343903,Corts,0033 0033,Monday,2023,2,February,13,Afternoon,16,No és causa del  vianant,Bicicleta,Woman,66,Pedestrian,A la vorera / Andana                                                                                                                                  ,Oci i entreteniment,Unknown,Minor injury: Refused medical assistance,426465.78,4581177.17,2.11949972,41.376908663
2023S000884    ,10,Sant Martí,64,el Camp de l'Arpa del Clot,224802,Nació,0035 0035,Monday,2023,2,February,13,Afternoon,16,No és causa del  vianant,Motorcycle,Woman,58,Passenger,Desconegut                                                                                                                                            ,Unknown,Unknown,Minor injury: Hospitalization up to 24 hours,431998.91,4585133.19,2.185217773,41.413026304
2023S000884    ,10,Sant Martí,64,el Camp de l'Arpa del Clot,224802,Nació,0035 0035,Monday,2023,2,February,13,Afternoon,16,No és causa del  vianant,Motorcycle,Man,59,Driver,Desconegut                                                                                                                                            ,Unknown,Unknown,Minor injury: Hospitalization up to 24 hours,431998.91,4585133.19,2.185217773,41.413026304
2023S000885    ,3,Sants-Montjuïc,13,la Marina de Port,230601,Mare de Déu de Port,0343 0345,Monday,2023,2,February,13,Afternoon,18,No és causa del  vianant,Car,Man,67,Pedestrian,A la vorera / Andana                                                                                                                                  ,Oci i entreteniment,Unknown,Minor injury: Hospitalization up to 24 hours,428136.79,4579538.28,2.13967504,41.362298789
2023S000886    ,2,Eixample,7,la Dreta de l'Eixample,100800,Diputació,0312 0312,Monday,2023,2,February,13,Afternoon,17,Others,Motorcycle,Woman,32,Driver,Desconegut                                                                                                                                            ,Unknown,Oci i entreteniment,Minor injury: Hospitalization up to 24 hours,430876.43,4583046.5,2.172026654,41.394136346
2023S000887    ,2,Eixample,8,l'Antiga Esquerra de l'Eixample,100800,Diputació,0137 0137,Monday,2023,2,February,13,Afternoon,17,No és causa del  vianant,Car,Man,42,Driver,Desconegut                                                                                                                                            ,Unknown,Unknown,Minor injury: Hospitalization up to 24 hours,429696.1,4581906.18,2.158041539,41.383763488
2023S000890    ,10,Sant Martí,73,la Verneda i la Pau,266405,Prim,0192 0194,Monday,2023,2,February,13,Afternoon,18,No és causa del  vianant,Motorcycle,Man,40,Driver,Desconegut                                                                                                                                            ,Unknown,In itínere,Minor injury: Medical assistance at accident site,433653.97,4586136.52,2.204909198,41.422201441
2023S000892    ,10,Sant Martí,64,el Camp de l'Arpa del Clot,209900,Meridiana,0199 0199,Tuesday,2023,2,February,14,Morning,6,No és causa del  vianant,Veh. mobilitat personal amb motor,Woman,37,Driver,Desconegut                                                                                                                                            ,Unknown,Unknown,Minor injury: Medical assistance at accident site,432141.03,4585382.64,2.186890129,41.415285043
2023S000893    ,5,Sarrià-Sant Gervasi,27,el Putxet i el Farró,143904,General Mitre,0175 0175,Tuesday,2023,2,February,14,Morning,8,No és causa del  vianant,Motorcycle,Woman,31,Driver,Desconegut                                                                                                                                            ,Unknown,Unknown,Minor injury: Hospitalization up to 24 hours,428273.21,4584231.67,2.14075002,41.404582623
2023S000894    ,2,Eixample,5,el Fort Pienc,89004,Consell de Cent,0467 0469,Tuesday,2023,2,February,14,Morning,9,No és causa del  vianant,Motorcycle,Man,43,Driver,Desconegut                                                                                                                                            ,Unknown,Unknown,Minor injury: Refused medical assistance,431230.39,4583594.47,2.176197997,41.39910211
2023S000895    ,7,Horta-Guinardó,36,la Font d'en Fargues,355800,Verema,0010 0010,Tuesday,2023,2,February,14,Morning,8,No és causa del  vianant,Motorcycle,Woman,54,Driver,Desconegut                                                                                                                                            ,Unknown,Unknown,Minor injury: Hospitalization up to 24 hours,430182.07,4586474.44,2.163325906,41.424950584
2023S000896    ,1,Ciutat Vella,1,el Raval,28203,Aurora,0014C0014C,Tuesday,2023,2,February,14,Morning,7,No és causa del  vianant,Veh. mobilitat personal amb motor,Man,17,Driver,Desconegut                                                                                                                                            ,Unknown,Unknown,Minor injury: Hospitalization up to 24 hours,430509.14,4581315.0,2.167832333,41.378509583
2023S000897    ,3,Sants-Montjuïc,16,la Bordeta,160903,Ildefons Cerdà,0004 0006,Tuesday,2023,2,February,14,Morning,9,No és causa del  vianant,Motorcycle,Man,42,Driver,Desconegut                                                                                                                                            ,Unknown,Unknown,Minor injury: Refused medical assistance,427718.43,4579750.57,2.134648336,41.364173341
2023S000898    ,10,Sant Martí,66,el Parc i la Llacuna del Poblenou,209900,Meridiana,0015 0017,Tuesday,2023,2,February,14,Morning,8,No és causa del  vianant,Motorcycle,Woman,50,Driver,Desconegut                                                                                                                                            ,Unknown,Unknown,Minor injury: Hospitalization up to 24 hours,432116.2,4582922.61,2.186869104,41.393126169
2023S000899    ,9,Sant Andreu,60,Sant Andreu,105701,Dublín,0016B0016B,Tuesday,2023,2,February,14,Morning,8,No és causa del  vianant,Motorcycle,Woman,28,Driver,Desconegut                                                                                                                                            ,Unknown,Unknown,Minor injury: Medical assistance at accident site,431926.84,4586869.18,2.184159998,41.428655703
2023S000900    ,1,Ciutat Vella,2,el Barri Gòtic,106205,Duc de Medinaceli,0002 0002,Tuesday,2023,2,February,14,Morning,10,No és causa del  vianant,Motorcycle,Woman,42,Driver,Desconegut                                                                                                                                            ,Unknown,Unknown,Minor injury: Hospitalization up to 24 hours,431420.9,4581318.27,2.178734648,41.378617304
2023S000901    ,4,Les Corts,20,la Maternitat i Sant Ramon,144601,Diagonal,0653 0659,Tuesday,2023,2,February,14,Morning,10,No és causa del  vianant,Motorcycle,Man,20,Driver,Desconegut                                                                                                                                            ,Unknown,En missió,Minor injury: Hospitalization up to 24 hours,425755.73,4581989.81,2.110909787,41.384162529
2023S000903    ,2,Eixample,8,l'Antiga Esquerra de l'Eixample,245802,París,0169 0169,Tuesday,2023,2,February,14,Morning,13,No és causa del  vianant,Bicicleta,Man,26,Driver,Desconegut                                                                                                                                            ,Unknown,Unknown,Minor injury: Hospitalization up to 24 hours,429173.98,4582876.38,2.151684146,41.392455923
2023S000904    ,3,Sants-Montjuïc,12,la Marina del Prat Vermell,369408,Zona Franca,0028 0028,Tuesday,2023,2,February,14,Morning,13,No és causa del  vianant,Veh. mobilitat personal amb motor,Man,16,Driver,Desconegut                                                                                                                                            ,Unknown,Unknown,Minor injury: Hospitalization up to 24 hours,428495.23,4578479.06,2.144085014,41.352790659
2023S000905    ,6,Gràcia,31,la Vila de Gràcia,306306,Sant Lluís,0055 0055,Tuesday,2023,2,February,14,Morning,11,No és causa del  vianant,Motorcycle,Man,30,Driver,Desconegut                                                                                                                                            ,Unknown,En missió,Minor injury: Hospitalization up to 24 hours,429941.66,4584339.31,2.160696489,41.40569931
2023S000906    ,1,Ciutat Vella,4,"Sant Pere, Santa Caterina i la Ribera",247105,Sota Muralla,0015 0015,Tuesday,2023,2,February,14,Morning,10,No és causa del  vianant,Bicicleta,Man,41,Driver,Desconegut                                                                                                                                            ,Unknown,Oci i entreteniment,Minor injury: Hospitalization up to 24 hours,431876.16,4581706.1,2.184134973,41.382149083
2023S000907    ,5,Sarrià-Sant Gervasi,23,Sarrià,701501,B-20 (Llobregat),000650000,Tuesday,2023,2,February,14,Afternoon,15,No és causa del  vianant,Car,Man,28,Driver,Desconegut                                                                                                                                            ,Unknown,In itínere,Minor injury: Hospitalization up to 24 hours,425886.72,4583460.91,2.112296156,41.39742416
2023S000908    ,2,Eixample,7,la Dreta de l'Eixample,148307,Gràcia,0072S0072S,Tuesday,2023,2,February,14,Morning,12,No és causa del  vianant,Motorcycle,Man,42,Driver,Desconegut                                                                                                                                            ,Unknown,Unknown,Minor injury: Hospitalization up to 24 hours,430187.73,4582930.63,2.163802698,41.39303322
2023S000909    ,2,Eixample,5,el Fort Pienc,28305,Ausiàs Marc,0149 0149,Tuesday,2023,2,February,14,Afternoon,14,No és causa del  vianant,Motorcycle,Woman,37,Driver,Desconegut                                                                                                                                            ,Unknown,In itínere,Minor injury: Hospitalization up to 24 hours,431844.57,4583386.88,2.183567976,41.39728473
2023S000910    ,3,Sants-Montjuïc,11,el Poble-sec,198804,Paral·lel,0087 0087,Tuesday,2023,2,February,14,Afternoon,15,No és causa del  vianant,Veh. mobilitat personal amb motor,Woman,53,Pedestrian,En pas regulat per semàfor                                                                                                                            ,Unknown,Unknown,Minor injury: Hospitalization up to 24 hours,430316.25,4580904.02,2.165573065,41.374791317
2023S000911    ,3,Sants-Montjuïc,15,Hostafrancs,191204,Mallorca,0028U0028U,Tuesday,2023,2,February,14,Afternoon,15,No és causa del  vianant,Veh. mobilitat personal amb motor,Woman,46,Driver,Desconegut                                                                                                                                            ,Unknown,In itínere,Minor injury: Hospitalization up to 24 hours,428494.09,4581458.79,2.143719857,41.379628007
2023S000912    ,5,Sarrià-Sant Gervasi,25,Sant Gervasi - la Bonanova,701267,Dalt (Besòs),0007E0000,Tuesday,2023,2,February,14,Afternoon,15,No és causa del  vianant,Motorcycle,Man,53,Driver,Desconegut                                                                                                                                            ,Unknown,Unknown,Minor injury: Hospitalization up to 24 hours,427097.08,4584894.92,2.126600642,41.410450375
2023S000913    ,10,Sant Martí,69,Diagonal Mar i el Front Marítim del Poblenou,700654,Litoral,0098 0098,Tuesday,2023,2,February,14,Afternoon,16,No és causa del  vianant,Motorcycle,Man,34,Driver,Desconegut                                                                                                                                            ,Unknown,Altres activitats,Minor injury: Hospitalization up to 24 hours,434131.96,4583677.31,2.210896674,41.400091299
2023S000913    ,10,Sant Martí,69,Diagonal Mar i el Front Marítim del Poblenou,700654,Litoral,0098 0098,Tuesday,2023,2,February,14,Afternoon,16,No és causa del  vianant,Motorcycle,Man,37,Driver,Desconegut                                                                                                                                            ,Unknown,Altres activitats,Minor injury: Medical assistance at accident site,434131.96,4583677.31,2.210896674,41.400091299
2023S000914    ,10,Sant Martí,68,el Poblenou,701266,Litoral (Llobregat),000740000,Wednesday,2023,2,February,15,Afternoon,16,No és causa del  vianant,Car,Woman,24,Passenger,Desconegut                                                                                                                                            ,Unknown,Unknown,Minor injury: Hospitalization up to 24 hours,433776.65,4583174.38,2.206701532,41.395532324
2023S000914    ,10,Sant Martí,68,el Poblenou,701266,Litoral (Llobregat),000740000,Wednesday,2023,2,February,15,Afternoon,16,No és causa del  vianant,Car,Man,40,Driver,Desconegut                                                                                                                                            ,Unknown,In itínere,Minor injury: Hospitalization up to 24 hours,433776.65,4583174.38,2.206701532,41.395532324
2023S000914    ,10,Sant Martí,68,el Poblenou,701266,Litoral (Llobregat),000740000,Wednesday,2023,2,February,15,Afternoon,16,No és causa del  vianant,Car,Woman,30,Driver,Desconegut                                                                                                                                            ,Unknown,Oci i entreteniment,Minor injury: Hospitalization up to 24 hours,433776.65,4583174.38,2.206701532,41.395532324
2023S000915    ,1,Ciutat Vella,2,el Barri Gòtic,701266,Litoral (Llobregat),001070000,Tuesday,2023,2,February,14,Afternoon,17,No és causa del  vianant,Motorcycle,Man,41,Driver,Desconegut                                                                                                                                            ,Unknown,Oci i entreteniment,Minor injury: Hospitalization up to 24 hours,431520.59,4581243.79,2.179935149,41.377954977
2023S000916    ,8,Nou Barris,45,Porta,356905,Verdum,0028 0028,Tuesday,2023,2,February,14,Afternoon,17,No és causa del  vianant,Car,Woman,51,Pedestrian,Desconegut                                                                                                                                            ,Oci i entreteniment,Unknown,Minor injury: Hospitalization up to 24 hours,431098.55,4587882.22,2.174132262,41.437709123
2023S000916    ,8,Nou Barris,45,Porta,356905,Verdum,0028 0028,Tuesday,2023,2,February,14,Afternoon,17,No és causa del  vianant,Car,Man,31,Pedestrian,Desconegut                                                                                                                                            ,Unknown,Unknown,Minor injury: Refused medical assistance,431098.55,4587882.22,2.174132262,41.437709123
2023S000916    ,8,Nou Barris,45,Porta,356905,Verdum,0028 0028,Tuesday,2023,2,February,14,Afternoon,17,No és causa del  vianant,Car,Man,15,Driver,Desconegut                                                                                                                                            ,Unknown,Oci i entreteniment,Minor injury: Hospitalization up to 24 hours,431098.55,4587882.22,2.174132262,41.437709123
2023S000917    ,3,Sants-Montjuïc,13,la Marina de Port,137300,Foneria,0031B0031B,Tuesday,2023,2,February,14,Afternoon,17,No és causa del  vianant,Motorcycle,Man,34,Driver,Desconegut                                                                                                                                            ,Unknown,In itínere,Minor injury: Hospitalization up to 24 hours,428057.24,4579344.4,2.138747045,41.360545468
2023S000918    ,10,Sant Martí,64,el Camp de l'Arpa del Clot,350308,València,0608B0608B,Tuesday,2023,2,February,14,Afternoon,17,No és causa del  vianant,Bus,Woman,36,Passenger,Desconegut                                                                                                                                            ,Unknown,Unknown,Minor injury: Medical assistance at accident site,432059.39,4584748.99,2.185984533,41.409571049
2023S000918    ,10,Sant Martí,64,el Camp de l'Arpa del Clot,350308,València,0608B0608B,Tuesday,2023,2,February,14,Afternoon,17,No és causa del  vianant,Bus,Woman,60,Passenger,Desconegut                                                                                                                                            ,Unknown,Unknown,Minor injury: Hospitalization up to 24 hours,432059.39,4584748.99,2.185984533,41.409571049
2023S000919    ,7,Horta-Guinardó,41,la Vall d'Hebron,701268,Dalt (Llobregat),001100000,Tuesday,2023,2,February,14,Afternoon,20,No és causa del  vianant,Motorcycle,Man,34,Driver,Desconegut                                                                                                                                            ,Unknown,Altres activitats,Minor injury: Hospitalization up to 24 hours,428543.18,4586839.61,2.143671306,41.428095331
2023S000920    ,2,Eixample,10,Sant Antoni,296508,Sant Antoni,0055 0055,Tuesday,2023,2,February,14,Afternoon,19,No és causa del  vianant,Autobús articulat,Woman,73,Passenger,Desconegut                                                                                                                                            ,Unknown,Unknown,Minor injury: Medical assistance at accident site,430180.58,4581946.73,2.163830648,41.384170924
2023S000921    ,9,Sant Andreu,57,la Trinitat Vella,701267,Dalt (Besòs),001590000,Tuesday,2023,2,February,14,Afternoon,16,No és causa del  vianant,Motorcycle,Man,39,Driver,Desconegut                                                                                                                                            ,Unknown,Unknown,Minor injury: Hospitalization up to 24 hours,432720.04,4588904.37,2.193425555,41.447052863
2023S000922    ,6,Gràcia,28,Vallcarca i els Penitents,123408,Lesseps,0025 0025,Tuesday,2023,2,February,14,Afternoon,20,No és causa del  vianant,Motorcycle,Man,38,Driver,Desconegut                                                                                                                                            ,Unknown,Oci i entreteniment,Minor injury: Hospitalization up to 24 hours,428967.21,4584479.36,2.149022934,41.406875127
2023S000923    ,2,Eixample,5,el Fort Pienc,169409,Corts Catalanes,0794 0794,Wednesday,2023,2,February,15,Morning,8,No és causa del  vianant,Motorcycle,Man,27,Driver,Desconegut                                                                                                                                            ,Unknown,Unknown,Minor injury: Medical assistance at accident site,431752.09,4583696.66,2.182426855,41.400066981
2023S000924    ,4,Les Corts,19,les Corts,343903,Corts,0231 0233,Tuesday,2023,2,February,14,Afternoon,21,No és causa del  vianant,Motorcycle,Woman,25,Passenger,Desconegut                                                                                                                                            ,Unknown,Unknown,Minor injury: Hospitalization up to 24 hours,427447.75,4582017.56,2.131140865,41.384566916
2023S000924    ,4,Les Corts,19,les Corts,343903,Corts,0231 0233,Tuesday,2023,2,February,14,Afternoon,21,No és causa del  vianant,Motorcycle,Man,27,Driver,Desconegut                                                                                                                                            ,Unknown,Unknown,Minor injury: Hospitalization up to 24 hours,427447.75,4582017.56,2.131140865,41.384566916
2023S000925    ,9,Sant Andreu,61,la Sagrera,292507,Gran de la Sagrera,0136 0142,Wednesday,2023,2,February,15,Morning,8,No és causa del  vianant,Motorcycle,Man,53,Driver,Desconegut                                                                                                                                            ,Unknown,Unknown,Minor injury: Hospitalization up to 24 hours,432507.43,4586441.07,2.191155786,41.424848874
2023S000926    ,2,Eixample,8,l'Antiga Esquerra de l'Eixample,18505,Aragó,0197 0197,Wednesday,2023,2,February,15,Morning,8,No és causa del  vianant,Motorcycle,Woman,58,Driver,Desconegut                                                                                                                                            ,Unknown,Altres activitats,Serious injury: Hospitalization over 24 hours,429817.13,4582361.22,2.159436166,41.387872459
2023S000927    ,2,Eixample,7,la Dreta de l'Eixample,18505,Aragó,0236 0236,Wednesday,2023,2,February,15,Morning,10,No és causa del  vianant,Motorcycle,Man,34,Driver,Desconegut                                                                                                                                            ,Unknown,Unknown,Minor injury: Hospitalization up to 24 hours,430022.75,4582583.06,2.16186964,41.389888424
2023S000928    ,2,Eixample,7,la Dreta de l'Eixample,176801,Roger de Llúria,0021 0021,Wednesday,2023,2,February,15,Morning,12,Creuar per fora pas de vianants,Veh. mobilitat personal amb motor,Woman,70,Pedestrian,Fora del pas                                                                                                                                          ,Unknown,Unknown,Minor injury: Medical assistance at accident site,430826.84,4582699.69,2.171473157,41.391008469
2023S000929    ,2,Eixample,5,el Fort Pienc,325005,Sicília,0191 0191,Wednesday,2023,2,February,15,Morning,12,No és causa del  vianant,Motorcycle,Man,36,Driver,Desconegut                                                                                                                                            ,Unknown,Altres activitats,Minor injury: Hospitalization up to 24 hours,431167.04,4583702.85,2.175427899,41.400072831
2023S000930    ,4,Les Corts,20,la Maternitat i Sant Ramon,66508,Carles III,0045 0045,Wednesday,2023,2,February,15,Morning,11,No és causa del  vianant,Motorcycle,Woman,35,Driver,Desconegut                                                                                                                                            ,Unknown,Altres activitats,Minor injury: Refused medical assistance,427163.85,4581781.7,2.127774126,41.382416951
2023S000931    ,5,Sarrià-Sant Gervasi,27,el Putxet i el Farró,143904,General Mitre,0191 0193,Wednesday,2023,2,February,15,Morning,13,No és causa del  vianant,Car,Man,35,Driver,Desconegut                                                                                                                                            ,Unknown,Oci i entreteniment,Minor injury: Medical assistance at accident site,428362.88,4584282.82,2.141816642,41.405051311
2023S000932    ,3,Sants-Montjuïc,18,Sants,172403,Joan Güell,0001S0001S,Monday,2023,2,February,13,Afternoon,16,Others,Veh. mobilitat personal amb motor,Woman,53,Pedestrian,En pas regulat per semàfor                                                                                                                            ,Unknown,Unknown,Minor injury: Hospitalization up to 24 hours,427756.38,4581051.22,2.134946977,41.375891241
2023S000933    ,7,Horta-Guinardó,33,el Baix Guinardó,8807,Alfons el Savi,0006 0006,Wednesday,2023,2,February,15,Morning,13,No és causa del  vianant,Motorcycle,Man,58,Driver,Desconegut                                                                                                                                            ,Unknown,Unknown,Minor injury: Hospitalization up to 24 hours,430397.3,4585071.83,2.166062916,41.412336467
2023S000934    ,4,Les Corts,19,les Corts,144601,Diagonal,0565X0565X,Wednesday,2023,2,February,15,Afternoon,15,Desobeir el senyal del semàfor,Car,Woman,42,Pedestrian,En pas regulat per semàfor                                                                                                                            ,Oci i entreteniment,Unknown,Minor injury: Hospitalization up to 24 hours,427666.32,4582685.53,2.133674904,41.390602757
2023S000935    ,5,Sarrià-Sant Gervasi,26,Sant Gervasi - Galvany,348408,Tuset,0034 0034,Wednesday,2023,2,February,15,Morning,13,Others,Motorcycle,Man,55,Driver,Desconegut                                                                                                                                            ,Unknown,Oci i entreteniment,Minor injury: Hospitalization up to 24 hours,429142.75,4583335.07,2.151256926,41.396584428
2023S000936    ,10,Sant Martí,68,el Poblenou,701266,Litoral (Llobregat),000750000,Wednesday,2023,2,February,15,Morning,6,No és causa del  vianant,Motorcycle,Man,42,Driver,Desconegut                                                                                                                                            ,Unknown,In itínere,Minor injury: Hospitalization up to 24 hours,433777.75,4583199.54,2.206711936,41.395759025
2023S000937    ,2,Eixample,9,la Nova Esquerra de l'Eixample,54509,Calàbria,0118 0118,Wednesday,2023,2,February,15,Afternoon,15,No és causa del  vianant,Veh. mobilitat personal amb motor,Man,55,Driver,Desconegut                                                                                                                                            ,Unknown,Oci i entreteniment,Minor injury: Medical assistance at accident site,429347.93,4581549.1,2.15391952,41.380516868
2023S000938    ,3,Sants-Montjuïc,18,Sants,312400,Sants,0188 0190,Wednesday,2023,2,February,15,Afternoon,16,No és causa del  vianant,Bicicleta,Man,28,Driver,Desconegut                                                                                                                                            ,Unknown,Unknown,Minor injury: Hospitalization up to 24 hours,427512.14,4581019.39,2.132030351,41.375582585
2023S000939    ,2,Eixample,9,la Nova Esquerra de l'Eixample,162002,Josep Tarradellas,0062 0062,Wednesday,2023,2,February,15,Afternoon,15,No és causa del  vianant,Motorcycle,Man,37,Driver,Desconegut                                                                                                                                            ,Unknown,Unknown,Minor injury: Hospitalization up to 24 hours,428409.41,4582129.0,2.142628031,41.385656815
2023S000940    ,10,Sant Martí,67,la Vila Olímpica del Poblenou,700664,Arquitecte Sert,0003 0005,Wednesday,2023,2,February,15,Afternoon,15,No és causa del  vianant,Car,Man,54,Passenger,Desconegut                                                                                                                                            ,Unknown,Unknown,Minor injury: Hospitalization up to 24 hours,433331.93,4582763.2,2.201427507,41.391792158
2023S000940    ,10,Sant Martí,67,la Vila Olímpica del Poblenou,700664,Arquitecte Sert,0003 0005,Wednesday,2023,2,February,15,Afternoon,15,No és causa del  vianant,Car,Man,58,Passenger,Desconegut                                                                                                                                            ,Unknown,Unknown,Minor injury: Hospitalization up to 24 hours,433331.93,4582763.2,2.201427507,41.391792158
2023S000940    ,10,Sant Martí,67,la Vila Olímpica del Poblenou,700664,Arquitecte Sert,0003 0005,Wednesday,2023,2,February,15,Afternoon,15,No és causa del  vianant,Car,Man,27,Driver,Desconegut                                                                                                                                            ,Unknown,En missió,Minor injury: Medical assistance at accident site,433331.93,4582763.2,2.201427507,41.391792158
2023S000940    ,10,Sant Martí,67,la Vila Olímpica del Poblenou,700664,Arquitecte Sert,0003 0005,Wednesday,2023,2,February,15,Afternoon,15,No és causa del  vianant,Car,Woman,27,Driver,Desconegut                                                                                                                                            ,Unknown,Unknown,Minor injury: Hospitalization up to 24 hours,433331.93,4582763.2,2.201427507,41.391792158
2023S000940    ,10,Sant Martí,67,la Vila Olímpica del Poblenou,700664,Arquitecte Sert,0003 0005,Wednesday,2023,2,February,15,Afternoon,15,No és causa del  vianant,Car,Woman,50,Driver,Desconegut                                                                                                                                            ,Unknown,Unknown,Minor injury: Hospitalization up to 24 hours,433331.93,4582763.2,2.201427507,41.391792158
2023S000940    ,10,Sant Martí,67,la Vila Olímpica del Poblenou,700664,Arquitecte Sert,0003 0005,Wednesday,2023,2,February,15,Afternoon,15,No és causa del  vianant,Car,Man,30,Driver,Desconegut                                                                                                                                            ,Unknown,Unknown,Minor injury: Hospitalization up to 24 hours,433331.93,4582763.2,2.201427507,41.391792158
2023S000940    ,10,Sant Martí,67,la Vila Olímpica del Poblenou,700664,Arquitecte Sert,0003 0005,Wednesday,2023,2,February,15,Afternoon,15,No és causa del  vianant,Car,Man,31,Driver,Desconegut                                                                                                                                            ,Unknown,Unknown,Minor injury: Hospitalization up to 24 hours,433331.93,4582763.2,2.201427507,41.391792158
2023S000941    ,1,Ciutat Vella,3,la Barceloneta,197903,Marítim de la Barceloneta,0018 0018,Wednesday,2023,2,February,15,Afternoon,17,No és causa del  vianant,Veh. mobilitat personal amb motor,Man,23,Driver,Desconegut                                                                                                                                            ,Unknown,Unknown,Minor injury: Hospitalization up to 24 hours,432758.38,4581836.02,2.194670628,41.383393501
2023S000942    ,5,Sarrià-Sant Gervasi,26,Sant Gervasi - Galvany,139805,Ganduxer,0017 0017,Wednesday,2023,2,February,15,Afternoon,15,No és causa del  vianant,Bicicleta,Woman,41,Driver,Desconegut                                                                                                                                            ,Unknown,In itínere,Minor injury: Hospitalization up to 24 hours,428081.11,4582993.06,2.138599231,41.393409778
2023S000942    ,5,Sarrià-Sant Gervasi,26,Sant Gervasi - Galvany,139805,Ganduxer,0017 0017,Wednesday,2023,2,February,15,Afternoon,15,No és causa del  vianant,Veh. mobilitat personal amb motor,Man,28,Driver,Desconegut                                                                                                                                            ,Unknown,Oci i entreteniment,Minor injury: Medical assistance at accident site,428081.11,4582993.06,2.138599231,41.393409778
2023S000943    ,2,Eixample,10,Sant Antoni,169409,Corts Catalanes,0576 0576,Wednesday,2023,2,February,15,Afternoon,19,No és causa del  vianant,Bus,Woman,63,Passenger,Desconegut                                                                                                                                            ,Unknown,Unknown,Minor injury: Hospitalization up to 24 hours,430025.03,4582004.98,2.161963719,41.384682041
2023S000945    ,3,Sants-Montjuïc,12,la Marina del Prat Vermell,180,A Zona Franca,0093 0093,Wednesday,2023,2,February,15,Afternoon,21,No és causa del  vianant,Car,Man,52,Driver,Desconegut                                                                                                                                            ,Unknown,In itínere,Minor injury: Hospitalization up to 24 hours,428497.71,4577319.47,2.144251323,41.342346799