Case_Number,District_Code,District_Name,Neighborhood_Code,Neighborhood_Name,Street_Code,Street_Name,Postal_Code,Day_of_Week,Year,Month_Code,Month_Name,Day_of_Month,Shift_Description,Hour_of_Day,Pedestrian_Cause_Description,Involved_Vehicle_Type,Gender_Description,Age,Person_Type_Description,Pedestrian_Accident_Location_Description,Pedestrian_Movement_Reason_Description,Driver_Movement_Reason_Description,Victimization_Description,UTM_X_Coordinate,UTM_Y_Coordinate,Longitude,Latitude
2023S001094    ,5,Sarrià-Sant Gervasi,22,"Vallvidrera, el Tibidabo i les Planes",354003,Vallvidrera a Barcelona,0035B0035B,Thursday,2023,2,February,23,Afternoon,18,No és causa del  vianant,Motorcycle,Man,20,Driver,Desconegut                                                                                                                                            ,Unknown,Unknown,Minor injury: Hospitalization up to 24 hours,426030.03,4585554.13,2.113754329,41.416290023
2023S001095    ,6,Gràcia,31,la Vila de Gràcia,48700,Bretón de los Herreros,0032 0032,Thursday,2023,2,February,23,Afternoon,17,Desobeir el senyal del semàfor,Motorcycle,Man,39,Pedestrian,En pas regulat per semàfor                                                                                                                            ,Altres activitats,Unknown,Minor injury: Medical assistance at accident site,429116.73,4583923.03,2.150876823,41.401877675
2023S001096    ,2,Eixample,6,la Sagrada Família,76807,Sardenya,0315 0315,Thursday,2023,2,February,23,Afternoon,18,No és causa del  vianant,Motorcycle,Woman,36,Driver,Desconegut                                                                                                                                            ,Unknown,Unknown,Minor injury: Hospitalization up to 24 hours,430939.55,4584114.61,2.17265971,41.403761904
2023S001097    ,10,Sant Martí,66,el Parc i la Llacuna del Poblenou,44403,Bolívia,0005 0009,Thursday,2023,2,February,23,Afternoon,18,No és causa del  vianant,Motorcycle,Man,42,Driver,Desconegut                                                                                                                                            ,Unknown,Altres activitats,Minor injury: Hospitalization up to 24 hours,432258.5,4583806.59,2.188472138,41.401099939
2023S001098    ,5,Sarrià-Sant Gervasi,26,Sant Gervasi - Galvany,28000,Augusta,0197 0199,Thursday,2023,2,February,23,Afternoon,20,No és causa del  vianant,Motorcycle,Man,26,Driver,Desconegut                                                                                                                                            ,Unknown,Oci i entreteniment,Minor injury: Hospitalization up to 24 hours,428167.98,4583468.96,2.139581754,41.397703794
2023S001099    ,5,Sarrià-Sant Gervasi,24,les Tres Torres,143904,General Mitre,0081 0091,Friday,2023,2,February,24,Night,0,No és causa del  vianant,Motorcycle,Man,27,Driver,Desconegut                                                                                                                                            ,Unknown,Oci i entreteniment,Minor injury: Hospitalization up to 24 hours,427714.85,4583654.89,2.134139547,41.399337763
2023S001100    ,5,Sarrià-Sant Gervasi,23,Sarrià,144408,General Vives,0031 0031,Thursday,2023,2,February,23,Afternoon,20,No és causa del  vianant,Motorcycle,Man,25,Driver,Desconegut                                                                                                                                            ,Unknown,Altres activitats,Minor injury: Medical assistance at accident site,426544.03,4584388.45,2.120045718,41.405838449
2023S001101    ,9,Sant Andreu,58,Baró de Viver,701631,Pilar Miró,0004 0004,Friday,2023,2,February,24,Morning,6,No és causa del  vianant,Car,Woman,56,Driver,Desconegut                                                                                                                                            ,Unknown,In itínere,Minor injury: Medical assistance at accident site,433412.7,4589022.73,2.201703979,41.448176683
2023S001102    ,3,Sants-Montjuïc,13,la Marina de Port,169409,Corts Catalanes,0166 0168,Friday,2023,2,February,24,Morning,8,No és causa del  vianant,Motorcycle,Woman,55,Driver,Desconegut                                                                                                                                            ,Unknown,In itínere,Minor injury: Hospitalization up to 24 hours,428062.31,4580047.42,2.138724226,41.366877786
2023S001103    ,9,Sant Andreu,60,Sant Andreu,120807,Favència,0482 0482,Friday,2023,2,February,24,Morning,8,No és causa del  vianant,Motorcycle,Man,33,Driver,Desconegut                                                                                                                                            ,Unknown,Unknown,Minor injury: Hospitalization up to 24 hours,432311.0,4588875.0,2.18853245,41.44675393
2023S001104    ,2,Eixample,7,la Dreta de l'Eixample,9209,Alí Bei,0001 0001,Friday,2023,2,February,24,Morning,11,No és causa del  vianant,Motorcycle,Man,42,Driver,Desconegut                                                                                                                                            ,Unknown,Unknown,Minor injury: Medical assistance at accident site,431275.2,4582639.57,2.176842428,41.390505443
2023S001105    ,10,Sant Martí,71,Provençals del Poblenou,701414,C-31,020750000,Sunday,2023,1,January,15,Afternoon,15,No és causa del  vianant,Motorcycle,Man,35,Driver,Desconegut                                                                                                                                            ,Unknown,Unknown,Minor injury: Hospitalization up to 24 hours,433372.35,4585277.86,2.201633992,41.41444441
2023S001106    ,8,Nou Barris,45,Porta,700021,Andreu Nin,0029X0029X,Friday,2023,2,February,24,Morning,9,No és causa del  vianant,"Camió rígid <= 3,5 tones",Man,45,Pedestrian,A la vorera / Andana                                                                                                                                  ,Unknown,Unknown,Minor injury: Hospitalization up to 24 hours,431723.34,4587514.12,2.181651809,41.434447174
2023S001107    ,3,Sants-Montjuïc,17,Sants - Badal,50905,Ventura Plaja,0002 0002,Friday,2023,2,February,24,Morning,12,No és causa del  vianant,Taxi,Woman,22,Pedestrian,En pas sense regular                                                                                                                                  ,Unknown,Unknown,Minor injury: Refused medical assistance,427130.58,4580979.6,2.127472761,41.375189733
2023S001108    ,5,Sarrià-Sant Gervasi,26,Sant Gervasi - Galvany,32700,Balmes,0213 0213,Friday,2023,2,February,24,Morning,10,No és causa del  vianant,Bus,Woman,72,Passenger,Desconegut                                                                                                                                            ,Unknown,Unknown,Minor injury: Hospitalization up to 24 hours,429128.36,4583528.7,2.151062129,41.398327115
2023S001109    ,2,Eixample,8,l'Antiga Esquerra de l'Eixample,268003,Provença,0164B0164B,Friday,2023,2,February,24,Morning,13,No és causa del  vianant,Motorcycle,Woman,52,Driver,Desconegut                                                                                                                                            ,Unknown,In itínere,Minor injury: Hospitalization up to 24 hours,429237.17,4582396.51,2.152496012,41.388139466
2023S001111    ,4,Les Corts,20,la Maternitat i Sant Ramon,700941,Menéndez y Pelayo,0002 0002,Friday,2023,2,February,24,Morning,13,No és causa del  vianant,Motorcycle,Woman,60,Passenger,Desconegut                                                                                                                                            ,Unknown,Unknown,Minor injury: Hospitalization up to 24 hours,426539.97,4581931.35,2.12029537,41.383708035
2023S001111    ,4,Les Corts,20,la Maternitat i Sant Ramon,700941,Menéndez y Pelayo,0002 0002,Friday,2023,2,February,24,Morning,13,No és causa del  vianant,Motorcycle,Man,61,Driver,Desconegut                                                                                                                                            ,Unknown,Unknown,Minor injury: Medical assistance at accident site,426539.97,4581931.35,2.12029537,41.383708035
2023S001112    ,4,Les Corts,19,les Corts,66508,Carles III,0116 0120,Thursday,2023,2,February,23,Afternoon,15,No és causa del  vianant,Veh. mobilitat personal amb motor,Man,29,Driver,Desconegut                                                                                                                                            ,Unknown,Unknown,Minor injury: Hospitalization up to 24 hours,427207.0,4582445.17,2.128210374,41.38839647
2023S001113    ,1,Ciutat Vella,3,la Barceloneta,701266,Litoral (Llobregat),000930000,Friday,2023,2,February,24,Afternoon,14,No és causa del  vianant,Motorcycle,Man,32,Driver,Desconegut                                                                                                                                            ,Unknown,Unknown,Minor injury: Hospitalization up to 24 hours,432275.46,4581857.73,2.188893064,41.383548507
2023S001114    ,5,Sarrià-Sant Gervasi,25,Sant Gervasi - la Bonanova,362205,Vilana,0013 0013,Friday,2023,2,February,24,Afternoon,15,No és causa del  vianant,Car,Man,83,Pedestrian,En pas sense regular                                                                                                                                  ,Unknown,Unknown,Minor injury: Refused medical assistance,427209.22,4584371.03,2.128005283,41.405742093
2023S001115    ,7,Horta-Guinardó,36,la Font d'en Fargues,220404,Montserrat de Casanovas,0085 0085,Friday,2023,2,February,24,Afternoon,15,No és causa del  vianant,Motorcycle,Man,30,Driver,Desconegut                                                                                                                                            ,Unknown,Oci i entreteniment,Serious injury: Hospitalization over 24 hours,430348.96,4586337.29,2.165338774,41.42372982
2023S001116    ,7,Horta-Guinardó,43,Horta,352507,Vall d'Hebron,0272U0278U,Friday,2023,2,February,24,Afternoon,17,No és causa del  vianant,Car,Man,11,Passenger,Desconegut                                                                                                                                            ,Unknown,Unknown,Minor injury: Hospitalization up to 24 hours,429357.31,4587926.97,2.153286727,41.437960786
2023S001116    ,7,Horta-Guinardó,43,Horta,352507,Vall d'Hebron,0272U0278U,Friday,2023,2,February,24,Afternoon,17,No és causa del  vianant,Car,Man,8,Passenger,Desconegut                                                                                                                                            ,Unknown,Unknown,Minor injury: Hospitalization up to 24 hours,429357.31,4587926.97,2.153286727,41.437960786
2023S001116    ,7,Horta-Guinardó,43,Horta,352507,Vall d'Hebron,0272U0278U,Friday,2023,2,February,24,Afternoon,17,No és causa del  vianant,Car,Woman,32,Driver,Desconegut                                                                                                                                            ,Unknown,Oci i entreteniment,Minor injury: Hospitalization up to 24 hours,429357.31,4587926.97,2.153286727,41.437960786
2023S001117    ,6,Gràcia,28,Vallcarca i els Penitents,158107,Vallcarca,0245 0245,Friday,2023,2,February,24,Afternoon,16,No és causa del  vianant,Bicicleta,Man,29,Driver,Desconegut                                                                                                                                            ,Unknown,Altres activitats,Minor injury: Hospitalization up to 24 hours,428298.83,4585932.24,2.140854861,41.41990125
2023S001118    ,7,Horta-Guinardó,33,el Baix Guinardó,238400,Padilla,0342 0344,Friday,2023,2,February,24,Afternoon,17,Desobeir el senyal del semàfor,Motorcycle,Woman,14,Pedestrian,En pas regulat per semàfor                                                                                                                            ,Unknown,Unknown,Minor injury: Hospitalization up to 24 hours,430798.04,4584846.75,2.170883138,41.410343872
2023S001118    ,7,Horta-Guinardó,33,el Baix Guinardó,238400,Padilla,0342 0344,Friday,2023,2,February,24,Afternoon,17,Desobeir el senyal del semàfor,Motorcycle,Man,21,Driver,En pas regulat per semàfor                                                                                                                            ,Unknown,Unknown,Minor injury: Hospitalization up to 24 hours,430798.04,4584846.75,2.170883138,41.410343872
2023S001119    ,3,Sants-Montjuïc,12,la Marina del Prat Vermell,701265,Litoral (Besòs),001750000,Friday,2023,2,February,24,Afternoon,14,No és causa del  vianant,Car,Man,46,Driver,Desconegut                                                                                                                                            ,Unknown,Oci i entreteniment,Minor injury: Hospitalization up to 24 hours,426503.22,4577014.83,2.120451911,41.339423439
2023S001120    ,2,Eixample,9,la Nova Esquerra de l'Eixample,110803,Entença,0071 0071,Friday,2023,2,February,24,Afternoon,20,No és causa del  vianant,Car,Woman,30,Pedestrian,En zona peatonal                                                                                                                                      ,Unknown,Unknown,Minor injury: Hospitalization up to 24 hours,429156.52,4581362.4,2.151652449,41.378818483
2023S001120    ,2,Eixample,9,la Nova Esquerra de l'Eixample,110803,Entença,0071 0071,Friday,2023,2,February,24,Afternoon,20,No és causa del  vianant,Motorcycle,Man,37,Driver,En zona peatonal                                                                                                                                      ,Unknown,Unknown,Minor injury: Hospitalization up to 24 hours,429156.52,4581362.4,2.151652449,41.378818483
2023S001121    ,7,Horta-Guinardó,39,Sant Genís dels Agudells,173870,Judea,0002 0006,Friday,2023,2,February,24,Afternoon,19,No és causa del  vianant,Motorcycle,Man,44,Driver,Desconegut                                                                                                                                            ,Unknown,Unknown,Minor injury: Hospitalization up to 24 hours,428346.71,4586503.49,2.141360038,41.425050531
2023S001121    ,7,Horta-Guinardó,39,Sant Genís dels Agudells,173870,Judea,0002 0006,Friday,2023,2,February,24,Afternoon,19,No és causa del  vianant,Veh. mobilitat personal amb motor,Man,16,Driver,Desconegut                                                                                                                                            ,Unknown,Unknown,Minor injury: Hospitalization up to 24 hours,428346.71,4586503.49,2.141360038,41.425050531
2023S001122    ,7,Horta-Guinardó,37,el Carmel,320307,Santuari,0116 0116,Friday,2023,2,February,24,Afternoon,18,No és causa del  vianant,Ciclomotor,Man,47,Driver,Desconegut                                                                                                                                            ,Unknown,Unknown,Minor injury: Hospitalization up to 24 hours,429671.68,4585769.26,2.157300474,41.418554754
2023S001123    ,2,Eixample,6,la Sagrada Família,350308,València,0373 0375,Friday,2023,2,February,24,Afternoon,16,No és causa del  vianant,Motorcycle,Woman,60,Driver,Desconegut                                                                                                                                            ,Unknown,Unknown,Minor injury: Hospitalization up to 24 hours,430978.26,4583706.76,2.173169306,41.400091855
2023S001124    ,3,Sants-Montjuïc,13,la Marina de Port,369408,Zona Franca,0138B0138B,Friday,2023,2,February,24,Afternoon,18,No és causa del  vianant,Bicicleta,Man,18,Driver,Desconegut                                                                                                                                            ,Unknown,Oci i entreteniment,Minor injury: Hospitalization up to 24 hours,428189.46,4579140.63,2.140351796,41.358721988
2023S001125    ,1,Ciutat Vella,2,el Barri Gòtic,701266,Litoral (Llobregat),001060000,Friday,2023,2,February,24,Afternoon,20,No és causa del  vianant,Motorcycle,Woman,60,Driver,Desconegut                                                                                                                                            ,Unknown,Oci i entreteniment,Minor injury: Hospitalization up to 24 hours,431453.68,4581236.07,2.179135929,41.377879745
2023S001126    ,5,Sarrià-Sant Gervasi,23,Sarrià,278007,Reina Elisenda de Montcada,0013B0013B,Friday,2023,2,February,24,Night,5,No és causa del  vianant,Car,Man,29,Driver,Desconegut                                                                                                                                            ,Unknown,Unknown,Minor injury: Hospitalization up to 24 hours,426447.33,4583515.33,2.11899507,41.397965798
2023S001127    ,10,Sant Martí,73,la Verneda i la Pau,700024,Josep Miret,0014 0014,Friday,2023,2,February,24,Afternoon,21,No és causa del  vianant,Motorcycle,Woman,41,Driver,Desconegut                                                                                                                                            ,Unknown,Unknown,Minor injury: Hospitalization up to 24 hours,433222.36,4586200.55,2.199737507,41.422742361
2023S001129    ,5,Sarrià-Sant Gervasi,27,el Putxet i el Farró,32700,Balmes,0406 0408,Saturday,2023,2,February,25,Morning,9,No és causa del  vianant,Motorcycle,Woman,27,Driver,Desconegut                                                                                                                                            ,Unknown,In itínere,Minor injury: Hospitalization up to 24 hours,428132.26,4584426.26,2.139040785,41.406322622
2023S001131    ,9,Sant Andreu,60,Sant Andreu,701326,Fabra i Puig,0010 0012,Saturday,2023,2,February,25,Morning,12,No és causa del  vianant,Ciclomotor,Woman,22,Driver,Desconegut                                                                                                                                            ,Unknown,Unknown,Minor injury: Medical assistance at accident site,432322.38,4587041.38,2.188874167,41.430240096
2023S001132    ,2,Eixample,5,el Fort Pienc,286504,Roger de Flor,0052X0052X,Saturday,2023,2,February,25,Morning,12,No és causa del  vianant,Motorcycle,Woman,28,Driver,Desconegut                                                                                                                                            ,Unknown,Oci i entreteniment,Minor injury: Hospitalization up to 24 hours,431652.35,4582825.28,2.181332195,41.392210236
2023S001133    ,4,Les Corts,20,la Maternitat i Sant Ramon,66508,Carles III,0041 0043,Saturday,2023,2,February,25,Morning,12,No és causa del  vianant,Car,Man,46,Pedestrian,En pas regulat per semàfor                                                                                                                            ,Oci i entreteniment,Unknown,Minor injury: Hospitalization up to 24 hours,427191.1,4581776.77,2.128100585,41.382375016
2023S001134    ,10,Sant Martí,65,el Clot,18505,Aragó,0637 0637,Saturday,2023,2,February,25,Morning,13,No és causa del  vianant,Motorcycle,Man,40,Driver,Desconegut                                                                                                                                            ,Unknown,Unknown,Minor injury: Hospitalization up to 24 hours,432349.81,4584858.95,2.189446694,41.410585936
2023S001135    ,2,Eixample,7,la Dreta de l'Eixample,350308,València,0317 0319,Saturday,2023,2,February,25,Morning,12,No és causa del  vianant,Motorcycle,Woman,50,Passenger,Desconegut                                                                                                                                            ,Unknown,Unknown,Minor injury: Hospitalization up to 24 hours,430549.67,4583304.52,2.168088771,41.396432083
2023S001135    ,2,Eixample,7,la Dreta de l'Eixample,350308,València,0317 0319,Saturday,2023,2,February,25,Morning,12,No és causa del  vianant,Motorcycle,Man,50,Driver,Desconegut                                                                                                                                            ,Unknown,Unknown,Minor injury: Hospitalization up to 24 hours,430549.67,4583304.52,2.168088771,41.396432083
2023S001136    ,4,Les Corts,20,la Maternitat i Sant Ramon,144601,Diagonal,0649 0651,Saturday,2023,2,February,25,Morning,13,No és causa del  vianant,Motorcycle,Woman,25,Driver,Desconegut                                                                                                                                            ,Unknown,Unknown,Minor injury: Hospitalization up to 24 hours,425818.02,4582082.48,2.111643341,41.385002917
2023S001137    ,3,Sants-Montjuïc,11,el Poble-sec,198804,Paral·lel,0073 0073,Saturday,2023,2,February,25,Afternoon,15,Creuar per fora pas de vianants,Car,Man,23,Pedestrian,Fora del pas                                                                                                                                          ,Oci i entreteniment,Unknown,Minor injury: Hospitalization up to 24 hours,430543.34,4580901.21,2.168288734,41.37478565
2023S001137    ,3,Sants-Montjuïc,11,el Poble-sec,198804,Paral·lel,0073 0073,Saturday,2023,2,February,25,Afternoon,15,Creuar per fora pas de vianants,Car,Woman,53,Driver,Fora del pas                                                                                                                                          ,Unknown,Oci i entreteniment,Minor injury: Refused medical assistance,430543.34,4580901.21,2.168288734,41.37478565
2023S001138    ,7,Horta-Guinardó,35,el Guinardó,194406,Maragall,0205U0205U,Saturday,2023,2,February,25,Afternoon,19,No és causa del  vianant,Motorcycle,Woman,19,Driver,Desconegut                                                                                                                                            ,Unknown,Unknown,Minor injury: Hospitalization up to 24 hours,431329.57,4586425.74,2.177062832,41.424610924
2023S001138    ,7,Horta-Guinardó,35,el Guinardó,194406,Maragall,0205U0205U,Saturday,2023,2,February,25,Afternoon,19,No és causa del  vianant,Motorcycle,Man,45,Driver,Desconegut                                                                                                                                            ,Unknown,Unknown,Minor injury: Hospitalization up to 24 hours,431329.57,4586425.74,2.177062832,41.424610924
2023S001139    ,9,Sant Andreu,60,Sant Andreu,209900,Meridiana,0572 0572,Saturday,2023,2,February,25,Night,22,No és causa del  vianant,Car,Woman,59,Passenger,Desconegut                                                                                                                                            ,Unknown,Unknown,Minor injury: Hospitalization up to 24 hours,432156.47,4588400.76,2.186735958,41.442469565
2023S001139    ,9,Sant Andreu,60,Sant Andreu,209900,Meridiana,0572 0572,Saturday,2023,2,February,25,Night,22,No és causa del  vianant,Car,Man,35,Driver,Desconegut                                                                                                                                            ,Unknown,Oci i entreteniment,Minor injury: Medical assistance at accident site,432156.47,4588400.76,2.186735958,41.442469565
2023S001139    ,9,Sant Andreu,60,Sant Andreu,209900,Meridiana,0572 0572,Saturday,2023,2,February,25,Night,22,No és causa del  vianant,Car,Man,55,Driver,Desconegut                                                                                                                                            ,Unknown,Oci i entreteniment,Minor injury: Hospitalization up to 24 hours,432156.47,4588400.76,2.186735958,41.442469565
2023S001141    ,2,Eixample,7,la Dreta de l'Eixample,148307,Gràcia,0054 0054,Saturday,2023,2,February,25,Night,22,No és causa del  vianant,Motorcycle,Woman,32,Driver,Desconegut                                                                                                                                            ,Unknown,Oci i entreteniment,Minor injury: Medical assistance at accident site,430277.16,4582833.02,2.164883567,41.39216184
2023S001142    ,5,Sarrià-Sant Gervasi,23,Sarrià,700969,Gaspar Cassadó,0010 0010,Monday,2023,2,February,13,Afternoon,18,No és causa del  vianant,Motorcycle,Man,58,Driver,Desconegut                                                                                                                                            ,Unknown,In itínere,Minor injury: Hospitalization up to 24 hours,426062.63,4583917.33,2.114344467,41.401551131
2023S001143    ,5,Sarrià-Sant Gervasi,25,Sant Gervasi - la Bonanova,701268,Dalt (Llobregat),000850000,Saturday,2023,2,February,25,Afternoon,21,No és causa del  vianant,Motorcycle,Man,49,Driver,Desconegut                                                                                                                                            ,Unknown,Unknown,Minor injury: Hospitalization up to 24 hours,427128.56,4584966.81,2.126968592,41.411100713
2023S001144    ,7,Horta-Guinardó,36,la Font d'en Fargues,78303,Ciències,0043 0043,Sunday,2023,2,February,26,Night,3,No és causa del  vianant,Motorcycle,Man,30,Driver,Desconegut                                                                                                                                            ,Unknown,Oci i entreteniment,Minor injury: Medical assistance at accident site,429784.5,4586510.07,2.158564319,41.42523682
2023S001145    ,10,Sant Martí,64,el Camp de l'Arpa del Clot,161101,Independència,0267 0267,Sunday,2023,2,February,26,Night,3,No és causa del  vianant,Motorcycle,Man,38,Driver,Desconegut                                                                                                                                            ,Unknown,Unknown,Minor injury: Hospitalization up to 24 hours,431934.16,4584454.66,2.184519459,41.406909506
2023S001146    ,5,Sarrià-Sant Gervasi,26,Sant Gervasi - Galvany,214106,Modolell,0017 0017,Saturday,2023,2,February,25,Night,22,No és causa del  vianant,Motorcycle,Woman,31,Driver,Desconegut                                                                                                                                            ,Unknown,Unknown,Minor injury: Hospitalization up to 24 hours,427986.52,4583479.44,2.137410019,41.397781944
2023S001147    ,10,Sant Martí,66,el Parc i la Llacuna del Poblenou,197302,Marina,0097 0097,Sunday,2023,2,February,26,Morning,9,No és causa del  vianant,Motorcycle,Woman,47,Passenger,Desconegut                                                                                                                                            ,Unknown,Unknown,Minor injury: Medical assistance at accident site,432207.28,4583013.7,2.187948269,41.393954279
2023S001148    ,9,Sant Andreu,59,el Bon Pastor,18902,Arbeca,0037 0037,Sunday,2023,2,February,26,Night,0,No és causa del  vianant,Veh. mobilitat personal amb motor,Man,22,Driver,Desconegut                                                                                                                                            ,Unknown,Oci i entreteniment,Minor injury: Hospitalization up to 24 hours,433948.9,4587896.24,2.208245921,41.438075057
2023S001149    ,3,Sants-Montjuïc,11,el Poble-sec,284101,Rius i Taulet,0012S0012S,Saturday,2023,2,February,25,Morning,12,No és causa del  vianant,Car,Man,42,Passenger,Desconegut                                                                                                                                            ,Unknown,Unknown,Minor injury: Medical assistance at accident site,429128.42,4580567.28,2.151409448,41.37165462
2023S001150    ,3,Sants-Montjuïc,14,la Font de la Guatlla,169409,Corts Catalanes,0264 0264,Sunday,2023,2,February,26,Night,4,No és causa del  vianant,Car,Woman,27,Pedestrian,En pas regulat per semàfor                                                                                                                            ,Unknown,Unknown,Minor injury: Medical assistance at accident site,428492.14,4580467.21,2.143813575,41.370697013
2023S001151    ,7,Horta-Guinardó,37,el Carmel,275304,Ramon Rocafull,0046 0046,Sunday,2023,2,February,26,Morning,12,No és causa del  vianant,Motorcycle,Man,43,Driver,Desconegut                                                                                                                                            ,Unknown,Unknown,Minor injury: Hospitalization up to 24 hours,429327.03,4586333.23,2.153110753,41.423603955
2023S001152    ,7,Horta-Guinardó,35,el Guinardó,310008,Sant Quintí,0070 0070,Sunday,2023,2,February,26,Afternoon,14,No és causa del  vianant,Motorcycle,Woman,27,Passenger,Desconegut                                                                                                                                            ,Unknown,Unknown,Minor injury: Hospitalization up to 24 hours,431303.08,4585291.13,2.17687479,41.414389607
2023S001152    ,7,Horta-Guinardó,35,el Guinardó,310008,Sant Quintí,0070 0070,Sunday,2023,2,February,26,Afternoon,14,No és causa del  vianant,Motorcycle,Woman,29,Driver,Desconegut                                                                                                                                            ,Unknown,Unknown,Minor injury: Hospitalization up to 24 hours,431303.08,4585291.13,2.17687479,41.414389607
2023S001153    ,5,Sarrià-Sant Gervasi,27,el Putxet i el Farró,33509,Ballester,0047 0047,Sunday,2023,2,February,26,Afternoon,15,No és causa del  vianant,Car,Woman,44,Driver,Desconegut                                                                                                                                            ,Unknown,Unknown,Minor injury: Hospitalization up to 24 hours,428728.52,4584511.57,2.1461637,41.407144091
2023S001154    ,8,Nou Barris,50,les Roquetes,120807,Favència,0241X0241X,Sunday,2023,2,February,26,Afternoon,21,No és causa del  vianant,Motorcycle,Man,35,Driver,Desconegut                                                                                                                                            ,Unknown,In itínere,Minor injury: Hospitalization up to 24 hours,431510.91,4588833.99,2.178959717,41.446316664
2023S001155    ,2,Eixample,7,la Dreta de l'Eixample,350308,València,0256 0256,Monday,2023,2,February,27,Night,0,No és causa del  vianant,Motorcycle,Man,41,Passenger,Desconegut                                                                                                                                            ,Unknown,Unknown,Minor injury: Hospitalization up to 24 hours,430042.42,4582776.15,2.162082577,41.391629235
2023S001155    ,2,Eixample,7,la Dreta de l'Eixample,350308,València,0256 0256,Monday,2023,2,February,27,Night,0,No és causa del  vianant,Motorcycle,Man,50,Driver,Desconegut                                                                                                                                            ,Unknown,In itínere,Minor injury: Hospitalization up to 24 hours,430042.42,4582776.15,2.162082577,41.391629235
2023S001156    ,2,Eixample,8,l'Antiga Esquerra de l'Eixample,18505,Aragó,0170 0170,Monday,2023,2,February,27,Morning,7,No és causa del  vianant,Motorcycle,Woman,26,Driver,Desconegut                                                                                                                                            ,Unknown,In itínere,Minor injury: Medical assistance at accident site,429640.11,4582207.73,2.15733693,41.386474552
2023S001157    ,9,Sant Andreu,63,Navas,121402,Felip II,0105 0105,Monday,2023,2,February,27,Morning,7,No és causa del  vianant,Veh. mobilitat personal amb motor,Man,17,Driver,En pas regulat per semàfor                                                                                                                            ,Unknown,Altres activitats,Minor injury: Refused medical assistance,432046.36,4586051.66,2.185682233,41.421302692
2023S001157    ,9,Sant Andreu,63,Navas,121402,Felip II,0105 0105,Monday,2023,2,February,27,Morning,7,No és causa del  vianant,Veh. mobilitat personal amb motor,Woman,49,Pedestrian,En pas regulat per semàfor                                                                                                                            ,Unknown,Unknown,Minor injury: Refused medical assistance,432046.36,4586051.66,2.185682233,41.421302692
2023S001159    ,2,Eixample,10,Sant Antoni,349706,Comte d'Urgell,0002 0002,Monday,2023,2,February,27,Morning,10,Transitar a peu per la calçada,"Camió rígid <= 3,5 tones",Man,75,Pedestrian,Fora del pas                                                                                                                                          ,Unknown,Unknown,Minor injury: Hospitalization up to 24 hours,430089.53,4581389.56,2.162806111,41.379144755
2023S001161    ,4,Les Corts,20,la Maternitat i Sant Ramon,66508,Carles III,0099X0099X,Monday,2023,2,February,27,Morning,10,Others,Bus,Woman,77,Pedestrian,Desconegut                                                                                                                                            ,Unknown,Unknown,Minor injury: Hospitalization up to 24 hours,427082.46,4582280.65,2.126740751,41.386903419
2023S001162    ,6,Gràcia,28,Vallcarca i els Penitents,158107,Vallcarca,0107X0107X,Monday,2023,2,February,27,Morning,12,No és causa del  vianant,Bicicleta,Woman,43,Driver,Desconegut                                                                                                                                            ,Unknown,Oci i entreteniment,Minor injury: Hospitalization up to 24 hours,428632.02,4585059.05,2.144944666,41.412066461
2023S001163    ,8,Nou Barris,52,la Prosperitat,282650,Rio de Janeiro,0131 0135,Monday,2023,2,February,27,Morning,13,No és causa del  vianant,Motorcycle,Man,26,Driver,Desconegut                                                                                                                                            ,Unknown,In itínere,Minor injury: Hospitalization up to 24 hours,432063.36,4588409.34,2.185620502,41.442538964
2023S001164    ,2,Eixample,10,Sant Antoni,329902,Tamarit,0116 0116,Monday,2023,2,February,27,Morning,13,No és causa del  vianant,Bicicleta,Man,23,Driver,Desconegut                                                                                                                                            ,Unknown,Oci i entreteniment,Minor injury: Refused medical assistance,429741.9,4581146.32,2.158677394,41.376923672
2023S001166    ,5,Sarrià-Sant Gervasi,25,Sant Gervasi - la Bonanova,191703,Mandri,0036 0036,Monday,2023,2,February,27,Morning,13,No és causa del  vianant,Motorcycle,Man,58,Driver,Desconegut                                                                                                                                            ,Unknown,Unknown,Minor injury: Hospitalization up to 24 hours,427694.18,4584086.28,2.13384075,41.403221257
2023S001167    ,-1,Unknown,-1,Unknown,-1,Unknown,Unknown,Monday,2023,2,February,27,Morning,8,No és causa del  vianant,Motorcycle,Man,30,Driver,Desconegut                                                                                                                                            ,Unknown,In itínere,Minor injury: Medical assistance at accident site,426225.81,4575436.34,2.117328514,41.325181149
2023S001168    ,6,Gràcia,30,la Salut,76807,Sardenya,0555 0555,Monday,2023,2,February,27,Morning,11,No és causa del  vianant,Bus,Woman,82,Passenger,Desconegut                                                                                                                                            ,Unknown,Unknown,Minor injury: Hospitalization up to 24 hours,430024.46,4585146.04,2.161593668,41.412972456
2023S001169    ,5,Sarrià-Sant Gervasi,22,"Vallvidrera, el Tibidabo i les Planes",160007,Església,0030 0032,Monday,2023,2,February,27,Morning,13,No és causa del  vianant,Motorcycle,Man,71,Driver,Desconegut                                                                                                                                            ,Unknown,Oci i entreteniment,Minor injury: Medical assistance at accident site,425212.37,4585626.15,2.103962482,41.416862951