Case_Number,District_Code,District_Name,Neighborhood_Code,Neighborhood_Name,Street_Code,Street_Name,Postal_Code,Day_of_Week,Year,Month_Code,Month_Name,Day_of_Month,Shift_Description,Hour_of_Day,Pedestrian_Cause_Description,Involved_Vehicle_Type,Gender_Description,Age,Person_Type_Description,Pedestrian_Accident_Location_Description,Pedestrian_Movement_Reason_Description,Driver_Movement_Reason_Description,Victimization_Description,UTM_X_Coordinate,UTM_Y_Coordinate,Longitude,Latitude
2023S001257    ,10,Sant Martí,73,la Verneda i la Pau,153205,Guipúscoa,0154X0154X,Friday,2023,3,March,3,Afternoon,15,No és causa del  vianant,Motorcycle,Man,67,Driver,Desconegut                                                                                                                                            ,Unknown,Oci i entreteniment,Serious injury: Hospitalization over 24 hours,433747.09,4586199.04,2.206016613,41.42277223
2023S001258    ,2,Eixample,5,el Fort Pienc,71600,Casp,0130 0130,Friday,2023,3,March,3,Afternoon,17,No és causa del  vianant,Motorcycle,Man,47,Driver,Desconegut                                                                                                                                            ,Unknown,Unknown,Minor injury: Medical assistance at accident site,431464.86,4583206.91,2.179046532,41.395631502
2023S001259    ,2,Eixample,9,la Nova Esquerra de l'Eixample,331507,Tarragona,0074 0076,Friday,2023,3,March,3,Afternoon,17,No és causa del  vianant,Bus,Woman,56,Passenger,Desconegut                                                                                                                                            ,Unknown,Unknown,Minor injury: Hospitalization up to 24 hours,428769.74,4581177.12,2.147049191,41.377115564
2023S001259    ,2,Eixample,9,la Nova Esquerra de l'Eixample,331507,Tarragona,0074 0076,Friday,2023,3,March,3,Afternoon,17,No és causa del  vianant,Veh. mobilitat personal amb motor,Man,27,Driver,Desconegut                                                                                                                                            ,Unknown,Oci i entreteniment,Minor injury: Hospitalization up to 24 hours,428769.74,4581177.12,2.147049191,41.377115564
2023S001260    ,10,Sant Martí,70,el Besòs i el Maresme,701414,C-31,020850000,Friday,2023,3,March,3,Afternoon,16,No és causa del  vianant,Furgoneta,Woman,52,Passenger,Desconegut                                                                                                                                            ,Unknown,Unknown,Minor injury: Hospitalization up to 24 hours,434078.33,4585946.2,2.210007828,41.420522231
2023S001261    ,8,Nou Barris,44,Vilapicina i la Torre Llobeta,111704,Escòcia,0001 0001,Friday,2023,3,March,3,Afternoon,17,Creuar per fora pas de vianants,Motorcycle,Woman,24,Pedestrian,Fora del pas                                                                                                                                          ,Oci i entreteniment,Unknown,Minor injury: Medical assistance at accident site,431897.58,4586858.7,2.183811023,41.428558832
2023S001262    ,8,Nou Barris,46,el Turó de la Peira,295403,Sant Iscle,0075 0077,Friday,2023,3,March,3,Afternoon,21,No és causa del  vianant,Motorcycle,Man,45,Driver,Desconegut                                                                                                                                            ,Unknown,Altres activitats,Minor injury: Hospitalization up to 24 hours,430719.98,4587528.65,2.169641832,41.434492061
2023S001263    ,7,Horta-Guinardó,38,la Teixonera,701268,Dalt (Llobregat),001060000,Friday,2023,3,March,3,Afternoon,21,No és causa del  vianant,Motorcycle,Man,29,Driver,Desconegut                                                                                                                                            ,Unknown,Oci i entreteniment,Minor injury: Medical assistance at accident site,428435.52,4586389.61,2.142436248,41.424032783
2023S001264    ,2,Eixample,5,el Fort Pienc,197302,Marina,0124 0124,Friday,2023,3,March,3,Afternoon,21,No és causa del  vianant,Car,Woman,53,Driver,Desconegut                                                                                                                                            ,Unknown,Unknown,Minor injury: Hospitalization up to 24 hours,431945.45,4583251.92,2.18478981,41.396077733
2023S001266    ,8,Nou Barris,44,Vilapicina i la Torre Llobeta,332703,Teide,0011 0011,Saturday,2023,3,March,4,Morning,8,Desobeir el senyal del semàfor,Motorcycle,Man,24,Pedestrian,En pas regulat per semàfor                                                                                                                            ,Oci i entreteniment,Unknown,Serious injury: Hospitalization over 24 hours,430664.81,4587074.55,2.169033673,41.430397388
2023S001268    ,10,Sant Martí,72,Sant Martí de Provençals,153205,Guipúscoa,0027 0027,Saturday,2023,3,March,4,Morning,8,No és causa del  vianant,Bicicleta,Man,60,Driver,Desconegut                                                                                                                                            ,Unknown,En missió,Minor injury: Hospitalization up to 24 hours,432792.64,4585292.45,2.194696433,41.414527519
2023S001269    ,9,Sant Andreu,60,Sant Andreu,339101,Torras i Bages,0085 0085,Saturday,2023,3,March,4,Morning,12,No és causa del  vianant,Car,Woman,32,Driver,Desconegut                                                                                                                                            ,Unknown,Oci i entreteniment,Minor injury: Medical assistance at accident site,432483.55,4588310.59,2.190661065,41.441685023
2023S001270    ,10,Sant Martí,71,Provençals del Poblenou,144601,Diagonal,0186B0186B,Saturday,2023,3,March,4,Morning,13,No és causa del  vianant,Tren o tramvia,Man,58,Driver,Desconegut                                                                                                                                            ,Unknown,Altres activitats,Minor injury: Hospitalization up to 24 hours,432706.68,4584237.28,2.193785375,41.405016704
2023S001270    ,10,Sant Martí,71,Provençals del Poblenou,144601,Diagonal,0186B0186B,Saturday,2023,3,March,4,Morning,13,No és causa del  vianant,Ambulància,Man,23,Driver,Desconegut                                                                                                                                            ,Unknown,"Bombers, policia, ambulància",Minor injury: Hospitalization up to 24 hours,432706.68,4584237.28,2.193785375,41.405016704
2023S001270    ,10,Sant Martí,71,Provençals del Poblenou,144601,Diagonal,0186B0186B,Saturday,2023,3,March,4,Morning,13,No és causa del  vianant,Ambulància,Woman,44,Passenger,Desconegut                                                                                                                                            ,Unknown,Unknown,Minor injury: Hospitalization up to 24 hours,432706.68,4584237.28,2.193785375,41.405016704
2023S001270    ,10,Sant Martí,71,Provençals del Poblenou,144601,Diagonal,0186B0186B,Saturday,2023,3,March,4,Morning,13,No és causa del  vianant,Tren o tramvia,Woman,20,Passenger,Desconegut                                                                                                                                            ,Unknown,Unknown,Minor injury: Refused medical assistance,432706.68,4584237.28,2.193785375,41.405016704
2023S001270    ,10,Sant Martí,71,Provençals del Poblenou,144601,Diagonal,0186B0186B,Saturday,2023,3,March,4,Morning,13,No és causa del  vianant,Tren o tramvia,Woman,39,Passenger,Desconegut                                                                                                                                            ,Unknown,Unknown,Minor injury: Hospitalization up to 24 hours,432706.68,4584237.28,2.193785375,41.405016704
2023S001270    ,10,Sant Martí,71,Provençals del Poblenou,144601,Diagonal,0186B0186B,Saturday,2023,3,March,4,Morning,13,No és causa del  vianant,Tren o tramvia,Woman,52,Passenger,Desconegut                                                                                                                                            ,Unknown,Unknown,Minor injury: Hospitalization up to 24 hours,432706.68,4584237.28,2.193785375,41.405016704
2023S001270    ,10,Sant Martí,71,Provençals del Poblenou,144601,Diagonal,0186B0186B,Saturday,2023,3,March,4,Morning,13,No és causa del  vianant,Tren o tramvia,Woman,62,Passenger,Desconegut                                                                                                                                            ,Unknown,Unknown,Minor injury: Hospitalization up to 24 hours,432706.68,4584237.28,2.193785375,41.405016704
2023S001270    ,10,Sant Martí,71,Provençals del Poblenou,144601,Diagonal,0186B0186B,Saturday,2023,3,March,4,Morning,13,No és causa del  vianant,Tren o tramvia,Man,48,Passenger,Desconegut                                                                                                                                            ,Unknown,Unknown,Minor injury: Hospitalization up to 24 hours,432706.68,4584237.28,2.193785375,41.405016704
2023S001272    ,2,Eixample,7,la Dreta de l'Eixample,289105,Rosselló,0250 0250,Saturday,2023,3,March,4,Afternoon,15,No és causa del  vianant,Ciclomotor,Woman,45,Driver,Desconegut                                                                                                                                            ,Unknown,En missió,Minor injury: Hospitalization up to 24 hours,430028.14,4583341.24,2.161846456,41.396717571
2023S001273    ,2,Eixample,7,la Dreta de l'Eixample,278459,Reina Victòria,9998 9998,Saturday,2023,3,March,4,Afternoon,16,No és causa del  vianant,Motorcycle,Woman,32,Passenger,Desconegut                                                                                                                                            ,Unknown,Unknown,Minor injury: Hospitalization up to 24 hours,430531.07,4582463.6,2.167962805,41.388856573
2023S001273    ,2,Eixample,7,la Dreta de l'Eixample,278459,Reina Victòria,9998 9998,Saturday,2023,3,March,4,Afternoon,16,No és causa del  vianant,Motorcycle,Man,35,Driver,Desconegut                                                                                                                                            ,Unknown,Oci i entreteniment,Minor injury: Refused medical assistance,430531.07,4582463.6,2.167962805,41.388856573
2023S001275    ,2,Eixample,6,la Sagrada Família,178308,Lepant,0319B0319B,Saturday,2023,3,March,4,Afternoon,19,No és causa del  vianant,Motorcycle,Woman,17,Passenger,Desconegut                                                                                                                                            ,Unknown,Unknown,Minor injury: Hospitalization up to 24 hours,430992.2,4584476.26,2.173248277,41.407023693
2023S001276    ,9,Sant Andreu,57,la Trinitat Vella,701267,Dalt (Besòs),001590000,Saturday,2023,3,March,4,Afternoon,19,No és causa del  vianant,Car,Woman,52,Passenger,Desconegut                                                                                                                                            ,Unknown,Unknown,Minor injury: Hospitalization up to 24 hours,432697.0,4588930.46,2.193146846,41.447285914
2023S001277    ,9,Sant Andreu,60,Sant Andreu,281409,Ribes,0028 0040,Saturday,2023,3,March,4,Afternoon,20,No és causa del  vianant,Motorcycle,Woman,27,Passenger,Desconegut                                                                                                                                            ,Unknown,Unknown,Minor injury: Medical assistance at accident site,432356.44,4588770.96,2.189088044,41.44582071
2023S001277    ,9,Sant Andreu,60,Sant Andreu,281409,Ribes,0028 0040,Saturday,2023,3,March,4,Afternoon,20,No és causa del  vianant,Motorcycle,Man,28,Driver,Desconegut                                                                                                                                            ,Unknown,Oci i entreteniment,Minor injury: Hospitalization up to 24 hours,432356.44,4588770.96,2.189088044,41.44582071
2023S001278    ,2,Eixample,6,la Sagrada Família,350308,València,0414 0414,Saturday,2023,3,March,4,Afternoon,20,No és causa del  vianant,Motorcycle,Woman,54,Passenger,Desconegut                                                                                                                                            ,Unknown,Unknown,Minor injury: Hospitalization up to 24 hours,431156.75,4583866.96,2.17528614,41.401550038
2023S001279    ,2,Eixample,8,l'Antiga Esquerra de l'Eixample,100800,Diputació,0187 0187,Saturday,2023,3,March,4,Afternoon,20,No és causa del  vianant,Motorcycle,Man,26,Driver,Desconegut                                                                                                                                            ,Unknown,Oci i entreteniment,Minor injury: Medical assistance at accident site,429887.54,4582093.8,2.160309201,41.385470037
2023S001280    ,2,Eixample,7,la Dreta de l'Eixample,350308,València,0335 0335,Saturday,2023,3,March,4,Afternoon,21,No és causa del  vianant,Ciclomotor,Woman,37,Driver,Desconegut                                                                                                                                            ,Unknown,Oci i entreteniment,Minor injury: Hospitalization up to 24 hours,430647.07,4583400.23,2.169242815,41.397302523
2023S001281    ,9,Sant Andreu,59,el Bon Pastor,295709,Sant Adrià,0044U0044U,Sunday,2023,3,March,5,Night,0,No és causa del  vianant,Motorcycle,Man,26,Driver,Desconegut                                                                                                                                            ,Unknown,Oci i entreteniment,Minor injury: Hospitalization up to 24 hours,432802.29,4587594.8,2.19455587,41.435264892
2023S001282    ,3,Sants-Montjuïc,12,la Marina del Prat Vermell,701265,Litoral (Besòs),0021S0000,Saturday,2023,3,March,4,Night,23,No és causa del  vianant,Motorcycle,Man,33,Driver,Desconegut                                                                                                                                            ,Unknown,In itínere,Minor injury: Hospitalization up to 24 hours,430774.47,4579826.64,2.171175144,41.365127217
2023S001283    ,3,Sants-Montjuïc,17,Sants - Badal,30602,Badal,0157 0159,Sunday,2023,3,March,5,Morning,6,No és causa del  vianant,Car,Woman,26,Passenger,Desconegut                                                                                                                                            ,Unknown,Unknown,Minor injury: Hospitalization up to 24 hours,427380.7,4580912.45,2.130471518,41.37460756
2023S001283    ,3,Sants-Montjuïc,17,Sants - Badal,30602,Badal,0157 0159,Sunday,2023,3,March,5,Morning,6,No és causa del  vianant,Car,Man,30,Driver,Desconegut                                                                                                                                            ,Unknown,Oci i entreteniment,Minor injury: Hospitalization up to 24 hours,427380.7,4580912.45,2.130471518,41.37460756
2023S001285    ,10,Sant Martí,68,el Poblenou,700654,Litoral,0064 0068,Sunday,2023,3,March,5,Morning,11,No és causa del  vianant,Car,Man,73,Driver,Desconegut                                                                                                                                            ,Unknown,Unknown,Minor injury: Medical assistance at accident site,433600.12,4582986.31,2.204610681,41.393823857
2023S001286    ,10,Sant Martí,68,el Poblenou,701265,Litoral (Besòs),000760000,Sunday,2023,3,March,5,Morning,11,No és causa del  vianant,Car,Woman,58,Passenger,Desconegut                                                                                                                                            ,Unknown,Unknown,Minor injury: Refused medical assistance,433705.19,4583102.38,2.205854682,41.394877946
2023S001286    ,10,Sant Martí,68,el Poblenou,701265,Litoral (Besòs),000760000,Sunday,2023,3,March,5,Morning,11,No és causa del  vianant,Car,Man,48,Passenger,Desconegut                                                                                                                                            ,Unknown,Unknown,Minor injury: Medical assistance at accident site,433705.19,4583102.38,2.205854682,41.394877946
2023S001286    ,10,Sant Martí,68,el Poblenou,701265,Litoral (Besòs),000760000,Sunday,2023,3,March,5,Morning,11,No és causa del  vianant,Car,Woman,47,Driver,Desconegut                                                                                                                                            ,Unknown,Unknown,Minor injury: Hospitalization up to 24 hours,433705.19,4583102.38,2.205854682,41.394877946
2023S001287    ,10,Sant Martí,68,el Poblenou,701266,Litoral (Llobregat),000760000,Sunday,2023,3,March,5,Morning,11,No és causa del  vianant,Car,Woman,41,Passenger,Desconegut                                                                                                                                            ,Unknown,Unknown,Minor injury: Medical assistance at accident site,433705.19,4583102.38,2.205854682,41.394877946
2023S001287    ,10,Sant Martí,68,el Poblenou,701266,Litoral (Llobregat),000760000,Sunday,2023,3,March,5,Morning,11,No és causa del  vianant,Car,Man,10,Passenger,Desconegut                                                                                                                                            ,Unknown,Unknown,Minor injury: Medical assistance at accident site,433705.19,4583102.38,2.205854682,41.394877946
2023S001287    ,10,Sant Martí,68,el Poblenou,701266,Litoral (Llobregat),000760000,Sunday,2023,3,March,5,Morning,11,No és causa del  vianant,Furgoneta,Man,50,Driver,Desconegut                                                                                                                                            ,Unknown,Unknown,Minor injury: Hospitalization up to 24 hours,433705.19,4583102.38,2.205854682,41.394877946
2023S001288    ,5,Sarrià-Sant Gervasi,26,Sant Gervasi - Galvany,28000,Augusta,0115 0115,Sunday,2023,3,March,5,Morning,10,No és causa del  vianant,Motorcycle,Man,21,Driver,Desconegut                                                                                                                                            ,Unknown,Oci i entreteniment,Minor injury: Hospitalization up to 24 hours,428713.85,4583795.76,2.146072551,41.400695763
2023S001289    ,1,Ciutat Vella,1,el Raval,701367,Raval,0017 0021,Sunday,2023,3,March,5,Morning,12,No és causa del  vianant,Car,Woman,59,Driver,Desconegut                                                                                                                                            ,Unknown,Unknown,Minor injury: Hospitalization up to 24 hours,430645.89,4581367.68,2.169461534,41.378995862
2023S001290    ,2,Eixample,6,la Sagrada Família,238400,Padilla,0209 0209,Sunday,2023,3,March,5,Afternoon,14,No és causa del  vianant,Motorcycle,Woman,40,Passenger,Desconegut                                                                                                                                            ,Unknown,Unknown,Minor injury: Hospitalization up to 24 hours,431553.57,4584083.99,2.180008377,41.40353866
2023S001290    ,2,Eixample,6,la Sagrada Família,238400,Padilla,0209 0209,Sunday,2023,3,March,5,Afternoon,14,No és causa del  vianant,Motorcycle,Man,31,Driver,Desconegut                                                                                                                                            ,Unknown,Oci i entreteniment,Minor injury: Hospitalization up to 24 hours,431553.57,4584083.99,2.180008377,41.40353866
2023S001291    ,10,Sant Martí,67,la Vila Olímpica del Poblenou,197302,Marina,0033 0033,Sunday,2023,3,March,5,Afternoon,16,No és causa del  vianant,Veh. mobilitat personal amb motor,Man,15,Driver,Desconegut                                                                                                                                            ,Unknown,Oci i entreteniment,Minor injury: Hospitalization up to 24 hours,432592.28,4582626.29,2.19259629,41.390497358
2023S001292    ,8,Nou Barris,53,la Trinitat Nova,186306,Llosa,0001X0001X,Sunday,2023,3,March,5,Morning,13,No és causa del  vianant,Motorcycle,Man,18,Driver,Desconegut                                                                                                                                            ,Unknown,Unknown,Minor injury: Hospitalization up to 24 hours,432310.95,4589160.32,2.188499855,41.449323702
2023S001293    ,4,Les Corts,20,la Maternitat i Sant Ramon,700811,Albert Bastardas,0014 0018,Sunday,2023,3,March,5,Afternoon,18,No és causa del  vianant,Motorcycle,Man,44,Driver,Desconegut                                                                                                                                            ,Unknown,En missió,Minor injury: Hospitalization up to 24 hours,425508.34,4581563.21,2.108003801,41.38029745
2023S001294    ,1,Ciutat Vella,1,el Raval,140203,Drassanes,0017 0021,Sunday,2023,3,March,5,Afternoon,14,No és causa del  vianant,Motorcycle,Man,39,Driver,Desconegut                                                                                                                                            ,Unknown,Unknown,Minor injury: Hospitalization up to 24 hours,430949.91,4581096.04,2.173127947,41.376575438
2023S001295    ,2,Eixample,7,la Dreta de l'Eixample,349309,Universitat,0001 0001,Sunday,2023,3,March,5,Night,23,No és causa del  vianant,Motorcycle,Man,37,Driver,Desconegut                                                                                                                                            ,Unknown,In itínere,Minor injury: Hospitalization up to 24 hours,430251.51,4582138.13,2.164656842,41.385900961
2023S001297    ,9,Sant Andreu,59,el Bon Pastor,701355,La Barcelonesa,0002X0002X,Monday,2023,3,March,6,Night,5,No és causa del  vianant,Motorcycle,Man,27,Driver,Desconegut                                                                                                                                            ,Unknown,Oci i entreteniment,Serious injury: Hospitalization over 24 hours,432932.5,4587713.32,2.196101103,41.436343255
2023S001298    ,6,Gràcia,31,la Vila de Gràcia,267000,Riera de Cassoles,0032 0032,Monday,2023,3,March,6,Morning,7,No és causa del  vianant,Bus,Man,15,Pedestrian,En pas regulat per semàfor                                                                                                                            ,Unknown,Unknown,Minor injury: Medical assistance at accident site,429033.99,4584119.1,2.149864084,41.403636302
2023S001299    ,5,Sarrià-Sant Gervasi,25,Sant Gervasi - la Bonanova,302000,Sant Gervasi,0049 0049,Monday,2023,3,March,6,Morning,7,Creuar per fora pas de vianants,Car,Man,53,Pedestrian,Fora del pas                                                                                                                                          ,Unknown,Unknown,Minor injury: Hospitalization up to 24 hours,427970.87,4584863.31,2.137058057,41.410244499
2023S001301    ,2,Eixample,8,l'Antiga Esquerra de l'Eixample,144601,Diagonal,0417 0417,Monday,2023,3,March,6,Morning,9,No és causa del  vianant,Motorcycle,Man,28,Driver,Desconegut                                                                                                                                            ,Unknown,In itínere,Minor injury: Hospitalization up to 24 hours,429366.4,4583143.68,2.15395436,41.394880332
2023S001302    ,10,Sant Martí,66,el Parc i la Llacuna del Poblenou,197302,Marina,0081 0083,Monday,2023,3,March,6,Morning,7,No és causa del  vianant,Bicicleta,Woman,27,Driver,Desconegut                                                                                                                                            ,Unknown,Unknown,Minor injury: Refused medical assistance,432301.89,4582921.06,2.189090234,41.393127869
2023S001302    ,10,Sant Martí,66,el Parc i la Llacuna del Poblenou,197302,Marina,0081 0083,Monday,2023,3,March,6,Morning,7,No és causa del  vianant,Motorcycle,Man,36,Driver,Desconegut                                                                                                                                            ,Unknown,Unknown,Minor injury: Hospitalization up to 24 hours,432301.89,4582921.06,2.189090234,41.393127869
2023S001303    ,2,Eixample,5,el Fort Pienc,169409,Corts Catalanes,0731 0731,Monday,2023,3,March,6,Morning,8,No és causa del  vianant,Veh. mobilitat personal amb motor,Woman,26,Driver,Desconegut                                                                                                                                            ,Unknown,Oci i entreteniment,Minor injury: Hospitalization up to 24 hours,431553.84,4583500.42,2.180077624,41.398282643
2023S001304    ,9,Sant Andreu,63,Navas,209900,Meridiana,0233 0233,Monday,2023,3,March,6,Morning,10,No és causa del  vianant,Furgoneta,Woman,58,Passenger,Desconegut                                                                                                                                            ,Unknown,Unknown,Minor injury: Medical assistance at accident site,432121.88,4585817.68,2.18661216,41.419201695
2023S001306    ,3,Sants-Montjuïc,12,la Marina del Prat Vermell,369408,Zona Franca,0009 0009,Monday,2023,3,March,6,Morning,11,No és causa del  vianant,Motorcycle,Man,49,Driver,Desconegut                                                                                                                                            ,Unknown,Unknown,Minor injury: Hospitalization up to 24 hours,428571.92,4578313.01,2.145021247,41.351301906
2023S001307    ,4,Les Corts,19,les Corts,144601,Diagonal,0632 0632,Sunday,2023,3,March,5,Night,22,No és causa del  vianant,Car,Woman,28,Passenger,Desconegut                                                                                                                                            ,Unknown,Unknown,Minor injury: Medical assistance at accident site,427954.95,4582701.1,2.137125048,41.390768909
2023S001308    ,6,Gràcia,28,Vallcarca i els Penitents,158107,Vallcarca,0158E0158E,Monday,2023,3,March,6,Morning,13,No és causa del  vianant,Motorcycle,Woman,32,Passenger,Desconegut                                                                                                                                            ,Unknown,Unknown,Minor injury: Hospitalization up to 24 hours,428461.6,4585247.52,2.142883481,41.413748775
2023S001308    ,6,Gràcia,28,Vallcarca i els Penitents,158107,Vallcarca,0158E0158E,Monday,2023,3,March,6,Morning,13,No és causa del  vianant,Motorcycle,Woman,32,Driver,Desconegut                                                                                                                                            ,Unknown,In itínere,Minor injury: Hospitalization up to 24 hours,428461.6,4585247.52,2.142883481,41.413748775
2023S001309    ,2,Eixample,9,la Nova Esquerra de l'Eixample,18505,Aragó,0108 0108,Monday,2023,3,March,6,Morning,12,No és causa del  vianant,Taxi,Man,28,Pedestrian,En pas regulat per semàfor                                                                                                                            ,Unknown,Unknown,Minor injury: Hospitalization up to 24 hours,429354.29,4581928.4,2.153951329,41.383933657
2023S001310    ,2,Eixample,9,la Nova Esquerra de l'Eixample,100800,Diputació,0063 0063,Monday,2023,3,March,6,Morning,12,No és causa del  vianant,Motorcycle,Man,46,Driver,Desconegut                                                                                                                                            ,Unknown,En missió,Minor injury: Hospitalization up to 24 hours,429385.75,4581571.52,2.154369163,41.38072212
2023S001311    ,10,Sant Martí,71,Provençals del Poblenou,701414,C-31,020700000,Monday,2023,3,March,6,Morning,13,No és causa del  vianant,Motorcycle,Man,25,Driver,Desconegut                                                                                                                                            ,Unknown,En missió,Minor injury: Hospitalization up to 24 hours,432986.83,4584903.52,2.197062924,41.411040761
2023S001312    ,2,Eixample,9,la Nova Esquerra de l'Eixample,169409,Corts Catalanes,0421 0421,Monday,2023,3,March,6,Morning,10,No és causa del  vianant,Car,Man,29,Driver,Desconegut                                                                                                                                            ,Unknown,Oci i entreteniment,Minor injury: Refused medical assistance,429223.68,4581256.55,2.152467904,41.37787104
2023S001313    ,2,Eixample,8,l'Antiga Esquerra de l'Eixample,110304,Enric Granados,0137 0137,Monday,2023,3,March,6,Morning,13,No és causa del  vianant,Bicicleta,Woman,55,Driver,Desconegut                                                                                                                                            ,Unknown,Unknown,Minor injury: Hospitalization up to 24 hours,429387.02,4583027.46,2.154214551,41.393835391
2023S001314    ,10,Sant Martí,71,Provençals del Poblenou,143609,Josep Pla,0181 0181,Monday,2023,3,March,6,Afternoon,16,No és causa del  vianant,Motorcycle,Man,19,Driver,Desconegut                                                                                                                                            ,Unknown,Oci i entreteniment,Minor injury: Hospitalization up to 24 hours,433698.21,4585495.05,2.205508932,41.416427549
2023S001315    ,2,Eixample,9,la Nova Esquerra de l'Eixample,110803,Entença,0126 0126,Monday,2023,3,March,6,Afternoon,16,No és causa del  vianant,Motorcycle,Man,28,Driver,Desconegut                                                                                                                                            ,Unknown,Unknown,Minor injury: Refused medical assistance,428876.92,4581648.35,2.148275464,41.381369259
2023S001316    ,9,Sant Andreu,63,Navas,121402,Felip II,0009B0009B,Monday,2023,3,March,6,Afternoon,15,No és causa del  vianant,Autobús articulat,Man,82,Passenger,Desconegut                                                                                                                                            ,Unknown,Unknown,Minor injury: Hospitalization up to 24 hours,432508.78,4585577.91,2.191268323,41.417074769
2023S001317    ,3,Sants-Montjuïc,12,la Marina del Prat Vermell,701498,B-10 (Besòs),001160000,Monday,2023,3,March,6,Afternoon,18,No és causa del  vianant,Car,Woman,33,Driver,Desconegut                                                                                                                                            ,Unknown,In itínere,Minor injury: Hospitalization up to 24 hours,430873.62,4580015.85,2.172338941,41.366839906
2023S001318    ,9,Sant Andreu,63,Navas,194406,Maragall,0056U0056U,Monday,2023,3,March,6,Afternoon,14,No és causa del  vianant,Motorcycle,Woman,36,Driver,Desconegut                                                                                                                                            ,Unknown,Oci i entreteniment,Minor injury: Hospitalization up to 24 hours,431616.51,4585567.7,2.180593521,41.416907331
2023S001319    ,6,Gràcia,31,la Vila de Gràcia,123408,Lesseps,0002 0002,Monday,2023,3,March,6,Afternoon,17,Desobeir el senyal del semàfor,Car,Woman,12,Pedestrian,En pas regulat per semàfor                                                                                                                            ,Unknown,Unknown,Minor injury: Hospitalization up to 24 hours,429080.35,4584382.04,2.150387834,41.406008597
2023S001320    ,5,Sarrià-Sant Gervasi,25,Sant Gervasi - la Bonanova,44800,Bonanova,0009 0009,Monday,2023,3,March,6,Afternoon,17,No és causa del  vianant,Motorcycle,Man,18,Driver,Desconegut                                                                                                                                            ,Unknown,Unknown,Minor injury: Refused medical assistance,427694.87,4584403.28,2.133811115,41.406076407
2023S001321    ,7,Horta-Guinardó,43,Horta,329505,Tajo,0045 0045,Monday,2023,3,March,6,Afternoon,17,No és causa del  vianant,Ciclomotor,Woman,33,Driver,Desconegut                                                                                                                                            ,Unknown,Unknown,Minor injury: Refused medical assistance,430061.56,4586971.82,2.161826275,41.429419807
2023S001322    ,2,Eixample,5,el Fort Pienc,169409,Corts Catalanes,0788 0788,Monday,2023,3,March,6,Afternoon,18,No és causa del  vianant,Motorcycle,Man,54,Driver,Desconegut                                                                                                                                            ,Unknown,Unknown,Minor injury: Hospitalization up to 24 hours,431752.74,4583658.63,2.18243892,41.399724511
2023S001323    ,6,Gràcia,28,Vallcarca i els Penitents,158107,Vallcarca,0001X0001X,Monday,2023,3,March,6,Afternoon,21,No és causa del  vianant,Motorcycle,Man,35,Driver,Desconegut                                                                                                                                            ,Unknown,Unknown,Minor injury: Hospitalization up to 24 hours,429028.69,4584584.14,2.149746123,41.407824274
2023S001324    ,2,Eixample,8,l'Antiga Esquerra de l'Eixample,191204,Mallorca,0140 0140,Monday,2023,3,March,6,Afternoon,20,No és causa del  vianant,Ciclomotor,Woman,52,Driver,Desconegut                                                                                                                                            ,Unknown,Unknown,Minor injury: Medical assistance at accident site,429356.73,4582306.06,2.153936448,41.387335328
2023S001325    ,10,Sant Martí,72,Sant Martí de Provençals,153205,Guipúscoa,0042 0042,Monday,2023,3,March,6,Afternoon,19,No és causa del  vianant,Car,Man,45,Driver,Desconegut                                                                                                                                            ,Unknown,Oci i entreteniment,Minor injury: Hospitalization up to 24 hours,432877.17,4585348.9,2.195701525,41.415043017
2023S001326    ,7,Horta-Guinardó,40,Montbau,352507,Vall d'Hebron,0171 0171,Monday,2023,3,March,6,Afternoon,20,No és causa del  vianant,Ciclomotor,Woman,50,Driver,Desconegut                                                                                                                                            ,Unknown,Unknown,Minor injury: Medical assistance at accident site,428793.34,4587907.42,2.146539062,41.437734867
2023S001327    ,5,Sarrià-Sant Gervasi,25,Sant Gervasi - la Bonanova,9402,Alacant,0033 0033,Monday,2023,3,March,6,Afternoon,20,No és causa del  vianant,Ciclomotor,Woman,20,Driver,Desconegut                                                                                                                                            ,Unknown,Unknown,Minor injury: Medical assistance at accident site,427843.38,4583906.46,2.135646963,41.401615103
2023S001328    ,10,Sant Martí,68,el Poblenou,110009,Ramon Turró,0173 0173,Monday,2023,3,March,6,Afternoon,18,No és causa del  vianant,Motorcycle,Woman,24,Driver,Desconegut                                                                                                                                            ,Unknown,In itínere,Minor injury: Refused medical assistance,433364.06,4583561.24,2.201723924,41.398982575
2023S001329    ,5,Sarrià-Sant Gervasi,25,Sant Gervasi - la Bonanova,701267,Dalt (Besòs),000910000,Monday,2023,3,March,6,Afternoon,20,No és causa del  vianant,Car,Woman,21,Driver,Desconegut                                                                                                                                            ,Unknown,Unknown,Minor injury: Hospitalization up to 24 hours,427607.67,4585312.48,2.13265913,41.414257334
2023S001329    ,5,Sarrià-Sant Gervasi,25,Sant Gervasi - la Bonanova,701267,Dalt (Besòs),000910000,Monday,2023,3,March,6,Afternoon,20,No és causa del  vianant,Car,Woman,44,Driver,Desconegut                                                                                                                                            ,Unknown,Unknown,Minor injury: Hospitalization up to 24 hours,427607.67,4585312.48,2.13265913,41.414257334