Case_Number,District_Code,District_Name,Neighborhood_Code,Neighborhood_Name,Street_Code,Street_Name,Postal_Code,Day_of_Week,Year,Month_Code,Month_Name,Day_of_Month,Shift_Description,Hour_of_Day,Pedestrian_Cause_Description,Involved_Vehicle_Type,Gender_Description,Age,Person_Type_Description,Pedestrian_Accident_Location_Description,Pedestrian_Movement_Reason_Description,Driver_Movement_Reason_Description,Victimization_Description,UTM_X_Coordinate,UTM_Y_Coordinate,Longitude,Latitude
2023S001331    ,2,Eixample,8,l'Antiga Esquerra de l'Eixample,223606,Muntaner,0105 0105,Tuesday,2023,3,March,7,Night,1,No és causa del  vianant,Ciclomotor,Man,55,Driver,Desconegut                                                                                                                                            ,Unknown,In itínere,Minor injury: Hospitalization up to 24 hours,429548.35,4582493.34,2.156206316,41.389038911
2023S001332    ,10,Sant Martí,68,el Poblenou,701265,Litoral (Besòs),000760000,Tuesday,2023,3,March,7,Morning,6,No és causa del  vianant,Car,Man,35,Driver,Desconegut                                                                                                                                            ,Unknown,In itínere,Minor injury: Medical assistance at accident site,433600.12,4582986.31,2.204610681,41.393823857
2023S001332    ,10,Sant Martí,68,el Poblenou,701265,Litoral (Besòs),000760000,Tuesday,2023,3,March,7,Morning,6,No és causa del  vianant,Car,Man,61,Driver,Desconegut                                                                                                                                            ,Unknown,In itínere,Minor injury: Medical assistance at accident site,433600.12,4582986.31,2.204610681,41.393823857
2023S001333    ,10,Sant Martí,70,el Besòs i el Maresme,701449,Josep Narcís Roca,0013X0013X,Monday,2023,3,March,6,Afternoon,19,No és causa del  vianant,Motorcycle,Woman,24,Driver,Desconegut                                                                                                                                            ,Unknown,Altres activitats,Minor injury: Hospitalization up to 24 hours,435012.77,4585164.65,2.221273049,41.413559163
2023S001334    ,10,Sant Martí,72,Sant Martí de Provençals,30409,Bac de Roda,0204 0204,Monday,2023,3,March,6,Afternoon,18,No és causa del  vianant,Motorcycle,Man,52,Driver,Desconegut                                                                                                                                            ,Unknown,In itínere,Minor injury: Hospitalization up to 24 hours,432699.04,4585390.07,2.193565689,41.415398916
2023S001335    ,2,Eixample,5,el Fort Pienc,169409,Corts Catalanes,0751 0751,Tuesday,2023,3,March,7,Morning,10,No és causa del  vianant,Motorcycle,Woman,45,Driver,Desconegut                                                                                                                                            ,Unknown,Unknown,Minor injury: Medical assistance at accident site,431778.91,4583757.15,2.182740851,41.400614074
2023S001336    ,10,Sant Martí,72,Sant Martí de Provençals,115603,Espronceda,0276 0276,Tuesday,2023,3,March,7,Morning,10,No és causa del  vianant,Veh. mobilitat personal amb motor,Man,12,Passenger,Desconegut                                                                                                                                            ,Unknown,Unknown,Minor injury: Medical assistance at accident site,432695.3,4585200.75,2.193542015,41.413693452
2023S001336    ,10,Sant Martí,72,Sant Martí de Provençals,115603,Espronceda,0276 0276,Tuesday,2023,3,March,7,Morning,10,No és causa del  vianant,Veh. mobilitat personal amb motor,Woman,44,Driver,Desconegut                                                                                                                                            ,Unknown,Unknown,Minor injury: Medical assistance at accident site,432695.3,4585200.75,2.193542015,41.413693452
2023S001337    ,2,Eixample,7,la Dreta de l'Eixample,18505,Aragó,0297 0297,Tuesday,2023,3,March,7,Morning,9,No és causa del  vianant,Motorcycle,Man,50,Driver,Desconegut                                                                                                                                            ,Unknown,Unknown,Minor injury: Medical assistance at accident site,430498.67,4583050.27,2.167507952,41.394137725
2023S001338    ,3,Sants-Montjuïc,12,la Marina del Prat Vermell,370531,Número 6 Zona Franca,0090 0090,Wednesday,2023,2,February,15,Morning,8,No és causa del  vianant,Motorcycle,Man,23,Driver,Desconegut                                                                                                                                            ,Unknown,In itínere,Minor injury: Hospitalization up to 24 hours,426247.25,4575440.61,2.117584159,41.325221571
2023S001339    ,3,Sants-Montjuïc,11,el Poble-sec,700796,Jocs del 92,0011 0011,Tuesday,2023,3,March,7,Morning,11,No és causa del  vianant,Motorcycle,Man,53,Driver,Desconegut                                                                                                                                            ,Unknown,Unknown,Minor injury: Hospitalization up to 24 hours,428670.26,4579620.55,2.146042877,41.363087235
2023S001340    ,2,Eixample,8,l'Antiga Esquerra de l'Eixample,23403,Aribau,0181 0181,Tuesday,2023,3,March,7,Morning,12,No és causa del  vianant,Motorcycle,Man,54,Driver,Desconegut                                                                                                                                            ,Unknown,Unknown,Minor injury: Hospitalization up to 24 hours,429175.76,4583066.92,2.15168314,41.394172206
2023S001341    ,2,Eixample,7,la Dreta de l'Eixample,18505,Aragó,0375 0375,Tuesday,2023,3,March,7,Morning,10,No és causa del  vianant,Motorcycle,Man,45,Driver,Desconegut                                                                                                                                            ,Unknown,Unknown,Minor injury: Hospitalization up to 24 hours,430977.58,4583518.03,2.1731827,41.398391964
2023S001342    ,9,Sant Andreu,62,el Congrés i els Indians,255704,Pinar del Río,0013 0013,Tuesday,2023,3,March,7,Morning,10,No és causa del  vianant,Bicicleta,Man,18,Driver,Desconegut                                                                                                                                            ,Unknown,Oci i entreteniment,Minor injury: Hospitalization up to 24 hours,431817.68,4586165.14,2.182933111,41.422305384
2023S001343    ,9,Sant Andreu,63,Navas,194406,Maragall,0060 0064,Monday,2023,3,March,6,Afternoon,18,No és causa del  vianant,Bus,Man,87,Passenger,Desconegut                                                                                                                                            ,Unknown,Unknown,Serious injury: Hospitalization over 24 hours,431617.26,4585588.82,2.180600106,41.417097616
2023S001344    ,2,Eixample,7,la Dreta de l'Eixample,18505,Aragó,0297 0297,Tuesday,2023,3,March,7,Morning,13,No és causa del  vianant,Motorcycle,Man,25,Driver,Desconegut                                                                                                                                            ,Unknown,Unknown,Minor injury: Hospitalization up to 24 hours,430498.67,4583050.27,2.167507952,41.394137725
2023S001345    ,2,Eixample,7,la Dreta de l'Eixample,18505,Aragó,0250 0250,Friday,2023,2,February,17,Afternoon,15,No és causa del  vianant,Bicicleta,Man,41,Driver,Desconegut                                                                                                                                            ,Unknown,Unknown,Serious injury: Hospitalization over 24 hours,430109.98,4582647.64,2.162905446,41.390477664
2023S001346    ,8,Nou Barris,50,les Roquetes,341409,Torres,0051 0051,Tuesday,2023,3,March,7,Afternoon,14,No és causa del  vianant,Car,Man,10,Pedestrian,En pas sense regular                                                                                                                                  ,Unknown,Unknown,Minor injury: Hospitalization up to 24 hours,431204.6,4588902.84,2.175285252,41.446910563
2023S001348    ,6,Gràcia,28,Vallcarca i els Penitents,701268,Dalt (Llobregat),001000000,Tuesday,2023,3,March,7,Afternoon,16,No és causa del  vianant,Motorcycle,Man,48,Driver,Desconegut                                                                                                                                            ,Unknown,Altres activitats,Minor injury: Hospitalization up to 24 hours,428210.43,4585888.55,2.139802315,41.419499855
2023S001349    ,10,Sant Martí,67,la Vila Olímpica del Poblenou,110009,Ramon Turró,0022 0022,Monday,2023,3,March,6,Afternoon,19,No és causa del  vianant,Bicicleta,Man,46,Driver,Desconegut                                                                                                                                            ,Unknown,Unknown,Minor injury: Hospitalization up to 24 hours,432500.22,4582719.72,2.191484826,41.391331132
2023S001350    ,2,Eixample,7,la Dreta de l'Eixample,359404,Cinc d'Oros,9999 9999,Tuesday,2023,3,March,7,Afternoon,19,No és causa del  vianant,Motorcycle,Man,32,Driver,Desconegut                                                                                                                                            ,Unknown,Oci i entreteniment,Minor injury: Hospitalization up to 24 hours,429834.22,4583321.69,2.15952922,41.396524584
2023S001351    ,5,Sarrià-Sant Gervasi,26,Sant Gervasi - Galvany,144601,Diagonal,0614 0614,Tuesday,2023,3,March,7,Afternoon,18,Creuar per fora pas de vianants,Motorcycle,Woman,59,Pedestrian,Fora del pas                                                                                                                                          ,Oci i entreteniment,Unknown,Minor injury: Medical assistance at accident site,428300.11,4582870.53,2.141233088,41.392325761
2023S001351    ,5,Sarrià-Sant Gervasi,26,Sant Gervasi - Galvany,144601,Diagonal,0614 0614,Tuesday,2023,3,March,7,Afternoon,18,Creuar per fora pas de vianants,Motorcycle,Man,39,Driver,Fora del pas                                                                                                                                          ,Unknown,Unknown,Minor injury: Hospitalization up to 24 hours,428300.11,4582870.53,2.141233088,41.392325761
2023S001352    ,-1,Unknown,-1,Unknown,-1,Unknown,Unknown,Tuesday,2023,3,March,7,Afternoon,21,No és causa del  vianant,Motorcycle,Man,50,Driver,Desconegut                                                                                                                                            ,Unknown,Transport professional de mercaderies,Minor injury: Hospitalization up to 24 hours,432755.06,4588382.55,2.193902886,41.442355942
2023S001354    ,10,Sant Martí,64,el Camp de l'Arpa del Clot,297001,Sant Antoni Maria Claret,0286 0286,Tuesday,2023,3,March,7,Afternoon,21,No és causa del  vianant,Motorcycle,Woman,28,Driver,Desconegut                                                                                                                                            ,Unknown,Oci i entreteniment,Minor injury: Hospitalization up to 24 hours,431373.14,4585218.56,2.177721255,41.413741982
2023S001355    ,10,Sant Martí,67,la Vila Olímpica del Poblenou,700654,Litoral,9993 9993,Wednesday,2023,3,March,8,Night,5,No és causa del  vianant,Car,Man,18,Passenger,Desconegut                                                                                                                                            ,Unknown,Unknown,Minor injury: Hospitalization up to 24 hours,432888.89,4582323.45,2.196177347,41.38779457
2023S001355    ,10,Sant Martí,67,la Vila Olímpica del Poblenou,700654,Litoral,9993 9993,Wednesday,2023,3,March,8,Night,5,No és causa del  vianant,Car,Man,20,Passenger,Desconegut                                                                                                                                            ,Unknown,Unknown,Minor injury: Hospitalization up to 24 hours,432888.89,4582323.45,2.196177347,41.38779457
2023S001355    ,10,Sant Martí,67,la Vila Olímpica del Poblenou,700654,Litoral,9993 9993,Wednesday,2023,3,March,8,Night,5,No és causa del  vianant,Car,Woman,46,Driver,Desconegut                                                                                                                                            ,Unknown,In itínere,Minor injury: Medical assistance at accident site,432888.89,4582323.45,2.196177347,41.38779457
2023S001356    ,2,Eixample,9,la Nova Esquerra de l'Eixample,349706,Comte d'Urgell,0113 0113,Wednesday,2023,3,March,8,Morning,9,No és causa del  vianant,Bicicleta,Woman,23,Driver,Desconegut                                                                                                                                            ,Unknown,In itínere,Minor injury: Hospitalization up to 24 hours,429447.81,4582020.17,2.155059021,41.38476841
2023S001357    ,2,Eixample,5,el Fort Pienc,197302,Marina,0187 0187,Wednesday,2023,3,March,8,Morning,11,No és causa del  vianant,Car,Woman,43,Driver,Desconegut                                                                                                                                            ,Unknown,Unknown,Minor injury: Hospitalization up to 24 hours,431545.26,4583698.06,2.179952636,41.400061997
2023S001359    ,2,Eixample,7,la Dreta de l'Eixample,144601,Diagonal,0436 0436,Wednesday,2023,3,March,8,Morning,11,No és causa del  vianant,Veh. mobilitat personal amb motor,Man,56,Driver,Desconegut                                                                                                                                            ,Unknown,Unknown,Minor injury: Hospitalization up to 24 hours,429990.74,4583398.96,2.161392432,41.397234179
2023S001360    ,2,Eixample,6,la Sagrada Família,350308,València,0479 0483,Wednesday,2023,3,March,8,Morning,7,Others,Veh. mobilitat personal amb motor,Woman,51,Pedestrian,En pas regulat per semàfor                                                                                                                            ,Unknown,Unknown,Minor injury: Medical assistance at accident site,431430.8,4584164.94,2.178530573,41.404257284
2023S001361    ,4,Les Corts,19,les Corts,227800,Nicaragua,0096 0098,Wednesday,2023,3,March,8,Morning,13,No és causa del  vianant,Motorcycle,Woman,64,Driver,Desconegut                                                                                                                                            ,Unknown,En missió,Minor injury: Hospitalization up to 24 hours,428085.94,4582094.4,2.138763748,41.385316319
2023S001362    ,2,Eixample,7,la Dreta de l'Eixample,278459,Reina Victòria,9998 9998,Wednesday,2023,3,March,8,Morning,13,No és causa del  vianant,Ciclomotor,Woman,20,Driver,Desconegut                                                                                                                                            ,Unknown,Oci i entreteniment,Minor injury: Refused medical assistance,430495.65,4582501.94,2.16753479,41.389198828
2023S001363    ,3,Sants-Montjuïc,17,Sants - Badal,36100,Bassegoda,0002 0002,Wednesday,2023,3,March,8,Afternoon,14,No és causa del  vianant,Furgoneta,Woman,44,Pedestrian,En zona peatonal                                                                                                                                      ,Unknown,Unknown,Minor injury: Medical assistance at accident site,427029.0,4580999.55,2.126255757,41.375360206
2023S001364    ,4,Les Corts,19,les Corts,187207,Madrid,0125B0125B,Wednesday,2023,3,March,8,Morning,13,No és causa del  vianant,Motorcycle,Man,66,Driver,Desconegut                                                                                                                                            ,Unknown,Unknown,Minor injury: Medical assistance at accident site,427343.61,4581494.04,2.129958279,41.379842371
2023S001365    ,10,Sant Martí,71,Provençals del Poblenou,253902,Perú,0140 0142,Wednesday,2023,3,March,8,Morning,13,No és causa del  vianant,Motorcycle,Man,33,Passenger,Desconegut                                                                                                                                            ,Unknown,Unknown,Minor injury: Hospitalization up to 24 hours,433186.49,4584891.95,2.19945291,41.410953186
2023S001365    ,10,Sant Martí,71,Provençals del Poblenou,253902,Perú,0140 0142,Wednesday,2023,3,March,8,Morning,13,No és causa del  vianant,Motorcycle,Man,61,Driver,Desconegut                                                                                                                                            ,Unknown,En missió,Minor injury: Hospitalization up to 24 hours,433186.49,4584891.95,2.19945291,41.410953186
2023S001367    ,2,Eixample,9,la Nova Esquerra de l'Eixample,361406,Viladomat,0209 0209,Wednesday,2023,3,March,8,Afternoon,14,No és causa del  vianant,Motorcycle,Woman,66,Driver,Desconegut                                                                                                                                            ,Unknown,Oci i entreteniment,Minor injury: Hospitalization up to 24 hours,429069.9,4582025.34,2.150539021,41.384781725
2023S001367    ,2,Eixample,9,la Nova Esquerra de l'Eixample,361406,Viladomat,0209 0209,Wednesday,2023,3,March,8,Afternoon,14,No és causa del  vianant,Motorcycle,Man,37,Driver,Desconegut                                                                                                                                            ,Unknown,Oci i entreteniment,Minor injury: Hospitalization up to 24 hours,429069.9,4582025.34,2.150539021,41.384781725
2023S001368    ,2,Eixample,8,l'Antiga Esquerra de l'Eixample,70607,Casanova,0056 0056,Tuesday,2023,3,March,7,Morning,12,No és causa del  vianant,Veh. mobilitat personal amb motor,Woman,38,Driver,Desconegut                                                                                                                                            ,Unknown,In itínere,Minor injury: Hospitalization up to 24 hours,429827.12,4582016.53,2.159595588,41.38476882
2023S001369    ,5,Sarrià-Sant Gervasi,26,Sant Gervasi - Galvany,188607,Mestre Nicolau,0001 0003,Wednesday,2023,3,March,8,Afternoon,20,Creuar per fora pas de vianants,Motorcycle,Man,59,Pedestrian,Fora del pas                                                                                                                                          ,Unknown,Unknown,Minor injury: Hospitalization up to 24 hours,428286.78,4582808.35,2.141081024,41.39176454
2023S001369    ,5,Sarrià-Sant Gervasi,26,Sant Gervasi - Galvany,188607,Mestre Nicolau,0001 0003,Wednesday,2023,3,March,8,Afternoon,20,Creuar per fora pas de vianants,Motorcycle,Woman,58,Driver,Fora del pas                                                                                                                                          ,Unknown,Unknown,Minor injury: Hospitalization up to 24 hours,428286.78,4582808.35,2.141081024,41.39176454
2023S001370    ,9,Sant Andreu,57,la Trinitat Vella,314100,Santa Coloma,0125 0125,Wednesday,2023,3,March,8,Afternoon,19,No és causa del  vianant,Motorcycle,Man,42,Driver,Desconegut                                                                                                                                            ,Unknown,Oci i entreteniment,Minor injury: Hospitalization up to 24 hours,432968.51,4589200.56,2.196366967,41.449741345
2023S001372    ,10,Sant Martí,69,Diagonal Mar i el Front Marítim del Poblenou,701266,Litoral (Llobregat),000640000,Wednesday,2023,3,March,8,Afternoon,20,No és causa del  vianant,Motorcycle,Woman,33,Passenger,Desconegut                                                                                                                                            ,Unknown,Unknown,Minor injury: Hospitalization up to 24 hours,434723.77,4584307.91,2.217907814,41.405819268
2023S001372    ,10,Sant Martí,69,Diagonal Mar i el Front Marítim del Poblenou,701266,Litoral (Llobregat),000640000,Wednesday,2023,3,March,8,Afternoon,20,No és causa del  vianant,Motorcycle,Man,37,Driver,Desconegut                                                                                                                                            ,Unknown,Oci i entreteniment,Minor injury: Hospitalization up to 24 hours,434723.77,4584307.91,2.217907814,41.405819268
2023S001373    ,2,Eixample,6,la Sagrada Família,73900,Castillejos,0269C0269C,Saturday,2023,4,April,1,Afternoon,19,No és causa del  vianant,Bicicleta,Woman,26,Driver,Desconegut                                                                                                                                            ,Unknown,In itínere,Minor injury: Hospitalization up to 24 hours,431369.9,4584462.66,2.177768274,41.406933556
2023S001374    ,2,Eixample,7,la Dreta de l'Eixample,305100,Sant Joan,0127 0127,Thursday,2023,3,March,9,Night,2,No és causa del  vianant,Car,Woman,26,Passenger,Desconegut                                                                                                                                            ,Unknown,Unknown,Minor injury: Medical assistance at accident site,430505.46,4583808.03,2.167502145,41.400963212
2023S001374    ,2,Eixample,7,la Dreta de l'Eixample,305100,Sant Joan,0127 0127,Thursday,2023,3,March,9,Night,2,No és causa del  vianant,Car,Woman,32,Passenger,Desconegut                                                                                                                                            ,Unknown,Unknown,Minor injury: Medical assistance at accident site,430505.46,4583808.03,2.167502145,41.400963212
2023S001374    ,2,Eixample,7,la Dreta de l'Eixample,305100,Sant Joan,0127 0127,Thursday,2023,3,March,9,Night,2,No és causa del  vianant,Car,Woman,54,Driver,Desconegut                                                                                                                                            ,Unknown,Oci i entreteniment,Minor injury: Hospitalization up to 24 hours,430505.46,4583808.03,2.167502145,41.400963212
2023S001374    ,2,Eixample,7,la Dreta de l'Eixample,305100,Sant Joan,0127 0127,Thursday,2023,3,March,9,Night,2,No és causa del  vianant,Car,Man,41,Driver,Desconegut                                                                                                                                            ,Unknown,Taxi,Minor injury: Hospitalization up to 24 hours,430505.46,4583808.03,2.167502145,41.400963212
2023S001375    ,2,Eixample,6,la Sagrada Família,18505,Aragó,0477 0477,Thursday,2023,3,March,9,Morning,6,No és causa del  vianant,Motorcycle,Man,21,Driver,Desconegut                                                                                                                                            ,Unknown,In itínere,Minor injury: Hospitalization up to 24 hours,431553.57,4584083.99,2.180008377,41.40353866
2023S001376    ,2,Eixample,9,la Nova Esquerra de l'Eixample,289105,Rosselló,0106 0106,Thursday,2023,3,March,9,Morning,9,No és causa del  vianant,Veh. mobilitat personal amb motor,Woman,25,Driver,Desconegut                                                                                                                                            ,Unknown,Unknown,Minor injury: Hospitalization up to 24 hours,429073.81,4582402.87,2.150541557,41.388182352
2023S001377    ,2,Eixample,9,la Nova Esquerra de l'Eixample,245802,París,0040 0044,Thursday,2023,3,March,9,Morning,8,No és causa del  vianant,Motorcycle,Man,39,Driver,Desconegut                                                                                                                                            ,Unknown,Unknown,Minor injury: Hospitalization up to 24 hours,428441.07,4582143.05,2.143004994,41.385786177
2023S001378    ,2,Eixample,5,el Fort Pienc,362409,Vilanova,0001 0001,Thursday,2023,3,March,9,Morning,10,No és causa del  vianant,Motorcycle,Man,56,Driver,Desconegut                                                                                                                                            ,Unknown,In itínere,Minor injury: Hospitalization up to 24 hours,431498.75,4582712.9,2.1795078,41.391184987
2023S001379    ,5,Sarrià-Sant Gervasi,26,Sant Gervasi - Galvany,28000,Augusta,0202 0226,Thursday,2023,3,March,9,Morning,10,No és causa del  vianant,Motorcycle,Woman,49,Driver,Desconegut                                                                                                                                            ,Unknown,Unknown,Minor injury: Hospitalization up to 24 hours,428171.82,4583499.48,2.139624062,41.397979019
2023S001379    ,5,Sarrià-Sant Gervasi,26,Sant Gervasi - Galvany,28000,Augusta,0202 0226,Thursday,2023,3,March,9,Morning,10,No és causa del  vianant,Car,Man,42,Driver,Desconegut                                                                                                                                            ,Unknown,Unknown,Minor injury: Hospitalization up to 24 hours,428171.82,4583499.48,2.139624062,41.397979019
2023S001380    ,2,Eixample,5,el Fort Pienc,335100,Tetuan,0036 0037,Thursday,2023,3,March,9,Morning,12,No és causa del  vianant,Motorcycle,Man,51,Driver,Desconegut                                                                                                                                            ,Unknown,Unknown,Minor injury: Hospitalization up to 24 hours,431246.5,4583153.05,2.17644085,41.395127752
2023S001381    ,9,Sant Andreu,60,Sant Andreu,301109,Palmeres,0018 0018,Wednesday,2023,3,March,8,Afternoon,21,No és causa del  vianant,Bicicleta,Man,21,Driver,Desconegut                                                                                                                                            ,Unknown,Oci i entreteniment,Minor injury: Hospitalization up to 24 hours,432126.89,4587346.1,2.186500429,41.432968102
2023S001382    ,10,Sant Martí,72,Sant Martí de Provençals,30409,Bac de Roda,0201 0201,Thursday,2023,3,March,9,Morning,11,No és causa del  vianant,Veh. mobilitat personal amb motor,Man,19,Driver,Desconegut                                                                                                                                            ,Unknown,En missió,Minor injury: Hospitalization up to 24 hours,432792.64,4585292.45,2.194696433,41.414527519
2023S001383    ,2,Eixample,5,el Fort Pienc,335100,Tetuan,0036 0037,Friday,2023,3,March,10,Morning,12,No és causa del  vianant,Motorcycle,Man,48,Driver,Desconegut                                                                                                                                            ,Unknown,In itínere,Minor injury: Hospitalization up to 24 hours,427842.47,4582730.17,2.135776326,41.391020643
2023S001384    ,4,Les Corts,19,les Corts,187207,Madrid,0171 0177,Thursday,2023,3,March,9,Morning,8,No és causa del  vianant,Motorcycle,Woman,43,Driver,Desconegut                                                                                                                                            ,Unknown,Unknown,Minor injury: Hospitalization up to 24 hours,427587.44,4581597.92,2.132861568,41.380799971
2023S001385    ,4,Les Corts,20,la Maternitat i Sant Ramon,187207,Madrid,0049 0049,Thursday,2023,3,March,9,Morning,13,No és causa del  vianant,Motorcycle,Man,77,Pedestrian,En pas regulat per semàfor                                                                                                                            ,Unknown,Unknown,Minor injury: Hospitalization up to 24 hours,426988.51,4581237.65,2.125742918,41.377501006
2023S001385    ,4,Les Corts,20,la Maternitat i Sant Ramon,187207,Madrid,0049 0049,Thursday,2023,3,March,9,Morning,13,No és causa del  vianant,Motorcycle,Man,30,Driver,En pas regulat per semàfor                                                                                                                            ,Unknown,In itínere,Minor injury: Hospitalization up to 24 hours,426988.51,4581237.65,2.125742918,41.377501006
2023S001386    ,2,Eixample,7,la Dreta de l'Eixample,144601,Diagonal,0335 0335,Thursday,2023,3,March,9,Morning,13,No és causa del  vianant,Autobús articulat,Man,43,Passenger,Desconegut                                                                                                                                            ,Unknown,Unknown,Minor injury: Hospitalization up to 24 hours,430563.02,4583529.38,2.168222651,41.398458478
2023S001387    ,6,Gràcia,32,el Camp d'en Grassot i Gràcia Nova,321605,Pau Alsina,0048 0048,Thursday,2023,3,March,9,Afternoon,15,No és causa del  vianant,Motorcycle,Man,38,Driver,Desconegut                                                                                                                                            ,Unknown,Unknown,Minor injury: Hospitalization up to 24 hours,430233.88,4584619.51,2.164159938,41.408248402
2023S001388    ,9,Sant Andreu,59,el Bon Pastor,701265,Litoral (Besòs),000120000,Monday,2023,2,February,20,Afternoon,15,No és causa del  vianant,Bicicleta,Man,43,Driver,Desconegut                                                                                                                                            ,Unknown,Unknown,Minor injury: Refused medical assistance,433767.83,4588493.8,2.206013173,41.443442174
2023S001389    ,10,Sant Martí,64,el Camp de l'Arpa del Clot,161101,Independència,0267 0267,Thursday,2023,3,March,9,Afternoon,15,No és causa del  vianant,Car,Woman,33,Pedestrian,En pas regulat per semàfor                                                                                                                            ,Unknown,Unknown,Minor injury: Hospitalization up to 24 hours,431934.16,4584454.66,2.184519459,41.406909506
2023S001390    ,5,Sarrià-Sant Gervasi,26,Sant Gervasi - Galvany,32700,Balmes,0317 0317,Thursday,2023,3,March,9,Afternoon,18,No és causa del  vianant,Furgoneta,Woman,86,Pedestrian,Altres                                                                                                                                                ,Unknown,Unknown,Minor injury: Hospitalization up to 24 hours,428585.03,4584020.96,2.144505048,41.402712615
2023S001391    ,8,Nou Barris,44,Vilapicina i la Torre Llobeta,258509,Pitàgores,0009 0009,Thursday,2023,3,March,9,Afternoon,16,No és causa del  vianant,Car,Woman,33,Pedestrian,En pas sense regular                                                                                                                                  ,Unknown,Unknown,Minor injury: Hospitalization up to 24 hours,430364.02,4586837.25,2.165461369,41.42823408
2023S001392    ,2,Eixample,10,Sant Antoni,114000,Espanya,0001 0001,Thursday,2023,3,March,9,Afternoon,19,Desobeir el senyal del semàfor,Motorcycle,Man,27,Driver,Desconegut                                                                                                                                            ,Unknown,Unknown,Minor injury: Hospitalization up to 24 hours,428974.33,4580977.98,2.149518925,41.37534007
2023S001393    ,2,Eixample,6,la Sagrada Família,350308,València,0501 0501,Thursday,2023,3,March,9,Afternoon,18,No és causa del  vianant,Car,Woman,4,Pedestrian,En pas regulat per semàfor                                                                                                                            ,Altres activitats,Unknown,Minor injury: Hospitalization up to 24 hours,431555.53,4584270.88,2.180010678,41.405222088
2023S001394    ,2,Eixample,7,la Dreta de l'Eixample,100800,Diputació,0232 0232,Thursday,2023,3,March,9,Afternoon,19,No és causa del  vianant,Motorcycle,Man,21,Driver,Desconegut                                                                                                                                            ,Unknown,Altres activitats,Minor injury: Medical assistance at accident site,430208.68,4582391.9,2.16411538,41.38818287
2023S001395    ,2,Eixample,7,la Dreta de l'Eixample,18505,Aragó,0225 0225,Thursday,2023,3,March,9,Night,22,No és causa del  vianant,Motorcycle,Man,32,Driver,Desconegut                                                                                                                                            ,Unknown,Unknown,Minor injury: Hospitalization up to 24 hours,430022.75,4582583.06,2.16186964,41.389888424
2023S001396    ,5,Sarrià-Sant Gervasi,26,Sant Gervasi - Galvany,32700,Balmes,0341 0341,Thursday,2023,3,March,9,Night,23,No és causa del  vianant,Motorcycle,Man,45,Driver,Desconegut                                                                                                                                            ,Unknown,In itínere,Minor injury: Hospitalization up to 24 hours,428441.83,4584080.3,2.142785045,41.403234328
2023S001398    ,5,Sarrià-Sant Gervasi,26,Sant Gervasi - Galvany,143904,General Mitre,0084 0084,Friday,2023,3,March,10,Morning,8,No és causa del  vianant,Motorcycle,Man,54,Driver,Desconegut                                                                                                                                            ,Unknown,In itínere,Minor injury: Hospitalization up to 24 hours,427714.85,4583654.89,2.134139547,41.399337763
2023S001399    ,2,Eixample,6,la Sagrada Família,178308,Lepant,0314 0314,Friday,2023,3,March,10,Morning,8,No és causa del  vianant,Bicicleta,Woman,39,Driver,Desconegut                                                                                                                                            ,Unknown,Unknown,Minor injury: Hospitalization up to 24 hours,431089.06,4584377.39,2.174418284,41.406141516
2023S001400    ,4,Les Corts,19,les Corts,320704,Sarrià,0026 0026,Friday,2023,3,March,10,Morning,10,No és causa del  vianant,Car,Woman,79,Driver,Desconegut                                                                                                                                            ,Unknown,En missió,Minor injury: Hospitalization up to 24 hours,428437.93,4582692.26,2.142902528,41.390732431
2023S001400    ,4,Les Corts,19,les Corts,320704,Sarrià,0026 0026,Friday,2023,3,March,10,Morning,10,No és causa del  vianant,Furgoneta,Man,34,Driver,Desconegut                                                                                                                                            ,Unknown,Transport professional de mercaderies,Minor injury: Hospitalization up to 24 hours,428437.93,4582692.26,2.142902528,41.390732431
2023S001401    ,7,Horta-Guinardó,35,el Guinardó,365702,Mare de Déu de Montserrat,0272 0272,Friday,2023,3,March,10,Morning,10,No és causa del  vianant,Motorcycle,Man,39,Driver,Desconegut                                                                                                                                            ,Unknown,Unknown,Minor injury: Hospitalization up to 24 hours,431229.64,4586341.65,2.175876609,41.423845002
2023S001402    ,5,Sarrià-Sant Gervasi,25,Sant Gervasi - la Bonanova,701267,Dalt (Besòs),000930000,Friday,2023,3,March,10,Morning,11,No és causa del  vianant,Motorcycle,Woman,58,Driver,Desconegut                                                                                                                                            ,Unknown,Unknown,Minor injury: Hospitalization up to 24 hours,427869.96,4585406.47,2.135786027,41.415127459
2023S001404    ,2,Eixample,5,el Fort Pienc,169409,Corts Catalanes,0731 0731,Friday,2023,3,March,10,Afternoon,14,No és causa del  vianant,Motorcycle,Man,39,Driver,Desconegut                                                                                                                                            ,Unknown,Unknown,Minor injury: Hospitalization up to 24 hours,431553.84,4583500.42,2.180077624,41.398282643
2023S001405    ,4,Les Corts,21,Pedralbes,244300,Pius XII,9998 9998,Friday,2023,3,March,10,Morning,13,No és causa del  vianant,Motorcycle,Man,52,Driver,Desconegut                                                                                                                                            ,Unknown,En missió,Minor injury: Hospitalization up to 24 hours,426793.07,4582325.32,2.12327447,41.387279445
2023S001406    ,4,Les Corts,20,la Maternitat i Sant Ramon,144601,Diagonal,0689 0701,Friday,2023,3,March,10,Morning,13,No és causa del  vianant,Car,Woman,22,Pedestrian,Desconegut                                                                                                                                            ,Unknown,Unknown,Minor injury: Hospitalization up to 24 hours,425818.02,4582082.48,2.111643341,41.385002917