Case_Number,District_Code,District_Name,Neighborhood_Code,Neighborhood_Name,Street_Code,Street_Name,Postal_Code,Day_of_Week,Year,Month_Code,Month_Name,Day_of_Month,Shift_Description,Hour_of_Day,Pedestrian_Cause_Description,Involved_Vehicle_Type,Gender_Description,Age,Person_Type_Description,Pedestrian_Accident_Location_Description,Pedestrian_Movement_Reason_Description,Driver_Movement_Reason_Description,Victimization_Description,UTM_X_Coordinate,UTM_Y_Coordinate,Longitude,Latitude
2023S001407    ,5,Sarrià-Sant Gervasi,27,el Putxet i el Farró,143904,General Mitre,0184 0186,Friday,2023,3,March,10,Afternoon,15,No és causa del  vianant,Motorcycle,Man,42,Driver,Desconegut                                                                                                                                            ,Unknown,Unknown,Minor injury: Hospitalization up to 24 hours,428457.94,4584276.82,2.142954517,41.405005741
2023S001409    ,2,Eixample,7,la Dreta de l'Eixample,169409,Corts Catalanes,0601 0601,Friday,2023,3,March,10,Afternoon,16,No és causa del  vianant,Bus,Woman,31,Passenger,En pas regulat per semàfor                                                                                                                            ,Unknown,Unknown,Minor injury: Hospitalization up to 24 hours,430452.15,4582422.95,2.167023614,41.388483628
2023S001409    ,2,Eixample,7,la Dreta de l'Eixample,169409,Corts Catalanes,0601 0601,Friday,2023,3,March,10,Afternoon,16,No és causa del  vianant,Bus,Woman,33,Passenger,En pas regulat per semàfor                                                                                                                            ,Unknown,Unknown,Minor injury: Hospitalization up to 24 hours,430452.15,4582422.95,2.167023614,41.388483628
2023S001409    ,2,Eixample,7,la Dreta de l'Eixample,169409,Corts Catalanes,0601 0601,Friday,2023,3,March,10,Afternoon,16,No és causa del  vianant,Bus,Woman,44,Passenger,En pas regulat per semàfor                                                                                                                            ,Unknown,Unknown,Minor injury: Hospitalization up to 24 hours,430452.15,4582422.95,2.167023614,41.388483628
2023S001410    ,10,Sant Martí,67,la Vila Olímpica del Poblenou,700884,Voluntaris Olímpics,9999 9999,Friday,2023,3,March,10,Afternoon,16,No és causa del  vianant,Motorcycle,Man,44,Driver,Desconegut                                                                                                                                            ,Unknown,Unknown,Minor injury: Hospitalization up to 24 hours,432786.88,4582237.77,2.194966859,41.387014349
2023S001411    ,4,Les Corts,19,les Corts,231502,Numància,0110 0110,Friday,2023,3,March,10,Afternoon,18,Transitar a peu per la calçada,Bicicleta,Man,40,Pedestrian,Fora del pas                                                                                                                                          ,Oci i entreteniment,Unknown,Minor injury: Refused medical assistance,427873.03,4582129.02,2.136213439,41.385609057
2023S001411    ,4,Les Corts,19,les Corts,231502,Numància,0110 0110,Friday,2023,3,March,10,Afternoon,18,Transitar a peu per la calçada,Bicicleta,Man,51,Driver,Fora del pas                                                                                                                                          ,Unknown,Oci i entreteniment,Minor injury: Hospitalization up to 24 hours,427873.03,4582129.02,2.136213439,41.385609057
2023S001412    ,2,Eixample,6,la Sagrada Família,144601,Diagonal,0332 0332,Friday,2023,3,March,10,Afternoon,14,No és causa del  vianant,Veh. mobilitat personal amb motor,Woman,54,Driver,Desconegut                                                                                                                                            ,Unknown,Oci i entreteniment,Minor injury: Hospitalization up to 24 hours,431167.04,4583702.85,2.175427899,41.400072831
2023S001414    ,2,Eixample,8,l'Antiga Esquerra de l'Eixample,32700,Balmes,0121 0121,Friday,2023,3,March,10,Afternoon,17,No és causa del  vianant,Bicicleta,Woman,27,Driver,Desconegut                                                                                                                                            ,Unknown,Altres activitats,Serious injury: Hospitalization over 24 hours,429713.19,4582884.26,2.158132367,41.392574226
2023S001415    ,5,Sarrià-Sant Gervasi,24,les Tres Torres,236007,Orient,0005 0005,Friday,2023,3,March,10,Afternoon,20,No és causa del  vianant,Motorcycle,Woman,39,Passenger,Desconegut                                                                                                                                            ,Unknown,Unknown,Minor injury: Hospitalization up to 24 hours,427200.37,4583487.59,2.128005711,41.397784521
2023S001415    ,5,Sarrià-Sant Gervasi,24,les Tres Torres,236007,Orient,0005 0005,Friday,2023,3,March,10,Afternoon,20,No és causa del  vianant,Motorcycle,Man,37,Driver,Desconegut                                                                                                                                            ,Unknown,Unknown,Serious injury: Hospitalization over 24 hours,427200.37,4583487.59,2.128005711,41.397784521
2023S001416    ,2,Eixample,5,el Fort Pienc,197302,Marina,0178 0178,Friday,2023,3,March,10,Afternoon,19,No és causa del  vianant,Veh. mobilitat personal amb motor,Man,33,Driver,Desconegut                                                                                                                                            ,Unknown,Unknown,Minor injury: Hospitalization up to 24 hours,431648.43,4583591.24,2.181198802,41.399108683
2023S001417    ,5,Sarrià-Sant Gervasi,24,les Tres Torres,320704,Sarrià,0138 0140,Friday,2023,3,March,10,Afternoon,17,No és causa del  vianant,Motorcycle,Man,46,Driver,Desconegut                                                                                                                                            ,Unknown,Unknown,Serious injury: Hospitalization over 24 hours,427490.82,4582894.09,2.131550955,41.392465363
2023S001418    ,7,Horta-Guinardó,43,Horta,700651,Estatut de Catalunya,0072 0078,Friday,2023,3,March,10,Afternoon,16,No és causa del  vianant,Motorcycle,Man,27,Driver,Desconegut                                                                                                                                            ,Unknown,Unknown,Minor injury: Medical assistance at accident site,429359.09,4587764.57,2.153327026,41.436498274
2023S001419    ,-1,Unknown,-1,Unknown,-1,Unknown,Unknown,Friday,2023,3,March,10,Afternoon,16,No és causa del  vianant,Bicicleta,Woman,2,Pedestrian,A la vorera / Andana                                                                                                                                  ,Altres activitats,Unknown,Minor injury: Hospitalization up to 24 hours,432441.12,4580997.51,2.190970111,41.37581465
2023S001420    ,2,Eixample,6,la Sagrada Família,238400,Padilla,0296B0296B,Saturday,2023,3,March,11,Night,0,No és causa del  vianant,Car,Woman,14,Passenger,Desconegut                                                                                                                                            ,Unknown,Unknown,Minor injury: Medical assistance at accident site,431087.38,4584563.89,2.174376938,41.407821118
2023S001420    ,2,Eixample,6,la Sagrada Família,238400,Padilla,0296B0296B,Saturday,2023,3,March,11,Night,0,No és causa del  vianant,Furgoneta,Man,34,Driver,Desconegut                                                                                                                                            ,Unknown,Oci i entreteniment,Minor injury: Medical assistance at accident site,431087.38,4584563.89,2.174376938,41.407821118
2023S001421    ,2,Eixample,7,la Dreta de l'Eixample,335100,Tetuan,0014 0014,Saturday,2023,3,March,11,Night,1,No és causa del  vianant,Motorcycle,Man,52,Driver,Desconegut                                                                                                                                            ,Unknown,Unknown,Minor injury: Hospitalization up to 24 hours,431096.96,4583105.03,2.174657685,41.394682444
2023S001423    ,9,Sant Andreu,63,Navas,209900,Meridiana,0248 0248,Saturday,2023,3,March,11,Night,5,No és causa del  vianant,Ciclomotor,Man,21,Driver,Desconegut                                                                                                                                            ,Unknown,Unknown,Minor injury: Hospitalization up to 24 hours,432144.91,4585599.05,2.186912263,41.417234509
2023S001426    ,4,Les Corts,21,Pedralbes,101700,Doctor Ferran,0022 0022,Saturday,2023,3,March,11,Morning,11,Transitar a peu per la calçada,Car,Woman,53,Pedestrian,Fora del pas                                                                                                                                          ,Oci i entreteniment,Unknown,Minor injury: Hospitalization up to 24 hours,426888.27,4582665.64,2.124371898,41.39035323
2023S001428    ,2,Eixample,6,la Sagrada Família,191204,Mallorca,0419B0419B,Saturday,2023,3,March,11,Morning,12,No és causa del  vianant,Motorcycle,Man,28,Driver,Desconegut                                                                                                                                            ,Unknown,Unknown,Minor injury: Hospitalization up to 24 hours,431277.27,4584186.43,2.176691518,41.404437721
2023S001429    ,2,Eixample,9,la Nova Esquerra de l'Eixample,169409,Corts Catalanes,0421 0421,Saturday,2023,3,March,11,Morning,13,No és causa del  vianant,Motorcycle,Man,26,Driver,Desconegut                                                                                                                                            ,Unknown,Unknown,Minor injury: Hospitalization up to 24 hours,429223.68,4581256.55,2.152467904,41.37787104
2023S001430    ,3,Sants-Montjuïc,12,la Marina del Prat Vermell,701498,B-10 (Besòs),001450000,Saturday,2023,3,March,11,Afternoon,14,No és causa del  vianant,Car,Woman,56,Passenger,Desconegut                                                                                                                                            ,Unknown,Unknown,Minor injury: Medical assistance at accident site,429644.79,4578490.83,2.157824421,41.352997967
2023S001430    ,3,Sants-Montjuïc,12,la Marina del Prat Vermell,701498,B-10 (Besòs),001450000,Saturday,2023,3,March,11,Afternoon,14,No és causa del  vianant,Car,Man,62,Driver,Desconegut                                                                                                                                            ,Unknown,Oci i entreteniment,Minor injury: Medical assistance at accident site,429644.79,4578490.83,2.157824421,41.352997967
2023S001431    ,2,Eixample,7,la Dreta de l'Eixample,148307,Gràcia,0075 0075,Saturday,2023,3,March,11,Morning,13,No és causa del  vianant,Motorcycle,Man,25,Driver,Desconegut                                                                                                                                            ,Unknown,Unknown,Minor injury: Hospitalization up to 24 hours,430097.2,4583030.1,2.16270843,41.393921246
2023S001432    ,2,Eixample,7,la Dreta de l'Eixample,305100,Sant Joan,0052 0052,Saturday,2023,3,March,11,Afternoon,14,No és causa del  vianant,Bicicleta,Man,28,Driver,Desconegut                                                                                                                                            ,Unknown,Oci i entreteniment,Minor injury: Hospitalization up to 24 hours,431068.55,4583231.96,2.174303422,41.395823228
2023S001432    ,2,Eixample,7,la Dreta de l'Eixample,305100,Sant Joan,0052 0052,Saturday,2023,3,March,11,Afternoon,14,No és causa del  vianant,Motorcycle,Man,31,Driver,Desconegut                                                                                                                                            ,Unknown,Oci i entreteniment,Minor injury: Hospitalization up to 24 hours,431068.55,4583231.96,2.174303422,41.395823228
2023S001433    ,10,Sant Martí,66,el Parc i la Llacuna del Poblenou,76807,Sardenya,0110 0112,Saturday,2023,3,March,11,Afternoon,14,No és causa del  vianant,Bicicleta,Man,53,Pedestrian,En zona peatonal                                                                                                                                      ,Unknown,Unknown,Minor injury: Hospitalization up to 24 hours,432064.3,4582994.81,2.186240247,41.393772069
2023S001434    ,5,Sarrià-Sant Gervasi,27,el Putxet i el Farró,143904,General Mitre,0228V0228V,Saturday,2023,3,March,11,Afternoon,16,No és causa del  vianant,Taxi,Woman,84,Pedestrian,Fora del pas                                                                                                                                          ,Unknown,Unknown,Minor injury: Hospitalization up to 24 hours,428852.95,4584342.97,2.147672088,41.405636604
2023S001436    ,2,Eixample,6,la Sagrada Família,238400,Padilla,0190 0190,Saturday,2023,3,March,11,Afternoon,16,No és causa del  vianant,Motorcycle,Man,45,Driver,Desconegut                                                                                                                                            ,Unknown,Oci i entreteniment,Minor injury: Medical assistance at accident site,431646.63,4583986.73,2.181132592,41.402670591
2023S001437    ,10,Sant Martí,65,el Clot,161101,Independència,0250 0250,Saturday,2023,3,March,11,Afternoon,16,No és causa del  vianant,Car,Man,67,Driver,Desconegut                                                                                                                                            ,Unknown,Unknown,Minor injury: Hospitalization up to 24 hours,431934.16,4584454.66,2.184519459,41.406909506
2023S001439    ,3,Sants-Montjuïc,11,el Poble-sec,700025,Josep Carner,0045 0045,Saturday,2023,3,March,11,Night,22,No és causa del  vianant,Motorcycle,Man,60,Driver,Desconegut                                                                                                                                            ,Unknown,In itínere,Minor injury: Hospitalization up to 24 hours,430885.42,4580111.93,2.172469061,41.367706287
2023S001440    ,10,Sant Martí,65,el Clot,209900,Meridiana,0068 0078,Sunday,2023,3,March,12,Night,2,No és causa del  vianant,Motorcycle,Man,45,Driver,Desconegut                                                                                                                                            ,Unknown,Oci i entreteniment,Minor injury: Hospitalization up to 24 hours,432127.7,4584285.31,2.186853797,41.405400594
2023S001441    ,2,Eixample,8,l'Antiga Esquerra de l'Eixample,70607,Casanova,0038 0038,Saturday,2023,3,March,11,Night,23,Others,Motorcycle,Man,41,Driver,Desconegut                                                                                                                                            ,Unknown,Oci i entreteniment,Minor injury: Hospitalization up to 24 hours,429894.0,4581933.58,2.160405006,41.38402755
2023S001442    ,1,Ciutat Vella,1,el Raval,296508,Sant Antoni,0060 0060,Saturday,2023,3,March,11,Night,2,No és causa del  vianant,Motorcycle,Woman,0,Passenger,Desconegut                                                                                                                                            ,Unknown,Unknown,Minor injury: Hospitalization up to 24 hours,430169.68,4581702.2,2.163728493,41.381967571
2023S001442    ,1,Ciutat Vella,1,el Raval,296508,Sant Antoni,0060 0060,Saturday,2023,3,March,11,Night,2,No és causa del  vianant,Motorcycle,Man,29,Driver,Desconegut                                                                                                                                            ,Unknown,Oci i entreteniment,Minor injury: Hospitalization up to 24 hours,430169.68,4581702.2,2.163728493,41.381967571
2023S001443    ,5,Sarrià-Sant Gervasi,24,les Tres Torres,237600,Pau Alcover,0045 0047,Sunday,2023,3,March,12,Morning,10,No és causa del  vianant,Motorcycle,Man,60,Driver,Desconegut                                                                                                                                            ,Unknown,Oci i entreteniment,Minor injury: Hospitalization up to 24 hours,427298.94,4583803.69,2.129146752,41.400640425
2023S001445    ,10,Sant Martí,68,el Poblenou,183603,Llacuna,0023 0023,Sunday,2023,3,March,12,Morning,11,No és causa del  vianant,Motorcycle,Woman,46,Driver,Desconegut                                                                                                                                            ,Unknown,Oci i entreteniment,Minor injury: Medical assistance at accident site,433364.06,4583561.24,2.201723924,41.398982575
2023S001446    ,1,Ciutat Vella,2,el Barri Gòtic,74404,Catalunya,0016B0016B,Sunday,2023,3,March,12,Morning,12,No és causa del  vianant,Autobús articulat,Woman,30,Passenger,Desconegut                                                                                                                                            ,Unknown,Unknown,Minor injury: Hospitalization up to 24 hours,430827.56,4582264.94,2.171531442,41.387092868
2023S001447    ,10,Sant Martí,67,la Vila Olímpica del Poblenou,701266,Litoral (Llobregat),000870000,Sunday,2023,3,March,12,Afternoon,15,No és causa del  vianant,Motorcycle,Man,54,Driver,Desconegut                                                                                                                                            ,Unknown,Unknown,Minor injury: Hospitalization up to 24 hours,432869.81,4582348.98,2.195946327,41.38802292
2023S001448    ,2,Eixample,5,el Fort Pienc,325005,Sicília,0177 0177,Sunday,2023,3,March,12,Afternoon,19,No és causa del  vianant,Motorcycle,Man,52,Driver,Desconegut                                                                                                                                            ,Unknown,En missió,Minor injury: Medical assistance at accident site,431205.31,4583651.9,2.17589147,41.399617217
2023S001450    ,5,Sarrià-Sant Gervasi,25,Sant Gervasi - la Bonanova,3508,Aigües,0330 0350,Sunday,2023,3,March,12,Afternoon,19,No és causa del  vianant,Motorcycle,Man,75,Driver,Desconegut                                                                                                                                            ,Unknown,Oci i entreteniment,Minor injury: Hospitalization up to 24 hours,427274.24,4585929.87,2.128595619,41.419787771
2023S001451    ,2,Eixample,8,l'Antiga Esquerra de l'Eixample,223606,Muntaner,0024 0024,Monday,2023,3,March,13,Night,0,No és causa del  vianant,Car,Man,33,Driver,Desconegut                                                                                                                                            ,Unknown,En missió,Minor injury: Hospitalization up to 24 hours,429974.63,4582073.84,2.161353025,41.385297853
2023S001452    ,9,Sant Andreu,61,la Sagrera,209900,Meridiana,0298 0298,Monday,2023,3,March,13,Morning,7,No és causa del  vianant,Motorcycle,Woman,36,Driver,Desconegut                                                                                                                                            ,Unknown,Unknown,Minor injury: Medical assistance at accident site,432177.66,4586196.62,2.187237066,41.422619402
2023S001453    ,9,Sant Andreu,59,el Bon Pastor,128208,Foc Follet,0021 0021,Monday,2023,3,March,13,Morning,8,No és causa del  vianant,Motorcycle,Woman,30,Driver,Desconegut                                                                                                                                            ,Unknown,In itínere,Minor injury: Refused medical assistance,433504.4,4587480.5,2.202971538,41.434293904
2023S001455    ,8,Nou Barris,52,la Prosperitat,351901,Valldaura,0261 0269,Monday,2023,3,March,13,Morning,8,No és causa del  vianant,Car,Man,13,Passenger,Desconegut                                                                                                                                            ,Unknown,Unknown,Minor injury: Hospitalization up to 24 hours,431735.72,4588048.32,2.181739593,41.439259578
2023S001455    ,8,Nou Barris,52,la Prosperitat,351901,Valldaura,0261 0269,Monday,2023,3,March,13,Morning,8,No és causa del  vianant,Car,Man,14,Passenger,Desconegut                                                                                                                                            ,Unknown,Unknown,Minor injury: Hospitalization up to 24 hours,431735.72,4588048.32,2.181739593,41.439259578
2023S001455    ,8,Nou Barris,52,la Prosperitat,351901,Valldaura,0261 0269,Monday,2023,3,March,13,Morning,8,No és causa del  vianant,Motorcycle,Woman,47,Driver,Desconegut                                                                                                                                            ,Unknown,Unknown,Minor injury: Medical assistance at accident site,431735.72,4588048.32,2.181739593,41.439259578
2023S001455    ,8,Nou Barris,52,la Prosperitat,351901,Valldaura,0261 0269,Monday,2023,3,March,13,Morning,8,No és causa del  vianant,Car,Woman,31,Driver,Desconegut                                                                                                                                            ,Unknown,Unknown,Minor injury: Refused medical assistance,431735.72,4588048.32,2.181739593,41.439259578
2023S001455    ,8,Nou Barris,52,la Prosperitat,351901,Valldaura,0261 0269,Monday,2023,3,March,13,Morning,8,No és causa del  vianant,Car,Woman,46,Driver,Desconegut                                                                                                                                            ,Unknown,Unknown,Minor injury: Hospitalization up to 24 hours,431735.72,4588048.32,2.181739593,41.439259578
2023S001456    ,1,Ciutat Vella,3,la Barceloneta,10900,Pepe Rubianes,0016 0016,Monday,2023,3,March,13,Morning,9,No és causa del  vianant,Bus,Man,10,Passenger,Desconegut                                                                                                                                            ,Unknown,Unknown,Minor injury: Medical assistance at accident site,432341.38,4581271.25,2.189746906,41.378271776
2023S001457    ,2,Eixample,9,la Nova Esquerra de l'Eixample,87009,Comte Borrell,0197 0197,Monday,2023,3,March,13,Morning,10,No és causa del  vianant,Bicicleta,Woman,28,Driver,Desconegut                                                                                                                                            ,Unknown,Unknown,Minor injury: Medical assistance at accident site,429258.94,4582024.98,2.152799777,41.384795137
2023S001458    ,2,Eixample,8,l'Antiga Esquerra de l'Eixample,169409,Corts Catalanes,0557 0559,Monday,2023,3,March,13,Morning,7,No és causa del  vianant,Motorcycle,Man,57,Driver,Desconegut                                                                                                                                            ,Unknown,In itínere,Minor injury: Hospitalization up to 24 hours,429928.15,4581911.44,2.160815961,41.383831119
2023S001459    ,9,Sant Andreu,62,el Congrés i els Indians,121402,Felip II,0157 0161,Monday,2023,3,March,13,Morning,12,No és causa del  vianant,Motorcycle,Man,40,Driver,Desconegut                                                                                                                                            ,Unknown,Unknown,Minor injury: Hospitalization up to 24 hours,431750.67,4586337.22,2.182111844,41.423849559
2023S001461    ,10,Sant Martí,72,Sant Martí de Provençals,153205,Guipúscoa,0029 0033,Monday,2023,3,March,13,Morning,13,No és causa del  vianant,Car,Woman,66,Passenger,Desconegut                                                                                                                                            ,Unknown,Unknown,Minor injury: Medical assistance at accident site,432801.18,4585332.98,2.194794105,41.414893275
2023S001461    ,10,Sant Martí,72,Sant Martí de Provençals,153205,Guipúscoa,0029 0033,Monday,2023,3,March,13,Morning,13,No és causa del  vianant,Car,Man,65,Driver,Desconegut                                                                                                                                            ,Unknown,Unknown,Minor injury: Medical assistance at accident site,432801.18,4585332.98,2.194794105,41.414893275
2023S001462    ,5,Sarrià-Sant Gervasi,27,el Putxet i el Farró,152508,Guillem Tell,0026 0026,Monday,2023,3,March,13,Afternoon,15,No és causa del  vianant,Car,Man,33,Pedestrian,En pas sense regular                                                                                                                                  ,Unknown,Unknown,Minor injury: Hospitalization up to 24 hours,428939.16,4583989.34,2.148744934,41.402459221
2023S001463    ,2,Eixample,6,la Sagrada Família,68900,Cartagena,0239B0239B,Monday,2023,3,March,13,Afternoon,17,Desobeir el senyal del semàfor,Bicicleta,Woman,54,Pedestrian,En pas regulat per semàfor                                                                                                                            ,Unknown,Unknown,Minor injury: Hospitalization up to 24 hours,431461.53,4584551.41,2.178854392,41.407740722
2023S001463    ,2,Eixample,6,la Sagrada Família,68900,Cartagena,0239B0239B,Monday,2023,3,March,13,Afternoon,17,Desobeir el senyal del semàfor,Bicicleta,Man,36,Driver,En pas regulat per semàfor                                                                                                                            ,Unknown,In itínere,Minor injury: Medical assistance at accident site,431461.53,4584551.41,2.178854392,41.407740722
2023S001464    ,6,Gràcia,30,la Salut,344000,Dalt,0015 0015,Monday,2023,3,March,13,Afternoon,17,No és causa del  vianant,Ciclomotor,Man,26,Driver,Desconegut                                                                                                                                            ,Unknown,Oci i entreteniment,Minor injury: Hospitalization up to 24 hours,429180.51,4584649.1,2.151554761,41.408422741
2023S001465    ,5,Sarrià-Sant Gervasi,22,"Vallvidrera, el Tibidabo i les Planes",353769,Vallvidrera al Tibidabo,0028 0032,Monday,2023,3,March,13,Afternoon,17,No és causa del  vianant,Car,Woman,41,Driver,Desconegut                                                                                                                                            ,Unknown,Unknown,Minor injury: Medical assistance at accident site,426348.32,4585889.83,2.11752164,41.419342765
2023S001466    ,8,Nou Barris,52,la Prosperitat,351901,Valldaura,0261 0269,Monday,2023,3,March,13,Afternoon,16,No és causa del  vianant,Autobús articulat,Woman,77,Passenger,Desconegut                                                                                                                                            ,Unknown,Unknown,Minor injury: Hospitalization up to 24 hours,431696.92,4588060.55,2.181273812,41.439366428
2023S001467    ,10,Sant Martí,64,el Camp de l'Arpa del Clot,161407,Indústria,0275 0277,Monday,2023,3,March,13,Afternoon,16,No és causa del  vianant,Motorcycle,Woman,46,Driver,Desconegut                                                                                                                                            ,Unknown,In itínere,Minor injury: Hospitalization up to 24 hours,431634.8,4585306.27,2.180841921,41.414554272
2023S001468    ,10,Sant Martí,65,el Clot,161101,Independència,0250 0250,Monday,2023,3,March,13,Afternoon,20,No és causa del  vianant,Motorcycle,Man,29,Driver,Desconegut                                                                                                                                            ,Unknown,Altres activitats,Minor injury: Hospitalization up to 24 hours,431934.16,4584454.66,2.184519459,41.406909506
2023S001469    ,3,Sants-Montjuïc,15,Hostafrancs,94809,Creu Coberta,0128 0128,Monday,2023,3,March,13,Afternoon,18,No és causa del  vianant,Autobús articulat,Woman,43,Passenger,Desconegut                                                                                                                                            ,Unknown,Unknown,Minor injury: Hospitalization up to 24 hours,428239.07,4580992.95,2.140725526,41.375409635
2023S001470    ,6,Gràcia,31,la Vila de Gràcia,267000,Riera de Cassoles,0024 0024,Monday,2023,3,March,13,Afternoon,20,No és causa del  vianant,Motorcycle,Woman,35,Driver,Desconegut                                                                                                                                            ,Unknown,Unknown,Minor injury: Medical assistance at accident site,429064.87,4584035.5,2.150243285,41.402886075
2023S001471    ,2,Eixample,7,la Dreta de l'Eixample,74506,Catalunya,0105 0105,Monday,2023,3,March,13,Night,22,Desobeir el senyal del semàfor,Motorcycle,Man,56,Pedestrian,En pas regulat per semàfor                                                                                                                            ,Oci i entreteniment,Unknown,Minor injury: Hospitalization up to 24 hours,429868.7,4582996.42,2.159979329,41.393597996
2023S001471    ,2,Eixample,7,la Dreta de l'Eixample,74506,Catalunya,0105 0105,Monday,2023,3,March,13,Night,22,Desobeir el senyal del semàfor,Motorcycle,Man,25,Driver,En pas regulat per semàfor                                                                                                                            ,Unknown,Oci i entreteniment,Minor injury: Hospitalization up to 24 hours,429868.7,4582996.42,2.159979329,41.393597996
2023S001472    ,10,Sant Martí,68,el Poblenou,346800,Poblenou,0139X0139X,Monday,2023,3,March,13,Night,22,Others,Bicicleta,Woman,60,Driver,Fora del pas                                                                                                                                          ,Unknown,Unknown,Minor injury: Hospitalization up to 24 hours,432809.91,4584243.69,2.195019579,41.405083077
2023S001473    ,2,Eixample,9,la Nova Esquerra de l'Eixample,349706,Comte d'Urgell,0123X0123X,Tuesday,2023,3,March,14,Morning,7,No és causa del  vianant,Veh. mobilitat personal amb motor,Woman,50,Driver,Desconegut                                                                                                                                            ,Unknown,Unknown,Minor injury: Hospitalization up to 24 hours,429393.43,4582076.68,2.154402106,41.385272603
2023S001474    ,9,Sant Andreu,60,Sant Andreu,281409,Ribes,0041 0041,Tuesday,2023,3,March,14,Morning,8,No és causa del  vianant,Motorcycle,Man,82,Pedestrian,En pas sense regular                                                                                                                                  ,Unknown,Unknown,Minor injury: Hospitalization up to 24 hours,432400.82,4588896.1,2.189605269,41.446951543
2023S001475    ,7,Horta-Guinardó,39,Sant Genís dels Agudells,226604,Natzaret,0115 0117,Tuesday,2023,3,March,14,Morning,10,No és causa del  vianant,Motorcycle,Woman,75,Passenger,Desconegut                                                                                                                                            ,Unknown,Unknown,Minor injury: Medical assistance at accident site,428036.07,4586901.63,2.137595421,41.428608622
2023S001476    ,2,Eixample,7,la Dreta de l'Eixample,335100,Tetuan,9999 9999,Tuesday,2023,3,March,14,Morning,9,No és causa del  vianant,Bicicleta,Woman,39,Driver,Desconegut                                                                                                                                            ,Unknown,Unknown,Minor injury: Hospitalization up to 24 hours,431275.84,4583019.17,2.176806984,41.393924444
2023S001477    ,10,Sant Martí,70,el Besòs i el Maresme,701414,C-31,020850000,Tuesday,2023,3,March,14,Morning,9,No és causa del  vianant,Motorcycle,Man,47,Driver,Desconegut                                                                                                                                            ,Unknown,Oci i entreteniment,Minor injury: Hospitalization up to 24 hours,434078.33,4585946.2,2.210007828,41.420522231
2023S001478    ,7,Horta-Guinardó,41,la Vall d'Hebron,701268,Dalt (Llobregat),001170000,Tuesday,2023,3,March,14,Morning,10,No és causa del  vianant,Motorcycle,Man,42,Driver,Desconegut                                                                                                                                            ,Unknown,En missió,Minor injury: Hospitalization up to 24 hours,428843.09,4587518.86,2.147180278,41.434239687
2023S001480    ,8,Nou Barris,44,Vilapicina i la Torre Llobeta,119003,Fabra i Puig,0187 0187,Tuesday,2023,3,March,14,Morning,11,Desobeir el senyal del semàfor,Car,Woman,73,Pedestrian,En pas regulat per semàfor                                                                                                                            ,Unknown,Unknown,Minor injury: Hospitalization up to 24 hours,431360.13,4587054.3,2.177357118,41.430274759
2023S001481    ,2,Eixample,8,l'Antiga Esquerra de l'Eixample,169409,Corts Catalanes,0585 0585,Tuesday,2023,3,March,14,Morning,12,No és causa del  vianant,Motorcycle,Man,25,Driver,Desconegut                                                                                                                                            ,Unknown,Unknown,Minor injury: Hospitalization up to 24 hours,430197.26,4582210.36,2.163999731,41.386546805
2023S001482    ,5,Sarrià-Sant Gervasi,25,Sant Gervasi - la Bonanova,701268,Dalt (Llobregat),000920000,Tuesday,2023,3,March,14,Morning,13,No és causa del  vianant,Ciclomotor,Woman,20,Driver,Desconegut                                                                                                                                            ,Unknown,Oci i entreteniment,Minor injury: Hospitalization up to 24 hours,427714.16,4585334.95,2.133930518,41.414469302
2023S001484    ,7,Horta-Guinardó,43,Horta,701268,Dalt (Llobregat),001310000,Tuesday,2023,3,March,14,Afternoon,14,No és causa del  vianant,Ciclomotor,Woman,33,Driver,Desconegut                                                                                                                                            ,Unknown,Unknown,Minor injury: Hospitalization up to 24 hours,429874.32,4588069.4,2.159458123,41.439288938
2023S001484    ,7,Horta-Guinardó,43,Horta,701268,Dalt (Llobregat),001310000,Tuesday,2023,3,March,14,Afternoon,14,No és causa del  vianant,Veh. mobilitat personal amb motor,Man,17,Driver,Desconegut                                                                                                                                            ,Unknown,Unknown,Minor injury: Hospitalization up to 24 hours,429874.32,4588069.4,2.159458123,41.439288938
2023S001485    ,7,Horta-Guinardó,33,el Baix Guinardó,344101,Gràcia,0377 0377,Friday,2023,3,March,17,Afternoon,17,No és causa del  vianant,Bicicleta,Man,33,Driver,En pas regulat per semàfor                                                                                                                            ,Unknown,Unknown,Minor injury: Hospitalization up to 24 hours,430728.04,4584685.02,2.170064206,41.408881191
2023S001486    ,9,Sant Andreu,60,Sant Andreu,242509,Palomar,0002 0002,Tuesday,2023,3,March,14,Afternoon,15,No és causa del  vianant,Car,Woman,26,Pedestrian,En pas regulat per semàfor                                                                                                                            ,In itinere,Unknown,Minor injury: Hospitalization up to 24 hours,432284.1,4588345.48,2.18826984,41.441982458
2023S001487    ,10,Sant Martí,72,Sant Martí de Provençals,30409,Bac de Roda,0203 0211,Tuesday,2023,3,March,14,Afternoon,15,No és causa del  vianant,Motorcycle,Woman,30,Driver,Desconegut                                                                                                                                            ,Unknown,Oci i entreteniment,Minor injury: Hospitalization up to 24 hours,432757.88,4585350.78,2.194274059,41.415049971
2023S001488    ,6,Gràcia,30,la Salut,344000,Dalt,0121 0123,Tuesday,2023,3,March,14,Afternoon,17,No és causa del  vianant,Motorcycle,Man,37,Driver,Desconegut                                                                                                                                            ,Unknown,Oci i entreteniment,Minor injury: Hospitalization up to 24 hours,429803.55,4585071.04,2.158959382,41.412277683