Case_Number,District_Code,District_Name,Neighborhood_Code,Neighborhood_Name,Street_Code,Street_Name,Postal_Code,Day_of_Week,Year,Month_Code,Month_Name,Day_of_Month,Shift_Description,Hour_of_Day,Pedestrian_Cause_Description,Involved_Vehicle_Type,Gender_Description,Age,Person_Type_Description,Pedestrian_Accident_Location_Description,Pedestrian_Movement_Reason_Description,Driver_Movement_Reason_Description,Victimization_Description,UTM_X_Coordinate,UTM_Y_Coordinate,Longitude,Latitude
2023S001653    ,7,Horta-Guinardó,33,el Baix Guinardó,76807,Sardenya,0480 0490,Wednesday,2023,3,March,22,Afternoon,15,No és causa del  vianant,Bicicleta,Woman,28,Driver,Desconegut                                                                                                                                            ,Unknown,Oci i entreteniment,Minor injury: Hospitalization up to 24 hours,430301.77,4584769.93,2.164954789,41.409609076
2023S001654    ,2,Eixample,7,la Dreta de l'Eixample,176801,Roger de Llúria,0095 0095,Wednesday,2023,3,March,22,Afternoon,17,No és causa del  vianant,Veh. mobilitat personal amb motor,Woman,18,Driver,Desconegut                                                                                                                                            ,Unknown,Oci i entreteniment,Minor injury: Hospitalization up to 24 hours,430338.38,4583199.55,2.165573592,41.395468366
2023S001655    ,3,Sants-Montjuïc,11,el Poble-sec,130200,Font-trobada,0002X0002X,Wednesday,2023,3,March,22,Afternoon,14,No és causa del  vianant,Motorcycle,Man,27,Driver,Desconegut                                                                                                                                            ,Unknown,"Anada/tornada de ponts, festius, vacances",Minor injury: Hospitalization up to 24 hours,430577.5,4580475.76,2.168745937,41.370956691
2023S001656    ,2,Eixample,10,Sant Antoni,323203,Sepúlveda,0145 0145,Wednesday,2023,3,March,22,Afternoon,19,No és causa del  vianant,Motorcycle,Man,48,Driver,Desconegut                                                                                                                                            ,Unknown,Altres activitats,Minor injury: Medical assistance at accident site,429938.15,4581711.74,2.160958652,41.382033355
2023S001656    ,2,Eixample,10,Sant Antoni,323203,Sepúlveda,0145 0145,Wednesday,2023,3,March,22,Afternoon,19,No és causa del  vianant,Motorcycle,Man,62,Driver,Desconegut                                                                                                                                            ,Unknown,In itínere,Minor injury: Medical assistance at accident site,429938.15,4581711.74,2.160958652,41.382033355
2023S001657    ,4,Les Corts,20,la Maternitat i Sant Ramon,244209,Joan XXIII,0018 0018,Wednesday,2023,3,March,22,Afternoon,16,No és causa del  vianant,Bus,Woman,66,Passenger,Desconegut                                                                                                                                            ,Unknown,Unknown,Minor injury: Hospitalization up to 24 hours,426748.46,4582183.44,2.12275813,41.385997527
2023S001658    ,5,Sarrià-Sant Gervasi,24,les Tres Torres,97308,Dalmases,0046 0046,Wednesday,2023,3,March,22,Afternoon,18,No és causa del  vianant,Autobús articulat,Woman,65,Passenger,Desconegut                                                                                                                                            ,Unknown,Unknown,Minor injury: Hospitalization up to 24 hours,427169.82,4583981.48,2.12758085,41.402230012
2023S001659    ,3,Sants-Montjuïc,13,la Marina de Port,369408,Zona Franca,0216 0216,Wednesday,2023,3,March,22,Afternoon,20,No és causa del  vianant,Motorcycle,Woman,55,Driver,Desconegut                                                                                                                                            ,Unknown,Unknown,Minor injury: Hospitalization up to 24 hours,427961.38,4579479.03,2.137585096,41.36174946
2023S001660    ,2,Eixample,7,la Dreta de l'Eixample,169409,Corts Catalanes,0681 0683,Wednesday,2023,3,March,22,Afternoon,19,No és causa del  vianant,Autobús articulat,Woman,56,Passenger,Desconegut                                                                                                                                            ,Unknown,Unknown,Minor injury: Medical assistance at accident site,431320.59,4583309.03,2.177309331,41.396538951
2023S001660    ,2,Eixample,7,la Dreta de l'Eixample,169409,Corts Catalanes,0681 0683,Wednesday,2023,3,March,22,Afternoon,19,No és causa del  vianant,Autobús articulat,Woman,75,Passenger,Desconegut                                                                                                                                            ,Unknown,Unknown,Minor injury: Hospitalization up to 24 hours,431320.59,4583309.03,2.177309331,41.396538951
2023S001660    ,2,Eixample,7,la Dreta de l'Eixample,169409,Corts Catalanes,0681 0683,Wednesday,2023,3,March,22,Afternoon,19,No és causa del  vianant,Autobús articulat,Woman,9,Passenger,Desconegut                                                                                                                                            ,Unknown,Unknown,Minor injury: Hospitalization up to 24 hours,431320.59,4583309.03,2.177309331,41.396538951
2023S001661    ,2,Eixample,7,la Dreta de l'Eixample,268003,Provença,0354 0354,Wednesday,2023,3,March,22,Afternoon,20,No és causa del  vianant,Veh. mobilitat personal amb motor,Man,19,Driver,Desconegut                                                                                                                                            ,Unknown,Unknown,Minor injury: Medical assistance at accident site,430539.73,4583639.73,2.167931401,41.399450352
2023S001662    ,3,Sants-Montjuïc,11,el Poble-sec,116402,Estadi,0069B0069B,Wednesday,2023,3,March,22,Afternoon,20,No és causa del  vianant,Motorcycle,Man,48,Driver,Desconegut                                                                                                                                            ,Unknown,Unknown,Minor injury: Hospitalization up to 24 hours,429542.24,4579962.72,2.156427585,41.366245885
2023S001663    ,2,Eixample,6,la Sagrada Família,238400,Padilla,0319 0319,Wednesday,2023,3,March,22,Afternoon,20,No és causa del  vianant,Ciclomotor,Man,21,Driver,Desconegut                                                                                                                                            ,Unknown,In itínere,Minor injury: Hospitalization up to 24 hours,430993.37,4584658.47,2.173241485,41.408664899
2023S001664    ,10,Sant Martí,66,el Parc i la Llacuna del Poblenou,701414,C-31,020630000,Wednesday,2023,3,March,22,Afternoon,18,Desobeir el senyal del semàfor,Autobús articulat,Woman,76,Passenger,Desconegut                                                                                                                                            ,Unknown,Unknown,Minor injury: Hospitalization up to 24 hours,432509.94,4584438.01,2.191409426,41.40680812
2023S001665    ,2,Eixample,5,el Fort Pienc,100800,Diputació,0409 0409,Wednesday,2023,3,March,22,Afternoon,19,No és causa del  vianant,Veh. mobilitat personal amb motor,Man,23,Driver,Desconegut                                                                                                                                            ,Unknown,Altres activitats,Minor injury: Medical assistance at accident site,431321.13,4583495.53,2.177294624,41.398218747
2023S001667    ,10,Sant Martí,64,el Camp de l'Arpa del Clot,350308,València,0568 0568,Thursday,2023,3,March,23,Morning,8,No és causa del  vianant,Ciclomotor,Man,18,Driver,Desconegut                                                                                                                                            ,Unknown,Unknown,Minor injury: Hospitalization up to 24 hours,431842.11,4584552.4,2.183407244,41.407782017
2023S001668    ,2,Eixample,9,la Nova Esquerra de l'Eixample,110803,Entença,0110 0110,Thursday,2023,3,March,23,Morning,10,No és causa del  vianant,Motorcycle,Woman,47,Driver,Desconegut                                                                                                                                            ,Unknown,Unknown,Minor injury: Medical assistance at accident site,428970.85,4581553.16,2.14940987,41.380520217
2023S001669    ,7,Horta-Guinardó,41,la Vall d'Hebron,356406,Ventura Rodríguez,0001 0003,Thursday,2023,3,March,23,Morning,9,No és causa del  vianant,Car,Woman,70,Driver,Desconegut                                                                                                                                            ,Unknown,Unknown,Minor injury: Hospitalization up to 24 hours,428989.41,4587224.8,2.148966001,41.431604171
2023S001670    ,2,Eixample,9,la Nova Esquerra de l'Eixample,100800,Diputació,0063 0063,Thursday,2023,3,March,23,Morning,9,No és causa del  vianant,Veh. mobilitat personal amb motor,Man,42,Driver,Desconegut                                                                                                                                            ,Unknown,Unknown,Minor injury: Hospitalization up to 24 hours,429347.93,4581549.1,2.15391952,41.380516868
2023S001671    ,3,Sants-Montjuïc,18,Sants,110100,Enric Bargés,0001 0001,Thursday,2023,3,March,23,Morning,11,No és causa del  vianant,"Camió rígid > 3,5 tones",Woman,66,Pedestrian,En pas regulat per semàfor                                                                                                                            ,Unknown,Unknown,Minor injury: Medical assistance at accident site,428245.69,4581555.63,2.140738031,41.380478085
2023S001672    ,3,Sants-Montjuïc,18,Sants,331507,Tarragona,0185X0185X,Thursday,2023,3,March,23,Morning,11,No és causa del  vianant,Bicicleta,Woman,27,Driver,Desconegut                                                                                                                                            ,Unknown,In itínere,Minor injury: Hospitalization up to 24 hours,428426.74,4581528.37,2.142906267,41.380248698
2023S001673    ,8,Nou Barris,52,la Prosperitat,209900,Meridiana,0531 0531,Thursday,2023,3,March,23,Morning,9,No és causa del  vianant,Car,Man,42,Passenger,Desconegut                                                                                                                                            ,Unknown,Unknown,Minor injury: Refused medical assistance,432164.83,4588560.7,2.186818054,41.443910795
2023S001673    ,8,Nou Barris,52,la Prosperitat,209900,Meridiana,0531 0531,Thursday,2023,3,March,23,Morning,9,No és causa del  vianant,Car,Woman,29,Driver,Desconegut                                                                                                                                            ,Unknown,En missió,Minor injury: Refused medical assistance,432164.83,4588560.7,2.186818054,41.443910795
2023S001674    ,9,Sant Andreu,58,Baró de Viver,701497,B-10 (Llobregat),000040000,Thursday,2023,3,March,23,Morning,13,No és causa del  vianant,Motorcycle,Man,46,Driver,Desconegut                                                                                                                                            ,Unknown,Unknown,Minor injury: Medical assistance at accident site,433363.25,4582786.07,2.201799588,41.39200074
2023S001675    ,3,Sants-Montjuïc,12,la Marina del Prat Vermell,701265,Litoral (Besòs),001770000,Wednesday,2023,3,March,22,Morning,13,No és causa del  vianant,Car,Woman,56,Passenger,Desconegut                                                                                                                                            ,Unknown,Unknown,Minor injury: Hospitalization up to 24 hours,426266.65,4577015.89,2.117624649,41.339411361
2023S001676    ,5,Sarrià-Sant Gervasi,25,Sant Gervasi - la Bonanova,701268,Dalt (Llobregat),000880000,Thursday,2023,3,March,23,Morning,13,No és causa del  vianant,Car,Man,38,Driver,Desconegut                                                                                                                                            ,Unknown,In itínere,Minor injury: Hospitalization up to 24 hours,427350.84,4585168.98,2.12960359,41.412941704
2023S001677    ,7,Horta-Guinardó,40,Montbau,701267,Dalt (Besòs),001120000,Thursday,2023,3,March,23,Morning,13,No és causa del  vianant,Car,Woman,27,Driver,Desconegut                                                                                                                                            ,Unknown,Unknown,Minor injury: Medical assistance at accident site,428632.38,4587020.89,2.144717335,41.429735978
2023S001677    ,7,Horta-Guinardó,40,Montbau,701267,Dalt (Besòs),001120000,Thursday,2023,3,March,23,Morning,13,No és causa del  vianant,Car,Woman,29,Driver,Desconegut                                                                                                                                            ,Unknown,In itínere,Minor injury: Hospitalization up to 24 hours,428632.38,4587020.89,2.144717335,41.429735978
2023S001678    ,-1,Unknown,-1,Unknown,-1,Unknown,Unknown,Thursday,2023,3,March,23,Afternoon,14,No és causa del  vianant,Bus,Man,74,Passenger,Desconegut                                                                                                                                            ,Unknown,Unknown,Serious injury: Hospitalization over 24 hours,426626.85,4581292.09,2.121411776,41.377958412
2023S001681    ,9,Sant Andreu,57,la Trinitat Vella,701501,B-20 (Llobregat),001600000,Thursday,2023,3,March,23,Afternoon,17,No és causa del  vianant,Motorcycle,Woman,37,Driver,Desconegut                                                                                                                                            ,Unknown,Oci i entreteniment,Minor injury: Hospitalization up to 24 hours,432696.87,4588930.56,2.193145279,41.447286803
2023S001682    ,8,Nou Barris,50,les Roquetes,701268,Dalt (Llobregat),001420000,Thursday,2023,3,March,23,Afternoon,15,No és causa del  vianant,Motorcycle,Man,40,Driver,Desconegut                                                                                                                                            ,Unknown,Oci i entreteniment,Minor injury: Medical assistance at accident site,430987.1,4588550.73,2.172721945,41.443720563
2023S001683    ,4,Les Corts,21,Pedralbes,336908,Tòquio,0006 0008,Thursday,2023,3,March,23,Afternoon,18,No és causa del  vianant,Motorcycle,Man,24,Driver,Desconegut                                                                                                                                            ,Unknown,In itínere,Minor injury: Hospitalization up to 24 hours,426428.18,4582776.31,2.118855843,41.391308012
2023S001685    ,2,Eixample,7,la Dreta de l'Eixample,350308,València,0249 0249,Thursday,2023,3,March,23,Afternoon,16,No és causa del  vianant,Motorcycle,Man,27,Passenger,Desconegut                                                                                                                                            ,Unknown,Unknown,Minor injury: Medical assistance at accident site,430154.54,4582886.28,2.163410848,41.39263089
2023S001685    ,2,Eixample,7,la Dreta de l'Eixample,350308,València,0249 0249,Thursday,2023,3,March,23,Afternoon,16,No és causa del  vianant,Motorcycle,Woman,24,Driver,Desconegut                                                                                                                                            ,Unknown,Unknown,Minor injury: Hospitalization up to 24 hours,430154.54,4582886.28,2.163410848,41.39263089
2023S001686    ,2,Eixample,7,la Dreta de l'Eixample,90502,Còrsega,0344 0352,Thursday,2023,3,March,23,Afternoon,18,No és causa del  vianant,Motorcycle,Man,53,Driver,Desconegut                                                                                                                                            ,Unknown,Unknown,Minor injury: Hospitalization up to 24 hours,429997.34,4583483.6,2.161461586,41.397997077
2023S001687    ,3,Sants-Montjuïc,13,la Marina de Port,369408,Zona Franca,0252 0252,Thursday,2023,3,March,23,Afternoon,15,No és causa del  vianant,Motorcycle,Man,37,Driver,Desconegut                                                                                                                                            ,Unknown,Unknown,Minor injury: Hospitalization up to 24 hours,427859.85,4579756.86,2.136338277,41.364242684
2023S001688    ,2,Eixample,5,el Fort Pienc,169409,Corts Catalanes,0794 0794,Thursday,2023,3,March,23,Afternoon,16,No és causa del  vianant,Motorcycle,Woman,24,Passenger,Desconegut                                                                                                                                            ,Unknown,Unknown,Minor injury: Medical assistance at accident site,431752.09,4583696.66,2.182426855,41.400066981
2023S001688    ,2,Eixample,5,el Fort Pienc,169409,Corts Catalanes,0794 0794,Thursday,2023,3,March,23,Afternoon,16,No és causa del  vianant,Motorcycle,Woman,25,Driver,Desconegut                                                                                                                                            ,Unknown,Unknown,Minor injury: Hospitalization up to 24 hours,431752.09,4583696.66,2.182426855,41.400066981
2023S001688    ,2,Eixample,5,el Fort Pienc,169409,Corts Catalanes,0794 0794,Thursday,2023,3,March,23,Afternoon,16,No és causa del  vianant,Motorcycle,Man,22,Driver,Desconegut                                                                                                                                            ,Unknown,Unknown,Minor injury: Medical assistance at accident site,431752.09,4583696.66,2.182426855,41.400066981
2023S001689    ,10,Sant Martí,69,Diagonal Mar i el Front Marítim del Poblenou,701266,Litoral (Llobregat),000700000,Thursday,2023,3,March,23,Afternoon,19,No és causa del  vianant,Motorcycle,Man,30,Driver,Desconegut                                                                                                                                            ,Unknown,Unknown,Minor injury: Hospitalization up to 24 hours,434020.31,4583616.44,2.209567765,41.399533898
2023S001690    ,5,Sarrià-Sant Gervasi,26,Sant Gervasi - Galvany,143904,General Mitre,0090 0090,Thursday,2023,3,March,23,Afternoon,20,No és causa del  vianant,Motorcycle,Woman,53,Driver,Desconegut                                                                                                                                            ,Unknown,In itínere,Minor injury: Hospitalization up to 24 hours,427769.34,4583722.79,2.134783226,41.39995421
2023S001691    ,7,Horta-Guinardó,35,el Guinardó,297001,Sant Antoni Maria Claret,0173 0173,Thursday,2023,3,March,23,Afternoon,17,No és causa del  vianant,Motorcycle,Man,34,Driver,Desconegut                                                                                                                                            ,Unknown,Altres activitats,Minor injury: Hospitalization up to 24 hours,431373.14,4585218.56,2.177721255,41.413741982
2023S001692    ,10,Sant Martí,65,el Clot,180401,Lope de Vega,0303X0303X,Thursday,2023,3,March,23,Afternoon,20,No és causa del  vianant,Bicicleta,Woman,33,Driver,Desconegut                                                                                                                                            ,Unknown,Unknown,Minor injury: Hospitalization up to 24 hours,432598.83,4585106.46,2.192398325,41.41283612
2023S001693    ,7,Horta-Guinardó,41,la Vall d'Hebron,701268,Dalt (Llobregat),0005S0000,Thursday,2023,3,March,23,Afternoon,18,No és causa del  vianant,Autobús articulat,Woman,64,Passenger,Desconegut                                                                                                                                            ,Unknown,Unknown,Minor injury: Hospitalization up to 24 hours,428506.24,4586566.97,2.143261508,41.42563649
2023S001695    ,1,Ciutat Vella,2,el Barri Gòtic,82901,Colom,0018 0018,Thursday,2023,3,March,23,Afternoon,21,No és causa del  vianant,Car,Man,47,Driver,Desconegut                                                                                                                                            ,Unknown,Unknown,Minor injury: Hospitalization up to 24 hours,431498.59,4581313.83,2.179664158,41.378583935
2023S001696    ,5,Sarrià-Sant Gervasi,24,les Tres Torres,143904,General Mitre,0081 0091,Thursday,2023,3,March,23,Afternoon,18,No és causa del  vianant,Motorcycle,Man,52,Driver,Desconegut                                                                                                                                            ,Unknown,Unknown,Minor injury: Medical assistance at accident site,427681.98,4583578.13,2.133755545,41.398643459
2023S001696    ,5,Sarrià-Sant Gervasi,24,les Tres Torres,143904,General Mitre,0081 0091,Thursday,2023,3,March,23,Afternoon,18,No és causa del  vianant,Motorcycle,Woman,59,Driver,Desconegut                                                                                                                                            ,Unknown,In itínere,Minor injury: Hospitalization up to 24 hours,427681.98,4583578.13,2.133755545,41.398643459
2023S001697    ,8,Nou Barris,55,Ciutat Meridiana,3701,Agudes,0060 0082,Thursday,2023,3,March,23,Night,23,No és causa del  vianant,Motorcycle,Man,33,Driver,Desconegut                                                                                                                                            ,Unknown,Unknown,Death (within 24 hours of accident),431426.03,4590722.03,2.177729109,41.463314255
2023S001698    ,4,Les Corts,20,la Maternitat i Sant Ramon,38604,Benavent,0001 0001,Friday,2023,3,March,24,Night,3,No és causa del  vianant,Car,Man,44,Passenger,Desconegut                                                                                                                                            ,Unknown,Unknown,Minor injury: Hospitalization up to 24 hours,426988.51,4581237.65,2.125742918,41.377501006
2023S001698    ,4,Les Corts,20,la Maternitat i Sant Ramon,38604,Benavent,0001 0001,Friday,2023,3,March,24,Night,3,No és causa del  vianant,Car,Man,47,Driver,Desconegut                                                                                                                                            ,Unknown,In itínere,Minor injury: Hospitalization up to 24 hours,426988.51,4581237.65,2.125742918,41.377501006
2023S001699    ,3,Sants-Montjuïc,18,Sants,312400,Sants,0021 0021,Thursday,2023,3,March,23,Night,23,No és causa del  vianant,Motorcycle,Man,24,Driver,Desconegut                                                                                                                                            ,Unknown,Unknown,Serious injury: Hospitalization over 24 hours,428168.05,4580982.55,2.139877561,41.375309626
2023S001700    ,5,Sarrià-Sant Gervasi,23,Sarrià,353805,Vallvidrera,0032 0032,Thursday,2023,3,March,23,Afternoon,21,No és causa del  vianant,Motorcycle,Man,20,Driver,Desconegut                                                                                                                                            ,Unknown,Unknown,Minor injury: Medical assistance at accident site,426052.64,4584477.56,2.114156489,41.406595946
2023S001701    ,3,Sants-Montjuïc,12,la Marina del Prat Vermell,700133,Transversal 5,0001 0001,Friday,2023,3,March,24,Morning,9,No és causa del  vianant,Car,Woman,45,Driver,Desconegut                                                                                                                                            ,Unknown,Unknown,Minor injury: Hospitalization up to 24 hours,426177.3,4576328.26,2.116640494,41.33320993
2023S001702    ,5,Sarrià-Sant Gervasi,27,el Putxet i el Farró,143904,General Mitre,0208 0210,Friday,2023,3,March,24,Morning,9,No és causa del  vianant,Ciclomotor,Woman,21,Pedestrian,En pas regulat per semàfor                                                                                                                            ,Unknown,Unknown,Minor injury: Hospitalization up to 24 hours,428717.38,4584335.83,2.146051142,41.40556028
2023S001703    ,9,Sant Andreu,60,Sant Andreu,339101,Torras i Bages,0029 0033,Sunday,2023,3,March,5,Morning,11,No és causa del  vianant,Car,Man,51,Driver,Desconegut                                                                                                                                            ,Unknown,Oci i entreteniment,Minor injury: Refused medical assistance,432501.53,4587893.75,2.190922871,41.437932198
2023S001704    ,2,Eixample,7,la Dreta de l'Eixample,278459,Reina Victòria,9998 9998,Friday,2023,3,March,24,Morning,9,No és causa del  vianant,Motorcycle,Man,24,Driver,Desconegut                                                                                                                                            ,Unknown,Oci i entreteniment,Minor injury: Refused medical assistance,430557.69,4582525.42,2.168274082,41.389415667
2023S001705    ,5,Sarrià-Sant Gervasi,24,les Tres Torres,143904,General Mitre,0047B0047B,Friday,2023,3,March,24,Morning,11,No és causa del  vianant,Motorcycle,Man,44,Driver,Desconegut                                                                                                                                            ,Unknown,Unknown,Death (within 24 hours of accident),427645.65,4583125.1,2.13337515,41.39455993
2023S001706    ,6,Gràcia,28,Vallcarca i els Penitents,158107,Vallcarca,0194 0196,Friday,2023,3,March,24,Morning,11,No és causa del  vianant,Motorcycle,Man,45,Driver,Desconegut                                                                                                                                            ,Unknown,Unknown,Minor injury: Hospitalization up to 24 hours,428397.04,4585483.79,2.142083092,41.415871009
2023S001707    ,2,Eixample,8,l'Antiga Esquerra de l'Eixample,245802,París,0127 0127,Friday,2023,3,March,24,Morning,13,No és causa del  vianant,Ciclomotor,Man,41,Driver,Desconegut                                                                                                                                            ,Unknown,In itínere,Minor injury: Hospitalization up to 24 hours,428948.79,4582672.05,2.149014784,41.390595722
2023S001708    ,10,Sant Martí,69,Diagonal Mar i el Front Marítim del Poblenou,700654,Litoral,0098 0098,Friday,2023,3,March,24,Afternoon,14,No és causa del  vianant,Motorcycle,Man,56,Driver,Desconegut                                                                                                                                            ,Unknown,Oci i entreteniment,Minor injury: Hospitalization up to 24 hours,434131.96,4583677.31,2.210896674,41.400091299
2023S001709    ,1,Ciutat Vella,3,la Barceloneta,701265,Litoral (Besòs),000910000,Friday,2023,3,March,24,Afternoon,14,No és causa del  vianant,Motorcycle,Man,41,Driver,Desconegut                                                                                                                                            ,Unknown,Unknown,Minor injury: Hospitalization up to 24 hours,432487.96,4581946.87,2.191424374,41.384369239
2023S001710    ,5,Sarrià-Sant Gervasi,26,Sant Gervasi - Galvany,28000,Augusta,0159 0159,Friday,2023,3,March,24,Afternoon,15,No és causa del  vianant,Motorcycle,Man,60,Driver,Desconegut                                                                                                                                            ,Unknown,Altres activitats,Minor injury: Medical assistance at accident site,428473.45,4583594.92,2.143220672,41.398865512
2023S001711    ,10,Sant Martí,68,el Poblenou,346800,Poblenou,0150X0150X,Friday,2023,3,March,24,Afternoon,16,No és causa del  vianant,Veh. mobilitat personal amb motor,Woman,14,Pedestrian,A la vorera / Andana                                                                                                                                  ,Unknown,Unknown,Minor injury: Hospitalization up to 24 hours,432872.97,4584263.49,2.195771754,41.405266681
2023S001712    ,4,Les Corts,19,les Corts,320704,Sarrià,0064 0066,Friday,2023,3,March,24,Afternoon,16,No és causa del  vianant,Motorcycle,Man,38,Driver,Desconegut                                                                                                                                            ,Unknown,In itínere,Minor injury: Hospitalization up to 24 hours,428237.81,4582735.53,2.140503967,41.391104308
2023S001713    ,7,Horta-Guinardó,41,la Vall d'Hebron,701311,Isadora Duncan,0011 0011,Friday,2023,3,March,24,Afternoon,16,No és causa del  vianant,Car,Woman,22,Pedestrian,En pas sense regular                                                                                                                                  ,Unknown,Unknown,Minor injury: Medical assistance at accident site,428603.33,4586835.63,2.144391581,41.428064837
2023S001714    ,6,Gràcia,30,la Salut,320205,Santuari St Josep Muntanya,0002 0002,Friday,2023,3,March,24,Afternoon,19,No és causa del  vianant,Ciclomotor,Woman,55,Driver,Desconegut                                                                                                                                            ,Unknown,In itínere,Minor injury: Hospitalization up to 24 hours,429464.23,4584797.42,2.15493168,41.409783565
2023S001715    ,2,Eixample,9,la Nova Esquerra de l'Eixample,110803,Entença,0085 0087,Friday,2023,3,March,24,Afternoon,18,No és causa del  vianant,Motorcycle,Man,45,Driver,Desconegut                                                                                                                                            ,Unknown,Unknown,Minor injury: Hospitalization up to 24 hours,429094.74,4581442.97,2.150904263,41.379538706
2023S001716    ,10,Sant Martí,64,el Camp de l'Arpa del Clot,105304,Dos de Maig,0210 0212,Friday,2023,3,March,24,Afternoon,16,No és causa del  vianant,Ciclomotor,Woman,24,Passenger,Desconegut                                                                                                                                            ,Unknown,Unknown,Minor injury: Hospitalization up to 24 hours,431837.23,4584359.62,2.183370588,41.406045291
2023S001716    ,10,Sant Martí,64,el Camp de l'Arpa del Clot,105304,Dos de Maig,0210 0212,Friday,2023,3,March,24,Afternoon,16,No és causa del  vianant,Motorcycle,Woman,44,Driver,Desconegut                                                                                                                                            ,Unknown,Unknown,Minor injury: Hospitalization up to 24 hours,431837.23,4584359.62,2.183370588,41.406045291
2023S001717    ,2,Eixample,8,l'Antiga Esquerra de l'Eixample,110304,Enric Granados,0057 0059,Saturday,2023,3,March,25,Night,0,No és causa del  vianant,Bicicleta,Woman,23,Driver,Desconegut                                                                                                                                            ,Unknown,In itínere,Minor injury: Hospitalization up to 24 hours,429739.61,4582680.05,2.158472063,41.390737284
2023S001718    ,5,Sarrià-Sant Gervasi,25,Sant Gervasi - la Bonanova,701267,Dalt (Besòs),000880000,Saturday,2023,3,March,25,Morning,7,No és causa del  vianant,Motorcycle,Man,23,Driver,Desconegut                                                                                                                                            ,Unknown,En missió,Minor injury: Hospitalization up to 24 hours,427446.46,4585212.61,2.130742354,41.413343302
2023S001719    ,3,Sants-Montjuïc,16,la Bordeta,160903,Ildefons Cerdà,0004 0006,Saturday,2023,3,March,25,Morning,11,Desobeir el senyal del semàfor,Car,Woman,23,Pedestrian,En pas regulat per semàfor                                                                                                                            ,Oci i entreteniment,Unknown,Minor injury: Hospitalization up to 24 hours,427718.43,4579750.57,2.134648336,41.364173341
2023S001720    ,8,Nou Barris,50,les Roquetes,701268,Dalt (Llobregat),001480000,Saturday,2023,3,March,25,Morning,11,No és causa del  vianant,Car,Man,7,Passenger,Desconegut                                                                                                                                            ,Unknown,Unknown,Minor injury: Hospitalization up to 24 hours,431563.44,4588806.2,2.179591668,41.446070853
2023S001721    ,9,Sant Andreu,59,el Bon Pastor,701265,Litoral (Besòs),000110000,Saturday,2023,3,March,25,Morning,12,No és causa del  vianant,Car,Woman,58,Passenger,Desconegut                                                                                                                                            ,Unknown,Unknown,Minor injury: Hospitalization up to 24 hours,433072.06,4589234.31,2.197602819,41.450053966
2023S001721    ,9,Sant Andreu,59,el Bon Pastor,701265,Litoral (Besòs),000110000,Saturday,2023,3,March,25,Morning,12,No és causa del  vianant,Car,Man,17,Passenger,Desconegut                                                                                                                                            ,Unknown,Unknown,Minor injury: Hospitalization up to 24 hours,433072.06,4589234.31,2.197602819,41.450053966
2023S001722    ,2,Eixample,6,la Sagrada Família,191204,Mallorca,0404 0404,Saturday,2023,3,March,25,Morning,12,No és causa del  vianant,Motorcycle,Woman,31,Driver,Desconegut                                                                                                                                            ,Unknown,Unknown,Minor injury: Hospitalization up to 24 hours,431076.4,4583988.83,2.174311104,41.402640794
2023S001723    ,2,Eixample,7,la Dreta de l'Eixample,90502,Còrsega,0285 0287,Saturday,2023,3,March,25,Afternoon,14,No és causa del  vianant,Motorcycle,Man,34,Driver,Desconegut                                                                                                                                            ,Unknown,Unknown,Minor injury: Hospitalization up to 24 hours,429554.34,4583063.6,2.156211591,41.394175574
2023S001724    ,3,Sants-Montjuïc,16,la Bordeta,89707,Constitució,0194 0196,Saturday,2023,3,March,25,Afternoon,14,No és causa del  vianant,Car,Man,38,Driver,Desconegut                                                                                                                                            ,Unknown,Oci i entreteniment,Minor injury: Hospitalization up to 24 hours,427484.99,4580207.94,2.131802822,41.368271705
2023S001725    ,9,Sant Andreu,59,el Bon Pastor,701321,São Paulo,0033 0033,Saturday,2023,3,March,25,Afternoon,15,No és causa del  vianant,Motorcycle,Woman,28,Passenger,Desconegut                                                                                                                                            ,Unknown,Unknown,Minor injury: Hospitalization up to 24 hours,433228.8,4588017.95,2.199613695,41.439111668
2023S001725    ,9,Sant Andreu,59,el Bon Pastor,701321,São Paulo,0033 0033,Saturday,2023,3,March,25,Afternoon,15,No és causa del  vianant,Motorcycle,Man,66,Driver,Desconegut                                                                                                                                            ,Unknown,Oci i entreteniment,Minor injury: Hospitalization up to 24 hours,433228.8,4588017.95,2.199613695,41.439111668
2023S001727    ,2,Eixample,8,l'Antiga Esquerra de l'Eixample,350308,València,0183 0183,Saturday,2023,3,March,25,Morning,13,No és causa del  vianant,Motorcycle,Man,34,Driver,Desconegut                                                                                                                                            ,Unknown,Oci i entreteniment,Minor injury: Hospitalization up to 24 hours,429738.38,4582491.09,2.158479283,41.389035277
2023S001728    ,6,Gràcia,30,la Salut,344000,Dalt,0125 0127,Saturday,2023,3,March,25,Afternoon,20,No és causa del  vianant,Car,Woman,67,Pedestrian,En pas regulat per semàfor                                                                                                                            ,Altres activitats,Unknown,Minor injury: Hospitalization up to 24 hours,429865.6,4585094.63,2.159699011,41.41249557