Case_Number,District_Code,District_Name,Neighborhood_Code,Neighborhood_Name,Street_Code,Street_Name,Postal_Code,Day_of_Week,Year,Month_Code,Month_Name,Day_of_Month,Shift_Description,Hour_of_Day,Pedestrian_Cause_Description,Involved_Vehicle_Type,Gender_Description,Age,Person_Type_Description,Pedestrian_Accident_Location_Description,Pedestrian_Movement_Reason_Description,Driver_Movement_Reason_Description,Victimization_Description,UTM_X_Coordinate,UTM_Y_Coordinate,Longitude,Latitude
2023S002275    ,2,Eixample,7,la Dreta de l'Eixample,148307,Gràcia,0013 0013,Thursday,2023,4,April,20,Afternoon,17,Desobeir el senyal del semàfor,Autobús articulat,Woman,62,Pedestrian,En pas regulat per semàfor                                                                                                                            ,Unknown,Unknown,Minor injury: Hospitalization up to 24 hours,430495.65,4582501.94,2.16753479,41.389198828
2023S002275    ,2,Eixample,7,la Dreta de l'Eixample,148307,Gràcia,0013 0013,Thursday,2023,4,April,20,Afternoon,17,Desobeir el senyal del semàfor,Autobús articulat,Man,78,Passenger,En pas regulat per semàfor                                                                                                                            ,Unknown,Unknown,Minor injury: Hospitalization up to 24 hours,430495.65,4582501.94,2.16753479,41.389198828
2023S002275    ,2,Eixample,7,la Dreta de l'Eixample,148307,Gràcia,0013 0013,Thursday,2023,4,April,20,Afternoon,17,Desobeir el senyal del semàfor,Autobús articulat,Man,83,Passenger,En pas regulat per semàfor                                                                                                                            ,Unknown,Unknown,Minor injury: Refused medical assistance,430495.65,4582501.94,2.16753479,41.389198828
2023S002276    ,5,Sarrià-Sant Gervasi,25,Sant Gervasi - la Bonanova,701629,Isaac Newton,0034U0034U,Thursday,2023,4,April,20,Afternoon,15,No és causa del  vianant,Car,Woman,19,Driver,Desconegut                                                                                                                                            ,Unknown,Altres activitats,Minor injury: Hospitalization up to 24 hours,427504.46,4585298.73,2.131425947,41.414124185
2023S002276    ,5,Sarrià-Sant Gervasi,25,Sant Gervasi - la Bonanova,701629,Isaac Newton,0034U0034U,Thursday,2023,4,April,20,Afternoon,15,No és causa del  vianant,Car,Man,35,Driver,Desconegut                                                                                                                                            ,Unknown,Altres activitats,Minor injury: Hospitalization up to 24 hours,427504.46,4585298.73,2.131425947,41.414124185
2023S002276    ,5,Sarrià-Sant Gervasi,25,Sant Gervasi - la Bonanova,701629,Isaac Newton,0034U0034U,Thursday,2023,4,April,20,Afternoon,15,No és causa del  vianant,Car,Man,23,Passenger,Desconegut                                                                                                                                            ,Unknown,Unknown,Minor injury: Hospitalization up to 24 hours,427504.46,4585298.73,2.131425947,41.414124185
2023S002277    ,10,Sant Martí,64,el Camp de l'Arpa del Clot,18505,Aragó,0607 0607,Thursday,2023,4,April,20,Afternoon,19,No és causa del  vianant,Veh. mobilitat personal amb motor,Man,30,Driver,Desconegut                                                                                                                                            ,Unknown,Unknown,Minor injury: Hospitalization up to 24 hours,432131.07,4584631.66,2.186855248,41.408520352
2023S002278    ,10,Sant Martí,66,el Parc i la Llacuna del Poblenou,144601,Diagonal,0240 0252,Thursday,2023,4,April,20,Afternoon,18,No és causa del  vianant,Motorcycle,Man,53,Driver,Desconegut                                                                                                                                            ,Unknown,Unknown,Minor injury: Hospitalization up to 24 hours,432432.33,4584176.43,2.190510191,41.40444562
2023S002279    ,2,Eixample,9,la Nova Esquerra de l'Eixample,268003,Provença,0056 0056,Thursday,2023,4,April,20,Afternoon,20,Desobeir el senyal del semàfor,Veh. mobilitat personal amb motor,Man,58,Driver,Desconegut                                                                                                                                            ,Unknown,Unknown,Minor injury: Hospitalization up to 24 hours,428690.81,4581838.58,2.14602751,41.383066112
2023S002281    ,4,Les Corts,19,les Corts,4307,Agustina Saragossa,0001 0001,Thursday,2023,4,April,20,Night,23,No és causa del  vianant,Motorcycle,Man,28,Driver,Desconegut                                                                                                                                            ,Unknown,In itínere,Minor injury: Hospitalization up to 24 hours,427714.63,4582690.85,2.134252053,41.390655017
2023S002282    ,6,Gràcia,31,la Vila de Gràcia,344101,Gràcia,0106 0106,Thursday,2023,4,April,20,Afternoon,21,Creuar per fora pas de vianants,Car,Man,58,Pedestrian,Fora del pas                                                                                                                                          ,Unknown,Unknown,Minor injury: Hospitalization up to 24 hours,429422.4,4583634.07,2.154566972,41.399302022
2023S002283    ,9,Sant Andreu,59,el Bon Pastor,318906,Santander,0077B0077B,Friday,2023,4,April,21,Morning,7,No és causa del  vianant,Car,Man,61,Pedestrian,En pas regulat per semàfor                                                                                                                            ,Unknown,Unknown,Serious injury: Hospitalization over 24 hours,433668.32,4587114.2,2.204973582,41.431008312
2023S002285    ,4,Les Corts,21,Pedralbes,701268,Dalt (Llobregat),000460000,Friday,2023,4,April,21,Morning,9,No és causa del  vianant,Motorcycle,Man,30,Driver,Desconegut                                                                                                                                            ,Unknown,In itínere,Minor injury: Hospitalization up to 24 hours,425238.83,4581781.81,2.10475403,41.382241273
2023S002286    ,4,Les Corts,21,Pedralbes,232403,Bisbe Català,0008 0008,Friday,2023,4,April,21,Morning,10,No és causa del  vianant,Motorcycle,Woman,23,Driver,Desconegut                                                                                                                                            ,Unknown,En missió,Minor injury: Hospitalization up to 24 hours,426003.58,4583256.71,2.113718899,41.39559579
2023S002287    ,2,Eixample,10,Sant Antoni,349207,Universitat,9999 9999,Friday,2023,4,April,21,Morning,12,No és causa del  vianant,Veh. mobilitat personal amb motor,Woman,73,Pedestrian,Desconegut                                                                                                                                            ,Oci i entreteniment,Unknown,Minor injury: Medical assistance at accident site,430243.47,4582101.92,2.164564862,41.385574131
2023S002288    ,4,Les Corts,19,les Corts,144601,Diagonal,0609 0615,Thursday,2023,4,April,20,Night,0,No és causa del  vianant,Veh. mobilitat personal amb motor,Woman,21,Driver,Desconegut                                                                                                                                            ,Unknown,In itínere,Minor injury: Refused medical assistance,427207.0,4582445.17,2.128210374,41.38839647
2023S002289    ,2,Eixample,8,l'Antiga Esquerra de l'Eixample,223606,Muntaner,0034 0034,Friday,2023,4,April,21,Morning,12,No és causa del  vianant,Bicicleta,Man,36,Driver,Desconegut                                                                                                                                            ,Unknown,Oci i entreteniment,Minor injury: Hospitalization up to 24 hours,429953.37,4582064.24,2.161099886,41.385209537
2023S002290    ,4,Les Corts,19,les Corts,144601,Diagonal,0545 0545,Friday,2023,4,April,21,Afternoon,14,No és causa del  vianant,Motorcycle,Man,42,Driver,Desconegut                                                                                                                                            ,Unknown,In itínere,Minor injury: Refused medical assistance,427769.46,4582595.23,2.134919226,41.389798734
2023S002291    ,2,Eixample,8,l'Antiga Esquerra de l'Eixample,90502,Còrsega,0281 0281,Friday,2023,4,April,21,Morning,13,Desobeir el senyal del semàfor,Motorcycle,Woman,53,Pedestrian,En pas regulat per semàfor                                                                                                                            ,En missió,Unknown,Minor injury: Hospitalization up to 24 hours,429525.55,4583049.74,2.155868857,41.394048218
2023S002291    ,2,Eixample,8,l'Antiga Esquerra de l'Eixample,90502,Còrsega,0281 0281,Friday,2023,4,April,21,Morning,13,Desobeir el senyal del semàfor,Motorcycle,Man,46,Driver,En pas regulat per semàfor                                                                                                                            ,Unknown,In itínere,Minor injury: Medical assistance at accident site,429525.55,4583049.74,2.155868857,41.394048218
2023S002292    ,10,Sant Martí,64,el Camp de l'Arpa del Clot,209900,Meridiana,0121 0121,Friday,2023,4,April,21,Afternoon,14,Others,Veh. mobilitat personal amb motor,Man,54,Pedestrian,A la vorera / Andana                                                                                                                                  ,Unknown,Unknown,Minor injury: Hospitalization up to 24 hours,432108.0,4584685.07,2.186573258,41.40899945
2023S002293    ,4,Les Corts,21,Pedralbes,701267,Dalt (Besòs),000580000,Friday,2023,4,April,21,Afternoon,14,No és causa del  vianant,Car,Man,42,Driver,Desconegut                                                                                                                                            ,Unknown,Oci i entreteniment,Minor injury: Hospitalization up to 24 hours,425576.68,4582827.98,2.108665559,41.391694999
2023S002294    ,9,Sant Andreu,63,Navas,297001,Sant Antoni Maria Claret,0416 0418,Thursday,2023,4,April,20,Night,22,No és causa del  vianant,Veh. mobilitat personal amb motor,Woman,32,Driver,Desconegut                                                                                                                                            ,Unknown,Unknown,Minor injury: Refused medical assistance,431894.18,4585708.57,2.183899947,41.418199697
2023S002295    ,4,Les Corts,19,les Corts,278302,Reina Maria Cristina,9998 9998,Friday,2023,4,April,21,Afternoon,15,No és causa del  vianant,Autobús articulat,Woman,60,Passenger,Desconegut                                                                                                                                            ,Unknown,Unknown,Minor injury: Hospitalization up to 24 hours,427207.0,4582445.17,2.128210374,41.38839647
2023S002295    ,4,Les Corts,19,les Corts,278302,Reina Maria Cristina,9998 9998,Friday,2023,4,April,21,Afternoon,15,No és causa del  vianant,Autobús articulat,Man,48,Passenger,Desconegut                                                                                                                                            ,Unknown,Unknown,Minor injury: Refused medical assistance,427207.0,4582445.17,2.128210374,41.38839647
2023S002296    ,4,Les Corts,20,la Maternitat i Sant Ramon,66508,Carles III,0001 0005,Friday,2023,4,April,21,Afternoon,16,No és causa del  vianant,Motorcycle,Man,46,Driver,Desconegut                                                                                                                                            ,Unknown,Unknown,Minor injury: Hospitalization up to 24 hours,427269.91,4581441.24,2.129083318,41.37936016
2023S002297    ,5,Sarrià-Sant Gervasi,25,Sant Gervasi - la Bonanova,701629,Isaac Newton,0030U0030U,Friday,2023,4,April,21,Afternoon,15,No és causa del  vianant,Car,Man,50,Driver,Desconegut                                                                                                                                            ,Unknown,In itínere,Minor injury: Hospitalization up to 24 hours,427504.46,4585298.73,2.131425947,41.414124185
2023S002298    ,2,Eixample,6,la Sagrada Família,268003,Provença,0419 0425,Friday,2023,4,April,21,Afternoon,16,Creuar per fora pas de vianants,Bicicleta,Woman,71,Pedestrian,Fora del pas                                                                                                                                          ,Unknown,Unknown,Minor injury: Hospitalization up to 24 hours,431004.88,4584123.83,2.173440167,41.403850558
2023S002299    ,10,Sant Martí,66,el Parc i la Llacuna del Poblenou,144601,Diagonal,0280X0280X,Friday,2023,4,April,21,Afternoon,15,No és causa del  vianant,Bicicleta,Woman,34,Driver,Desconegut                                                                                                                                            ,Unknown,Unknown,Minor injury: Hospitalization up to 24 hours,432278.76,4584102.02,2.188681418,41.403762501
2023S002300    ,2,Eixample,6,la Sagrada Família,191204,Mallorca,0496 0496,Friday,2023,4,April,21,Afternoon,15,No és causa del  vianant,Veh. mobilitat personal amb motor,Man,18,Driver,Desconegut                                                                                                                                            ,Unknown,Oci i entreteniment,Minor injury: Hospitalization up to 24 hours,431582.81,4584470.52,2.180314441,41.407022508
2023S002300    ,2,Eixample,6,la Sagrada Família,191204,Mallorca,0496 0496,Friday,2023,4,April,21,Afternoon,15,No és causa del  vianant,Veh. mobilitat personal amb motor,Man,22,Driver,Desconegut                                                                                                                                            ,Unknown,Oci i entreteniment,Minor injury: Hospitalization up to 24 hours,431582.81,4584470.52,2.180314441,41.407022508
2023S002301    ,4,Les Corts,21,Pedralbes,102500,Doctor Joaquín Albarrán,0001 0001,Friday,2023,4,April,21,Afternoon,16,No és causa del  vianant,Motorcycle,Man,29,Driver,Desconegut                                                                                                                                            ,Unknown,Unknown,Minor injury: Hospitalization up to 24 hours,425522.17,4582629.29,2.108038061,41.38990044
2023S002302    ,2,Eixample,7,la Dreta de l'Eixample,144601,Diagonal,0422 0422,Friday,2023,4,April,21,Afternoon,16,No és causa del  vianant,Motorcycle,Man,54,Driver,Desconegut                                                                                                                                            ,Unknown,Unknown,Minor injury: Hospitalization up to 24 hours,430134.59,4583421.81,2.163110418,41.397452499
2023S002303    ,8,Nou Barris,52,la Prosperitat,701267,Dalt (Besòs),0002E0000,Friday,2023,4,April,21,Afternoon,19,No és causa del  vianant,Car,Woman,45,Passenger,Desconegut                                                                                                                                            ,Unknown,Unknown,Minor injury: Refused medical assistance,431563.44,4588806.2,2.179591668,41.446070853
2023S002303    ,8,Nou Barris,52,la Prosperitat,701267,Dalt (Besòs),0002E0000,Friday,2023,4,April,21,Afternoon,19,No és causa del  vianant,Car,Man,51,Driver,Desconegut                                                                                                                                            ,Unknown,Unknown,Minor injury: Hospitalization up to 24 hours,431563.44,4588806.2,2.179591668,41.446070853
2023S002304    ,8,Nou Barris,49,Canyelles,701267,Dalt (Besòs),001380000,Thursday,2023,4,April,20,Afternoon,19,No és causa del  vianant,Car,Man,23,Driver,Desconegut                                                                                                                                            ,Unknown,Unknown,Minor injury: Hospitalization up to 24 hours,430630.16,4588374.59,2.168469685,41.442103359
2023S002304    ,8,Nou Barris,49,Canyelles,701267,Dalt (Besòs),001380000,Thursday,2023,4,April,20,Afternoon,19,No és causa del  vianant,Motorcycle,Man,35,Driver,Desconegut                                                                                                                                            ,Unknown,In itínere,Minor injury: Hospitalization up to 24 hours,430630.16,4588374.59,2.168469685,41.442103359
2023S002304    ,8,Nou Barris,49,Canyelles,701267,Dalt (Besòs),001380000,Thursday,2023,4,April,20,Afternoon,19,No és causa del  vianant,Car,Man,54,Driver,Desconegut                                                                                                                                            ,Unknown,In itínere,Minor injury: Hospitalization up to 24 hours,430630.16,4588374.59,2.168469685,41.442103359
2023S002305    ,5,Sarrià-Sant Gervasi,27,el Putxet i el Farró,143904,General Mitre,0222B0222B,Friday,2023,4,April,21,Afternoon,16,No és causa del  vianant,Ciclomotor,Man,27,Driver,Desconegut                                                                                                                                            ,Unknown,Unknown,Minor injury: Hospitalization up to 24 hours,428852.95,4584342.97,2.147672088,41.405636604
2023S002306    ,8,Nou Barris,52,la Prosperitat,336409,Tissó,0072 0072,Friday,2023,4,April,21,Afternoon,20,No és causa del  vianant,Ciclomotor,Man,38,Driver,Desconegut                                                                                                                                            ,Unknown,Unknown,Minor injury: Hospitalization up to 24 hours,431614.04,4588656.09,2.180214367,41.444723182
2023S002307    ,2,Eixample,8,l'Antiga Esquerra de l'Eixample,169409,Corts Catalanes,0571 0571,Friday,2023,4,April,21,Afternoon,19,Desobeir el senyal del semàfor,Autobús articulat,Man,23,Pedestrian,En pas regulat per semàfor                                                                                                                            ,Unknown,Unknown,Minor injury: Hospitalization up to 24 hours,430025.03,4582004.98,2.161963719,41.384682041
2023S002308    ,4,Les Corts,21,Pedralbes,701267,Dalt (Besòs),000600000,Friday,2023,4,April,21,Afternoon,19,No és causa del  vianant,Car,Man,14,Passenger,Desconegut                                                                                                                                            ,Unknown,Unknown,Minor injury: Hospitalization up to 24 hours,425670.18,4583010.82,2.109761373,41.393350408
2023S002308    ,4,Les Corts,21,Pedralbes,701267,Dalt (Besòs),000600000,Friday,2023,4,April,21,Afternoon,19,No és causa del  vianant,Car,Woman,30,Driver,Desconegut                                                                                                                                            ,Unknown,In itínere,Minor injury: Hospitalization up to 24 hours,425670.18,4583010.82,2.109761373,41.393350408
2023S002308    ,4,Les Corts,21,Pedralbes,701267,Dalt (Besòs),000600000,Friday,2023,4,April,21,Afternoon,19,No és causa del  vianant,Car,Man,29,Driver,Desconegut                                                                                                                                            ,Unknown,In itínere,Minor injury: Hospitalization up to 24 hours,425670.18,4583010.82,2.109761373,41.393350408
2023S002308    ,4,Les Corts,21,Pedralbes,701267,Dalt (Besòs),000600000,Friday,2023,4,April,21,Afternoon,19,No és causa del  vianant,Car,Man,18,Driver,Desconegut                                                                                                                                            ,Unknown,Oci i entreteniment,Minor injury: Hospitalization up to 24 hours,425670.18,4583010.82,2.109761373,41.393350408
2023S002309    ,7,Horta-Guinardó,38,la Teixonera,173600,Juan Valera,0001 0001,Friday,2023,4,April,21,Night,23,No és causa del  vianant,Car,Man,68,Pedestrian,Fora del pas                                                                                                                                          ,Unknown,Unknown,Minor injury: Refused medical assistance,428702.36,4586359.34,2.145632853,41.423783892
2023S002310    ,2,Eixample,6,la Sagrada Família,197302,Marina,0273 0273,Friday,2023,4,April,21,Afternoon,20,No és causa del  vianant,Ciclomotor,Woman,21,Driver,Desconegut                                                                                                                                            ,Unknown,Oci i entreteniment,Minor injury: Hospitalization up to 24 hours,430996.4,4584288.18,2.173319978,41.405330078
2023S002311    ,4,Les Corts,19,les Corts,343903,Corts,0240 0240,Sunday,2023,5,May,14,Afternoon,20,No és causa del  vianant,Car,Woman,30,Driver,Desconegut                                                                                                                                            ,Unknown,Oci i entreteniment,Minor injury: Hospitalization up to 24 hours,427610.45,4582156.54,2.133069951,41.38583332
2023S002312    ,10,Sant Martí,66,el Parc i la Llacuna del Poblenou,270901,Pujades,0057 0057,Friday,2023,4,April,21,Afternoon,18,No és causa del  vianant,Veh. mobilitat personal amb motor,Woman,35,Driver,Desconegut                                                                                                                                            ,Unknown,Unknown,Minor injury: Medical assistance at accident site,432610.79,4583198.24,2.192753992,41.395650315
2023S002313    ,5,Sarrià-Sant Gervasi,27,el Putxet i el Farró,187105,Madrazo,0014 0014,Friday,2023,4,April,21,Afternoon,21,No és causa del  vianant,Motorcycle,Man,39,Driver,Desconegut                                                                                                                                            ,Unknown,Oci i entreteniment,Minor injury: Hospitalization up to 24 hours,429042.34,4583824.89,2.149998476,41.400987199
2023S002314    ,4,Les Corts,19,les Corts,144601,Diagonal,0632 0632,Saturday,2023,4,April,22,Night,5,No és causa del  vianant,Car,Woman,23,Passenger,Desconegut                                                                                                                                            ,Unknown,Unknown,Minor injury: Refused medical assistance,427954.95,4582701.1,2.137125048,41.390768909
2023S002314    ,4,Les Corts,19,les Corts,144601,Diagonal,0632 0632,Saturday,2023,4,April,22,Night,5,No és causa del  vianant,Car,Woman,25,Passenger,Desconegut                                                                                                                                            ,Unknown,Unknown,Minor injury: Medical assistance at accident site,427954.95,4582701.1,2.137125048,41.390768909
2023S002314    ,4,Les Corts,19,les Corts,144601,Diagonal,0632 0632,Saturday,2023,4,April,22,Night,5,No és causa del  vianant,Car,Man,26,Passenger,Desconegut                                                                                                                                            ,Unknown,Unknown,Minor injury: Hospitalization up to 24 hours,427954.95,4582701.1,2.137125048,41.390768909
2023S002314    ,4,Les Corts,19,les Corts,144601,Diagonal,0632 0632,Saturday,2023,4,April,22,Night,5,No és causa del  vianant,Car,Man,32,Passenger,Desconegut                                                                                                                                            ,Unknown,Unknown,Minor injury: Hospitalization up to 24 hours,427954.95,4582701.1,2.137125048,41.390768909
2023S002314    ,4,Les Corts,19,les Corts,144601,Diagonal,0632 0632,Saturday,2023,4,April,22,Night,5,No és causa del  vianant,Car,Woman,27,Driver,Desconegut                                                                                                                                            ,Unknown,Unknown,Minor injury: Hospitalization up to 24 hours,427954.95,4582701.1,2.137125048,41.390768909
2023S002314    ,4,Les Corts,19,les Corts,144601,Diagonal,0632 0632,Saturday,2023,4,April,22,Night,5,No és causa del  vianant,Car,Man,32,Driver,Desconegut                                                                                                                                            ,Unknown,Unknown,Minor injury: Medical assistance at accident site,427954.95,4582701.1,2.137125048,41.390768909
2023S002315    ,2,Eixample,5,el Fort Pienc,169409,Corts Catalanes,0729 0729,Friday,2023,4,April,21,Afternoon,17,No és causa del  vianant,Motorcycle,Man,41,Driver,Desconegut                                                                                                                                            ,Unknown,Unknown,Minor injury: Hospitalization up to 24 hours,431553.84,4583500.42,2.180077624,41.398282643
2023S002316    ,10,Sant Martí,68,el Poblenou,701278,Taulat,0171X0171X,Friday,2023,4,April,21,Afternoon,19,No és causa del  vianant,Motorcycle,Man,69,Driver,Desconegut                                                                                                                                            ,Unknown,In itínere,Minor injury: Hospitalization up to 24 hours,433880.3,4583804.1,2.207872486,41.401212599
2023S002317    ,2,Eixample,8,l'Antiga Esquerra de l'Eixample,23403,Aribau,0013 0013,Friday,2023,4,April,21,Afternoon,18,No és causa del  vianant,Motorcycle,Man,45,Driver,Desconegut                                                                                                                                            ,Unknown,Unknown,Minor injury: Medical assistance at accident site,430018.62,4582204.72,2.161863977,41.386480478
2023S002318    ,2,Eixample,7,la Dreta de l'Eixample,32700,Balmes,0156 0156,Wednesday,2023,4,April,12,Morning,11,Creuar per fora pas de vianants,Motorcycle,Woman,20,Pedestrian,Fora del pas                                                                                                                                          ,Estudiant cap a centre d'estudis,Unknown,Minor injury: Hospitalization up to 24 hours,429528.7,4583106.07,2.155899974,41.394555839
2023S002320    ,9,Sant Andreu,61,la Sagrera,209900,Meridiana,0320B0320B,Saturday,2023,4,April,22,Morning,10,No és causa del  vianant,Car,Woman,62,Passenger,Desconegut                                                                                                                                            ,Unknown,Unknown,Minor injury: Hospitalization up to 24 hours,432161.88,4586418.74,2.18702331,41.424618632
2023S002320    ,9,Sant Andreu,61,la Sagrera,209900,Meridiana,0320B0320B,Saturday,2023,4,April,22,Morning,10,No és causa del  vianant,Motorcycle,Man,54,Driver,Desconegut                                                                                                                                            ,Unknown,En missió,Minor injury: Refused medical assistance,432161.88,4586418.74,2.18702331,41.424618632
2023S002320    ,9,Sant Andreu,61,la Sagrera,209900,Meridiana,0320B0320B,Saturday,2023,4,April,22,Morning,10,No és causa del  vianant,Car,Man,64,Driver,Desconegut                                                                                                                                            ,Unknown,Oci i entreteniment,Minor injury: Medical assistance at accident site,432161.88,4586418.74,2.18702331,41.424618632
2023S002320    ,9,Sant Andreu,61,la Sagrera,209900,Meridiana,0320B0320B,Saturday,2023,4,April,22,Morning,10,No és causa del  vianant,Car,Man,88,Driver,Desconegut                                                                                                                                            ,Unknown,Oci i entreteniment,Natural death,432161.88,4586418.74,2.18702331,41.424618632
2023S002321    ,3,Sants-Montjuïc,15,Hostafrancs,191204,Mallorca,0028U0028U,Saturday,2023,4,April,22,Morning,11,No és causa del  vianant,Car,Man,41,Driver,Desconegut                                                                                                                                            ,Unknown,Taxi,Minor injury: Hospitalization up to 24 hours,428494.09,4581458.79,2.143719857,41.379628007
2023S002322    ,1,Ciutat Vella,4,"Sant Pere, Santa Caterina i la Ribera",271100,Pujades,0008 0008,Saturday,2023,4,April,22,Morning,10,Desobeir el senyal del semàfor,Ciclomotor,Woman,31,Passenger,En pas regulat per semàfor                                                                                                                            ,Unknown,Unknown,Minor injury: Medical assistance at accident site,431791.37,4582425.96,2.18303992,41.38862548
2023S002322    ,1,Ciutat Vella,4,"Sant Pere, Santa Caterina i la Ribera",271100,Pujades,0008 0008,Saturday,2023,4,April,22,Morning,10,Desobeir el senyal del semàfor,Ciclomotor,Woman,43,Driver,En pas regulat per semàfor                                                                                                                            ,Unknown,Unknown,Minor injury: Medical assistance at accident site,431791.37,4582425.96,2.18303992,41.38862548
2023S002323    ,8,Nou Barris,46,el Turó de la Peira,119003,Fabra i Puig,0394 0394,Saturday,2023,4,April,22,Morning,11,No és causa del  vianant,Bus,Woman,91,Passenger,Desconegut                                                                                                                                            ,Unknown,Unknown,Minor injury: Hospitalization up to 24 hours,430173.82,4587368.31,2.163123879,41.433000612
2023S002324    ,10,Sant Martí,67,la Vila Olímpica del Poblenou,701266,Litoral (Llobregat),000810000,Saturday,2023,4,April,22,Morning,12,No és causa del  vianant,Car,Woman,26,Driver,Desconegut                                                                                                                                            ,Unknown,Altres activitats,Minor injury: Hospitalization up to 24 hours,433363.25,4582786.07,2.201799588,41.39200074
2023S002325    ,9,Sant Andreu,60,Sant Andreu,322007,Segre,0019 0021,Saturday,2023,4,April,22,Morning,11,No és causa del  vianant,Motorcycle,Man,19,Driver,Desconegut                                                                                                                                            ,Unknown,Unknown,Minor injury: Medical assistance at accident site,432565.83,4587601.4,2.191725107,41.435304503
2023S002326    ,8,Nou Barris,49,Canyelles,701267,Dalt (Besòs),001340000,Friday,2023,4,April,21,Morning,13,No és causa del  vianant,Car,Woman,34,Driver,Desconegut                                                                                                                                            ,Unknown,En missió,Minor injury: Hospitalization up to 24 hours,430337.72,4588274.45,2.164980883,41.441176103
2023S002327    ,1,Ciutat Vella,1,el Raval,269108,Portal de la Pau,0002 0002,Saturday,2023,4,April,22,Afternoon,14,No és causa del  vianant,Tricicle,Woman,39,Passenger,Desconegut                                                                                                                                            ,Unknown,Unknown,Minor injury: Hospitalization up to 24 hours,431293.95,4581061.37,2.177245735,41.376292639
2023S002327    ,1,Ciutat Vella,1,el Raval,269108,Portal de la Pau,0002 0002,Saturday,2023,4,April,22,Afternoon,14,No és causa del  vianant,Motorcycle,Man,41,Driver,Desconegut                                                                                                                                            ,Unknown,Unknown,Minor injury: Hospitalization up to 24 hours,431293.95,4581061.37,2.177245735,41.376292639
2023S002327    ,1,Ciutat Vella,1,el Raval,269108,Portal de la Pau,0002 0002,Saturday,2023,4,April,22,Afternoon,14,No és causa del  vianant,Tricicle,Woman,44,Driver,Desconegut                                                                                                                                            ,Unknown,Unknown,Minor injury: Refused medical assistance,431293.95,4581061.37,2.177245735,41.376292639
2023S002328    ,2,Eixample,5,el Fort Pienc,18505,Aragó,0395 0395,Saturday,2023,4,April,22,Afternoon,15,No és causa del  vianant,Motorcycle,Man,65,Driver,Desconegut                                                                                                                                            ,Unknown,Unknown,Minor injury: Hospitalization up to 24 hours,431071.21,4583612.42,2.174291902,41.399250142
2023S002329    ,3,Sants-Montjuïc,11,el Poble-sec,43207,Blasco de Garay,0014 0014,Saturday,2023,4,April,22,Morning,12,Transitar a peu per la calçada,Unknown,Man,9,Pedestrian,En zona peatonal                                                                                                                                      ,Unknown,Unknown,Minor injury: Medical assistance at accident site,430107.56,4580819.46,2.163087487,41.374011602
2023S002330    ,7,Horta-Guinardó,37,el Carmel,325504,Sigüenza,0076 0076,Saturday,2023,4,April,22,Afternoon,16,No és causa del  vianant,Motorcycle,Woman,20,Passenger,Desconegut                                                                                                                                            ,Unknown,Unknown,Minor injury: Hospitalization up to 24 hours,429327.03,4586333.23,2.153110753,41.423603955
2023S002330    ,7,Horta-Guinardó,37,el Carmel,325504,Sigüenza,0076 0076,Saturday,2023,4,April,22,Afternoon,16,No és causa del  vianant,Motorcycle,Man,22,Driver,Desconegut                                                                                                                                            ,Unknown,Unknown,Minor injury: Hospitalization up to 24 hours,429327.03,4586333.23,2.153110753,41.423603955
2023S002331    ,10,Sant Martí,69,Diagonal Mar i el Front Marítim del Poblenou,701266,Litoral (Llobregat),000610000,Saturday,2023,4,April,22,Afternoon,21,No és causa del  vianant,Motorcycle,Man,53,Driver,Desconegut                                                                                                                                            ,Unknown,Unknown,Minor injury: Refused medical assistance,434731.89,4584332.53,2.218002296,41.406041674
2023S002332    ,10,Sant Martí,72,Sant Martí de Provençals,169409,Corts Catalanes,0963 0963,Saturday,2023,4,April,22,Afternoon,15,No és causa del  vianant,Motorcycle,Man,30,Driver,Desconegut                                                                                                                                            ,Unknown,Altres activitats,Minor injury: Hospitalization up to 24 hours,432939.83,4584967.63,2.196493513,41.41161426
2023S002334    ,2,Eixample,7,la Dreta de l'Eixample,350308,València,0293 0295,Saturday,2023,4,April,22,Afternoon,20,No és causa del  vianant,Veh. mobilitat personal amb motor,Man,22,Driver,Desconegut                                                                                                                                            ,Unknown,In itínere,Minor injury: Hospitalization up to 24 hours,430466.05,4583222.79,2.167097974,41.395688737
2023S002335    ,5,Sarrià-Sant Gervasi,23,Sarrià,320908,Sarrià a Vallvidrera,0098 0098,Saturday,2023,4,April,22,Afternoon,18,No és causa del  vianant,Motorcycle,Man,57,Driver,Desconegut                                                                                                                                            ,Unknown,Oci i entreteniment,Minor injury: Hospitalization up to 24 hours,425834.24,4584650.59,2.111522599,41.408134215
2023S002337    ,2,Eixample,9,la Nova Esquerra de l'Eixample,289105,Rosselló,0068 0070,Friday,2023,4,April,21,Afternoon,21,No és causa del  vianant,Motorcycle,Man,23,Driver,Desconegut                                                                                                                                            ,Unknown,In itínere,Minor injury: Medical assistance at accident site,428882.97,4582216.76,2.148281059,41.386489266
2023S002338    ,2,Eixample,8,l'Antiga Esquerra de l'Eixample,223606,Muntaner,0121 0121,Saturday,2023,4,April,22,Afternoon,20,No és causa del  vianant,Bicicleta,Woman,23,Driver,Desconegut                                                                                                                                            ,Unknown,En missió,Minor injury: Hospitalization up to 24 hours,429456.18,4582587.71,2.155092993,41.389880787