Case_Number,District_Code,District_Name,Neighborhood_Code,Neighborhood_Name,Street_Code,Street_Name,Postal_Code,Day_of_Week,Year,Month_Code,Month_Name,Day_of_Month,Shift_Description,Hour_of_Day,Pedestrian_Cause_Description,Involved_Vehicle_Type,Gender_Description,Age,Person_Type_Description,Pedestrian_Accident_Location_Description,Pedestrian_Movement_Reason_Description,Driver_Movement_Reason_Description,Victimization_Description,UTM_X_Coordinate,UTM_Y_Coordinate,Longitude,Latitude
2023S002340    ,2,Eixample,6,la Sagrada Família,350308,València,0470 0470,Saturday,2023,4,April,22,Afternoon,20,No és causa del  vianant,Motorcycle,Man,45,Driver,Desconegut                                                                                                                                            ,Unknown,Unknown,Minor injury: Hospitalization up to 24 hours,431371.11,4584089.39,2.177825098,41.403571733
2023S002341    ,8,Nou Barris,53,la Trinitat Nova,209900,Meridiana,0603X0603X,Sunday,2023,4,April,9,Morning,13,No és causa del  vianant,Car,Man,25,Driver,Desconegut                                                                                                                                            ,Unknown,Altres activitats,Minor injury: Hospitalization up to 24 hours,432268.59,4589141.34,2.187994898,41.44914918
2023S002342    ,3,Sants-Montjuïc,11,el Poble-sec,700025,Josep Carner,0035 0035,Sunday,2023,4,April,23,Morning,11,No és causa del  vianant,Motorcycle,Man,49,Driver,Desconegut                                                                                                                                            ,Unknown,En missió,Minor injury: Hospitalization up to 24 hours,431057.25,4580570.36,2.174471282,41.371849989
2023S002343    ,8,Nou Barris,48,la Guineueta,363503,Vilalba dels Arcs,0110X0110X,Sunday,2023,4,April,23,Morning,9,No és causa del  vianant,Veh. mobilitat personal amb motor,Woman,32,Driver,Desconegut                                                                                                                                            ,Unknown,Unknown,Minor injury: Hospitalization up to 24 hours,430463.78,4587861.19,2.166537322,41.437464965
2023S002344    ,2,Eixample,5,el Fort Pienc,76807,Sardenya,0181 0181,Sunday,2023,4,April,23,Morning,13,No és causa del  vianant,Motorcycle,Woman,33,Driver,Desconegut                                                                                                                                            ,Unknown,"Bombers, policia, ambulància",Minor injury: Hospitalization up to 24 hours,431599.68,4583470.53,2.180629317,41.398017336
2023S002345    ,9,Sant Andreu,59,el Bon Pastor,701265,Litoral (Besòs),000150000,Sunday,2023,4,April,23,Afternoon,15,No és causa del  vianant,Motorcycle,Man,53,Driver,Desconegut                                                                                                                                            ,Unknown,Unknown,Minor injury: Hospitalization up to 24 hours,433624.59,4588704.98,2.204275393,41.445332369
2023S002347    ,4,Les Corts,20,la Maternitat i Sant Ramon,66508,Carles III,0041 0043,Sunday,2023,4,April,23,Morning,13,No és causa del  vianant,Motorcycle,Man,46,Driver,Desconegut                                                                                                                                            ,Unknown,Unknown,Minor injury: Hospitalization up to 24 hours,427176.29,4581730.49,2.127929046,41.381956849
2023S002348    ,8,Nou Barris,44,Vilapicina i la Torre Llobeta,119003,Fabra i Puig,0181 0181,Sunday,2023,4,April,23,Morning,12,No és causa del  vianant,Autobús articulat,Woman,60,Passenger,Desconegut                                                                                                                                            ,Unknown,Unknown,Minor injury: Hospitalization up to 24 hours,431360.13,4587054.3,2.177357118,41.430274759
2023S002349    ,7,Horta-Guinardó,35,el Guinardó,365702,Mare de Déu de Montserrat,0243 0245,Sunday,2023,4,April,23,Afternoon,14,No és causa del  vianant,Car,Man,35,Driver,Desconegut                                                                                                                                            ,Unknown,Unknown,Minor injury: Hospitalization up to 24 hours,431171.33,4586283.08,2.175185532,41.423312485
2023S002349    ,7,Horta-Guinardó,35,el Guinardó,365702,Mare de Déu de Montserrat,0243 0245,Sunday,2023,4,April,23,Afternoon,14,No és causa del  vianant,Car,Man,44,Driver,Desconegut                                                                                                                                            ,Unknown,Unknown,Minor injury: Hospitalization up to 24 hours,431171.33,4586283.08,2.175185532,41.423312485
2023S002349    ,7,Horta-Guinardó,35,el Guinardó,365702,Mare de Déu de Montserrat,0243 0245,Sunday,2023,4,April,23,Afternoon,14,No és causa del  vianant,Car,Man,65,Driver,Desconegut                                                                                                                                            ,Unknown,Unknown,Serious injury: Hospitalization over 24 hours,431171.33,4586283.08,2.175185532,41.423312485
2023S002350    ,10,Sant Martí,72,Sant Martí de Provençals,208205,Menorca,0017S0017S,Sunday,2023,4,April,23,Afternoon,17,No és causa del  vianant,Bicicleta,Man,7,Driver,Desconegut                                                                                                                                            ,Unknown,Oci i entreteniment,Minor injury: Medical assistance at accident site,432892.06,4585767.82,2.195833175,41.418817352
2023S002351    ,10,Sant Martí,64,el Camp de l'Arpa del Clot,350308,València,0589 0589,Sunday,2023,4,April,23,Morning,13,Others,Ciclomotor,Man,17,Pedestrian,Desconegut                                                                                                                                            ,Unknown,Unknown,Minor injury: Hospitalization up to 24 hours,431988.96,4584692.18,2.185148327,41.409053419
2023S002351    ,10,Sant Martí,64,el Camp de l'Arpa del Clot,350308,València,0589 0589,Sunday,2023,4,April,23,Morning,13,Others,Ciclomotor,Woman,36,Driver,Desconegut                                                                                                                                            ,Unknown,In itínere,Minor injury: Hospitalization up to 24 hours,431988.96,4584692.18,2.185148327,41.409053419
2023S002352    ,5,Sarrià-Sant Gervasi,25,Sant Gervasi - la Bonanova,701629,Isaac Newton,0030U0030U,Sunday,2023,4,April,23,Afternoon,19,No és causa del  vianant,Car,Woman,20,Passenger,Desconegut                                                                                                                                            ,Unknown,Unknown,Minor injury: Refused medical assistance,427504.46,4585298.73,2.131425947,41.414124185
2023S002352    ,5,Sarrià-Sant Gervasi,25,Sant Gervasi - la Bonanova,701629,Isaac Newton,0030U0030U,Sunday,2023,4,April,23,Afternoon,19,No és causa del  vianant,Motorcycle,Woman,37,Driver,Desconegut                                                                                                                                            ,Unknown,Unknown,Minor injury: Medical assistance at accident site,427504.46,4585298.73,2.131425947,41.414124185
2023S002352    ,5,Sarrià-Sant Gervasi,25,Sant Gervasi - la Bonanova,701629,Isaac Newton,0030U0030U,Sunday,2023,4,April,23,Afternoon,19,No és causa del  vianant,Car,Man,52,Driver,Desconegut                                                                                                                                            ,Unknown,Unknown,Minor injury: Refused medical assistance,427504.46,4585298.73,2.131425947,41.414124185
2023S002353    ,10,Sant Martí,65,el Clot,146902,Glòries Catalanes,0019 0021,Sunday,2023,4,April,23,Afternoon,19,No és causa del  vianant,Car,Man,44,Driver,Desconegut                                                                                                                                            ,Unknown,Oci i entreteniment,Minor injury: Medical assistance at accident site,432172.41,4584181.5,2.187400294,41.404469384
2023S002353    ,10,Sant Martí,65,el Clot,146902,Glòries Catalanes,0019 0021,Sunday,2023,4,April,23,Afternoon,19,No és causa del  vianant,Car,Man,55,Driver,Desconegut                                                                                                                                            ,Unknown,Oci i entreteniment,Minor injury: Hospitalization up to 24 hours,432172.41,4584181.5,2.187400294,41.404469384
2023S002354    ,10,Sant Martí,67,la Vila Olímpica del Poblenou,700654,Litoral,9994 9994,Sunday,2023,4,April,23,Afternoon,17,No és causa del  vianant,Car,Man,35,Passenger,Desconegut                                                                                                                                            ,Unknown,Unknown,Minor injury: Medical assistance at accident site,433218.09,4582540.82,2.200090474,41.389779785
2023S002354    ,10,Sant Martí,67,la Vila Olímpica del Poblenou,700654,Litoral,9994 9994,Sunday,2023,4,April,23,Afternoon,17,No és causa del  vianant,Car,Man,34,Driver,Desconegut                                                                                                                                            ,Unknown,Unknown,Minor injury: Medical assistance at accident site,433218.09,4582540.82,2.200090474,41.389779785
2023S002355    ,8,Nou Barris,48,la Guineueta,186601,República,0002E0002E,Sunday,2023,4,April,23,Afternoon,20,No és causa del  vianant,Motorcycle,Man,45,Driver,Desconegut                                                                                                                                            ,Unknown,Altres activitats,Minor injury: Medical assistance at accident site,431082.25,4587937.05,2.173930915,41.438201557
2023S002356    ,2,Eixample,7,la Dreta de l'Eixample,247659,Pau Claris,0085 0085,Sunday,2023,4,April,23,Night,22,No és causa del  vianant,Furgoneta,Man,22,Passenger,Desconegut                                                                                                                                            ,Unknown,Unknown,Minor injury: Medical assistance at accident site,430759.07,4582576.69,2.170676688,41.389894811
2023S002356    ,2,Eixample,7,la Dreta de l'Eixample,247659,Pau Claris,0085 0085,Sunday,2023,4,April,23,Night,22,No és causa del  vianant,Furgoneta,Man,22,Passenger,Desconegut                                                                                                                                            ,Unknown,Unknown,Minor injury: Refused medical assistance,430759.07,4582576.69,2.170676688,41.389894811
2023S002356    ,2,Eixample,7,la Dreta de l'Eixample,247659,Pau Claris,0085 0085,Sunday,2023,4,April,23,Night,22,No és causa del  vianant,Furgoneta,Man,38,Driver,Desconegut                                                                                                                                            ,Unknown,En missió,Minor injury: Medical assistance at accident site,430759.07,4582576.69,2.170676688,41.389894811
2023S002356    ,2,Eixample,7,la Dreta de l'Eixample,247659,Pau Claris,0085 0085,Sunday,2023,4,April,23,Night,22,No és causa del  vianant,Bus,Man,51,Driver,Desconegut                                                                                                                                            ,Unknown,In itínere,Minor injury: Hospitalization up to 24 hours,430759.07,4582576.69,2.170676688,41.389894811
2023S002358    ,2,Eixample,8,l'Antiga Esquerra de l'Eixample,245802,París,0180 0180,Monday,2023,4,April,24,Night,4,No és causa del  vianant,Taxi,Man,51,Driver,Desconegut                                                                                                                                            ,Unknown,Taxi,Minor injury: Hospitalization up to 24 hours,429269.91,4582970.53,2.152820499,41.393312346
2023S002359    ,6,Gràcia,30,la Salut,176608,Larrard,0004B0006,Monday,2023,4,April,24,Morning,7,No és causa del  vianant,Motorcycle,Woman,50,Driver,Desconegut                                                                                                                                            ,Unknown,In itínere,Minor injury: Medical assistance at accident site,429544.94,4584911.95,2.155883912,41.410822177
2023S002360    ,2,Eixample,8,l'Antiga Esquerra de l'Eixample,18505,Aragó,0215X0215X,Monday,2023,4,April,24,Morning,8,No és causa del  vianant,Motorcycle,Woman,51,Passenger,Desconegut                                                                                                                                            ,Unknown,Unknown,Minor injury: Medical assistance at accident site,429880.4,4582443.91,2.160183267,41.388622742
2023S002360    ,2,Eixample,8,l'Antiga Esquerra de l'Eixample,18505,Aragó,0215X0215X,Monday,2023,4,April,24,Morning,8,No és causa del  vianant,Motorcycle,Man,54,Driver,Desconegut                                                                                                                                            ,Unknown,Unknown,Minor injury: Medical assistance at accident site,429880.4,4582443.91,2.160183267,41.388622742
2023S002361    ,5,Sarrià-Sant Gervasi,23,Sarrià,701268,Dalt (Llobregat),0009E0000,Monday,2023,4,April,24,Morning,11,No és causa del  vianant,Motorcycle,Man,32,Driver,Desconegut                                                                                                                                            ,Unknown,En missió,Minor injury: Medical assistance at accident site,425982.38,4583777.91,2.113401582,41.400288051
2023S002362    ,4,Les Corts,19,les Corts,144601,Diagonal,0587X0587X,Monday,2023,4,April,24,Morning,9,No és causa del  vianant,Tren o tramvia,Woman,54,Passenger,Desconegut                                                                                                                                            ,Unknown,Unknown,Minor injury: Hospitalization up to 24 hours,427472.72,4582498.36,2.131381885,41.388899547
2023S002363    ,4,Les Corts,19,les Corts,172403,Joan Güell,0170 0172,Monday,2023,4,April,24,Morning,11,No és causa del  vianant,Veh. mobilitat personal amb motor,Woman,50,Pedestrian,En pas sense regular                                                                                                                                  ,Oci i entreteniment,Unknown,Minor injury: Hospitalization up to 24 hours,427443.74,4581918.9,2.131104731,41.383677962
2023S002364    ,2,Eixample,7,la Dreta de l'Eixample,18505,Aragó,0336 0336,Monday,2023,4,April,24,Morning,9,No és causa del  vianant,Motorcycle,Man,37,Driver,Desconegut                                                                                                                                            ,Unknown,In itínere,Minor injury: Hospitalization up to 24 hours,430702.86,4583273.46,2.16992465,41.396165558
2023S002365    ,2,Eixample,8,l'Antiga Esquerra de l'Eixample,350308,València,0130 0130,Monday,2023,4,April,24,Morning,9,No és causa del  vianant,Motorcycle,Man,25,Driver,Desconegut                                                                                                                                            ,Unknown,Unknown,Minor injury: Medical assistance at accident site,429355.76,4582115.68,2.153947059,41.385620554
2023S002365    ,2,Eixample,8,l'Antiga Esquerra de l'Eixample,350308,València,0130 0130,Monday,2023,4,April,24,Morning,9,No és causa del  vianant,Motorcycle,Man,39,Driver,Desconegut                                                                                                                                            ,Unknown,Unknown,Minor injury: Hospitalization up to 24 hours,429355.76,4582115.68,2.153947059,41.385620554
2023S002366    ,2,Eixample,5,el Fort Pienc,18505,Aragó,0399 0399,Friday,2023,2,February,17,Morning,13,No és causa del  vianant,Motorcycle,Man,28,Driver,Desconegut                                                                                                                                            ,Unknown,Oci i entreteniment,Minor injury: Medical assistance at accident site,431136.99,4583654.21,2.175073983,41.399632171
2023S002368    ,4,Les Corts,19,les Corts,92600,Corts,0046 0046,Monday,2023,4,April,24,Morning,11,No és causa del  vianant,Motorcycle,Man,31,Passenger,Desconegut                                                                                                                                            ,Unknown,Unknown,Minor injury: Hospitalization up to 24 hours,427192.97,4582254.59,2.128065499,41.386678722
2023S002368    ,4,Les Corts,19,les Corts,92600,Corts,0046 0046,Monday,2023,4,April,24,Morning,11,No és causa del  vianant,Motorcycle,Man,37,Driver,Desconegut                                                                                                                                            ,Unknown,Unknown,Minor injury: Hospitalization up to 24 hours,427192.97,4582254.59,2.128065499,41.386678722
2023S002370    ,9,Sant Andreu,57,la Trinitat Vella,701431,C-17 (Puigcerdà),000010000,Monday,2023,4,April,24,Morning,11,No és causa del  vianant,Motorcycle,Man,41,Driver,Desconegut                                                                                                                                            ,Unknown,Oci i entreteniment,Minor injury: Medical assistance at accident site,432023.63,4590212.68,2.184941833,41.458777621
2023S002371    ,2,Eixample,7,la Dreta de l'Eixample,148307,Gràcia,0072S0072S,Monday,2023,4,April,24,Morning,13,No és causa del  vianant,Bicicleta,Man,26,Driver,Desconegut                                                                                                                                            ,Unknown,Unknown,Minor injury: Refused medical assistance,430187.73,4582930.63,2.163802698,41.39303322
2023S002371    ,2,Eixample,7,la Dreta de l'Eixample,148307,Gràcia,0072S0072S,Monday,2023,4,April,24,Morning,13,No és causa del  vianant,Motorcycle,Man,31,Driver,Desconegut                                                                                                                                            ,Unknown,Unknown,Minor injury: Hospitalization up to 24 hours,430187.73,4582930.63,2.163802698,41.39303322
2023S002372    ,4,Les Corts,21,Pedralbes,144601,Diagonal,0680X0680X,Monday,2023,4,April,24,Morning,12,No és causa del  vianant,Furgoneta,Man,29,Driver,Desconegut                                                                                                                                            ,Unknown,Oci i entreteniment,Minor injury: Refused medical assistance,426793.07,4582325.32,2.12327447,41.387279445
2023S002373    ,3,Sants-Montjuïc,18,Sants,98005,Daoíz i Velarde,0001 0001,Monday,2023,4,April,24,Morning,12,No és causa del  vianant,Veh. mobilitat personal amb motor,Woman,23,Driver,Desconegut                                                                                                                                            ,Unknown,Unknown,Minor injury: Hospitalization up to 24 hours,427667.08,4580887.46,2.133898747,41.374408289
2023S002374    ,2,Eixample,7,la Dreta de l'Eixample,169409,Corts Catalanes,0629 0629,Thursday,2023,4,April,20,Afternoon,21,No és causa del  vianant,Motorcycle,Man,55,Driver,Desconegut                                                                                                                                            ,Unknown,Unknown,Minor injury: Refused medical assistance,430713.85,4582715.3,2.170119996,41.391139332
2023S002375    ,10,Sant Martí,69,Diagonal Mar i el Front Marítim del Poblenou,30409,Bac de Roda,0011X0011X,Monday,2023,4,April,24,Morning,11,No és causa del  vianant,Ciclomotor,Woman,27,Driver,Desconegut                                                                                                                                            ,Unknown,Unknown,Minor injury: Hospitalization up to 24 hours,434060.23,4583996.0,2.210003912,41.402955783
2023S002376    ,5,Sarrià-Sant Gervasi,23,Sarrià,701268,Dalt (Llobregat),000690000,Monday,2023,4,April,24,Morning,12,No és causa del  vianant,Motorcycle,Woman,30,Driver,Desconegut                                                                                                                                            ,Unknown,Unknown,Minor injury: Hospitalization up to 24 hours,426051.78,4583890.01,2.11421802,41.401304074
2023S002377    ,5,Sarrià-Sant Gervasi,26,Sant Gervasi - Galvany,348408,Tuset,0038 0038,Monday,2023,4,April,24,Afternoon,15,No és causa del  vianant,Furgoneta,Man,38,Pedestrian,Fora del pas                                                                                                                                          ,Unknown,Unknown,Minor injury: Refused medical assistance,429099.82,4583362.45,2.150740229,41.396827244
2023S002377    ,5,Sarrià-Sant Gervasi,26,Sant Gervasi - Galvany,348408,Tuset,0038 0038,Monday,2023,4,April,24,Afternoon,15,No és causa del  vianant,Furgoneta,Man,47,Pedestrian,Fora del pas                                                                                                                                          ,Unknown,Unknown,Minor injury: Refused medical assistance,429099.82,4583362.45,2.150740229,41.396827244
2023S002378    ,3,Sants-Montjuïc,16,la Bordeta,160903,Ildefons Cerdà,0007 0007,Monday,2023,4,April,24,Afternoon,15,No és causa del  vianant,Bus,Woman,63,Passenger,Desconegut                                                                                                                                            ,Unknown,Unknown,Minor injury: Hospitalization up to 24 hours,427857.18,4579829.6,2.1362977,41.364897589
2023S002379    ,2,Eixample,8,l'Antiga Esquerra de l'Eixample,32700,Balmes,0025 0025,Monday,2023,4,April,24,Afternoon,14,No és causa del  vianant,Motorcycle,Man,30,Driver,Desconegut                                                                                                                                            ,Unknown,Altres activitats,Minor injury: Hospitalization up to 24 hours,430208.68,4582391.9,2.16411538,41.38818287
2023S002380    ,10,Sant Martí,71,Provençals del Poblenou,701414,C-31,020700000,Monday,2023,4,April,24,Afternoon,15,No és causa del  vianant,Motorcycle,Man,55,Driver,Desconegut                                                                                                                                            ,Unknown,In itínere,Minor injury: Hospitalization up to 24 hours,432986.83,4584903.52,2.197062924,41.411040761
2023S002381    ,2,Eixample,9,la Nova Esquerra de l'Eixample,362001,Vilamarí,0120 0120,Monday,2023,4,April,24,Afternoon,15,No és causa del  vianant,Motorcycle,Woman,51,Driver,Desconegut                                                                                                                                            ,Unknown,Unknown,Minor injury: Hospitalization up to 24 hours,428782.6,4581555.77,2.147158445,41.380527075
2023S002382    ,6,Gràcia,31,la Vila de Gràcia,144601,Diagonal,0446 0448,Monday,2023,4,April,24,Morning,12,No és causa del  vianant,Motorcycle,Man,48,Driver,Desconegut                                                                                                                                            ,Unknown,Unknown,Minor injury: Medical assistance at accident site,429809.14,4583287.66,2.159233182,41.396215898
2023S002383    ,2,Eixample,7,la Dreta de l'Eixample,49509,Bruc,0099 0099,Monday,2023,4,April,24,Afternoon,15,No és causa del  vianant,Furgoneta,Woman,53,Driver,Desconegut                                                                                                                                            ,Unknown,Oci i entreteniment,Minor injury: Refused medical assistance,430499.78,4583238.78,2.167499581,41.395835671
2023S002384    ,10,Sant Martí,66,el Parc i la Llacuna del Poblenou,701414,C-31,020600000,Monday,2023,4,April,24,Afternoon,17,No és causa del  vianant,Motorcycle,Woman,60,Passenger,Desconegut                                                                                                                                            ,Unknown,Unknown,Minor injury: Hospitalization up to 24 hours,432172.41,4584181.5,2.187400294,41.404469384
2023S002384    ,10,Sant Martí,66,el Parc i la Llacuna del Poblenou,701414,C-31,020600000,Monday,2023,4,April,24,Afternoon,17,No és causa del  vianant,Motorcycle,Man,53,Driver,Desconegut                                                                                                                                            ,Unknown,Oci i entreteniment,Minor injury: Hospitalization up to 24 hours,432172.41,4584181.5,2.187400294,41.404469384
2023S002386    ,2,Eixample,7,la Dreta de l'Eixample,286504,Roger de Flor,0173 0173,Monday,2023,4,April,24,Afternoon,17,Desobeir el senyal del semàfor,Motorcycle,Man,33,Pedestrian,En pas regulat per semàfor                                                                                                                            ,Unknown,Unknown,Minor injury: Hospitalization up to 24 hours,430850.64,4583648.78,2.171649369,41.399558676
2023S002386    ,2,Eixample,7,la Dreta de l'Eixample,286504,Roger de Flor,0173 0173,Monday,2023,4,April,24,Afternoon,17,Desobeir el senyal del semàfor,Motorcycle,Man,8,Pedestrian,En pas regulat per semàfor                                                                                                                            ,Unknown,Unknown,Minor injury: Hospitalization up to 24 hours,430850.64,4583648.78,2.171649369,41.399558676
2023S002386    ,2,Eixample,7,la Dreta de l'Eixample,286504,Roger de Flor,0173 0173,Monday,2023,4,April,24,Afternoon,17,Desobeir el senyal del semàfor,Motorcycle,Man,52,Driver,En pas regulat per semàfor                                                                                                                            ,Unknown,In itínere,Minor injury: Hospitalization up to 24 hours,430850.64,4583648.78,2.171649369,41.399558676
2023S002387    ,4,Les Corts,20,la Maternitat i Sant Ramon,66508,Carles III,0001 0005,Monday,2023,4,April,24,Afternoon,18,No és causa del  vianant,Bicicleta,Woman,20,Driver,Desconegut                                                                                                                                            ,Unknown,Unknown,Minor injury: Hospitalization up to 24 hours,427237.07,4581573.54,2.128674729,41.380548764
2023S002388    ,7,Horta-Guinardó,43,Horta,59900,Canigó,0053 0053,Monday,2023,4,April,24,Afternoon,14,No és causa del  vianant,Veh. mobilitat personal amb motor,Woman,34,Pedestrian,A la vorera / Andana                                                                                                                                  ,Unknown,Unknown,Minor injury: Hospitalization up to 24 hours,429927.41,4587661.06,2.160140933,41.435615822
2023S002389    ,3,Sants-Montjuïc,12,la Marina del Prat Vermell,370203,Número 3 Zona Franca,0069 0075,Monday,2023,4,April,24,Afternoon,21,No és causa del  vianant,Motorcycle,Man,24,Driver,Desconegut                                                                                                                                            ,Unknown,In itínere,Minor injury: Hospitalization up to 24 hours,427265.97,4576644.81,2.129611526,41.336160036
2023S002390    ,2,Eixample,5,el Fort Pienc,169409,Corts Catalanes,0760 0760,Monday,2023,4,April,24,Afternoon,21,No és causa del  vianant,Veh. mobilitat personal amb motor,Man,23,Driver,Desconegut                                                                                                                                            ,Unknown,Oci i entreteniment,Minor injury: Medical assistance at accident site,431553.84,4583500.42,2.180077624,41.398282643
2023S002391    ,10,Sant Martí,68,el Poblenou,110009,Ramon Turró,0182 0182,Monday,2023,4,April,24,Night,22,No és causa del  vianant,Motorcycle,Woman,32,Driver,Desconegut                                                                                                                                            ,Unknown,In itínere,Minor injury: Hospitalization up to 24 hours,433300.75,4583483.72,2.200975176,41.398279119
2023S002392    ,10,Sant Martí,71,Provençals del Poblenou,701414,C-31,020760000,Monday,2023,4,April,24,Afternoon,21,No és causa del  vianant,Autobús articulat,Woman,43,Passenger,Desconegut                                                                                                                                            ,Unknown,Unknown,Minor injury: Hospitalization up to 24 hours,433509.21,4585341.22,2.203264488,41.415026419
2023S002392    ,10,Sant Martí,71,Provençals del Poblenou,701414,C-31,020760000,Monday,2023,4,April,24,Afternoon,21,No és causa del  vianant,Autobús articulat,Woman,59,Passenger,Desconegut                                                                                                                                            ,Unknown,Unknown,Minor injury: Hospitalization up to 24 hours,433509.21,4585341.22,2.203264488,41.415026419
2023S002392    ,10,Sant Martí,71,Provençals del Poblenou,701414,C-31,020760000,Monday,2023,4,April,24,Afternoon,21,No és causa del  vianant,Autobús articulat,Man,59,Passenger,Desconegut                                                                                                                                            ,Unknown,Unknown,Minor injury: Hospitalization up to 24 hours,433509.21,4585341.22,2.203264488,41.415026419
2023S002393    ,9,Sant Andreu,61,la Sagrera,39709,Berenguer de Palou,0005 0005,Monday,2023,4,April,24,Afternoon,19,Others,Bicicleta,Man,52,Driver,Altres                                                                                                                                                ,Unknown,In itínere,Minor injury: Hospitalization up to 24 hours,432571.33,4586123.22,2.191955902,41.421991466
2023S002394    ,2,Eixample,8,l'Antiga Esquerra de l'Eixample,144601,Diagonal,0475 0475,Tuesday,2023,4,April,25,Night,4,No és causa del  vianant,Veh. mobilitat personal amb motor,Woman,21,Driver,Desconegut                                                                                                                                            ,Unknown,Oci i entreteniment,Minor injury: Hospitalization up to 24 hours,428688.97,4582923.62,2.145877709,41.392838515
2023S002395    ,10,Sant Martí,72,Sant Martí de Provençals,153205,Guipúscoa,0065 0065,Tuesday,2023,4,April,25,Morning,7,No és causa del  vianant,Bicicleta,Man,30,Driver,Desconegut                                                                                                                                            ,Unknown,Unknown,Minor injury: Medical assistance at accident site,433083.45,4585580.97,2.198143898,41.417150419
2023S002396    ,3,Sants-Montjuïc,12,la Marina del Prat Vermell,701266,Litoral (Llobregat),001710000,Tuesday,2023,4,April,25,Morning,8,No és causa del  vianant,Motorcycle,Man,43,Driver,Desconegut                                                                                                                                            ,Unknown,Unknown,Minor injury: Hospitalization up to 24 hours,427024.81,4577263.64,2.126655274,41.341711822
2023S002397    ,2,Eixample,5,el Fort Pienc,178308,Lepant,0143 0145,Tuesday,2023,4,April,25,Morning,9,No és causa del  vianant,Motorcycle,Man,53,Driver,Desconegut                                                                                                                                            ,Unknown,Unknown,Minor injury: Hospitalization up to 24 hours,431952.48,4583491.08,2.184847004,41.398232374
2023S002398    ,6,Gràcia,31,la Vila de Gràcia,90502,Còrsega,0379 0379,Tuesday,2023,4,April,25,Morning,10,No és causa del  vianant,Motorcycle,Man,45,Driver,Desconegut                                                                                                                                            ,Unknown,Altres activitats,Minor injury: Hospitalization up to 24 hours,430122.62,4583622.77,2.162944036,41.399261438
2023S002399    ,2,Eixample,7,la Dreta de l'Eixample,31300,Bailèn,0137 0137,Tuesday,2023,4,April,25,Morning,9,No és causa del  vianant,Motorcycle,Woman,75,Driver,Desconegut                                                                                                                                            ,Unknown,Unknown,Minor injury: Hospitalization up to 24 hours,430503.69,4583618.92,2.167502693,41.399259807
2023S002400    ,3,Sants-Montjuïc,12,la Marina del Prat Vermell,701498,B-10 (Besòs),001450000,Tuesday,2023,4,April,25,Morning,7,No és causa del  vianant,Motorcycle,Man,43,Driver,Desconegut                                                                                                                                            ,Unknown,En missió,Minor injury: Hospitalization up to 24 hours,429180.71,4578306.44,2.152298752,41.351296522
2023S002401    ,2,Eixample,6,la Sagrada Família,191204,Mallorca,0351 0365,Tuesday,2023,4,April,25,Morning,9,No és causa del  vianant,Car,Woman,56,Passenger,Desconegut                                                                                                                                            ,Unknown,Unknown,Minor injury: Hospitalization up to 24 hours,430902.91,4583837.71,2.172253031,41.401264804
2023S002401    ,2,Eixample,6,la Sagrada Família,191204,Mallorca,0351 0365,Tuesday,2023,4,April,25,Morning,9,No és causa del  vianant,Ciclomotor,Woman,45,Driver,Desconegut                                                                                                                                            ,Unknown,En missió,Minor injury: Refused medical assistance,430902.91,4583837.71,2.172253031,41.401264804
2023S002402    ,2,Eixample,5,el Fort Pienc,197302,Marina,0139 0139,Tuesday,2023,4,April,25,Morning,9,No és causa del  vianant,Veh. mobilitat personal amb motor,Woman,33,Driver,A la vorera / Andana                                                                                                                                  ,Unknown,En missió,Minor injury: Hospitalization up to 24 hours,431844.57,4583386.88,2.183567976,41.39728473
2023S002403    ,2,Eixample,7,la Dreta de l'Eixample,144601,Diagonal,0422 0422,Tuesday,2023,4,April,25,Morning,10,No és causa del  vianant,Motorcycle,Woman,27,Driver,Desconegut                                                                                                                                            ,Unknown,Oci i entreteniment,Minor injury: Hospitalization up to 24 hours,430134.59,4583421.81,2.163110418,41.397452499
2023S002404    ,3,Sants-Montjuïc,11,el Poble-sec,198702,Francesc Ferrer i Guàrdia,0013 0027,Tuesday,2023,4,April,25,Morning,13,No és causa del  vianant,Motorcycle,Man,28,Driver,Desconegut                                                                                                                                            ,Unknown,Unknown,Serious injury: Hospitalization over 24 hours,428733.49,4580289.66,2.146720114,41.369119296
2023S002405    ,2,Eixample,10,Sant Antoni,198804,Paral·lel,0168 0168,Tuesday,2023,4,April,25,Morning,11,No és causa del  vianant,Motorcycle,Man,56,Driver,Desconegut                                                                                                                                            ,Unknown,Unknown,Minor injury: Refused medical assistance,429502.77,4580956.96,2.155840033,41.375197241
2023S002406    ,3,Sants-Montjuïc,13,la Marina de Port,169409,Corts Catalanes,0140 0140,Tuesday,2023,4,April,25,Morning,10,No és causa del  vianant,Bus,Woman,57,Passenger,Desconegut                                                                                                                                            ,Unknown,Unknown,Minor injury: Hospitalization up to 24 hours,427897.3,4579886.18,2.136770614,41.365410782
2023S002407    ,5,Sarrià-Sant Gervasi,23,Sarrià,320908,Sarrià a Vallvidrera,0086 0086,Tuesday,2023,4,April,25,Afternoon,15,No és causa del  vianant,Motorcycle,Man,30,Driver,Desconegut                                                                                                                                            ,Unknown,Oci i entreteniment,Minor injury: Hospitalization up to 24 hours,425715.63,4584695.86,2.110098099,41.408530982