Case_Number,District_Code,District_Name,Neighborhood_Code,Neighborhood_Name,Street_Code,Street_Name,Postal_Code,Day_of_Week,Year,Month_Code,Month_Name,Day_of_Month,Shift_Description,Hour_of_Day,Pedestrian_Cause_Description,Involved_Vehicle_Type,Gender_Description,Age,Person_Type_Description,Pedestrian_Accident_Location_Description,Pedestrian_Movement_Reason_Description,Driver_Movement_Reason_Description,Victimization_Description,UTM_X_Coordinate,UTM_Y_Coordinate,Longitude,Latitude
2023S002479    ,2,Eixample,9,la Nova Esquerra de l'Eixample,227800,Nicaragua,0001 0003,Thursday,2023,4,April,27,Afternoon,17,No és causa del  vianant,Car,Woman,59,Passenger,Desconegut                                                                                                                                            ,Unknown,Unknown,Minor injury: Medical assistance at accident site,428500.64,4581652.19,2.143775351,41.381370475
2023S002479    ,2,Eixample,9,la Nova Esquerra de l'Eixample,227800,Nicaragua,0001 0003,Thursday,2023,4,April,27,Afternoon,17,No és causa del  vianant,Car,Woman,78,Passenger,Desconegut                                                                                                                                            ,Unknown,Unknown,Minor injury: Medical assistance at accident site,428500.64,4581652.19,2.143775351,41.381370475
2023S002479    ,2,Eixample,9,la Nova Esquerra de l'Eixample,227800,Nicaragua,0001 0003,Thursday,2023,4,April,27,Afternoon,17,No és causa del  vianant,Car,Woman,54,Driver,Desconegut                                                                                                                                            ,Unknown,Taxi,Minor injury: Hospitalization up to 24 hours,428500.64,4581652.19,2.143775351,41.381370475
2023S002480    ,2,Eixample,7,la Dreta de l'Eixample,74506,Catalunya,0031 0031,Thursday,2023,4,April,27,Afternoon,19,No és causa del  vianant,Veh. mobilitat personal amb motor,Man,31,Driver,Desconegut                                                                                                                                            ,Unknown,Unknown,Minor injury: Hospitalization up to 24 hours,430345.56,4582527.49,2.165736808,41.389415958
2023S002481    ,2,Eixample,7,la Dreta de l'Eixample,176801,Roger de Llúria,0085 0085,Thursday,2023,4,April,27,Afternoon,17,No és causa del  vianant,Car,Woman,73,Driver,Desconegut                                                                                                                                            ,Unknown,Altres activitats,Minor injury: Hospitalization up to 24 hours,430404.35,4583145.14,2.166368911,41.394984028
2023S002482    ,10,Sant Martí,64,el Camp de l'Arpa del Clot,161407,Indústria,0224 0224,Thursday,2023,4,April,27,Afternoon,20,No és causa del  vianant,Ciclomotor,Man,34,Driver,Desconegut                                                                                                                                            ,Unknown,En missió,Minor injury: Hospitalization up to 24 hours,431372.38,4585035.95,2.177732887,41.412097208
2023S002483    ,2,Eixample,9,la Nova Esquerra de l'Eixample,100800,Diputació,0131 0131,Thursday,2023,4,April,27,Afternoon,17,No és causa del  vianant,Bicicleta,Man,71,Driver,Desconegut                                                                                                                                            ,Unknown,Unknown,Minor injury: Medical assistance at accident site,429596.92,4581809.04,2.156866764,41.382879901
2023S002485    ,4,Les Corts,19,les Corts,320409,Sarasate,0002X0002X,Friday,2023,4,April,28,Morning,8,No és causa del  vianant,Veh. mobilitat personal amb motor,Woman,39,Driver,Desconegut                                                                                                                                            ,Unknown,In itínere,Minor injury: Medical assistance at accident site,427344.87,4582569.22,2.129844346,41.389526211
2023S002486    ,-1,Unknown,-1,Unknown,-1,Unknown,Unknown,Thursday,2023,4,April,27,Afternoon,20,No és causa del  vianant,Bicicleta,Man,20,Driver,Desconegut                                                                                                                                            ,Unknown,In itínere,Minor injury: Medical assistance at accident site,432052.4,4583910.53,2.185995092,41.402018695
2023S002487    ,3,Sants-Montjuïc,13,la Marina de Port,169409,Corts Catalanes,0152 0152,Thursday,2023,4,April,27,Afternoon,18,No és causa del  vianant,Motorcycle,Woman,49,Driver,Desconegut                                                                                                                                            ,Unknown,Unknown,Minor injury: Hospitalization up to 24 hours,427959.32,4580039.04,2.137493915,41.366793095
2023S002488    ,5,Sarrià-Sant Gervasi,23,Sarrià,312808,Santa Amèlia,0010 0012,Friday,2023,4,April,28,Morning,9,Creuar per fora pas de vianants,Taxi,Woman,75,Pedestrian,Fora del pas                                                                                                                                          ,Oci i entreteniment,Unknown,Minor injury: Hospitalization up to 24 hours,426864.4,4583072.08,2.12403731,41.394011695
2023S002489    ,6,Gràcia,32,el Camp d'en Grassot i Gràcia Nova,297001,Sant Antoni Maria Claret,0038 0038,Friday,2023,4,April,28,Morning,9,No és causa del  vianant,Motorcycle,Woman,57,Driver,Desconegut                                                                                                                                            ,Unknown,Unknown,Minor injury: Hospitalization up to 24 hours,430353.54,4584203.44,2.165639368,41.404511384
2023S002490    ,6,Gràcia,30,la Salut,146800,Glòria,0010 0012,Friday,2023,4,April,28,Morning,10,Transitar a peu per la calçada,Motorcycle,Man,79,Pedestrian,Fora del pas                                                                                                                                          ,Unknown,Unknown,Minor injury: Hospitalization up to 24 hours,428904.13,4584908.22,2.148217898,41.410732124
2023S002491    ,5,Sarrià-Sant Gervasi,23,Sarrià,144408,General Vives,0002 0002,Friday,2023,4,April,28,Morning,12,No és causa del  vianant,Car,Woman,52,Passenger,Desconegut                                                                                                                                            ,Unknown,Unknown,Minor injury: Medical assistance at accident site,426082.19,4583902.0,2.114580314,41.40141486
2023S002491    ,5,Sarrià-Sant Gervasi,23,Sarrià,144408,General Vives,0002 0002,Friday,2023,4,April,28,Morning,12,No és causa del  vianant,Car,Man,59,Driver,Desconegut                                                                                                                                            ,Unknown,Unknown,Minor injury: Refused medical assistance,426082.19,4583902.0,2.114580314,41.40141486
2023S002492    ,10,Sant Martí,66,el Parc i la Llacuna del Poblenou,330107,Tànger,0093 0093,Friday,2023,4,April,28,Morning,12,No és causa del  vianant,Motorcycle,Woman,75,Passenger,Desconegut                                                                                                                                            ,Unknown,Unknown,Minor injury: Hospitalization up to 24 hours,432615.57,4583950.92,2.192727345,41.402429902
2023S002492    ,10,Sant Martí,66,el Parc i la Llacuna del Poblenou,330107,Tànger,0093 0093,Friday,2023,4,April,28,Morning,12,No és causa del  vianant,Motorcycle,Man,74,Driver,Desconegut                                                                                                                                            ,Unknown,Unknown,Minor injury: Medical assistance at accident site,432615.57,4583950.92,2.192727345,41.402429902
2023S002493    ,2,Eixample,6,la Sagrada Família,268003,Provença,0450 0450,Friday,2023,4,April,28,Morning,9,Creuar per fora pas de vianants,Bicicleta,Woman,29,Driver,Desconegut                                                                                                                                            ,Unknown,In itínere,Minor injury: Hospitalization up to 24 hours,431035.34,4584153.38,2.173801175,41.404119321
2023S002495    ,2,Eixample,6,la Sagrada Família,76807,Sardenya,0245 0245,Tuesday,2023,5,May,2,Morning,12,No és causa del  vianant,Motorcycle,Man,65,Driver,Desconegut                                                                                                                                            ,Unknown,En missió,Minor injury: Hospitalization up to 24 hours,431231.9,4583815.84,2.176190899,41.40109605
2023S002496    ,9,Sant Andreu,59,el Bon Pastor,295709,Sant Adrià,0046U0046U,Thursday,2023,4,April,27,Afternoon,17,No és causa del  vianant,Car,Woman,42,Driver,Desconegut                                                                                                                                            ,Unknown,In itínere,Minor injury: Hospitalization up to 24 hours,432821.18,4587554.95,2.194786384,41.434907557
2023S002499    ,7,Horta-Guinardó,40,Montbau,226604,Natzaret,0102 0102,Friday,2023,4,April,28,Afternoon,16,No és causa del  vianant,Motorcycle,Man,35,Driver,Desconegut                                                                                                                                            ,Unknown,In itínere,Minor injury: Hospitalization up to 24 hours,428065.86,4586951.93,2.137945927,41.429064321
2023S002499    ,7,Horta-Guinardó,40,Montbau,226604,Natzaret,0102 0102,Friday,2023,4,April,28,Afternoon,16,No és causa del  vianant,Car,Woman,24,Driver,Desconegut                                                                                                                                            ,Unknown,Oci i entreteniment,Minor injury: Hospitalization up to 24 hours,428065.86,4586951.93,2.137945927,41.429064321
2023S002500    ,5,Sarrià-Sant Gervasi,25,Sant Gervasi - la Bonanova,701267,Dalt (Besòs),0007E0000,Friday,2023,4,April,28,Afternoon,14,No és causa del  vianant,Motorcycle,Woman,49,Driver,Desconegut                                                                                                                                            ,Unknown,In itínere,Minor injury: Hospitalization up to 24 hours,427018.54,4584886.84,2.125662,41.410370471
2023S002501    ,2,Eixample,7,la Dreta de l'Eixample,18505,Aragó,0375 0375,Friday,2023,4,April,28,Afternoon,14,No és causa del  vianant,Motorcycle,Man,22,Driver,Desconegut                                                                                                                                            ,Unknown,In itínere,Minor injury: Medical assistance at accident site,430977.58,4583518.03,2.1731827,41.398391964
2023S002502    ,7,Horta-Guinardó,34,Can Baró,365702,Mare de Déu de Montserrat,0039 0041,Friday,2023,4,April,28,Afternoon,21,No és causa del  vianant,Car,Woman,29,Passenger,Desconegut                                                                                                                                            ,Unknown,Unknown,Minor injury: Hospitalization up to 24 hours,430138.71,4585293.05,2.162943584,41.414306467
2023S002502    ,7,Horta-Guinardó,34,Can Baró,365702,Mare de Déu de Montserrat,0039 0041,Friday,2023,4,April,28,Afternoon,21,No és causa del  vianant,Motorcycle,Man,39,Driver,Desconegut                                                                                                                                            ,Unknown,Unknown,Death (within 24 hours of accident),430138.71,4585293.05,2.162943584,41.414306467
2023S002502    ,7,Horta-Guinardó,34,Can Baró,365702,Mare de Déu de Montserrat,0039 0041,Friday,2023,4,April,28,Afternoon,21,No és causa del  vianant,Car,Man,31,Driver,Desconegut                                                                                                                                            ,Unknown,Unknown,Minor injury: Hospitalization up to 24 hours,430138.71,4585293.05,2.162943584,41.414306467
2023S002503    ,6,Gràcia,31,la Vila de Gràcia,356803,Verdi,0065 0065,Friday,2023,4,April,28,Afternoon,19,No és causa del  vianant,Bicicleta,Woman,45,Pedestrian,En zona peatonal                                                                                                                                      ,Unknown,Unknown,Minor injury: Hospitalization up to 24 hours,429536.87,4584232.32,2.155866541,41.404700291
2023S002504    ,3,Sants-Montjuïc,15,Hostafrancs,169409,Corts Catalanes,0327 0327,Friday,2023,4,April,28,Afternoon,19,No és causa del  vianant,Taxi,Man,54,Driver,Desconegut                                                                                                                                            ,Unknown,En missió,Minor injury: Medical assistance at accident site,428691.28,4580704.77,2.146166601,41.372854314
2023S002504    ,3,Sants-Montjuïc,15,Hostafrancs,169409,Corts Catalanes,0327 0327,Friday,2023,4,April,28,Afternoon,19,No és causa del  vianant,Car,Man,31,Driver,Desconegut                                                                                                                                            ,Unknown,Unknown,Minor injury: Medical assistance at accident site,428691.28,4580704.77,2.146166601,41.372854314
2023S002505    ,4,Les Corts,21,Pedralbes,102500,Doctor Joaquín Albarrán,0002V0002V,Friday,2023,4,April,28,Night,22,No és causa del  vianant,Motorcycle,Man,41,Driver,Desconegut                                                                                                                                            ,Unknown,In itínere,Minor injury: Hospitalization up to 24 hours,425534.86,4582570.14,2.108197105,41.389368878
2023S002506    ,3,Sants-Montjuïc,13,la Marina de Port,212406,Mineria,0069 0069,Saturday,2023,4,April,29,Night,0,No és causa del  vianant,Bicicleta,Man,29,Driver,Desconegut                                                                                                                                            ,Unknown,Oci i entreteniment,Minor injury: Medical assistance at accident site,428189.67,4580069.1,2.140244323,41.367084428
2023S002508    ,2,Eixample,7,la Dreta de l'Eixample,169409,Corts Catalanes,9999 9999,Saturday,2023,4,April,29,Night,2,No és causa del  vianant,Bicicleta,Man,26,Driver,Desconegut                                                                                                                                            ,Unknown,Oci i entreteniment,Minor injury: Hospitalization up to 24 hours,430557.69,4582525.42,2.168274082,41.389415667
2023S002509    ,1,Ciutat Vella,4,"Sant Pere, Santa Caterina i la Ribera",163504,Isabel II,0001 0003,Saturday,2023,4,April,29,Night,0,Creuar per fora pas de vianants,Car,Man,44,Pedestrian,Fora del pas                                                                                                                                          ,Unknown,Unknown,Minor injury: Hospitalization up to 24 hours,431756.16,4581715.31,2.182698911,41.382221859
2023S002510    ,2,Eixample,7,la Dreta de l'Eixample,350308,València,0372 0374,Saturday,2023,4,April,29,Morning,6,No és causa del  vianant,Tot terreny,Woman,21,Passenger,Desconegut                                                                                                                                            ,Unknown,Unknown,Minor injury: Medical assistance at accident site,430924.97,4583640.29,2.17253945,41.399488602
2023S002511    ,3,Sants-Montjuïc,13,la Marina de Port,230601,Mare de Déu de Port,0407 0409,Friday,2023,4,April,28,Afternoon,21,No és causa del  vianant,Veh. mobilitat personal amb motor,Man,20,Driver,Desconegut                                                                                                                                            ,Unknown,Altres activitats,Minor injury: Hospitalization up to 24 hours,428079.98,4579792.37,2.138965744,41.364582217
2023S002512    ,2,Eixample,8,l'Antiga Esquerra de l'Eixample,320704,Sarrià,0002 0002,Saturday,2023,4,April,29,Morning,8,No és causa del  vianant,Motorcycle,Man,32,Driver,Desconegut                                                                                                                                            ,Unknown,Unknown,Minor injury: Hospitalization up to 24 hours,428835.43,4582607.92,2.14766654,41.390008099
2023S002513    ,4,Les Corts,19,les Corts,100107,Deu i Mata,0054 0056,Saturday,2023,4,April,29,Morning,10,No és causa del  vianant,Motorcycle,Man,45,Driver,Desconegut                                                                                                                                            ,Unknown,Oci i entreteniment,Minor injury: Medical assistance at accident site,427814.08,4582415.09,2.13547435,41.38818029
2023S002514    ,2,Eixample,7,la Dreta de l'Eixample,144601,Diagonal,9995 9995,Saturday,2023,4,April,29,Morning,10,No és causa del  vianant,Motorcycle,Man,71,Driver,Desconegut                                                                                                                                            ,Unknown,Altres activitats,Minor injury: Hospitalization up to 24 hours,430883.1,4583614.29,2.172041585,41.399250828
2023S002514    ,2,Eixample,7,la Dreta de l'Eixample,144601,Diagonal,9995 9995,Saturday,2023,4,April,29,Morning,10,No és causa del  vianant,Motorcycle,Woman,69,Passenger,Desconegut                                                                                                                                            ,Unknown,Unknown,Minor injury: Hospitalization up to 24 hours,430883.1,4583614.29,2.172041585,41.399250828
2023S002515    ,1,Ciutat Vella,4,"Sant Pere, Santa Caterina i la Ribera",137606,Fusina,0013 0013,Saturday,2023,4,April,29,Morning,12,No és causa del  vianant,Bicicleta,Woman,28,Driver,Desconegut                                                                                                                                            ,Unknown,Oci i entreteniment,Minor injury: Hospitalization up to 24 hours,431869.11,4582242.95,2.183990263,41.386983751
2023S002516    ,7,Horta-Guinardó,39,Sant Genís dels Agudells,335654,Vallvidrera al Tibidabo,0056 0056,Saturday,2023,4,April,29,Morning,13,No és causa del  vianant,Motorcycle,Man,31,Driver,Desconegut                                                                                                                                            ,Unknown,Unknown,Minor injury: Hospitalization up to 24 hours,426683.08,4586047.98,2.121507915,41.42079778
2023S002517    ,7,Horta-Guinardó,40,Montbau,701267,Dalt (Besòs),001150000,Saturday,2023,4,April,29,Afternoon,14,No és causa del  vianant,Autobús articulat,Man,61,Passenger,Desconegut                                                                                                                                            ,Unknown,Unknown,Minor injury: Hospitalization up to 24 hours,428699.69,4587310.04,2.145488718,41.43234621
2023S002518    ,8,Nou Barris,44,Vilapicina i la Torre Llobeta,254406,Petrarca,0049 0051,Saturday,2023,4,April,29,Morning,13,No és causa del  vianant,Motorcycle,Woman,47,Driver,Desconegut                                                                                                                                            ,Unknown,Oci i entreteniment,Minor injury: Medical assistance at accident site,430298.84,4586887.54,2.164675563,41.428681366
2023S002519    ,2,Eixample,5,el Fort Pienc,225500,Nàpols,0042 0042,Tuesday,2023,5,May,2,Morning,8,No és causa del  vianant,Motorcycle,Man,49,Driver,Desconegut                                                                                                                                            ,Unknown,Altres activitats,Minor injury: Hospitalization up to 24 hours,431743.53,4582916.38,2.182412469,41.393038496
2023S002520    ,2,Eixample,5,el Fort Pienc,197302,Marina,0140 0140,Saturday,2023,4,April,29,Afternoon,17,No és causa del  vianant,Veh. mobilitat personal amb motor,Man,30,Driver,Desconegut                                                                                                                                            ,Unknown,Oci i entreteniment,Minor injury: Hospitalization up to 24 hours,431844.57,4583386.88,2.183567976,41.39728473
2023S002521    ,5,Sarrià-Sant Gervasi,26,Sant Gervasi - Galvany,223606,Muntaner,0224 0224,Saturday,2023,4,April,29,Afternoon,16,No és causa del  vianant,Ciclomotor,Man,21,Driver,Desconegut                                                                                                                                            ,Unknown,Unknown,Minor injury: Hospitalization up to 24 hours,429001.92,4583052.43,2.149605603,41.394026363
2023S002522    ,2,Eixample,7,la Dreta de l'Eixample,309406,Sant Pere,0031 0031,Saturday,2023,4,April,29,Morning,13,No és causa del  vianant,Bus,Woman,62,Passenger,Desconegut                                                                                                                                            ,Unknown,Unknown,Minor injury: Hospitalization up to 24 hours,431157.87,4582598.57,2.175443819,41.390126129
2023S002523    ,8,Nou Barris,46,el Turó de la Peira,228009,Nil,0028 0030,Saturday,2023,4,April,29,Afternoon,15,No és causa del  vianant,Car,Man,76,Driver,Desconegut                                                                                                                                            ,Unknown,Unknown,Minor injury: Medical assistance at accident site,430890.62,4587493.71,2.171688066,41.43419208
2023S002524    ,2,Eixample,9,la Nova Esquerra de l'Eixample,114000,Espanya,0009 0009,Saturday,2023,4,April,29,Afternoon,19,No és causa del  vianant,Motorcycle,Woman,28,Passenger,Desconegut                                                                                                                                            ,Unknown,Unknown,Minor injury: Hospitalization up to 24 hours,429045.14,4580981.92,2.150365152,41.375381806
2023S002524    ,2,Eixample,9,la Nova Esquerra de l'Eixample,114000,Espanya,0009 0009,Saturday,2023,4,April,29,Afternoon,19,No és causa del  vianant,Motorcycle,Woman,31,Driver,Desconegut                                                                                                                                            ,Unknown,Unknown,Minor injury: Hospitalization up to 24 hours,429045.14,4580981.92,2.150365152,41.375381806
2023S002525    ,8,Nou Barris,52,la Prosperitat,120807,Favència,0370X0370X,Saturday,2023,4,April,29,Afternoon,21,No és causa del  vianant,Motorcycle,Man,29,Driver,Desconegut                                                                                                                                            ,Unknown,Oci i entreteniment,Minor injury: Hospitalization up to 24 hours,431275.63,4588731.92,2.176154967,41.445377239
2023S002526    ,4,Les Corts,20,la Maternitat i Sant Ramon,66508,Carles III,0001 0005,Saturday,2023,4,April,29,Morning,11,No és causa del  vianant,Car,Woman,45,Driver,Desconegut                                                                                                                                            ,Unknown,Unknown,Minor injury: Hospitalization up to 24 hours,427237.07,4581573.54,2.128674729,41.380548764
2023S002527    ,9,Sant Andreu,60,Sant Andreu,339101,Torras i Bages,0057 0057,Saturday,2023,4,April,29,Night,22,No és causa del  vianant,Veh. mobilitat personal amb motor,Man,17,Driver,Desconegut                                                                                                                                            ,Unknown,Oci i entreteniment,Minor injury: Medical assistance at accident site,432495.04,4588039.08,2.190828948,41.43924059
2023S002528    ,2,Eixample,8,l'Antiga Esquerra de l'Eixample,363809,Villarroel,0187 0187,Sunday,2023,4,April,30,Night,0,No és causa del  vianant,Motorcycle,Man,58,Driver,Desconegut                                                                                                                                            ,Unknown,In itínere,Minor injury: Hospitalization up to 24 hours,429135.99,4582517.08,2.151271833,41.389216485
2023S002529    ,2,Eixample,5,el Fort Pienc,169409,Corts Catalanes,0760 0760,Saturday,2023,4,April,29,Night,22,No és causa del  vianant,Bicicleta,Man,18,Driver,Desconegut                                                                                                                                            ,Unknown,Unknown,Minor injury: Medical assistance at accident site,431553.84,4583500.42,2.180077624,41.398282643
2023S002530    ,2,Eixample,9,la Nova Esquerra de l'Eixample,362001,Vilamarí,0063 0063,Sunday,2023,4,April,23,Night,2,No és causa del  vianant,Taxi,Man,49,Driver,Desconegut                                                                                                                                            ,Unknown,Taxi,Minor injury: Hospitalization up to 24 hours,428875.47,4581460.32,2.148280205,41.379675608
2023S002531    ,2,Eixample,8,l'Antiga Esquerra de l'Eixample,268003,Provença,0179 0179,Saturday,2023,4,April,29,Afternoon,21,No és causa del  vianant,Ciclomotor,Man,30,Driver,Desconegut                                                                                                                                            ,Unknown,Unknown,Minor injury: Refused medical assistance,429551.72,4582681.47,2.156224727,41.39073363
2023S002532    ,6,Gràcia,30,la Salut,344000,Dalt,0092 0092,Sunday,2023,4,April,30,Morning,9,No és causa del  vianant,Motorcycle,Woman,34,Passenger,Desconegut                                                                                                                                            ,Unknown,Unknown,Minor injury: Hospitalization up to 24 hours,429663.73,4584912.26,2.157305046,41.410835379
2023S002532    ,6,Gràcia,30,la Salut,344000,Dalt,0092 0092,Sunday,2023,4,April,30,Morning,9,No és causa del  vianant,Motorcycle,Man,32,Driver,Desconegut                                                                                                                                            ,Unknown,Oci i entreteniment,Minor injury: Hospitalization up to 24 hours,429663.73,4584912.26,2.157305046,41.410835379
2023S002534    ,5,Sarrià-Sant Gervasi,23,Sarrià,28000,Augusta,0321X0321X,Sunday,2023,4,April,30,Morning,11,No és causa del  vianant,Car,Woman,44,Passenger,Desconegut                                                                                                                                            ,Unknown,Unknown,Minor injury: Hospitalization up to 24 hours,426883.33,4583690.92,2.124188957,41.399587047
2023S002534    ,5,Sarrià-Sant Gervasi,23,Sarrià,28000,Augusta,0321X0321X,Sunday,2023,4,April,30,Morning,11,No és causa del  vianant,Car,Woman,7,Passenger,Desconegut                                                                                                                                            ,Unknown,Unknown,Minor injury: Hospitalization up to 24 hours,426883.33,4583690.92,2.124188957,41.399587047
2023S002534    ,5,Sarrià-Sant Gervasi,23,Sarrià,28000,Augusta,0321X0321X,Sunday,2023,4,April,30,Morning,11,No és causa del  vianant,Car,Man,46,Driver,Desconegut                                                                                                                                            ,Unknown,Unknown,Minor injury: Hospitalization up to 24 hours,426883.33,4583690.92,2.124188957,41.399587047
2023S002535    ,3,Sants-Montjuïc,16,la Bordeta,282252,Blanca,0163 0183,Sunday,2023,4,April,30,Morning,13,No és causa del  vianant,Veh. mobilitat personal amb motor,Man,34,Driver,Desconegut                                                                                                                                            ,Unknown,Oci i entreteniment,Minor injury: Medical assistance at accident site,427414.26,4580298.28,2.130946365,41.369078986
2023S002536    ,2,Eixample,7,la Dreta de l'Eixample,359404,Cinc d'Oros,9999 9999,Sunday,2023,4,April,30,Afternoon,17,No és causa del  vianant,Motorcycle,Man,35,Driver,Desconegut                                                                                                                                            ,Unknown,Unknown,Minor injury: Refused medical assistance,429834.22,4583321.69,2.15952922,41.396524584
2023S002537    ,1,Ciutat Vella,3,la Barceloneta,325107,Trelawny,0006 0006,Sunday,2023,4,April,30,Afternoon,17,No és causa del  vianant,Bus,Woman,72,Passenger,Desconegut                                                                                                                                            ,Unknown,Unknown,Minor injury: Hospitalization up to 24 hours,432767.26,4582084.73,2.194749208,41.385634315
2023S002538    ,10,Sant Martí,65,el Clot,18505,Aragó,0556 0556,Sunday,2023,4,April,30,Afternoon,18,No és causa del  vianant,Car,Woman,35,Passenger,Desconegut                                                                                                                                            ,Unknown,Unknown,Minor injury: Hospitalization up to 24 hours,431934.16,4584454.66,2.184519459,41.406909506
2023S002539    ,9,Sant Andreu,62,el Congrés i els Indians,121402,Felip II,0160 0160,Sunday,2023,4,April,30,Afternoon,17,No és causa del  vianant,Car,Woman,51,Pedestrian,En pas regulat per semàfor                                                                                                                            ,Unknown,Unknown,Minor injury: Hospitalization up to 24 hours,431733.06,4586401.71,2.181893834,41.424428902
2023S002542    ,1,Ciutat Vella,4,"Sant Pere, Santa Caterina i la Ribera",163504,Isabel II,0014B0014B,Monday,2023,5,May,1,Morning,7,No és causa del  vianant,Car,Man,56,Driver,Desconegut                                                                                                                                            ,Unknown,"Anada/tornada de ponts, festius, vacances",Minor injury: Medical assistance at accident site,431800.69,4581708.65,2.183232175,41.382165653
2023S002542    ,1,Ciutat Vella,4,"Sant Pere, Santa Caterina i la Ribera",163504,Isabel II,0014B0014B,Monday,2023,5,May,1,Morning,7,No és causa del  vianant,Taxi,Woman,27,Passenger,Desconegut                                                                                                                                            ,Unknown,Unknown,Minor injury: Hospitalization up to 24 hours,431800.69,4581708.65,2.183232175,41.382165653
2023S002542    ,1,Ciutat Vella,4,"Sant Pere, Santa Caterina i la Ribera",163504,Isabel II,0014B0014B,Monday,2023,5,May,1,Morning,7,No és causa del  vianant,Taxi,Man,38,Passenger,Desconegut                                                                                                                                            ,Unknown,Unknown,Minor injury: Hospitalization up to 24 hours,431800.69,4581708.65,2.183232175,41.382165653
2023S002542    ,1,Ciutat Vella,4,"Sant Pere, Santa Caterina i la Ribera",163504,Isabel II,0014B0014B,Monday,2023,5,May,1,Morning,7,No és causa del  vianant,Car,Woman,53,Passenger,Desconegut                                                                                                                                            ,Unknown,Unknown,Minor injury: Medical assistance at accident site,431800.69,4581708.65,2.183232175,41.382165653
2023S002542    ,1,Ciutat Vella,4,"Sant Pere, Santa Caterina i la Ribera",163504,Isabel II,0014B0014B,Monday,2023,5,May,1,Morning,7,No és causa del  vianant,Car,Man,12,Passenger,Desconegut                                                                                                                                            ,Unknown,Unknown,Minor injury: Medical assistance at accident site,431800.69,4581708.65,2.183232175,41.382165653
2023S002542    ,1,Ciutat Vella,4,"Sant Pere, Santa Caterina i la Ribera",163504,Isabel II,0014B0014B,Monday,2023,5,May,1,Morning,7,No és causa del  vianant,Taxi,Man,29,Driver,Desconegut                                                                                                                                            ,Unknown,Taxi,Minor injury: Medical assistance at accident site,431800.69,4581708.65,2.183232175,41.382165653
2023S002543    ,7,Horta-Guinardó,36,la Font d'en Fargues,3905,Aguilar,0036 0036,Sunday,2023,4,April,30,Afternoon,19,No és causa del  vianant,Ciclomotor,Woman,27,Driver,Desconegut                                                                                                                                            ,Unknown,Oci i entreteniment,Minor injury: Medical assistance at accident site,430734.37,4586502.89,2.169931654,41.42525466
2023S002544    ,8,Nou Barris,45,Porta,255500,Piferrer,0160 0162,Sunday,2023,4,April,30,Afternoon,15,No és causa del  vianant,Motorcycle,Woman,56,Passenger,Desconegut                                                                                                                                            ,Unknown,Unknown,Minor injury: Hospitalization up to 24 hours,431361.39,4587243.38,2.177350714,41.431977844
2023S002545    ,9,Sant Andreu,60,Sant Andreu,209900,Meridiana,0488 0488,Sunday,2023,4,April,30,Afternoon,20,No és causa del  vianant,Car,Man,31,Pedestrian,En pas regulat per semàfor                                                                                                                            ,Unknown,Unknown,Minor injury: Hospitalization up to 24 hours,431955.39,4587752.15,2.184402197,41.436610735
2023S002547    ,4,Les Corts,19,les Corts,144601,Diagonal,0632 0632,Monday,2023,5,May,1,Afternoon,14,No és causa del  vianant,Motorcycle,Woman,51,Driver,Desconegut                                                                                                                                            ,Unknown,Oci i entreteniment,Minor injury: Hospitalization up to 24 hours,427954.95,4582701.1,2.137125048,41.390768909
2023S002548    ,7,Horta-Guinardó,33,el Baix Guinardó,152905,Guinardó,0090V0090V,Monday,2023,5,May,1,Afternoon,14,No és causa del  vianant,Autobús articulat,Woman,27,Passenger,Desconegut                                                                                                                                            ,Unknown,Unknown,Minor injury: Hospitalization up to 24 hours,430786.53,4585244.59,2.1706999,41.41392609
2023S002549    ,2,Eixample,7,la Dreta de l'Eixample,74506,Catalunya,0095 0095,Monday,2023,5,May,1,Morning,13,Creuar per fora pas de vianants,Car,Man,5,Pedestrian,Fora del pas                                                                                                                                          ,Oci i entreteniment,Unknown,Minor injury: Hospitalization up to 24 hours,429923.41,4582921.28,2.160642391,41.392926007
2023S002552    ,10,Sant Martí,68,el Poblenou,701278,Taulat,0173 0175,Monday,2023,5,May,1,Afternoon,15,No és causa del  vianant,Motorcycle,Man,43,Driver,Desconegut                                                                                                                                            ,Unknown,Oci i entreteniment,Minor injury: Hospitalization up to 24 hours,433880.3,4583804.1,2.207872486,41.401212599
2023S002553    ,10,Sant Martí,68,el Poblenou,186703,Llull,0217 0221,Monday,2023,5,May,1,Afternoon,18,No és causa del  vianant,Motorcycle,Man,31,Driver,Desconegut                                                                                                                                            ,Unknown,Altres activitats,Minor injury: Hospitalization up to 24 hours,433531.59,4583927.83,2.203687591,41.402298235
2023S002553    ,10,Sant Martí,68,el Poblenou,186703,Llull,0217 0221,Monday,2023,5,May,1,Afternoon,18,No és causa del  vianant,Motorcycle,Woman,31,Passenger,Desconegut                                                                                                                                            ,Unknown,Unknown,Minor injury: Hospitalization up to 24 hours,433531.59,4583927.83,2.203687591,41.402298235
2023S002554    ,1,Ciutat Vella,2,el Barri Gòtic,144204,Ample,0025 0025,Monday,2023,5,May,1,Afternoon,18,No és causa del  vianant,Bicicleta,Woman,28,Pedestrian,Altres                                                                                                                                                ,Unknown,Unknown,Minor injury: Hospitalization up to 24 hours,431507.83,4581480.02,2.179755856,41.380081551