Case_Number,District_Code,District_Name,Neighborhood_Code,Neighborhood_Name,Street_Code,Street_Name,Postal_Code,Day_of_Week,Year,Month_Code,Month_Name,Day_of_Month,Shift_Description,Hour_of_Day,Pedestrian_Cause_Description,Involved_Vehicle_Type,Gender_Description,Age,Person_Type_Description,Pedestrian_Accident_Location_Description,Pedestrian_Movement_Reason_Description,Driver_Movement_Reason_Description,Victimization_Description,UTM_X_Coordinate,UTM_Y_Coordinate,Longitude,Latitude
2023S002555    ,9,Sant Andreu,59,el Bon Pastor,295709,Sant Adrià,0141 0141,Saturday,2023,4,April,29,Afternoon,21,No és causa del  vianant,Car,Woman,18,Pedestrian,En pas sense regular                                                                                                                                  ,Unknown,Unknown,Minor injury: Hospitalization up to 24 hours,433778.71,4587716.11,2.206228692,41.436438654
2023S002556    ,1,Ciutat Vella,3,la Barceloneta,197903,Marítim de la Barceloneta,0001 0003,Monday,2023,5,May,1,Afternoon,18,No és causa del  vianant,Bicicleta,Man,73,Pedestrian,En zona peatonal                                                                                                                                      ,Unknown,Unknown,Minor injury: Hospitalization up to 24 hours,432534.07,4581338.0,2.19204363,41.378889165
2023S002557    ,10,Sant Martí,66,el Parc i la Llacuna del Poblenou,30500,Badajoz,0163 0163,Monday,2023,5,May,1,Afternoon,21,No és causa del  vianant,Motorcycle,Man,27,Driver,Desconegut                                                                                                                                            ,Unknown,Unknown,Minor injury: Hospitalization up to 24 hours,432422.94,4583950.03,2.190423152,41.402405709
2023S002559    ,3,Sants-Montjuïc,15,Hostafrancs,169409,Corts Catalanes,0361 0371,Tuesday,2023,5,May,2,Night,0,No és causa del  vianant,Bus,Man,50,Passenger,Desconegut                                                                                                                                            ,Unknown,Unknown,Minor injury: Hospitalization up to 24 hours,428831.97,4580872.86,2.147829048,41.374380705
2023S002560    ,10,Sant Martí,71,Provençals del Poblenou,253902,Perú,0210 0210,Tuesday,2023,5,May,2,Morning,7,No és causa del  vianant,Motorcycle,Man,26,Driver,Desconegut                                                                                                                                            ,Unknown,Unknown,Minor injury: Hospitalization up to 24 hours,433476.69,4585173.83,2.202893815,41.413516089
2023S002561    ,1,Ciutat Vella,4,"Sant Pere, Santa Caterina i la Ribera",201400,Picasso,0005 0005,Tuesday,2023,5,May,2,Night,5,No és causa del  vianant,Autobús articulat,Man,70,Passenger,Desconegut                                                                                                                                            ,Unknown,Unknown,Minor injury: Hospitalization up to 24 hours,431740.53,4582375.11,2.182437621,41.388163173
2023S002562    ,4,Les Corts,20,la Maternitat i Sant Ramon,144601,Diagonal,0643U0643U,Tuesday,2023,5,May,2,Morning,9,No és causa del  vianant,Tren o tramvia,Man,29,Pedestrian,En pas regulat per semàfor                                                                                                                            ,Estudiant cap a centre d'estudis,Unknown,Minor injury: Medical assistance at accident site,426498.51,4582192.32,2.119767889,41.386054694
2023S002565    ,2,Eixample,8,l'Antiga Esquerra de l'Eixample,191204,Mallorca,0215 0215,Tuesday,2023,5,May,2,Morning,12,No és causa del  vianant,Motorcycle,Woman,52,Driver,Desconegut                                                                                                                                            ,Unknown,Unknown,Minor injury: Hospitalization up to 24 hours,429758.43,4582716.08,2.15869297,41.391063439
2023S002565    ,2,Eixample,8,l'Antiga Esquerra de l'Eixample,191204,Mallorca,0215 0215,Tuesday,2023,5,May,2,Morning,12,No és causa del  vianant,Motorcycle,Man,74,Driver,Desconegut                                                                                                                                            ,Unknown,Unknown,Minor injury: Hospitalization up to 24 hours,429758.43,4582716.08,2.15869297,41.391063439
2023S002566    ,3,Sants-Montjuïc,12,la Marina del Prat Vermell,701266,Litoral (Llobregat),001600000,Tuesday,2023,5,May,2,Afternoon,14,No és causa del  vianant,Furgoneta,Man,0,Passenger,Desconegut                                                                                                                                            ,Unknown,Unknown,Minor injury: Hospitalization up to 24 hours,427935.52,4577677.3,2.137490029,41.345519546
2023S002566    ,3,Sants-Montjuïc,12,la Marina del Prat Vermell,701266,Litoral (Llobregat),001600000,Tuesday,2023,5,May,2,Afternoon,14,No és causa del  vianant,Furgoneta,Woman,34,Driver,Desconegut                                                                                                                                            ,Unknown,Oci i entreteniment,Minor injury: Hospitalization up to 24 hours,427935.52,4577677.3,2.137490029,41.345519546
2023S002567    ,2,Eixample,7,la Dreta de l'Eixample,31300,Bailèn,0017 0017,Tuesday,2023,5,May,2,Afternoon,14,No és causa del  vianant,Motorcycle,Man,43,Driver,Desconegut                                                                                                                                            ,Unknown,In itínere,Minor injury: Hospitalization up to 24 hours,431275.02,4582830.46,2.176818603,41.392224718
2023S002569    ,7,Horta-Guinardó,40,Montbau,701267,Dalt (Besòs),001120000,Tuesday,2023,5,May,2,Afternoon,14,No és causa del  vianant,Motorcycle,Man,29,Driver,Desconegut                                                                                                                                            ,Unknown,Unknown,Minor injury: Hospitalization up to 24 hours,428614.9,4587084.65,2.144500616,41.430308683
2023S002570    ,6,Gràcia,31,la Vila de Gràcia,344407,Sant Antoni,0021 0021,Tuesday,2023,5,May,2,Afternoon,15,Transitar a peu per la calçada,Furgoneta,Woman,56,Pedestrian,En zona peatonal                                                                                                                                      ,In itinere,Unknown,Minor injury: Hospitalization up to 24 hours,429393.89,4583991.24,2.154184268,41.402516419
2023S002571    ,10,Sant Martí,71,Provençals del Poblenou,701414,C-31,020670000,Tuesday,2023,5,May,2,Afternoon,16,Desobeir el senyal del semàfor,Furgoneta,Man,69,Pedestrian,En pas regulat per semàfor                                                                                                                            ,Oci i entreteniment,Unknown,Serious injury: Hospitalization over 24 hours,432800.78,4584710.49,2.194858496,41.409286652
2023S002572    ,10,Sant Martí,64,el Camp de l'Arpa del Clot,161407,Indústria,0288 0288,Tuesday,2023,5,May,2,Afternoon,14,No és causa del  vianant,Motorcycle,Man,25,Driver,Desconegut                                                                                                                                            ,Unknown,Unknown,Minor injury: Hospitalization up to 24 hours,431634.8,4585306.27,2.180841921,41.414554272
2023S002573    ,2,Eixample,8,l'Antiga Esquerra de l'Eixample,191204,Mallorca,0215 0215,Thursday,2023,4,April,27,Morning,12,No és causa del  vianant,Motorcycle,Man,52,Driver,Desconegut                                                                                                                                            ,Unknown,In itínere,Minor injury: Hospitalization up to 24 hours,429758.43,4582716.08,2.15869297,41.391063439
2023S002574    ,3,Sants-Montjuïc,18,Sants,312400,Sants,0136 0136,Tuesday,2023,5,May,2,Afternoon,15,No és causa del  vianant,Veh. mobilitat personal amb motor,Man,20,Driver,Desconegut                                                                                                                                            ,Unknown,Unknown,Minor injury: Refused medical assistance,427666.95,4581013.64,2.133882128,41.375544734
2023S002575    ,4,Les Corts,19,les Corts,144601,Diagonal,0652D0656D,Tuesday,2023,5,May,2,Afternoon,16,No és causa del  vianant,Altres vehicles amb motor,Woman,42,Pedestrian,En pas regulat per semàfor                                                                                                                            ,Unknown,Unknown,Minor injury: Medical assistance at accident site,427575.97,4582577.49,2.13260725,41.389621548
2023S002576    ,6,Gràcia,30,la Salut,344000,Dalt,0015 0015,Tuesday,2023,5,May,2,Afternoon,18,No és causa del  vianant,Bicicleta,Man,31,Driver,Desconegut                                                                                                                                            ,Unknown,Unknown,Minor injury: Hospitalization up to 24 hours,429180.51,4584649.1,2.151554761,41.408422741
2023S002578    ,4,Les Corts,19,les Corts,128059,Flos i Calcat,0001 0001,Tuesday,2023,5,May,2,Afternoon,19,No és causa del  vianant,Motorcycle,Woman,27,Driver,Desconegut                                                                                                                                            ,Unknown,Oci i entreteniment,Minor injury: Hospitalization up to 24 hours,427250.74,4582642.08,2.128709822,41.390173919
2023S002579    ,10,Sant Martí,67,la Vila Olímpica del Poblenou,700654,Litoral,9993 9993,Tuesday,2023,5,May,2,Afternoon,19,No és causa del  vianant,Motorcycle,Woman,31,Driver,Desconegut                                                                                                                                            ,Unknown,Unknown,Minor injury: Medical assistance at accident site,432888.89,4582323.45,2.196177347,41.38779457
2023S002580    ,2,Eixample,7,la Dreta de l'Eixample,145003,Girona,0141 0141,Tuesday,2023,5,May,2,Afternoon,19,No és causa del  vianant,Car,Man,80,Pedestrian,En pas regulat per semàfor                                                                                                                            ,Unknown,Unknown,Minor injury: Medical assistance at accident site,430368.98,4583521.24,2.165902583,41.398368374
2023S002581    ,3,Sants-Montjuïc,12,la Marina del Prat Vermell,701265,Litoral (Besòs),001250000,Tuesday,2023,5,May,2,Afternoon,19,No és causa del  vianant,Motorcycle,Man,24,Driver,Desconegut                                                                                                                                            ,Unknown,In itínere,Minor injury: Hospitalization up to 24 hours,430634.28,4579558.39,2.169529815,41.362699086
2023S002582    ,3,Sants-Montjuïc,16,la Bordeta,701433,Mig (Ascendent),000050000,Tuesday,2023,5,May,2,Night,22,Others,Motorcycle,Man,58,Driver,Desconegut                                                                                                                                            ,Unknown,In itínere,Minor injury: Hospitalization up to 24 hours,427578.77,4580280.39,2.132915382,41.368932683
2023S002584    ,2,Eixample,7,la Dreta de l'Eixample,169409,Corts Catalanes,0655 0655,Tuesday,2023,5,May,2,Afternoon,17,No és causa del  vianant,Motorcycle,Man,35,Driver,Desconegut                                                                                                                                            ,Unknown,In itínere,Minor injury: Hospitalization up to 24 hours,430973.07,4582896.51,2.173199642,41.392793737
2023S002585    ,10,Sant Martí,68,el Poblenou,700662,Salvador Espriu,0097 0097,Tuesday,2023,5,May,2,Afternoon,19,No és causa del  vianant,Motorcycle,Man,28,Driver,Desconegut                                                                                                                                            ,Unknown,Unknown,Minor injury: Hospitalization up to 24 hours,433331.93,4582763.2,2.201427507,41.391792158
2023S002586    ,3,Sants-Montjuïc,18,Sants,138802,Galileu,0181 0181,Tuesday,2023,5,May,2,Afternoon,19,No és causa del  vianant,Motorcycle,Woman,38,Driver,Desconegut                                                                                                                                            ,Unknown,Unknown,Minor injury: Hospitalization up to 24 hours,427645.02,4581636.85,2.133545467,41.381155782
2023S002587    ,5,Sarrià-Sant Gervasi,26,Sant Gervasi - Galvany,32700,Balmes,0266 0266,Tuesday,2023,5,May,2,Night,22,No és causa del  vianant,Ciclomotor,Man,24,Driver,Desconegut                                                                                                                                            ,Unknown,En missió,Minor injury: Hospitalization up to 24 hours,428910.23,4583798.79,2.148421258,41.40074045
2023S002588    ,4,Les Corts,20,la Maternitat i Sant Ramon,96407,Xile,0023 0023,Wednesday,2023,5,May,3,Night,3,No és causa del  vianant,Car,Man,40,Driver,Desconegut                                                                                                                                            ,Unknown,"Bombers, policia, ambulància",Minor injury: Hospitalization up to 24 hours,425915.92,4581315.18,2.112907967,41.3781012
2023S002588    ,4,Les Corts,20,la Maternitat i Sant Ramon,96407,Xile,0023 0023,Wednesday,2023,5,May,3,Night,3,No és causa del  vianant,Car,Woman,27,Passenger,Desconegut                                                                                                                                            ,Unknown,Unknown,Minor injury: Hospitalization up to 24 hours,425915.92,4581315.18,2.112907967,41.3781012
2023S002589    ,2,Eixample,6,la Sagrada Família,289105,Rosselló,0503 0505,Wednesday,2023,5,May,3,Morning,7,No és causa del  vianant,Car,Man,53,Driver,Desconegut                                                                                                                                            ,Unknown,In itínere,Minor injury: Medical assistance at accident site,431318.77,4584618.22,2.177138938,41.408330266
2023S002591    ,2,Eixample,6,la Sagrada Família,144601,Diagonal,0310 0310,Wednesday,2023,5,May,3,Morning,9,No és causa del  vianant,Motorcycle,Man,60,Driver,Desconegut                                                                                                                                            ,Unknown,Unknown,Serious injury: Hospitalization over 24 hours,431264.72,4583795.85,2.176585763,41.400918815
2023S002592    ,10,Sant Martí,71,Provençals del Poblenou,701414,C-31,020760000,Wednesday,2023,5,May,3,Morning,8,No és causa del  vianant,Motorcycle,Woman,28,Driver,Desconegut                                                                                                                                            ,Unknown,Oci i entreteniment,Minor injury: Medical assistance at accident site,433366.47,4585249.15,2.201566805,41.414185339
2023S002593    ,8,Nou Barris,53,la Trinitat Nova,209900,Meridiana,0585X0585X,Wednesday,2023,5,May,3,Morning,8,No és causa del  vianant,Motorcycle,Man,30,Driver,Desconegut                                                                                                                                            ,Unknown,Unknown,Minor injury: Hospitalization up to 24 hours,432262.21,4589063.05,2.187927311,41.448443511
2023S002594    ,2,Eixample,8,l'Antiga Esquerra de l'Eixample,268003,Provença,0179 0179,Wednesday,2023,5,May,3,Morning,8,No és causa del  vianant,Motorcycle,Woman,45,Driver,Desconegut                                                                                                                                            ,Unknown,Oci i entreteniment,Serious injury: Hospitalization over 24 hours,429551.72,4582681.47,2.156224727,41.39073363
2023S002594    ,2,Eixample,8,l'Antiga Esquerra de l'Eixample,268003,Provença,0179 0179,Wednesday,2023,5,May,3,Morning,8,No és causa del  vianant,Motorcycle,Man,49,Driver,Desconegut                                                                                                                                            ,Unknown,Oci i entreteniment,Minor injury: Hospitalization up to 24 hours,429551.72,4582681.47,2.156224727,41.39073363
2023S002595    ,6,Gràcia,28,Vallcarca i els Penitents,158107,Vallcarca,0009 0009,Wednesday,2023,5,May,3,Morning,12,No és causa del  vianant,Motorcycle,Man,58,Driver,Desconegut                                                                                                                                            ,Unknown,Unknown,Minor injury: Hospitalization up to 24 hours,428951.81,4584623.71,2.148821748,41.40817387
2023S002596    ,9,Sant Andreu,59,el Bon Pastor,1706,Sèquia Madriguera,0002 0002,Wednesday,2023,5,May,3,Morning,10,No és causa del  vianant,Motorcycle,Man,48,Driver,Desconegut                                                                                                                                            ,Unknown,Unknown,Minor injury: Hospitalization up to 24 hours,433547.8,4587711.16,2.203465578,41.436374984
2023S002597    ,2,Eixample,10,Sant Antoni,308709,Sant Pau,0037 0037,Wednesday,2023,5,May,3,Morning,10,No és causa del  vianant,Motorcycle,Man,48,Driver,Desconegut                                                                                                                                            ,Unknown,Unknown,Minor injury: Hospitalization up to 24 hours,430307.07,4581138.31,2.165436346,41.376900702
2023S002598    ,7,Horta-Guinardó,35,el Guinardó,194406,Maragall,0209 0209,Wednesday,2023,5,May,3,Morning,10,No és causa del  vianant,Motorcycle,Man,54,Driver,Desconegut                                                                                                                                            ,Unknown,Oci i entreteniment,Minor injury: Hospitalization up to 24 hours,431293.45,4586433.18,2.176629763,41.424674844
2023S002599    ,4,Les Corts,19,les Corts,343903,Corts,0312 0312,Tuesday,2023,5,May,2,Morning,11,No és causa del  vianant,Motorcycle,Woman,27,Driver,Desconegut                                                                                                                                            ,Unknown,Oci i entreteniment,Minor injury: Hospitalization up to 24 hours,427997.4,4582427.44,2.137665297,41.388307961
2023S002600    ,10,Sant Martí,71,Provençals del Poblenou,253902,Perú,0141 0149,Wednesday,2023,5,May,3,Afternoon,14,Desobeir el senyal del semàfor,Motorcycle,Man,62,Pedestrian,En pas regulat per semàfor                                                                                                                            ,Unknown,Unknown,Minor injury: Hospitalization up to 24 hours,433092.71,4584796.53,2.198341497,41.410085958
2023S002601    ,10,Sant Martí,64,el Camp de l'Arpa del Clot,161407,Indústria,0288 0288,Wednesday,2023,5,May,3,Afternoon,14,No és causa del  vianant,Motorcycle,Woman,41,Passenger,Desconegut                                                                                                                                            ,Unknown,Unknown,Minor injury: Hospitalization up to 24 hours,431634.8,4585306.27,2.180841921,41.414554272
2023S002602    ,10,Sant Martí,67,la Vila Olímpica del Poblenou,700654,Litoral,9993 9993,Wednesday,2023,5,May,3,Morning,10,No és causa del  vianant,Car,Man,33,Driver,Desconegut                                                                                                                                            ,Unknown,Oci i entreteniment,Minor injury: Hospitalization up to 24 hours,432888.89,4582323.45,2.196177347,41.38779457
2023S002603    ,1,Ciutat Vella,3,la Barceloneta,248050,Pau Vila,0002X0002X,Tuesday,2023,5,May,2,Afternoon,15,No és causa del  vianant,Motorcycle,Man,45,Driver,Desconegut                                                                                                                                            ,Unknown,In itínere,Serious injury: Hospitalization over 24 hours,432031.74,4581682.97,2.185998079,41.381953923
2023S002604    ,2,Eixample,7,la Dreta de l'Eixample,148307,Gràcia,0034S0034S,Wednesday,2023,5,May,3,Morning,12,No és causa del  vianant,Bicicleta,Woman,22,Driver,Desconegut                                                                                                                                            ,Unknown,Oci i entreteniment,Minor injury: Hospitalization up to 24 hours,430456.33,4582637.21,2.167048993,41.390413762
2023S002605    ,9,Sant Andreu,61,la Sagrera,156509,Hondures,0072 0072,Wednesday,2023,5,May,3,Afternoon,14,Creuar per fora pas de vianants,Furgoneta,Woman,36,Pedestrian,Fora del pas                                                                                                                                          ,In itinere,Unknown,Minor injury: Hospitalization up to 24 hours,432187.89,4586085.54,2.187371941,41.421619803
2023S002606    ,2,Eixample,7,la Dreta de l'Eixample,100800,Diputació,0373 0373,Wednesday,2023,5,May,3,Morning,11,No és causa del  vianant,Veh. mobilitat personal amb motor,Woman,53,Driver,Desconegut                                                                                                                                            ,Unknown,Unknown,Minor injury: Medical assistance at accident site,431164.61,4583326.2,2.175441678,41.396680252
2023S002607    ,7,Horta-Guinardó,41,la Vall d'Hebron,701268,Dalt (Llobregat),001090000,Wednesday,2023,5,May,3,Afternoon,16,No és causa del  vianant,Motorcycle,Man,26,Driver,Desconegut                                                                                                                                            ,Unknown,Unknown,Minor injury: Hospitalization up to 24 hours,428506.24,4586566.97,2.143261508,41.42563649
2023S002608    ,2,Eixample,7,la Dreta de l'Eixample,144601,Diagonal,0389 0389,Wednesday,2023,5,May,3,Afternoon,18,No és causa del  vianant,Motorcycle,Man,8,Passenger,Desconegut                                                                                                                                            ,Unknown,Unknown,Minor injury: Hospitalization up to 24 hours,429717.03,4583257.81,2.158134918,41.395938999
2023S002608    ,2,Eixample,7,la Dreta de l'Eixample,144601,Diagonal,0389 0389,Wednesday,2023,5,May,3,Afternoon,18,No és causa del  vianant,Motorcycle,Man,38,Driver,Desconegut                                                                                                                                            ,Unknown,Oci i entreteniment,Minor injury: Hospitalization up to 24 hours,429717.03,4583257.81,2.158134918,41.395938999
2023S002609    ,3,Sants-Montjuïc,12,la Marina del Prat Vermell,701266,Litoral (Llobregat),001720000,Wednesday,2023,5,May,3,Afternoon,15,No és causa del  vianant,Motorcycle,Man,59,Driver,Desconegut                                                                                                                                            ,Unknown,In itínere,Minor injury: Hospitalization up to 24 hours,427200.43,4577361.6,2.128742351,41.342610011
2023S002610    ,2,Eixample,8,l'Antiga Esquerra de l'Eixample,245802,París,0166 0168,Wednesday,2023,5,May,3,Afternoon,17,No és causa del  vianant,Motorcycle,Man,31,Driver,Desconegut                                                                                                                                            ,Unknown,Altres activitats,Minor injury: Medical assistance at accident site,429173.98,4582876.38,2.151684146,41.392455923
2023S002610    ,2,Eixample,8,l'Antiga Esquerra de l'Eixample,245802,París,0166 0168,Wednesday,2023,5,May,3,Afternoon,17,No és causa del  vianant,Motorcycle,Woman,27,Passenger,Desconegut                                                                                                                                            ,Unknown,Unknown,Minor injury: Hospitalization up to 24 hours,429173.98,4582876.38,2.151684146,41.392455923
2023S002611    ,2,Eixample,8,l'Antiga Esquerra de l'Eixample,32700,Balmes,0167B0167B,Wednesday,2023,5,May,3,Afternoon,14,No és causa del  vianant,Motorcycle,Woman,53,Driver,Desconegut                                                                                                                                            ,Unknown,In itínere,Minor injury: Hospitalization up to 24 hours,429430.09,4583191.25,2.154710596,41.395314373
2023S002612    ,2,Eixample,7,la Dreta de l'Eixample,49509,Bruc,0151 0151,Wednesday,2023,5,May,3,Afternoon,20,No és causa del  vianant,Bicicleta,Woman,21,Driver,Desconegut                                                                                                                                            ,Unknown,Oci i entreteniment,Minor injury: Medical assistance at accident site,430172.01,4583591.4,2.16353844,41.398983192
2023S002613    ,3,Sants-Montjuïc,16,la Bordeta,160903,Ildefons Cerdà,0004X0004X,Wednesday,2023,5,May,3,Afternoon,19,No és causa del  vianant,Car,Woman,62,Driver,Desconegut                                                                                                                                            ,Unknown,Oci i entreteniment,Minor injury: Medical assistance at accident site,427777.51,4579853.73,2.135342352,41.365107772
2023S002614    ,7,Horta-Guinardó,39,Sant Genís dels Agudells,366909,Vista-rica,0015 0015,Wednesday,2023,5,May,3,Afternoon,18,No és causa del  vianant,Bicicleta,Man,17,Driver,Desconegut                                                                                                                                            ,Unknown,Oci i entreteniment,Minor injury: Medical assistance at accident site,426766.69,4586566.34,2.122445536,41.425474034
2023S002615    ,5,Sarrià-Sant Gervasi,23,Sarrià,37350,J. V. Foix,0064 0066,Wednesday,2023,5,May,3,Afternoon,19,No és causa del  vianant,Motorcycle,Man,50,Driver,Desconegut                                                                                                                                            ,Unknown,In itínere,Minor injury: Hospitalization up to 24 hours,426540.37,4583301.19,2.120133937,41.396045642
2023S002616    ,10,Sant Martí,71,Provençals del Poblenou,322608,Selva de Mar,0142 0142,Wednesday,2023,5,May,3,Afternoon,14,No és causa del  vianant,Motorcycle,Woman,26,Driver,Desconegut                                                                                                                                            ,Unknown,Unknown,Minor injury: Hospitalization up to 24 hours,433476.69,4585173.83,2.202893815,41.413516089
2023S002617    ,7,Horta-Guinardó,41,la Vall d'Hebron,701268,Dalt (Llobregat),001200000,Wednesday,2023,5,May,3,Afternoon,15,No és causa del  vianant,Bicicleta,Man,47,Driver,Desconegut                                                                                                                                            ,Unknown,Oci i entreteniment,Minor injury: Hospitalization up to 24 hours,429002.82,4587726.31,2.14906754,41.436122246
2023S002618    ,9,Sant Andreu,61,la Sagrera,701588,Clara Zetkin,0009X0009X,Wednesday,2023,5,May,3,Afternoon,18,Others,Veh. mobilitat personal amb motor,Man,12,Pedestrian,Altres                                                                                                                                                ,Unknown,Unknown,Minor injury: Medical assistance at accident site,432986.99,4586156.24,2.196925977,41.422323665
2023S002618    ,9,Sant Andreu,61,la Sagrera,701588,Clara Zetkin,0009X0009X,Wednesday,2023,5,May,3,Afternoon,18,Others,Veh. mobilitat personal amb motor,Woman,37,Driver,Altres                                                                                                                                                ,Unknown,Unknown,Minor injury: Hospitalization up to 24 hours,432986.99,4586156.24,2.196925977,41.422323665
2023S002619    ,2,Eixample,9,la Nova Esquerra de l'Eixample,287201,Roma,0092 0092,Wednesday,2023,5,May,3,Afternoon,21,No és causa del  vianant,Veh. mobilitat personal amb motor,Man,17,Driver,Desconegut                                                                                                                                            ,Unknown,Altres activitats,Minor injury: Hospitalization up to 24 hours,429030.0,4581874.03,2.150079593,41.383415407
2023S002620    ,9,Sant Andreu,61,la Sagrera,121402,Felip II,0006 0006,Wednesday,2023,5,May,3,Night,22,No és causa del  vianant,Motorcycle,Man,50,Driver,Desconegut                                                                                                                                            ,Unknown,Unknown,Minor injury: Hospitalization up to 24 hours,432508.78,4585577.91,2.191268323,41.417074769
2023S002620    ,9,Sant Andreu,61,la Sagrera,121402,Felip II,0006 0006,Wednesday,2023,5,May,3,Night,22,No és causa del  vianant,Motorcycle,Man,32,Driver,Desconegut                                                                                                                                            ,Unknown,In itínere,Minor injury: Hospitalization up to 24 hours,432508.78,4585577.91,2.191268323,41.417074769
2023S002621    ,2,Eixample,7,la Dreta de l'Eixample,250904,Pelai,0013 0013,Wednesday,2023,5,May,3,Afternoon,16,No és causa del  vianant,Bus,Woman,73,Passenger,Desconegut                                                                                                                                            ,Unknown,Unknown,Minor injury: Hospitalization up to 24 hours,430626.85,4582082.01,2.169152029,41.385427979
2023S002622    ,7,Horta-Guinardó,43,Horta,701268,Dalt (Llobregat),001280000,Wednesday,2023,5,May,3,Afternoon,20,No és causa del  vianant,Motorcycle,Man,32,Driver,Desconegut                                                                                                                                            ,Unknown,Unknown,Minor injury: Hospitalization up to 24 hours,429880.2,4588120.61,2.159522554,41.43975068
2023S002623    ,5,Sarrià-Sant Gervasi,26,Sant Gervasi - Galvany,139805,Ganduxer,0001 0001,Wednesday,2023,5,May,3,Night,22,No és causa del  vianant,Veh. mobilitat personal amb motor,Man,27,Driver,Desconegut                                                                                                                                            ,Unknown,Oci i entreteniment,Minor injury: Medical assistance at accident site,428145.43,4582763.57,2.13939577,41.391348601
2023S002624    ,2,Eixample,7,la Dreta de l'Eixample,145003,Girona,0135 0135,Thursday,2023,5,May,4,Morning,7,No és causa del  vianant,Bicicleta,Woman,52,Driver,Desconegut                                                                                                                                            ,Unknown,In itínere,Minor injury: Hospitalization up to 24 hours,430420.21,4583514.23,2.166516174,41.398309675
2023S002625    ,4,Les Corts,19,les Corts,66508,Carles III,0100 0100,Wednesday,2023,5,May,3,Afternoon,17,No és causa del  vianant,Motorcycle,Man,45,Driver,Desconegut                                                                                                                                            ,Unknown,Unknown,Minor injury: Hospitalization up to 24 hours,427149.38,4582339.19,2.127534019,41.387436732
2023S002626    ,9,Sant Andreu,63,Navas,367300,Biscaia,0345 0345,Thursday,2023,5,May,4,Morning,9,No és causa del  vianant,Motorcycle,Man,46,Driver,Desconegut                                                                                                                                            ,Unknown,Unknown,Minor injury: Hospitalization up to 24 hours,432236.83,4585477.48,2.18802571,41.416147327
2023S002627    ,7,Horta-Guinardó,35,el Guinardó,325402,Segle XX,0027 0029,Thursday,2023,5,May,4,Morning,9,No és causa del  vianant,Motorcycle,Man,31,Driver,Desconegut                                                                                                                                            ,Unknown,In itínere,Minor injury: Hospitalization up to 24 hours,431350.41,4586227.79,2.177334696,41.422829838
2023S002628    ,3,Sants-Montjuïc,17,Sants - Badal,365000,Violant Hongria Reina Aragó,0061 0061,Thursday,2023,5,May,4,Morning,11,No és causa del  vianant,Motorcycle,Man,36,Driver,Desconegut                                                                                                                                            ,Unknown,En missió,Minor injury: Hospitalization up to 24 hours,427296.73,4581339.15,2.129416282,41.378443099
2023S002629    ,10,Sant Martí,72,Sant Martí de Provençals,86200,Concili de Trento,0114B0114B,Thursday,2023,5,May,4,Morning,12,Creuar per fora pas de vianants,Bicicleta,Woman,90,Pedestrian,Fora del pas                                                                                                                                          ,Unknown,Unknown,Minor injury: Hospitalization up to 24 hours,432907.48,4585288.48,2.196070877,41.414501363
2023S002631    ,-1,Unknown,-1,Unknown,-1,Unknown,Unknown,Thursday,2023,5,May,4,Afternoon,14,No és causa del  vianant,Veh. mobilitat personal amb motor,Woman,19,Driver,Desconegut                                                                                                                                            ,Unknown,Unknown,Minor injury: Medical assistance at accident site,431652.35,4582825.28,2.181332195,41.392210236
2023S002632    ,3,Sants-Montjuïc,16,la Bordeta,701433,Mig (Ascendent),000050000,Thursday,2023,5,May,4,Afternoon,14,No és causa del  vianant,Veh. mobilitat personal amb motor,Man,44,Driver,Desconegut                                                                                                                                            ,Unknown,In itínere,Minor injury: Hospitalization up to 24 hours,427578.77,4580280.39,2.132915382,41.368932683
2023S002633    ,1,Ciutat Vella,1,el Raval,269108,Portal de la Pau,0002 0002,Thursday,2023,5,May,4,Afternoon,15,No és causa del  vianant,Taxi,Man,54,Driver,Desconegut                                                                                                                                            ,Unknown,En missió,Minor injury: Medical assistance at accident site,431293.95,4581061.37,2.177245735,41.376292639
2023S002633    ,1,Ciutat Vella,1,el Raval,269108,Portal de la Pau,0002 0002,Thursday,2023,5,May,4,Afternoon,15,No és causa del  vianant,Motorcycle,Man,60,Driver,Desconegut                                                                                                                                            ,Unknown,Unknown,Minor injury: Medical assistance at accident site,431293.95,4581061.37,2.177245735,41.376292639
2023S002634    ,2,Eixample,9,la Nova Esquerra de l'Eixample,169409,Corts Catalanes,0393 0393,Thursday,2023,5,May,4,Afternoon,17,No és causa del  vianant,Motorcycle,Man,37,Driver,Desconegut                                                                                                                                            ,Unknown,In itínere,Minor injury: Hospitalization up to 24 hours,429086.52,4581122.44,2.150843492,41.376651073
2023S002635    ,2,Eixample,9,la Nova Esquerra de l'Eixample,100800,Diputació,0079 0079,Thursday,2023,5,May,4,Afternoon,15,No és causa del  vianant,Motorcycle,Man,50,Driver,Desconegut                                                                                                                                            ,Unknown,In itínere,Minor injury: Hospitalization up to 24 hours,429444.29,4581642.99,2.15506087,41.381370965
2023S002637    ,7,Horta-Guinardó,43,Horta,701267,Dalt (Besòs),001300000,Wednesday,2023,5,May,3,Afternoon,20,No és causa del  vianant,Car,Woman,23,Driver,Desconegut                                                                                                                                            ,Unknown,In itínere,Minor injury: Hospitalization up to 24 hours,429880.2,4588120.61,2.159522554,41.43975068
2023S002637    ,7,Horta-Guinardó,43,Horta,701267,Dalt (Besòs),001300000,Wednesday,2023,5,May,3,Afternoon,20,No és causa del  vianant,Car,Woman,54,Driver,Desconegut                                                                                                                                            ,Unknown,Oci i entreteniment,Minor injury: Hospitalization up to 24 hours,429880.2,4588120.61,2.159522554,41.43975068