Case_Number,District_Code,District_Name,Neighborhood_Code,Neighborhood_Name,Street_Code,Street_Name,Postal_Code,Day_of_Week,Year,Month_Code,Month_Name,Day_of_Month,Shift_Description,Hour_of_Day,Pedestrian_Cause_Description,Involved_Vehicle_Type,Gender_Description,Age,Person_Type_Description,Pedestrian_Accident_Location_Description,Pedestrian_Movement_Reason_Description,Driver_Movement_Reason_Description,Victimization_Description,UTM_X_Coordinate,UTM_Y_Coordinate,Longitude,Latitude
2023S002638    ,2,Eixample,8,l'Antiga Esquerra de l'Eixample,363809,Villarroel,0117 0117,Thursday,2023,5,May,4,Afternoon,17,No és causa del  vianant,Motorcycle,Man,61,Driver,Desconegut                                                                                                                                            ,Unknown,Oci i entreteniment,Minor injury: Hospitalization up to 24 hours,429513.96,4582145.91,2.155835468,41.38590671
2023S002639    ,7,Horta-Guinardó,38,la Teixonera,701268,Dalt (Llobregat),001060000,Thursday,2023,5,May,4,Afternoon,18,No és causa del  vianant,Motorcycle,Man,39,Driver,Desconegut                                                                                                                                            ,Unknown,Unknown,Minor injury: Hospitalization up to 24 hours,428427.45,4586473.16,2.142329787,41.424784563
2023S002641    ,5,Sarrià-Sant Gervasi,27,el Putxet i el Farró,302000,Sant Gervasi,0082 0082,Thursday,2023,5,May,4,Afternoon,19,No és causa del  vianant,Motorcycle,Man,30,Driver,Desconegut                                                                                                                                            ,Unknown,Altres activitats,Minor injury: Hospitalization up to 24 hours,428059.54,4585148.33,2.138084958,41.412819502
2023S002642    ,10,Sant Martí,68,el Poblenou,701266,Litoral (Llobregat),000790000,Thursday,2023,5,May,4,Afternoon,19,No és causa del  vianant,Motorcycle,Man,34,Driver,Desconegut                                                                                                                                            ,Unknown,"Bombers, policia, ambulància",Minor injury: Refused medical assistance,433443.3,4582903.44,2.202744112,41.393064496
2023S002643    ,1,Ciutat Vella,3,la Barceloneta,701265,Litoral (Besòs),0022E0000,Thursday,2023,5,May,4,Afternoon,17,No és causa del  vianant,Motorcycle,Man,35,Driver,Desconegut                                                                                                                                            ,Unknown,Unknown,Minor injury: Hospitalization up to 24 hours,432285.57,4581840.35,2.189015911,41.383392821
2023S002645    ,2,Eixample,5,el Fort Pienc,178308,Lepant,0157 0157,Thursday,2023,5,May,4,Afternoon,21,No és causa del  vianant,Motorcycle,Woman,28,Passenger,Desconegut                                                                                                                                            ,Unknown,Unknown,Minor injury: Hospitalization up to 24 hours,431857.73,4583588.21,2.183702715,41.399099168
2023S002646    ,10,Sant Martí,64,el Camp de l'Arpa del Clot,161407,Indústria,0211 0211,Thursday,2023,5,May,4,Afternoon,20,No és causa del  vianant,Bicicleta,Man,22,Driver,Fora del pas                                                                                                                                          ,Unknown,In itínere,Minor injury: Hospitalization up to 24 hours,431320.31,4584997.16,2.177114327,41.411743388
2023S002647    ,10,Sant Martí,66,el Parc i la Llacuna del Poblenou,242906,Pallars,0101 0103,Friday,2023,5,May,5,Night,0,No és causa del  vianant,Motorcycle,Man,59,Driver,Desconegut                                                                                                                                            ,Unknown,Unknown,Minor injury: Hospitalization up to 24 hours,432457.67,4583263.2,2.190915269,41.396222539
2023S002648    ,1,Ciutat Vella,3,la Barceloneta,224904,Joan Borbó Comte Barcelona,0002 0002,Thursday,2023,5,May,4,Night,22,No és causa del  vianant,Autobús articulat,Woman,64,Passenger,Desconegut                                                                                                                                            ,Unknown,Unknown,Minor injury: Hospitalization up to 24 hours,432117.77,4581633.5,2.187032415,41.381515627
2023S002649    ,8,Nou Barris,48,la Guineueta,351901,Valldaura,0165 0165,Friday,2023,5,May,5,Morning,7,No és causa del  vianant,Motorcycle,Man,31,Driver,Desconegut                                                                                                                                            ,Unknown,In itínere,Minor injury: Hospitalization up to 24 hours,430802.56,4588009.86,2.170575023,41.438833261
2023S002651    ,2,Eixample,7,la Dreta de l'Eixample,268003,Provença,0287 0287,Friday,2023,5,May,5,Morning,10,No és causa del  vianant,Motorcycle,Man,45,Driver,Desconegut                                                                                                                                            ,Unknown,Unknown,Minor injury: Medical assistance at accident site,430216.17,4583338.88,2.164095783,41.396712664
2023S002652    ,2,Eixample,7,la Dreta de l'Eixample,148307,Gràcia,0073 0073,Thursday,2023,5,May,4,Morning,11,No és causa del  vianant,Motorcycle,Man,28,Driver,Desconegut                                                                                                                                            ,Unknown,Oci i entreteniment,Minor injury: Medical assistance at accident site,430145.36,4583025.81,2.163284949,41.393886794
2023S002652    ,2,Eixample,7,la Dreta de l'Eixample,148307,Gràcia,0073 0073,Thursday,2023,5,May,4,Morning,11,No és causa del  vianant,Motorcycle,Man,56,Driver,Desconegut                                                                                                                                            ,Unknown,Oci i entreteniment,Minor injury: Hospitalization up to 24 hours,430145.36,4583025.81,2.163284949,41.393886794
2023S002653    ,9,Sant Andreu,60,Sant Andreu,314100,Santa Coloma,0056 0056,Friday,2023,5,May,5,Morning,9,No és causa del  vianant,Veh. mobilitat personal amb motor,Man,17,Driver,Desconegut                                                                                                                                            ,Unknown,Unknown,Minor injury: Medical assistance at accident site,432858.65,4588893.72,2.195085968,41.446968554
2023S002654    ,2,Eixample,7,la Dreta de l'Eixample,350308,València,0323 0323,Friday,2023,5,May,5,Morning,9,No és causa del  vianant,Motorcycle,Woman,31,Driver,Desconegut                                                                                                                                            ,Unknown,In itínere,Minor injury: Hospitalization up to 24 hours,430610.33,4583364.34,2.168807473,41.396976102
2023S002655    ,2,Eixample,10,Sant Antoni,127704,Floridablanca,0001 0001,Friday,2023,5,May,5,Morning,9,No és causa del  vianant,Motorcycle,Man,49,Driver,Desconegut                                                                                                                                            ,Unknown,En missió,Minor injury: Hospitalization up to 24 hours,429362.65,4580936.13,2.154167022,41.374997338
2023S002656    ,5,Sarrià-Sant Gervasi,26,Sant Gervasi - Galvany,214106,Modolell,0057 0057,Friday,2023,5,May,5,Morning,11,No és causa del  vianant,Motorcycle,Man,33,Driver,Desconegut                                                                                                                                            ,Unknown,Unknown,Minor injury: Hospitalization up to 24 hours,427994.55,4583853.75,2.137461526,41.401153925
2023S002657    ,3,Sants-Montjuïc,11,el Poble-sec,198804,Paral·lel,0075 0075,Friday,2023,5,May,5,Morning,10,No és causa del  vianant,Bicicleta,Woman,32,Driver,Desconegut                                                                                                                                            ,Unknown,Unknown,Minor injury: Hospitalization up to 24 hours,430543.62,4580942.83,2.168287311,41.375160534
2023S002658    ,2,Eixample,7,la Dreta de l'Eixample,232902,Urquinaona,0007 0007,Friday,2023,5,May,5,Morning,12,No és causa del  vianant,Motorcycle,Man,49,Driver,Desconegut                                                                                                                                            ,Unknown,Unknown,Minor injury: Hospitalization up to 24 hours,430987.16,4582551.3,2.173407521,41.389685744
2023S002659    ,2,Eixample,7,la Dreta de l'Eixample,335100,Tetuan,0005 0005,Friday,2023,5,May,5,Morning,12,No és causa del  vianant,Car,Man,32,Driver,Desconegut                                                                                                                                            ,Unknown,Oci i entreteniment,Minor injury: Medical assistance at accident site,431185.93,4583054.42,2.175727592,41.394234237
2023S002660    ,3,Sants-Montjuïc,14,la Font de la Guatlla,191601,Mandoni,0014 0016,Friday,2023,5,May,5,Morning,12,No és causa del  vianant,Bus,Woman,32,Passenger,Desconegut                                                                                                                                            ,Unknown,Unknown,Minor injury: Refused medical assistance,428463.62,4580242.2,2.143499143,41.368667888
2023S002660    ,3,Sants-Montjuïc,14,la Font de la Guatlla,191601,Mandoni,0014 0016,Friday,2023,5,May,5,Morning,12,No és causa del  vianant,Bus,Woman,36,Driver,Desconegut                                                                                                                                            ,Unknown,En missió,Minor injury: Refused medical assistance,428463.62,4580242.2,2.143499143,41.368667888
2023S002661    ,8,Nou Barris,49,Canyelles,120807,Favència,0005 0007,Friday,2023,5,May,5,Afternoon,14,No és causa del  vianant,Motorcycle,Woman,24,Driver,Desconegut                                                                                                                                            ,Unknown,En missió,Minor injury: Hospitalization up to 24 hours,430337.72,4588274.45,2.164980883,41.441176103
2023S002662    ,9,Sant Andreu,59,el Bon Pastor,264308,Potosí,0005 0005,Friday,2023,5,May,5,Morning,13,No és causa del  vianant,Car,Woman,47,Passenger,Desconegut                                                                                                                                            ,Unknown,Unknown,Minor injury: Medical assistance at accident site,433328.95,4588427.0,2.200767227,41.442804179
2023S002663    ,5,Sarrià-Sant Gervasi,23,Sarrià,44709,Bonanova,0096 0096,Friday,2023,5,May,5,Morning,12,No és causa del  vianant,Motorcycle,Man,35,Driver,Desconegut                                                                                                                                            ,Unknown,Altres activitats,Minor injury: Hospitalization up to 24 hours,426822.03,4583866.92,2.123434429,41.401166623
2023S002664    ,10,Sant Martí,71,Provençals del Poblenou,94300,Cristóbal de Moura,0137 0137,Friday,2023,5,May,5,Afternoon,14,No és causa del  vianant,Bus,Woman,58,Passenger,Desconegut                                                                                                                                            ,Unknown,Unknown,Minor injury: Medical assistance at accident site,433946.2,4585071.93,2.208522331,41.412637051
2023S002664    ,10,Sant Martí,71,Provençals del Poblenou,94300,Cristóbal de Moura,0137 0137,Friday,2023,5,May,5,Afternoon,14,No és causa del  vianant,Car,Man,39,Passenger,Desconegut                                                                                                                                            ,Unknown,Unknown,Minor injury: Medical assistance at accident site,433946.2,4585071.93,2.208522331,41.412637051
2023S002665    ,2,Eixample,8,l'Antiga Esquerra de l'Eixample,350308,València,0121 0121,Friday,2023,5,May,5,Morning,12,No és causa del  vianant,Bicicleta,Woman,20,Driver,Desconegut                                                                                                                                            ,Unknown,Unknown,Minor injury: Hospitalization up to 24 hours,429451.21,4582209.99,2.155077566,41.386478354
2023S002666    ,5,Sarrià-Sant Gervasi,26,Sant Gervasi - Galvany,169205,José de Agulló,0025 0025,Monday,2023,5,May,8,Afternoon,14,No és causa del  vianant,Motorcycle,Woman,51,Passenger,Desconegut                                                                                                                                            ,Unknown,Unknown,Minor injury: Hospitalization up to 24 hours,427786.57,4583314.74,2.135038019,41.396280615
2023S002667    ,8,Nou Barris,44,Vilapicina i la Torre Llobeta,24304,Arnau d'Oms,0031 0033,Friday,2023,5,May,5,Morning,13,No és causa del  vianant,Furgoneta,Man,43,Driver,Desconegut                                                                                                                                            ,Unknown,Altres activitats,Minor injury: Hospitalization up to 24 hours,431370.38,4587010.59,2.177484749,41.429881955
2023S002668    ,3,Sants-Montjuïc,12,la Marina del Prat Vermell,375706,Número 60 Zona Franca,0026 0030,Friday,2023,5,May,5,Afternoon,15,No és causa del  vianant,Motorcycle,Man,39,Driver,Desconegut                                                                                                                                            ,Unknown,In itínere,Minor injury: Hospitalization up to 24 hours,428608.62,4577923.34,2.145505773,41.347795521
2023S002669    ,2,Eixample,7,la Dreta de l'Eixample,169409,Corts Catalanes,0594 0594,Friday,2023,5,May,5,Morning,12,No és causa del  vianant,Motorcycle,Man,55,Driver,Desconegut                                                                                                                                            ,Unknown,Altres activitats,Minor injury: Hospitalization up to 24 hours,430197.26,4582210.36,2.163999731,41.386546805
2023S002670    ,3,Sants-Montjuïc,11,el Poble-sec,118805,Exposició,0005 0023,Friday,2023,5,May,5,Afternoon,16,No és causa del  vianant,Motorcycle,Man,31,Driver,Desconegut                                                                                                                                            ,Unknown,Unknown,Minor injury: Hospitalization up to 24 hours,430257.84,4580474.52,2.164924086,41.370917872
2023S002671    ,2,Eixample,7,la Dreta de l'Eixample,169409,Corts Catalanes,0686 0686,Friday,2023,5,May,5,Afternoon,14,No és causa del  vianant,Bicicleta,Woman,35,Driver,Desconegut                                                                                                                                            ,Unknown,Oci i entreteniment,Minor injury: Refused medical assistance,430979.95,4582939.24,2.173277057,41.393179184
2023S002671    ,2,Eixample,7,la Dreta de l'Eixample,169409,Corts Catalanes,0686 0686,Friday,2023,5,May,5,Afternoon,14,No és causa del  vianant,Motorcycle,Woman,31,Driver,Desconegut                                                                                                                                            ,Unknown,Oci i entreteniment,Minor injury: Hospitalization up to 24 hours,430979.95,4582939.24,2.173277057,41.393179184
2023S002672    ,1,Ciutat Vella,4,"Sant Pere, Santa Caterina i la Ribera",286504,Roger de Flor,0005 0005,Friday,2023,5,May,5,Afternoon,16,No és causa del  vianant,Ciclomotor,Woman,19,Passenger,Desconegut                                                                                                                                            ,Unknown,Unknown,Minor injury: Hospitalization up to 24 hours,431875.74,4582612.48,2.184027972,41.390312569
2023S002672    ,1,Ciutat Vella,4,"Sant Pere, Santa Caterina i la Ribera",286504,Roger de Flor,0005 0005,Friday,2023,5,May,5,Afternoon,16,No és causa del  vianant,Tot terreny,Man,48,Driver,Desconegut                                                                                                                                            ,Unknown,Oci i entreteniment,Minor injury: Hospitalization up to 24 hours,431875.74,4582612.48,2.184027972,41.390312569
2023S002673    ,7,Horta-Guinardó,41,la Vall d'Hebron,701268,Dalt (Llobregat),001080000,Friday,2023,5,May,5,Afternoon,16,No és causa del  vianant,Car,Man,46,Driver,Desconegut                                                                                                                                            ,Unknown,Unknown,Minor injury: Hospitalization up to 24 hours,428474.91,4586649.84,2.142876793,41.426380074
2023S002674    ,2,Eixample,7,la Dreta de l'Eixample,247659,Pau Claris,0149 0149,Friday,2023,5,May,5,Afternoon,19,No és causa del  vianant,Motorcycle,Man,49,Driver,Desconegut                                                                                                                                            ,Unknown,Altres activitats,Minor injury: Hospitalization up to 24 hours,430290.6,4583088.44,2.165014897,41.394463491
2023S002675    ,2,Eixample,9,la Nova Esquerra de l'Eixample,349706,Comte d'Urgell,0125 0125,Friday,2023,5,May,5,Afternoon,17,No és causa del  vianant,Motorcycle,Man,43,Driver,Desconegut                                                                                                                                            ,Unknown,Unknown,Minor injury: Hospitalization up to 24 hours,429355.76,4582115.68,2.153947059,41.385620554
2023S002676    ,2,Eixample,6,la Sagrada Família,18505,Aragó,0459 0461,Friday,2023,5,May,5,Afternoon,14,No és causa del  vianant,Motorcycle,Woman,51,Driver,Desconegut                                                                                                                                            ,Unknown,Unknown,Minor injury: Hospitalization up to 24 hours,431505.68,4584066.31,2.179437497,41.403375341
2023S002677    ,4,Les Corts,20,la Maternitat i Sant Ramon,7258,Martí i Franquès,0001 0001,Friday,2023,5,May,5,Afternoon,16,No és causa del  vianant,Motorcycle,Woman,39,Passenger,Desconegut                                                                                                                                            ,Unknown,Unknown,Minor injury: Hospitalization up to 24 hours,426339.27,4582176.37,2.11786547,41.385896466
2023S002677    ,4,Les Corts,20,la Maternitat i Sant Ramon,7258,Martí i Franquès,0001 0001,Friday,2023,5,May,5,Afternoon,16,No és causa del  vianant,Motorcycle,Man,43,Driver,Desconegut                                                                                                                                            ,Unknown,Unknown,Minor injury: Hospitalization up to 24 hours,426339.27,4582176.37,2.11786547,41.385896466
2023S002678    ,2,Eixample,5,el Fort Pienc,178308,Lepant,0121 0123,Friday,2023,5,May,5,Night,22,No és causa del  vianant,Motorcycle,Man,35,Driver,Desconegut                                                                                                                                            ,Unknown,In itínere,Minor injury: Hospitalization up to 24 hours,432080.31,4583367.63,2.186389897,41.397131309
2023S002679    ,8,Nou Barris,50,les Roquetes,212304,Mina de la Ciutat,0047 0047,Friday,2023,5,May,5,Afternoon,17,No és causa del  vianant,Veh. mobilitat personal amb motor,Woman,51,Pedestrian,En pas sense regular                                                                                                                                  ,Unknown,Unknown,Minor injury: Hospitalization up to 24 hours,431160.72,4588975.88,2.174751661,41.447564642
2023S002679    ,8,Nou Barris,50,les Roquetes,212304,Mina de la Ciutat,0047 0047,Friday,2023,5,May,5,Afternoon,17,No és causa del  vianant,Veh. mobilitat personal amb motor,Man,24,Driver,En pas sense regular                                                                                                                                  ,Unknown,Oci i entreteniment,Minor injury: Hospitalization up to 24 hours,431160.72,4588975.88,2.174751661,41.447564642
2023S002680    ,10,Sant Martí,65,el Clot,161101,Independència,0239 0239,Friday,2023,5,May,5,Afternoon,14,No és causa del  vianant,Motorcycle,Woman,29,Driver,Desconegut                                                                                                                                            ,Unknown,In itínere,Minor injury: Hospitalization up to 24 hours,432028.36,4584359.69,2.185657054,41.406062115
2023S002681    ,8,Nou Barris,51,Verdun,70200,Casals,0045 0045,Friday,2023,5,May,5,Afternoon,15,No és causa del  vianant,Autobús articulat,Woman,59,Passenger,Desconegut                                                                                                                                            ,Unknown,Unknown,Minor injury: Hospitalization up to 24 hours,431252.99,4588378.78,2.175924176,41.4421947
2023S002682    ,2,Eixample,7,la Dreta de l'Eixample,169409,Corts Catalanes,0655 0655,Friday,2023,5,May,5,Afternoon,20,No és causa del  vianant,Veh. mobilitat personal amb motor,Woman,30,Driver,Desconegut                                                                                                                                            ,Unknown,Unknown,Minor injury: Medical assistance at accident site,430979.95,4582939.24,2.173277057,41.393179184
2023S002683    ,8,Nou Barris,51,Verdun,120807,Favència,0212 0214,Friday,2023,5,May,5,Afternoon,19,No és causa del  vianant,Motorcycle,Man,8,Pedestrian,En pas sense regular                                                                                                                                  ,Altres activitats,Unknown,Minor injury: Medical assistance at accident site,431024.78,4588554.05,2.173172588,41.443753705
2023S002684    ,2,Eixample,7,la Dreta de l'Eixample,18505,Aragó,0301 0301,Friday,2023,5,May,5,Night,23,No és causa del  vianant,Motorcycle,Woman,25,Passenger,Desconegut                                                                                                                                            ,Unknown,Unknown,Minor injury: Hospitalization up to 24 hours,430539.63,4583069.25,2.167995683,41.394312213
2023S002684    ,2,Eixample,7,la Dreta de l'Eixample,18505,Aragó,0301 0301,Friday,2023,5,May,5,Night,23,No és causa del  vianant,Motorcycle,Man,24,Driver,Desconegut                                                                                                                                            ,Unknown,Oci i entreteniment,Minor injury: Medical assistance at accident site,430539.63,4583069.25,2.167995683,41.394312213
2023S002684    ,2,Eixample,7,la Dreta de l'Eixample,18505,Aragó,0301 0301,Friday,2023,5,May,5,Night,23,No és causa del  vianant,Motorcycle,Man,27,Driver,Desconegut                                                                                                                                            ,Unknown,Oci i entreteniment,Minor injury: Medical assistance at accident site,430539.63,4583069.25,2.167995683,41.394312213
2023S002685    ,7,Horta-Guinardó,43,Horta,312706,Santa Amàlia,0007 0007,Saturday,2023,5,May,6,Night,0,No és causa del  vianant,Motorcycle,Woman,33,Passenger,Desconegut                                                                                                                                            ,Unknown,Unknown,Minor injury: Hospitalization up to 24 hours,430290.05,4587098.71,2.164546008,41.430582531
2023S002686    ,2,Eixample,7,la Dreta de l'Eixample,144601,Diagonal,0422 0422,Saturday,2023,5,May,6,Night,4,No és causa del  vianant,Motorcycle,Man,23,Driver,Desconegut                                                                                                                                            ,Unknown,Oci i entreteniment,Minor injury: Medical assistance at accident site,430134.59,4583421.81,2.163110418,41.397452499
2023S002687    ,10,Sant Martí,69,Diagonal Mar i el Front Marítim del Poblenou,701266,Litoral (Llobregat),000670000,Friday,2023,5,May,5,Afternoon,17,No és causa del  vianant,Car,Woman,37,Passenger,Desconegut                                                                                                                                            ,Unknown,Unknown,Minor injury: Medical assistance at accident site,434167.41,4583754.91,2.21131228,41.40079313
2023S002687    ,10,Sant Martí,69,Diagonal Mar i el Front Marítim del Poblenou,701266,Litoral (Llobregat),000670000,Friday,2023,5,May,5,Afternoon,17,No és causa del  vianant,Car,Woman,6,Passenger,Desconegut                                                                                                                                            ,Unknown,Unknown,Minor injury: Medical assistance at accident site,434167.41,4583754.91,2.21131228,41.40079313
2023S002687    ,10,Sant Martí,69,Diagonal Mar i el Front Marítim del Poblenou,701266,Litoral (Llobregat),000670000,Friday,2023,5,May,5,Afternoon,17,No és causa del  vianant,Car,Man,11,Passenger,Desconegut                                                                                                                                            ,Unknown,Unknown,Minor injury: Medical assistance at accident site,434167.41,4583754.91,2.21131228,41.40079313
2023S002687    ,10,Sant Martí,69,Diagonal Mar i el Front Marítim del Poblenou,701266,Litoral (Llobregat),000670000,Friday,2023,5,May,5,Afternoon,17,No és causa del  vianant,Car,Man,17,Passenger,Desconegut                                                                                                                                            ,Unknown,Unknown,Minor injury: Medical assistance at accident site,434167.41,4583754.91,2.21131228,41.40079313
2023S002687    ,10,Sant Martí,69,Diagonal Mar i el Front Marítim del Poblenou,701266,Litoral (Llobregat),000670000,Friday,2023,5,May,5,Afternoon,17,No és causa del  vianant,Car,Man,4,Passenger,Desconegut                                                                                                                                            ,Unknown,Unknown,Minor injury: Medical assistance at accident site,434167.41,4583754.91,2.21131228,41.40079313
2023S002687    ,10,Sant Martí,69,Diagonal Mar i el Front Marítim del Poblenou,701266,Litoral (Llobregat),000670000,Friday,2023,5,May,5,Afternoon,17,No és causa del  vianant,Furgoneta,Man,56,Driver,Desconegut                                                                                                                                            ,Unknown,Oci i entreteniment,Minor injury: Medical assistance at accident site,434167.41,4583754.91,2.21131228,41.40079313
2023S002687    ,10,Sant Martí,69,Diagonal Mar i el Front Marítim del Poblenou,701266,Litoral (Llobregat),000670000,Friday,2023,5,May,5,Afternoon,17,No és causa del  vianant,Car,Man,38,Driver,Desconegut                                                                                                                                            ,Unknown,Oci i entreteniment,Minor injury: Medical assistance at accident site,434167.41,4583754.91,2.21131228,41.40079313
2023S002688    ,4,Les Corts,19,les Corts,162002,Josep Tarradellas,0139S0139S,Friday,2023,5,May,5,Afternoon,16,No és causa del  vianant,Motorcycle,Man,25,Driver,Desconegut                                                                                                                                            ,Unknown,Oci i entreteniment,Minor injury: Medical assistance at accident site,428499.73,4582666.13,2.143644741,41.390502587
2023S002688    ,4,Les Corts,19,les Corts,162002,Josep Tarradellas,0139S0139S,Friday,2023,5,May,5,Afternoon,16,No és causa del  vianant,Motorcycle,Man,36,Driver,Desconegut                                                                                                                                            ,Unknown,Oci i entreteniment,Minor injury: Medical assistance at accident site,428499.73,4582666.13,2.143644741,41.390502587
2023S002689    ,5,Sarrià-Sant Gervasi,26,Sant Gervasi - Galvany,344101,Gràcia,0058 0058B,Friday,2023,5,May,5,Afternoon,17,No és causa del  vianant,Motorcycle,Woman,25,Driver,Desconegut                                                                                                                                            ,Unknown,Oci i entreteniment,Minor injury: Refused medical assistance,429034.46,4583295.16,2.14996634,41.396215419
2023S002690    ,5,Sarrià-Sant Gervasi,26,Sant Gervasi - Galvany,90105,Copèrnic,0005 0007,Friday,2023,5,May,5,Afternoon,17,No és causa del  vianant,Motorcycle,Man,20,Driver,Desconegut                                                                                                                                            ,Unknown,Unknown,Minor injury: Hospitalization up to 24 hours,427875.4,4583722.21,2.136051948,41.399958512
2023S002691    ,3,Sants-Montjuïc,12,la Marina del Prat Vermell,701266,Litoral (Llobregat),001780000,Thursday,2023,5,May,4,Afternoon,18,No és causa del  vianant,Motorcycle,Man,49,Driver,Desconegut                                                                                                                                            ,Unknown,In itínere,Minor injury: Hospitalization up to 24 hours,427781.46,4576414.5,2.135799013,41.33413209
2023S002692    ,9,Sant Andreu,60,Sant Andreu,209900,Meridiana,0572 0572,Friday,2023,5,May,5,Afternoon,15,No és causa del  vianant,Motorcycle,Man,51,Driver,Desconegut                                                                                                                                            ,Unknown,In itínere,Minor injury: Hospitalization up to 24 hours,432119.65,4588374.5,2.18629819,41.442229936
2023S002693    ,9,Sant Andreu,59,el Bon Pastor,264308,Potosí,0002 0002,Friday,2023,5,May,5,Afternoon,18,No és causa del  vianant,Motorcycle,Man,36,Driver,Desconegut                                                                                                                                            ,Unknown,Oci i entreteniment,Minor injury: Hospitalization up to 24 hours,433283.08,4588420.85,2.200218856,41.442744975
2023S002694    ,4,Les Corts,20,la Maternitat i Sant Ramon,144601,Diagonal,0641 0641,Saturday,2023,5,May,6,Night,5,No és causa del  vianant,Car,Woman,26,Passenger,Desconegut                                                                                                                                            ,Unknown,Unknown,Minor injury: Hospitalization up to 24 hours,426608.6,4582318.0,2.121069228,41.387196699
2023S002694    ,4,Les Corts,20,la Maternitat i Sant Ramon,144601,Diagonal,0641 0641,Saturday,2023,5,May,6,Night,5,No és causa del  vianant,Car,Woman,29,Passenger,Desconegut                                                                                                                                            ,Unknown,Unknown,Minor injury: Hospitalization up to 24 hours,426608.6,4582318.0,2.121069228,41.387196699
2023S002694    ,4,Les Corts,20,la Maternitat i Sant Ramon,144601,Diagonal,0641 0641,Saturday,2023,5,May,6,Night,5,No és causa del  vianant,Car,Woman,32,Passenger,Desconegut                                                                                                                                            ,Unknown,Unknown,Minor injury: Hospitalization up to 24 hours,426608.6,4582318.0,2.121069228,41.387196699
2023S002694    ,4,Les Corts,20,la Maternitat i Sant Ramon,144601,Diagonal,0641 0641,Saturday,2023,5,May,6,Night,5,No és causa del  vianant,Car,Woman,30,Driver,Desconegut                                                                                                                                            ,Unknown,Oci i entreteniment,Minor injury: Hospitalization up to 24 hours,426608.6,4582318.0,2.121069228,41.387196699
2023S002695    ,8,Nou Barris,51,Verdun,174307,Júlia,0105X0105X,Friday,2023,5,May,5,Afternoon,18,No és causa del  vianant,"Camió rígid > 3,5 tones",Woman,21,Passenger,A la vorera / Andana                                                                                                                                  ,Unknown,Unknown,Minor injury: Medical assistance at accident site,431399.53,4588343.96,2.177682148,41.441893631
2023S002695    ,8,Nou Barris,51,Verdun,174307,Júlia,0105X0105X,Friday,2023,5,May,5,Afternoon,18,No és causa del  vianant,"Camió rígid > 3,5 tones",Woman,59,Pedestrian,A la vorera / Andana                                                                                                                                  ,Unknown,Unknown,Minor injury: Hospitalization up to 24 hours,431399.53,4588343.96,2.177682148,41.441893631
2023S002696    ,5,Sarrià-Sant Gervasi,26,Sant Gervasi - Galvany,196900,Marià Cubí,0053 0053,Saturday,2023,5,May,6,Morning,6,No és causa del  vianant,Taxi,Man,22,Driver,Desconegut                                                                                                                                            ,Unknown,Taxi,Minor injury: Medical assistance at accident site,429021.33,4583530.77,2.149781658,41.398336313
2023S002697    ,10,Sant Martí,68,el Poblenou,110009,Ramon Turró,0248 0250,Friday,2023,5,May,5,Afternoon,15,No és causa del  vianant,Bicicleta,Woman,38,Driver,Desconegut                                                                                                                                            ,Unknown,Oci i entreteniment,Minor injury: Hospitalization up to 24 hours,433716.04,4583891.71,2.205897994,41.401988148
2023S002699    ,7,Horta-Guinardó,43,Horta,701268,Dalt (Llobregat),001290000,Saturday,2023,5,May,6,Morning,11,No és causa del  vianant,"Camió rígid > 3,5 tones",Man,54,Driver,Desconegut                                                                                                                                            ,Unknown,En missió,Minor injury: Medical assistance at accident site,429801.64,4588056.05,2.158589772,41.439162346
2023S002700    ,8,Nou Barris,53,la Trinitat Nova,701267,Dalt (Besòs),001500000,Saturday,2023,5,May,6,Morning,10,No és causa del  vianant,Car,Woman,84,Driver,Desconegut                                                                                                                                            ,Unknown,En missió,Minor injury: Hospitalization up to 24 hours,431724.23,4588823.72,2.181514384,41.446242348
2023S002701    ,3,Sants-Montjuïc,16,la Bordeta,701434,Mig (Descendent),000010000,Saturday,2023,5,May,6,Morning,9,No és causa del  vianant,Motorcycle,Woman,15,Passenger,Desconegut                                                                                                                                            ,Unknown,Unknown,Minor injury: Hospitalization up to 24 hours,427726.02,4579962.15,2.134713848,41.36607965
2023S002701    ,3,Sants-Montjuïc,16,la Bordeta,701434,Mig (Descendent),000010000,Saturday,2023,5,May,6,Morning,9,No és causa del  vianant,Motorcycle,Woman,53,Driver,Desconegut                                                                                                                                            ,Unknown,Unknown,Minor injury: Hospitalization up to 24 hours,427726.02,4579962.15,2.134713848,41.36607965
2023S002702    ,8,Nou Barris,52,la Prosperitat,120807,Favència,0348 0348,Saturday,2023,5,May,6,Morning,10,No és causa del  vianant,Car,Woman,42,Passenger,Desconegut                                                                                                                                            ,Unknown,Unknown,Minor injury: Hospitalization up to 24 hours,431720.19,4588848.82,2.181463185,41.446468071
2023S002702    ,8,Nou Barris,52,la Prosperitat,120807,Favència,0348 0348,Saturday,2023,5,May,6,Morning,10,No és causa del  vianant,Car,Man,6,Passenger,Desconegut                                                                                                                                            ,Unknown,Unknown,Minor injury: Hospitalization up to 24 hours,431720.19,4588848.82,2.181463185,41.446468071
2023S002702    ,8,Nou Barris,52,la Prosperitat,120807,Favència,0348 0348,Saturday,2023,5,May,6,Morning,10,No és causa del  vianant,Car,Man,38,Driver,Desconegut                                                                                                                                            ,Unknown,Unknown,Minor injury: Hospitalization up to 24 hours,431720.19,4588848.82,2.181463185,41.446468071