Case_Number,District_Code,District_Name,Neighborhood_Code,Neighborhood_Name,Street_Code,Street_Name,Postal_Code,Day_of_Week,Year,Month_Code,Month_Name,Day_of_Month,Shift_Description,Hour_of_Day,Pedestrian_Cause_Description,Involved_Vehicle_Type,Gender_Description,Age,Person_Type_Description,Pedestrian_Accident_Location_Description,Pedestrian_Movement_Reason_Description,Driver_Movement_Reason_Description,Victimization_Description,UTM_X_Coordinate,UTM_Y_Coordinate,Longitude,Latitude
2023S002858    ,5,Sarrià-Sant Gervasi,26,Sant Gervasi - Galvany,223606,Muntaner,0293 0295,Saturday,2023,5,May,13,Morning,12,No és causa del  vianant,Motorcycle,Woman,31,Passenger,Desconegut                                                                                                                                            ,Unknown,Unknown,Minor injury: Hospitalization up to 24 hours,428744.96,4583316.6,2.146501105,41.396382907
2023S002858    ,5,Sarrià-Sant Gervasi,26,Sant Gervasi - Galvany,223606,Muntaner,0293 0295,Saturday,2023,5,May,13,Morning,12,No és causa del  vianant,Motorcycle,Man,30,Driver,Desconegut                                                                                                                                            ,Unknown,Oci i entreteniment,Minor injury: Hospitalization up to 24 hours,428744.96,4583316.6,2.146501105,41.396382907
2023S002859    ,1,Ciutat Vella,3,la Barceloneta,197903,Marítim de la Barceloneta,0023 0031,Saturday,2023,5,May,13,Morning,13,No és causa del  vianant,Veh. mobilitat personal amb motor,Woman,27,Pedestrian,A la vorera / Andana                                                                                                                                  ,Oci i entreteniment,Unknown,Minor injury: Hospitalization up to 24 hours,432803.97,4581839.64,2.195215428,41.383429917
2023S002860    ,5,Sarrià-Sant Gervasi,27,el Putxet i el Farró,279600,República Argentina,0251 0255,Saturday,2023,5,May,13,Morning,13,No és causa del  vianant,Motorcycle,Man,29,Driver,Desconegut                                                                                                                                            ,Unknown,Unknown,Minor injury: Hospitalization up to 24 hours,428156.12,4585181.49,2.139236503,41.413126805
2023S002861    ,2,Eixample,7,la Dreta de l'Eixample,18505,Aragó,0252 0252,Saturday,2023,5,May,13,Afternoon,14,No és causa del  vianant,Bicicleta,Man,24,Driver,Desconegut                                                                                                                                            ,Unknown,Unknown,Minor injury: Medical assistance at accident site,430109.98,4582647.64,2.162905446,41.390477664
2023S002862    ,3,Sants-Montjuïc,11,el Poble-sec,198804,Paral·lel,0101 0101,Saturday,2023,5,May,13,Afternoon,16,Desobeir altres senyals,Veh. mobilitat personal amb motor,Man,38,Driver,Desconegut                                                                                                                                            ,Unknown,Oci i entreteniment,Minor injury: Hospitalization up to 24 hours,430117.62,4580925.85,2.163195502,41.3749707
2023S002863    ,4,Les Corts,20,la Maternitat i Sant Ramon,100708,Arístides Maillol,0002 0002,Saturday,2023,5,May,13,Afternoon,18,No és causa del  vianant,Car,Man,23,Passenger,Desconegut                                                                                                                                            ,Unknown,Unknown,Minor injury: Hospitalization up to 24 hours,426530.93,4581414.22,2.120249993,41.37904963
2023S002864    ,-1,Unknown,-1,Unknown,-1,Unknown,Unknown,Saturday,2023,5,May,13,Afternoon,18,No és causa del  vianant,Motorcycle,Woman,52,Driver,Desconegut                                                                                                                                            ,Unknown,Unknown,Minor injury: Hospitalization up to 24 hours,429178.93,4586631.06,2.151303679,41.426273341
2023S002865    ,5,Sarrià-Sant Gervasi,25,Sant Gervasi - la Bonanova,143904,General Mitre,0173 0173,Saturday,2023,5,May,13,Afternoon,19,No és causa del  vianant,Motorcycle,Man,49,Driver,Desconegut                                                                                                                                            ,Unknown,Unknown,Minor injury: Medical assistance at accident site,428205.75,4584193.88,2.139947513,41.404236239
2023S002867    ,2,Eixample,7,la Dreta de l'Eixample,169409,Corts Catalanes,0645 0645,Saturday,2023,5,May,13,Afternoon,19,No és causa del  vianant,Motorcycle,Man,46,Driver,Desconegut                                                                                                                                            ,Unknown,Oci i entreteniment,Minor injury: Medical assistance at accident site,430886.26,4582847.07,2.172167,41.392340987
2023S002868    ,10,Sant Martí,66,el Parc i la Llacuna del Poblenou,171400,Joan d'Àustria,0130 0130,Saturday,2023,5,May,13,Night,23,No és causa del  vianant,Car,Man,39,Driver,Desconegut                                                                                                                                            ,Unknown,Unknown,Minor injury: Hospitalization up to 24 hours,432129.18,4583295.86,2.186982495,41.396489025
2023S002870    ,2,Eixample,7,la Dreta de l'Eixample,169409,Corts Catalanes,0609 0609,Saturday,2023,5,May,13,Afternoon,21,No és causa del  vianant,Motorcycle,Man,37,Driver,Desconegut                                                                                                                                            ,Unknown,Unknown,Minor injury: Hospitalization up to 24 hours,430495.65,4582501.94,2.16753479,41.389198828
2023S002872    ,2,Eixample,7,la Dreta de l'Eixample,148307,Gràcia,0008 0010,Friday,2023,5,May,12,Afternoon,19,No és causa del  vianant,Bicicleta,Man,69,Pedestrian,A la vorera / Andana                                                                                                                                  ,Altres activitats,Unknown,Minor injury: Medical assistance at accident site,430639.26,4582486.43,2.169254112,41.389071538
2023S002873    ,4,Les Corts,19,les Corts,144601,Diagonal,0485 0485,Sunday,2023,5,May,14,Morning,10,No és causa del  vianant,Motorcycle,Man,50,Driver,Desconegut                                                                                                                                            ,Unknown,Oci i entreteniment,Minor injury: Hospitalization up to 24 hours,428484.44,4582839.4,2.143441403,41.392061806
2023S002874    ,10,Sant Martí,67,la Vila Olímpica del Poblenou,197302,Marina,0033X0033X,Tuesday,2023,5,May,9,Afternoon,15,No és causa del  vianant,Veh. mobilitat personal amb motor,Woman,58,Pedestrian,En pas regulat per semàfor                                                                                                                            ,Unknown,Unknown,Minor injury: Hospitalization up to 24 hours,432751.35,4582465.56,2.194516637,41.389063026
2023S002875    ,10,Sant Martí,69,Diagonal Mar i el Front Marítim del Poblenou,700654,Litoral,0098 0098,Sunday,2023,5,May,14,Morning,13,No és causa del  vianant,Motorcycle,Woman,29,Driver,Desconegut                                                                                                                                            ,Unknown,Unknown,Minor injury: Hospitalization up to 24 hours,434273.15,4583794.77,2.212572815,41.401160796
2023S002876    ,10,Sant Martí,68,el Poblenou,55501,Calvell,0035 0035,Sunday,2023,5,May,14,Afternoon,15,Desobeir altres senyals,Bicicleta,Man,40,Driver,Altres                                                                                                                                                ,Unknown,Unknown,Minor injury: Hospitalization up to 24 hours,433603.47,4583142.91,2.20463357,41.395234593
2023S002877    ,5,Sarrià-Sant Gervasi,26,Sant Gervasi - Galvany,90105,Copèrnic,0029 0029,Sunday,2023,5,May,14,Afternoon,17,No és causa del  vianant,Motorcycle,Man,52,Driver,Desconegut                                                                                                                                            ,Unknown,En missió,Minor injury: Hospitalization up to 24 hours,428098.25,4583736.11,2.138715952,41.400103674
2023S002879    ,2,Eixample,7,la Dreta de l'Eixample,18505,Aragó,0358 0358,Sunday,2023,5,May,14,Afternoon,19,No és causa del  vianant,Car,Woman,28,Passenger,Desconegut                                                                                                                                            ,Unknown,Unknown,Minor injury: Hospitalization up to 24 hours,430818.26,4583342.25,2.171297093,41.39679507
2023S002879    ,2,Eixample,7,la Dreta de l'Eixample,18505,Aragó,0358 0358,Sunday,2023,5,May,14,Afternoon,19,No és causa del  vianant,Car,Woman,28,Driver,Desconegut                                                                                                                                            ,Unknown,Unknown,Minor injury: Hospitalization up to 24 hours,430818.26,4583342.25,2.171297093,41.39679507
2023S002879    ,2,Eixample,7,la Dreta de l'Eixample,18505,Aragó,0358 0358,Sunday,2023,5,May,14,Afternoon,19,No és causa del  vianant,Car,Woman,44,Driver,Desconegut                                                                                                                                            ,Unknown,Taxi,Minor injury: Medical assistance at accident site,430818.26,4583342.25,2.171297093,41.39679507
2023S002880    ,4,Les Corts,20,la Maternitat i Sant Ramon,23800,Arizala,0053 0053,Sunday,2023,5,May,14,Night,22,No és causa del  vianant,Motorcycle,Man,45,Driver,Desconegut                                                                                                                                            ,Unknown,Unknown,Minor injury: Hospitalization up to 24 hours,426835.88,4581306.77,2.123909497,41.378109672
2023S002881    ,3,Sants-Montjuïc,15,Hostafrancs,94809,Creu Coberta,0002 0002,Sunday,2023,5,May,14,Night,22,Creuar per fora pas de vianants,Motorcycle,Man,25,Driver,Desconegut                                                                                                                                            ,Unknown,Unknown,Minor injury: Medical assistance at accident site,428843.01,4580971.69,2.147949446,41.375271811
2023S002882    ,10,Sant Martí,72,Sant Martí de Provençals,153205,Guipúscoa,0029 0033,Monday,2023,5,May,15,Morning,9,No és causa del  vianant,Motorcycle,Man,62,Driver,Desconegut                                                                                                                                            ,Unknown,In itínere,Minor injury: Hospitalization up to 24 hours,432792.64,4585292.45,2.194696433,41.414527519
2023S002882    ,10,Sant Martí,72,Sant Martí de Provençals,153205,Guipúscoa,0029 0033,Monday,2023,5,May,15,Morning,9,No és causa del  vianant,Bicicleta,Man,51,Driver,Desconegut                                                                                                                                            ,Unknown,Oci i entreteniment,Minor injury: Refused medical assistance,432792.64,4585292.45,2.194696433,41.414527519
2023S002883    ,3,Sants-Montjuïc,11,el Poble-sec,130200,Font-trobada,0002X0002X,Sunday,2023,5,May,14,Afternoon,20,No és causa del  vianant,Veh. mobilitat personal amb motor,Man,23,Driver,Desconegut                                                                                                                                            ,Unknown,Unknown,Minor injury: Hospitalization up to 24 hours,430577.5,4580475.76,2.168745937,41.370956691
2023S002884    ,7,Horta-Guinardó,33,el Baix Guinardó,238400,Padilla,0394U0394U,Monday,2023,5,May,15,Morning,10,No és causa del  vianant,Motorcycle,Man,33,Driver,Desconegut                                                                                                                                            ,Unknown,In itínere,Minor injury: Hospitalization up to 24 hours,430317.31,4585099.91,2.165102679,41.412582438
2023S002885    ,10,Sant Martí,68,el Poblenou,701266,Litoral (Llobregat),000760000,Monday,2023,5,May,15,Morning,11,No és causa del  vianant,Motorcycle,Woman,31,Driver,Desconegut                                                                                                                                            ,Unknown,Unknown,Minor injury: Medical assistance at accident site,433689.13,4583118.93,2.205660776,41.395025683
2023S002886    ,4,Les Corts,19,les Corts,172403,Joan Güell,0144 0148,Monday,2023,5,May,15,Morning,7,No és causa del  vianant,Car,Man,34,Pedestrian,En pas sense regular                                                                                                                                  ,Oci i entreteniment,Unknown,Minor injury: Hospitalization up to 24 hours,427473.43,4581830.05,2.131470424,41.382880403
2023S002887    ,10,Sant Martí,68,el Poblenou,144601,Diagonal,0151 0159,Monday,2023,5,May,15,Morning,11,No és causa del  vianant,Ciclomotor,Man,30,Driver,Desconegut                                                                                                                                            ,Unknown,In itínere,Minor injury: Hospitalization up to 24 hours,433005.71,4584334.12,2.197351875,41.405913906
2023S002888    ,2,Eixample,7,la Dreta de l'Eixample,18505,Aragó,0299 0299,Monday,2023,5,May,15,Morning,11,No és causa del  vianant,Motorcycle,Man,47,Driver,Desconegut                                                                                                                                            ,Unknown,En missió,Minor injury: Medical assistance at accident site,430520.67,4583095.1,2.167765941,41.394543397
2023S002889    ,5,Sarrià-Sant Gervasi,23,Sarrià,311601,Sant Vicenç de Sarrià,9999 9999,Monday,2023,5,May,15,Morning,8,No és causa del  vianant,Bicicleta,Woman,47,Pedestrian,En zona peatonal                                                                                                                                      ,Unknown,Unknown,Minor injury: Hospitalization up to 24 hours,426885.26,4583428.39,2.124243763,41.397222726
2023S002889    ,5,Sarrià-Sant Gervasi,23,Sarrià,311601,Sant Vicenç de Sarrià,9999 9999,Monday,2023,5,May,15,Morning,8,No és causa del  vianant,Bicicleta,Woman,17,Driver,En zona peatonal                                                                                                                                      ,Unknown,Unknown,Minor injury: Medical assistance at accident site,426885.26,4583428.39,2.124243763,41.397222726
2023S002890    ,8,Nou Barris,45,Porta,356905,Verdum,0022 0024,Monday,2023,5,May,15,Morning,10,No és causa del  vianant,Motorcycle,Man,47,Driver,Desconegut                                                                                                                                            ,Unknown,Unknown,Minor injury: Hospitalization up to 24 hours,431057.48,4587824.66,2.173647278,41.437187175
2023S002891    ,6,Gràcia,28,Vallcarca i els Penitents,69200,Ca l'Alegre,0015 0015,Monday,2023,5,May,15,Morning,12,No és causa del  vianant,Car,Man,46,Driver,Desconegut                                                                                                                                            ,Unknown,Oci i entreteniment,Minor injury: Hospitalization up to 24 hours,427797.32,4585376.83,2.13492047,41.414853977
2023S002892    ,1,Ciutat Vella,4,"Sant Pere, Santa Caterina i la Ribera",85604,Comerç,0004B0004B,Monday,2023,5,May,15,Morning,11,Creuar per fora pas de vianants,Furgoneta,Woman,67,Pedestrian,En pas sense regular                                                                                                                                  ,Oci i entreteniment,Unknown,Minor injury: Hospitalization up to 24 hours,431642.2,4582528.64,2.181244295,41.38953762
2023S002893    ,3,Sants-Montjuïc,11,el Poble-sec,198804,Paral·lel,0135 0137,Monday,2023,4,April,10,Afternoon,19,No és causa del  vianant,Motorcycle,Woman,30,Passenger,Desconegut                                                                                                                                            ,Unknown,Unknown,Minor injury: Refused medical assistance,429782.97,4580953.24,2.159190867,41.375188247
2023S002893    ,3,Sants-Montjuïc,11,el Poble-sec,198804,Paral·lel,0135 0137,Monday,2023,4,April,10,Afternoon,19,No és causa del  vianant,Motorcycle,Man,30,Driver,Desconegut                                                                                                                                            ,Unknown,Oci i entreteniment,Minor injury: Refused medical assistance,429782.97,4580953.24,2.159190867,41.375188247
2023S002894    ,8,Nou Barris,52,la Prosperitat,70709,Enric Casanovas,0072 0074,Monday,2023,5,May,15,Morning,12,No és causa del  vianant,Ciclomotor,Man,25,Driver,Desconegut                                                                                                                                            ,Unknown,Altres activitats,Minor injury: Hospitalization up to 24 hours,431593.05,4588265.57,2.180007364,41.441204122
2023S002895    ,7,Horta-Guinardó,37,el Carmel,97807,Dante Alighieri,0148 0148,Monday,2023,5,May,15,Afternoon,15,No és causa del  vianant,Car,Woman,54,Pedestrian,En pas regulat per semàfor                                                                                                                            ,In itinere,Unknown,Minor injury: Hospitalization up to 24 hours,429409.17,4586570.55,2.154065923,41.425748628
2023S002896    ,1,Ciutat Vella,4,"Sant Pere, Santa Caterina i la Ribera",198203,Marquès de l'Argentera,0011 0011,Monday,2023,5,May,15,Afternoon,14,No és causa del  vianant,Bicicleta,Man,27,Driver,Desconegut                                                                                                                                            ,Unknown,Unknown,Minor injury: Hospitalization up to 24 hours,431919.55,4581929.16,2.184628777,41.384161801
2023S002896    ,1,Ciutat Vella,4,"Sant Pere, Santa Caterina i la Ribera",198203,Marquès de l'Argentera,0011 0011,Monday,2023,5,May,15,Afternoon,14,No és causa del  vianant,Veh. mobilitat personal amb motor,Woman,17,Driver,Desconegut                                                                                                                                            ,Unknown,Unknown,Minor injury: Hospitalization up to 24 hours,431919.55,4581929.16,2.184628777,41.384161801
2023S002897    ,4,Les Corts,19,les Corts,144601,Diagonal,0650 0650,Monday,2023,5,May,15,Afternoon,15,No és causa del  vianant,Motorcycle,Man,23,Driver,Desconegut                                                                                                                                            ,Unknown,Unknown,Minor injury: Medical assistance at accident site,427575.97,4582577.49,2.13260725,41.389621548
2023S002898    ,8,Nou Barris,53,la Trinitat Nova,120807,Favència,0263 0263,Monday,2023,5,May,15,Afternoon,17,No és causa del  vianant,Car,Man,24,Driver,Desconegut                                                                                                                                            ,Unknown,In itínere,Minor injury: Hospitalization up to 24 hours,431724.23,4588823.72,2.181514384,41.446242348
2023S002899    ,8,Nou Barris,55,Ciutat Meridiana,275600,Rasos de Peguera,0009X0009X,Monday,2023,5,May,15,Afternoon,16,No és causa del  vianant,Motorcycle,Woman,22,Passenger,Desconegut                                                                                                                                            ,Unknown,Unknown,Minor injury: Hospitalization up to 24 hours,431516.08,4590599.61,2.178821215,41.462219364
2023S002900    ,3,Sants-Montjuïc,17,Sants - Badal,59105,Canalejas,0085 0085,Monday,2023,5,May,15,Afternoon,18,No és causa del  vianant,Car,Man,48,Pedestrian,En zona peatonal                                                                                                                                      ,Unknown,Unknown,Minor injury: Hospitalization up to 24 hours,427304.19,4580690.16,2.12958336,41.372598565
2023S002901    ,2,Eixample,9,la Nova Esquerra de l'Eixample,18505,Aragó,0065 0065,Monday,2023,5,May,15,Afternoon,18,No és causa del  vianant,Motorcycle,Man,22,Driver,Desconegut                                                                                                                                            ,Unknown,Oci i entreteniment,Minor injury: Medical assistance at accident site,428994.37,4581592.23,2.149686545,41.380874184
2023S002902    ,7,Horta-Guinardó,43,Horta,157308,Horta a Cerdanyola,0075 0075,Monday,2023,5,May,15,Afternoon,20,No és causa del  vianant,Bicicleta,Man,51,Driver,Desconegut                                                                                                                                            ,Unknown,Activitat esportiva particular,Minor injury: Hospitalization up to 24 hours,429195.5,4588322.66,2.151303679,41.441510338
2023S002903    ,5,Sarrià-Sant Gervasi,24,les Tres Torres,26707,Artós,0002 0003,Monday,2023,5,May,15,Night,22,No és causa del  vianant,Motorcycle,Man,35,Driver,Desconegut                                                                                                                                            ,Unknown,In itínere,Minor injury: Hospitalization up to 24 hours,426997.09,4583262.8,2.125601349,41.395741492
2023S002904    ,5,Sarrià-Sant Gervasi,23,Sarrià,701268,Dalt (Llobregat),000770000,Tuesday,2023,5,May,16,Morning,8,No és causa del  vianant,Motorcycle,Man,51,Driver,Desconegut                                                                                                                                            ,Unknown,In itínere,Minor injury: Hospitalization up to 24 hours,426544.03,4584388.45,2.120045718,41.405838449
2023S002905    ,5,Sarrià-Sant Gervasi,26,Sant Gervasi - Galvany,28000,Augusta,0001 0001,Tuesday,2023,5,May,16,Morning,9,No és causa del  vianant,Motorcycle,Man,34,Driver,Desconegut                                                                                                                                            ,Unknown,In itínere,Minor injury: Hospitalization up to 24 hours,429503.04,4583283.82,2.155572358,41.396154521
2023S002906    ,4,Les Corts,19,les Corts,231502,Numància,0136X0136X,Tuesday,2023,5,May,16,Morning,11,No és causa del  vianant,Veh. mobilitat personal amb motor,Man,18,Driver,Desconegut                                                                                                                                            ,Unknown,Unknown,Minor injury: Medical assistance at accident site,427722.44,4582364.77,2.134384389,41.387718843
2023S002907    ,4,Les Corts,19,les Corts,162002,Josep Tarradellas,0129 0129,Tuesday,2023,5,May,16,Morning,11,No és causa del  vianant,Veh. mobilitat personal amb motor,Woman,72,Pedestrian,En pas sense regular                                                                                                                                  ,Unknown,Unknown,Minor injury: Hospitalization up to 24 hours,428456.16,4582583.9,2.143133364,41.389758095
2023S002909    ,10,Sant Martí,73,la Verneda i la Pau,270107,Puigcerdà,0191 0197,Tuesday,2023,5,May,16,Morning,12,No és causa del  vianant,Furgoneta,Woman,70,Pedestrian,En pas sense senyalitzar                                                                                                                              ,Unknown,Unknown,Minor injury: Hospitalization up to 24 hours,433698.29,4585692.54,2.205488229,41.418206295
2023S002910    ,1,Ciutat Vella,1,el Raval,34308,Rambla,0025 0025,Tuesday,2023,5,May,16,Morning,11,No és causa del  vianant,Bicicleta,Man,44,Driver,En pas sense regular                                                                                                                                  ,Unknown,Oci i entreteniment,Minor injury: Medical assistance at accident site,431144.57,4581298.5,2.175432578,41.378415629
2023S002911    ,8,Nou Barris,44,Vilapicina i la Torre Llobeta,111704,Escòcia,0053 0061,Tuesday,2023,5,May,16,Afternoon,16,No és causa del  vianant,Motorcycle,Man,31,Driver,Desconegut                                                                                                                                            ,Unknown,In itínere,Minor injury: Hospitalization up to 24 hours,431642.4,4586873.46,2.180755604,41.428670082
2023S002912    ,4,Les Corts,21,Pedralbes,144601,Diagonal,0712 0716,Tuesday,2023,5,May,16,Afternoon,19,No és causa del  vianant,Motorcycle,Woman,55,Driver,Desconegut                                                                                                                                            ,Unknown,Oci i entreteniment,Minor injury: Hospitalization up to 24 hours,425497.61,4581866.91,2.107838134,41.383031749
2023S002913    ,3,Sants-Montjuïc,13,la Marina de Port,12600,Alts Forns,0061B0061B,Tuesday,2023,5,May,16,Afternoon,19,No és causa del  vianant,Veh. mobilitat personal amb motor,Man,54,Driver,Desconegut                                                                                                                                            ,Unknown,In itínere,Minor injury: Hospitalization up to 24 hours,428188.51,4579099.98,2.140345254,41.358355782
2023S002914    ,7,Horta-Guinardó,41,la Vall d'Hebron,701268,Dalt (Llobregat),001150000,Tuesday,2023,5,May,16,Afternoon,18,No és causa del  vianant,Motorcycle,Man,61,Driver,Desconegut                                                                                                                                            ,Unknown,In itínere,Minor injury: Medical assistance at accident site,428744.95,4587406.84,2.146018955,41.433222065
2023S002915    ,2,Eixample,6,la Sagrada Família,144601,Diagonal,0318 0318,Tuesday,2023,5,May,16,Afternoon,18,Transitar a peu per la calçada,Bicicleta,Man,28,Driver,Desconegut                                                                                                                                            ,Unknown,Oci i entreteniment,Minor injury: Hospitalization up to 24 hours,431200.82,4583790.35,2.175822019,41.400863809
2023S002916    ,1,Ciutat Vella,2,el Barri Gòtic,34308,Rambla,0026 0026,Tuesday,2023,5,May,16,Afternoon,20,No és causa del  vianant,Car,Woman,28,Driver,Desconegut                                                                                                                                            ,Unknown,Altres activitats,Minor injury: Medical assistance at accident site,431210.33,4581256.09,2.176223741,41.378039281
2023S002917    ,10,Sant Martí,68,el Poblenou,701266,Litoral (Llobregat),0023S0000,Wednesday,2023,5,May,17,Night,3,No és causa del  vianant,Motorcycle,Man,24,Driver,Desconegut                                                                                                                                            ,Unknown,Oci i entreteniment,Minor injury: Medical assistance at accident site,433762.35,4583188.31,2.206528964,41.39565661
2023S002918    ,3,Sants-Montjuïc,11,el Poble-sec,701266,Litoral (Llobregat),001310000,Wednesday,2023,5,May,17,Morning,7,No és causa del  vianant,Car,Woman,26,Passenger,Desconegut                                                                                                                                            ,Unknown,Unknown,Minor injury: Refused medical assistance,430515.24,4579432.98,2.168121075,41.361559281
2023S002918    ,3,Sants-Montjuïc,11,el Poble-sec,701266,Litoral (Llobregat),001310000,Wednesday,2023,5,May,17,Morning,7,No és causa del  vianant,Car,Woman,39,Passenger,Desconegut                                                                                                                                            ,Unknown,Unknown,Minor injury: Medical assistance at accident site,430515.24,4579432.98,2.168121075,41.361559281
2023S002918    ,3,Sants-Montjuïc,11,el Poble-sec,701266,Litoral (Llobregat),001310000,Wednesday,2023,5,May,17,Morning,7,No és causa del  vianant,Car,Woman,8,Passenger,Desconegut                                                                                                                                            ,Unknown,Unknown,Minor injury: Medical assistance at accident site,430515.24,4579432.98,2.168121075,41.361559281
2023S002918    ,3,Sants-Montjuïc,11,el Poble-sec,701266,Litoral (Llobregat),001310000,Wednesday,2023,5,May,17,Morning,7,No és causa del  vianant,Car,Man,2,Passenger,Desconegut                                                                                                                                            ,Unknown,Unknown,Minor injury: Medical assistance at accident site,430515.24,4579432.98,2.168121075,41.361559281
2023S002919    ,6,Gràcia,30,la Salut,344000,Dalt,0031 0031,Wednesday,2023,5,May,17,Morning,8,No és causa del  vianant,Motorcycle,Woman,39,Driver,Desconegut                                                                                                                                            ,Unknown,In itínere,Minor injury: Hospitalization up to 24 hours,429295.93,4584702.88,2.152929273,41.408917284
2023S002920    ,2,Eixample,9,la Nova Esquerra de l'Eixample,100800,Diputació,0015 0019,Wednesday,2023,5,May,17,Morning,9,No és causa del  vianant,Motorcycle,Woman,49,Driver,Desconegut                                                                                                                                            ,Unknown,In itínere,Minor injury: Hospitalization up to 24 hours,429112.78,4581304.55,2.151136183,41.378293593
2023S002921    ,4,Les Corts,20,la Maternitat i Sant Ramon,144601,Diagonal,0643 0643,Wednesday,2023,5,May,17,Morning,10,No és causa del  vianant,Autobús articulat,Woman,20,Pedestrian,En pas regulat per semàfor                                                                                                                            ,Estudiant cap a centre d'estudis,Unknown,Minor injury: Hospitalization up to 24 hours,426532.46,4582239.97,2.120168117,41.386486961
2023S002922    ,5,Sarrià-Sant Gervasi,24,les Tres Torres,701434,Mig (Descendent),000400000,Wednesday,2023,5,May,17,Morning,9,No és causa del  vianant,Motorcycle,Man,27,Driver,Desconegut                                                                                                                                            ,Unknown,Unknown,Minor injury: Hospitalization up to 24 hours,427605.52,4583482.64,2.1328524,41.397776536
2023S002923    ,5,Sarrià-Sant Gervasi,24,les Tres Torres,701434,Mig (Descendent),000390000,Wednesday,2023,5,May,17,Morning,8,No és causa del  vianant,Ciclomotor,Man,20,Driver,Desconegut                                                                                                                                            ,Unknown,Unknown,Minor injury: Hospitalization up to 24 hours,427602.93,4583375.03,2.132834294,41.396807102
2023S002924    ,4,Les Corts,20,la Maternitat i Sant Ramon,144601,Diagonal,0687 0687,Wednesday,2023,5,May,17,Morning,9,No és causa del  vianant,Taxi,Woman,25,Pedestrian,En pas regulat per semàfor                                                                                                                            ,Oci i entreteniment,Unknown,Minor injury: Hospitalization up to 24 hours,425419.34,4581867.11,2.106902121,41.383026294
2023S002926    ,4,Les Corts,21,Pedralbes,199400,Marquès de Mulhacén,0029 0029,Wednesday,2023,5,May,17,Morning,9,No és causa del  vianant,Bicicleta,Woman,49,Driver,Desconegut                                                                                                                                            ,Unknown,In itínere,Minor injury: Refused medical assistance,426247.87,4582940.38,2.116679345,41.392769197
2023S002927    ,5,Sarrià-Sant Gervasi,26,Sant Gervasi - Galvany,8501,Alfons XII,0087 0087,Wednesday,2023,4,April,26,Morning,11,Others,Taxi,Man,60,Pedestrian,En pas regulat per semàfor                                                                                                                            ,Unknown,Unknown,Minor injury: Hospitalization up to 24 hours,428821.3,4583809.71,2.147356208,41.40083093
2023S002928    ,5,Sarrià-Sant Gervasi,26,Sant Gervasi - Galvany,46103,Bori i Fontestà,0006 0006,Wednesday,2023,5,May,17,Morning,10,No és causa del  vianant,Motorcycle,Woman,59,Pedestrian,En pas sense senyalitzar                                                                                                                              ,Unknown,Unknown,Minor injury: Hospitalization up to 24 hours,428202.42,4583002.83,2.140048997,41.393508618
2023S002929    ,3,Sants-Montjuïc,12,la Marina del Prat Vermell,701441,Parc Logístic,0012 0020,Wednesday,2023,5,May,17,Morning,10,No és causa del  vianant,Motorcycle,Man,27,Driver,Desconegut                                                                                                                                            ,Unknown,Unknown,Minor injury: Medical assistance at accident site,426831.77,4577122.72,2.124365251,41.340425085
2023S002930    ,3,Sants-Montjuïc,16,la Bordeta,89707,Constitució,0153 0153,Wednesday,2023,5,May,17,Morning,13,No és causa del  vianant,Motorcycle,Woman,25,Driver,Desconegut                                                                                                                                            ,Unknown,Unknown,Minor injury: Medical assistance at accident site,427578.77,4580280.39,2.132915382,41.368932683
2023S002932    ,3,Sants-Montjuïc,12,la Marina del Prat Vermell,701265,Litoral (Besòs),001520000,Wednesday,2023,5,May,17,Afternoon,15,No és causa del  vianant,Motorcycle,Man,60,Driver,Desconegut                                                                                                                                            ,Unknown,Unknown,Minor injury: Hospitalization up to 24 hours,428737.42,4578084.0,2.147026335,41.349253949
2023S002933    ,10,Sant Martí,68,el Poblenou,270901,Pujades,0250 0250,Wednesday,2023,5,May,17,Afternoon,15,No és causa del  vianant,Motorcycle,Man,45,Driver,Desconegut                                                                                                                                            ,Unknown,Unknown,Minor injury: Hospitalization up to 24 hours,433555.49,4584133.75,2.203950873,41.404154881
2023S002934    ,1,Ciutat Vella,2,el Barri Gòtic,34308,Rambla,0132 0132,Wednesday,2023,5,May,17,Afternoon,15,Desobeir el senyal del semàfor,Motorcycle,Man,44,Pedestrian,En pas regulat per semàfor                                                                                                                            ,Unknown,Unknown,Minor injury: Medical assistance at accident site,430780.67,4581980.58,2.171003172,41.384527686
2023S002934    ,1,Ciutat Vella,2,el Barri Gòtic,34308,Rambla,0132 0132,Wednesday,2023,5,May,17,Afternoon,15,Desobeir el senyal del semàfor,Motorcycle,Man,62,Driver,En pas regulat per semàfor                                                                                                                            ,Unknown,Unknown,Minor injury: Hospitalization up to 24 hours,430780.67,4581980.58,2.171003172,41.384527686
2023S002935    ,7,Horta-Guinardó,41,la Vall d'Hebron,701268,Dalt (Llobregat),0005S0000,Wednesday,2023,5,May,17,Afternoon,16,No és causa del  vianant,Motorcycle,Woman,26,Driver,Desconegut                                                                                                                                            ,Unknown,Unknown,Minor injury: Hospitalization up to 24 hours,428461.5,4586654.83,2.142715731,41.426423822
2023S002936    ,10,Sant Martí,64,el Camp de l'Arpa del Clot,350308,València,0556 0556,Wednesday,2023,5,May,17,Afternoon,17,No és causa del  vianant,Motorcycle,Woman,34,Passenger,Desconegut                                                                                                                                            ,Unknown,Unknown,Minor injury: Hospitalization up to 24 hours,431783.3,4584478.23,2.182712052,41.407108999
2023S002936    ,10,Sant Martí,64,el Camp de l'Arpa del Clot,350308,València,0556 0556,Wednesday,2023,5,May,17,Afternoon,17,No és causa del  vianant,Motorcycle,Woman,30,Driver,Desconegut                                                                                                                                            ,Unknown,Oci i entreteniment,Minor injury: Hospitalization up to 24 hours,431783.3,4584478.23,2.182712052,41.407108999