Case_Number,District_Code,District_Name,Neighborhood_Code,Neighborhood_Name,Street_Code,Street_Name,Postal_Code,Day_of_Week,Year,Month_Code,Month_Name,Day_of_Month,Shift_Description,Hour_of_Day,Pedestrian_Cause_Description,Involved_Vehicle_Type,Gender_Description,Age,Person_Type_Description,Pedestrian_Accident_Location_Description,Pedestrian_Movement_Reason_Description,Driver_Movement_Reason_Description,Victimization_Description,UTM_X_Coordinate,UTM_Y_Coordinate,Longitude,Latitude
2023S002936    ,10,Sant Martí,64,el Camp de l'Arpa del Clot,350308,València,0556 0556,Wednesday,2023,5,May,17,Afternoon,17,No és causa del  vianant,Motorcycle,Man,24,Driver,Desconegut                                                                                                                                            ,Unknown,Oci i entreteniment,Minor injury: Medical assistance at accident site,431783.3,4584478.23,2.182712052,41.407108999
2023S002937    ,-1,Unknown,-1,Unknown,-1,Unknown,Unknown,Wednesday,2023,5,May,17,Afternoon,17,No és causa del  vianant,Ciclomotor,Man,68,Passenger,Desconegut                                                                                                                                            ,Unknown,Unknown,Minor injury: Hospitalization up to 24 hours,433746.5,4587235.6,2.205895892,41.432108183
2023S002937    ,-1,Unknown,-1,Unknown,-1,Unknown,Unknown,Wednesday,2023,5,May,17,Afternoon,17,No és causa del  vianant,Ciclomotor,Woman,57,Driver,Desconegut                                                                                                                                            ,Unknown,Oci i entreteniment,Minor injury: Hospitalization up to 24 hours,433746.5,4587235.6,2.205895892,41.432108183
2023S002938    ,6,Gràcia,31,la Vila de Gràcia,267000,Riera de Cassoles,0046 0046,Wednesday,2023,5,May,17,Afternoon,16,No és causa del  vianant,Motorcycle,Man,20,Driver,Desconegut                                                                                                                                            ,Unknown,Unknown,Minor injury: Hospitalization up to 24 hours,429081.48,4584226.2,2.150419622,41.404605105
2023S002939    ,7,Horta-Guinardó,43,Horta,180106,Logronyo,0001B0001B,Wednesday,2023,5,May,17,Afternoon,19,No és causa del  vianant,Car,Woman,52,Passenger,Desconegut                                                                                                                                            ,Unknown,Unknown,Minor injury: Medical assistance at accident site,429982.88,4588112.4,2.160752487,41.439685701
2023S002939    ,7,Horta-Guinardó,43,Horta,180106,Logronyo,0001B0001B,Wednesday,2023,5,May,17,Afternoon,19,No és causa del  vianant,Car,Man,6,Passenger,Desconegut                                                                                                                                            ,Unknown,Unknown,Minor injury: Medical assistance at accident site,429982.88,4588112.4,2.160752487,41.439685701
2023S002939    ,7,Horta-Guinardó,43,Horta,180106,Logronyo,0001B0001B,Wednesday,2023,5,May,17,Afternoon,19,No és causa del  vianant,Car,Woman,58,Driver,Desconegut                                                                                                                                            ,Unknown,Unknown,Minor injury: Medical assistance at accident site,429982.88,4588112.4,2.160752487,41.439685701
2023S002940    ,3,Sants-Montjuïc,11,el Poble-sec,198804,Paral·lel,0121 0121,Wednesday,2023,5,May,17,Afternoon,20,No és causa del  vianant,Motorcycle,Man,17,Driver,Desconegut                                                                                                                                            ,Unknown,Oci i entreteniment,Minor injury: Medical assistance at accident site,429895.54,4580909.81,2.160541914,41.374806906
2023S002941    ,4,Les Corts,19,les Corts,144601,Diagonal,0662 0664,Wednesday,2023,5,May,17,Afternoon,19,No és causa del  vianant,Bicicleta,Woman,19,Driver,Desconegut                                                                                                                                            ,Unknown,Oci i entreteniment,Minor injury: Hospitalization up to 24 hours,427256.75,4582543.5,2.128793545,41.389286592
2023S002942    ,1,Ciutat Vella,2,el Barri Gòtic,269108,Portal de la Pau,0005 0005,Wednesday,2023,5,May,17,Afternoon,19,Desobeir el senyal del semàfor,Bus,Man,32,Driver,En pas regulat per semàfor                                                                                                                            ,Unknown,Bus urbà,Minor injury: Medical assistance at accident site,431358.53,4581040.46,2.178020316,41.376109822
2023S002942    ,1,Ciutat Vella,2,el Barri Gòtic,269108,Portal de la Pau,0005 0005,Wednesday,2023,5,May,17,Afternoon,19,Desobeir el senyal del semàfor,Bus,Woman,25,Pedestrian,En pas regulat per semàfor                                                                                                                            ,Oci i entreteniment,Unknown,Minor injury: Hospitalization up to 24 hours,431358.53,4581040.46,2.178020316,41.376109822
2023S002943    ,4,Les Corts,20,la Maternitat i Sant Ramon,247353,Pascual i Vila,0014 0014,Wednesday,2023,5,May,17,Afternoon,20,No és causa del  vianant,Motorcycle,Woman,29,Driver,Desconegut                                                                                                                                            ,Unknown,Unknown,Minor injury: Hospitalization up to 24 hours,426234.03,4581953.53,2.116634048,41.383879792
2023S002944    ,2,Eixample,9,la Nova Esquerra de l'Eixample,18505,Aragó,0125 0125,Wednesday,2023,5,May,17,Night,23,No és causa del  vianant,Motorcycle,Man,36,Passenger,Desconegut                                                                                                                                            ,Unknown,Unknown,Minor injury: Hospitalization up to 24 hours,429354.29,4581928.4,2.153951329,41.383933657
2023S002945    ,3,Sants-Montjuïc,12,la Marina del Prat Vermell,369408,Zona Franca,0015U0015U,Thursday,2023,5,May,18,Morning,7,No és causa del  vianant,Motorcycle,Woman,27,Driver,Desconegut                                                                                                                                            ,Unknown,In itínere,Minor injury: Hospitalization up to 24 hours,428541.53,4578355.76,2.144652966,41.351684246
2023S002946    ,4,Les Corts,20,la Maternitat i Sant Ramon,244300,Pius XII,0003 0003,Thursday,2023,5,May,18,Morning,8,No és causa del  vianant,Motorcycle,Man,28,Driver,Desconegut                                                                                                                                            ,Unknown,In itínere,Minor injury: Hospitalization up to 24 hours,426793.07,4582325.32,2.12327447,41.387279445
2023S002947    ,9,Sant Andreu,60,Sant Andreu,242509,Palomar,0005 0005,Thursday,2023,5,May,18,Morning,10,No és causa del  vianant,Motorcycle,Woman,42,Driver,Desconegut                                                                                                                                            ,Unknown,Oci i entreteniment,Minor injury: Medical assistance at accident site,432478.32,4588421.89,2.190586018,41.442687024
2023S002948    ,5,Sarrià-Sant Gervasi,23,Sarrià,305201,Sant Joan Bosco,0039X0039X,Thursday,2023,5,May,18,Morning,8,No és causa del  vianant,Motorcycle,Man,9,Passenger,Desconegut                                                                                                                                            ,Unknown,Unknown,Minor injury: Refused medical assistance,427272.31,4583009.38,2.128923667,41.393483993
2023S002949    ,6,Gràcia,31,la Vila de Gràcia,344000,Dalt,0018 0018,Thursday,2023,5,May,18,Morning,10,No és causa del  vianant,Motorcycle,Woman,78,Pedestrian,En pas regulat per semàfor                                                                                                                            ,Oci i entreteniment,Unknown,Minor injury: Hospitalization up to 24 hours,429241.33,4584658.67,2.152281247,41.408514294
2023S002950    ,3,Sants-Montjuïc,11,el Poble-sec,316809,Santa Madrona,0001 0005,Thursday,2023,5,May,18,Morning,9,No és causa del  vianant,Motorcycle,Woman,59,Pedestrian,En zona peatonal                                                                                                                                      ,In itinere,Unknown,Minor injury: Hospitalization up to 24 hours,429659.94,4580072.69,2.15782199,41.367246651
2023S002951    ,3,Sants-Montjuïc,12,la Marina del Prat Vermell,701265,Litoral (Besòs),001780000,Thursday,2023,5,May,18,Morning,9,No és causa del  vianant,Car,Man,46,Passenger,Desconegut                                                                                                                                            ,Unknown,Unknown,Minor injury: Medical assistance at accident site,426503.22,4577014.83,2.120451911,41.339423439
2023S002951    ,3,Sants-Montjuïc,12,la Marina del Prat Vermell,701265,Litoral (Besòs),001780000,Thursday,2023,5,May,18,Morning,9,No és causa del  vianant,Car,Woman,41,Driver,Desconegut                                                                                                                                            ,Unknown,In itínere,Minor injury: Medical assistance at accident site,426503.22,4577014.83,2.120451911,41.339423439
2023S002951    ,3,Sants-Montjuïc,12,la Marina del Prat Vermell,701265,Litoral (Besòs),001780000,Thursday,2023,5,May,18,Morning,9,No és causa del  vianant,Car,Man,64,Driver,Desconegut                                                                                                                                            ,Unknown,Taxi,Minor injury: Medical assistance at accident site,426503.22,4577014.83,2.120451911,41.339423439
2023S002952    ,7,Horta-Guinardó,37,el Carmel,325504,Sigüenza,0015B0015B,Thursday,2023,5,May,18,Morning,11,No és causa del  vianant,Car,Woman,22,Pedestrian,En pas sense regular                                                                                                                                  ,Unknown,Unknown,Minor injury: Refused medical assistance,429522.17,4586451.53,2.155432012,41.424686589
2023S002953    ,1,Ciutat Vella,3,la Barceloneta,701266,Litoral (Llobregat),000880000,Thursday,2023,5,May,18,Morning,13,No és causa del  vianant,Motorcycle,Man,19,Driver,Desconegut                                                                                                                                            ,Unknown,En missió,Minor injury: Hospitalization up to 24 hours,432683.81,4582138.32,2.193745254,41.386110004
2023S002953    ,1,Ciutat Vella,3,la Barceloneta,701266,Litoral (Llobregat),000880000,Thursday,2023,5,May,18,Morning,13,No és causa del  vianant,Motorcycle,Woman,29,Driver,Desconegut                                                                                                                                            ,Unknown,In itínere,Minor injury: Hospitalization up to 24 hours,432683.81,4582138.32,2.193745254,41.386110004
2023S002954    ,3,Sants-Montjuïc,15,Hostafrancs,169409,Corts Catalanes,0355 0359,Thursday,2023,5,May,18,Morning,11,No és causa del  vianant,Motorcycle,Man,63,Driver,Desconegut                                                                                                                                            ,Unknown,Unknown,Minor injury: Hospitalization up to 24 hours,428814.53,4580855.53,2.147622554,41.374223076
2023S002955    ,2,Eixample,9,la Nova Esquerra de l'Eixample,361406,Viladomat,0173 0173,Thursday,2023,5,May,18,Afternoon,14,No és causa del  vianant,Car,Man,12,Pedestrian,En pas regulat per semàfor                                                                                                                            ,Oci i entreteniment,Unknown,Minor injury: Hospitalization up to 24 hours,429288.68,4581819.12,2.153179474,41.382943641
2023S002956    ,6,Gràcia,28,Vallcarca i els Penitents,158107,Vallcarca,0010 0010,Thursday,2023,5,May,18,Afternoon,16,No és causa del  vianant,Motorcycle,Man,47,Driver,Desconegut                                                                                                                                            ,Unknown,Unknown,Minor injury: Refused medical assistance,428951.81,4584623.71,2.148821748,41.40817387
2023S002957    ,7,Horta-Guinardó,40,Montbau,352507,Vall d'Hebron,0135 0141,Thursday,2023,5,May,18,Afternoon,16,No és causa del  vianant,Ciclomotor,Woman,23,Passenger,Desconegut                                                                                                                                            ,Unknown,Unknown,Minor injury: Hospitalization up to 24 hours,428614.9,4587084.65,2.144500616,41.430308683
2023S002957    ,7,Horta-Guinardó,40,Montbau,352507,Vall d'Hebron,0135 0141,Thursday,2023,5,May,18,Afternoon,16,No és causa del  vianant,Ciclomotor,Woman,22,Driver,Desconegut                                                                                                                                            ,Unknown,Oci i entreteniment,Minor injury: Hospitalization up to 24 hours,428614.9,4587084.65,2.144500616,41.430308683
2023S002958    ,5,Sarrià-Sant Gervasi,25,Sant Gervasi - la Bonanova,231706,Joaquim Folguera,0010 0010,Thursday,2023,5,May,18,Afternoon,18,No és causa del  vianant,Motorcycle,Man,80,Driver,Desconegut                                                                                                                                            ,Unknown,Oci i entreteniment,Minor injury: Medical assistance at accident site,428115.75,4584393.63,2.138847157,41.40602726
2023S002959    ,3,Sants-Montjuïc,12,la Marina del Prat Vermell,701266,Litoral (Llobregat),001680000,Thursday,2023,5,May,18,Afternoon,18,No és causa del  vianant,Car,Woman,23,Passenger,Desconegut                                                                                                                                            ,Unknown,Unknown,Minor injury: Refused medical assistance,427389.94,4577429.38,2.1309991,41.343237595
2023S002959    ,3,Sants-Montjuïc,12,la Marina del Prat Vermell,701266,Litoral (Llobregat),001680000,Thursday,2023,5,May,18,Afternoon,18,No és causa del  vianant,Car,Woman,30,Passenger,Desconegut                                                                                                                                            ,Unknown,Unknown,Minor injury: Refused medical assistance,427389.94,4577429.38,2.1309991,41.343237595
2023S002959    ,3,Sants-Montjuïc,12,la Marina del Prat Vermell,701266,Litoral (Llobregat),001680000,Thursday,2023,5,May,18,Afternoon,18,No és causa del  vianant,Car,Man,37,Passenger,Desconegut                                                                                                                                            ,Unknown,Unknown,Minor injury: Refused medical assistance,427389.94,4577429.38,2.1309991,41.343237595
2023S002959    ,3,Sants-Montjuïc,12,la Marina del Prat Vermell,701266,Litoral (Llobregat),001680000,Thursday,2023,5,May,18,Afternoon,18,No és causa del  vianant,Car,Woman,37,Driver,Desconegut                                                                                                                                            ,Unknown,In itínere,Minor injury: Refused medical assistance,427389.94,4577429.38,2.1309991,41.343237595
2023S002960    ,8,Nou Barris,44,Vilapicina i la Torre Llobeta,95200,Cubelles,0009 0009,Thursday,2023,5,May,18,Afternoon,20,No és causa del  vianant,Motorcycle,Woman,19,Passenger,Desconegut                                                                                                                                            ,Unknown,Unknown,Minor injury: Hospitalization up to 24 hours,431202.29,4586681.38,2.175510656,41.426902488
2023S002961    ,2,Eixample,7,la Dreta de l'Eixample,144601,Diagonal,0422 0422,Thursday,2023,5,May,18,Afternoon,19,No és causa del  vianant,Motorcycle,Woman,35,Driver,Desconegut                                                                                                                                            ,Unknown,In itínere,Minor injury: Hospitalization up to 24 hours,430134.59,4583421.81,2.163110418,41.397452499
2023S002963    ,2,Eixample,7,la Dreta de l'Eixample,148307,Gràcia,0003 0003,Friday,2023,5,May,19,Night,1,No és causa del  vianant,Motorcycle,Man,43,Driver,Desconegut                                                                                                                                            ,Unknown,In itínere,Minor injury: Hospitalization up to 24 hours,430658.0,4582415.71,2.169486338,41.388436201
2023S002964    ,2,Eixample,5,el Fort Pienc,76807,Sardenya,0147B0147B,Friday,2023,5,May,19,Night,1,No és causa del  vianant,Motorcycle,Man,41,Driver,Desconegut                                                                                                                                            ,Unknown,In itínere,Minor injury: Hospitalization up to 24 hours,431752.08,4583297.38,2.182471768,41.396470781
2023S002965    ,6,Gràcia,31,la Vila de Gràcia,340406,Torrent de les Flors,0125 0127,Friday,2023,5,May,19,Morning,9,No és causa del  vianant,Motorcycle,Woman,57,Driver,Desconegut                                                                                                                                            ,Unknown,Unknown,Minor injury: Medical assistance at accident site,429688.15,4584679.3,2.157624284,41.408739331
2023S002966    ,3,Sants-Montjuïc,18,Sants,40300,Berlín,0016B0016B,Friday,2023,5,May,19,Morning,8,No és causa del  vianant,Motorcycle,Woman,6,Pedestrian,Fora del pas                                                                                                                                          ,Unknown,Unknown,Minor injury: Refused medical assistance,427987.29,4581807.13,2.137618156,41.382720155
2023S002967    ,2,Eixample,10,Sant Antoni,349706,Comte d'Urgell,0012 0012,Friday,2023,5,May,19,Morning,12,No és causa del  vianant,Motorcycle,Woman,32,Driver,Desconegut                                                                                                                                            ,Unknown,Unknown,Minor injury: Medical assistance at accident site,430029.45,4581426.92,2.162083363,41.379476019
2023S002969    ,3,Sants-Montjuïc,15,Hostafrancs,169409,Corts Catalanes,0321 0321,Friday,2023,5,May,19,Morning,11,No és causa del  vianant,Motorcycle,Man,32,Driver,Desconegut                                                                                                                                            ,Unknown,Unknown,Minor injury: Medical assistance at accident site,428694.98,4580660.99,2.146215993,41.37246033
2023S002970    ,4,Les Corts,20,la Maternitat i Sant Ramon,144601,Diagonal,0629 0629,Friday,2023,5,May,19,Morning,12,No és causa del  vianant,Motorcycle,Man,70,Driver,Desconegut                                                                                                                                            ,Unknown,Altres activitats,Minor injury: Hospitalization up to 24 hours,426968.02,4582381.68,2.12535995,41.387802968
2023S002970    ,4,Les Corts,20,la Maternitat i Sant Ramon,144601,Diagonal,0629 0629,Friday,2023,5,May,19,Morning,12,No és causa del  vianant,Motorcycle,Man,22,Driver,Desconegut                                                                                                                                            ,Unknown,In itínere,Minor injury: Medical assistance at accident site,426968.02,4582381.68,2.12535995,41.387802968
2023S002971    ,5,Sarrià-Sant Gervasi,23,Sarrià,28000,Augusta,0384 0384,Friday,2023,5,May,19,Morning,12,No és causa del  vianant,Motorcycle,Woman,71,Pedestrian,En pas sense regular                                                                                                                                  ,Oci i entreteniment,Unknown,Minor injury: Hospitalization up to 24 hours,426465.72,4584125.1,2.119140932,41.40345941
2023S002972    ,7,Horta-Guinardó,37,el Carmel,120603,Fastenrath,0170 0170,Friday,2023,5,May,19,Morning,12,No és causa del  vianant,"Camió rígid > 3,5 tones",Woman,0,Pedestrian,Desconegut                                                                                                                                            ,Unknown,Unknown,Minor injury: Hospitalization up to 24 hours,429161.2,4586116.63,2.151151811,41.421638512
2023S002972    ,7,Horta-Guinardó,37,el Carmel,120603,Fastenrath,0170 0170,Friday,2023,5,May,19,Morning,12,No és causa del  vianant,Motorcycle,Woman,47,Driver,Desconegut                                                                                                                                            ,Unknown,Unknown,Minor injury: Hospitalization up to 24 hours,429161.2,4586116.63,2.151151811,41.421638512
2023S002973    ,3,Sants-Montjuïc,11,el Poble-sec,701266,Litoral (Llobregat),0014S0000,Friday,2023,5,May,19,Morning,13,No és causa del  vianant,Motorcycle,Man,30,Driver,Desconegut                                                                                                                                            ,Unknown,In itínere,Minor injury: Medical assistance at accident site,429180.71,4578306.44,2.152298752,41.351296522
2023S002974    ,7,Horta-Guinardó,39,Sant Genís dels Agudells,225204,Naïm,0007 0007,Thursday,2023,3,March,23,Afternoon,16,No és causa del  vianant,Veh. mobilitat personal amb motor,Man,66,Pedestrian,A la vorera / Andana                                                                                                                                  ,Unknown,Unknown,Minor injury: Medical assistance at accident site,428084.54,4586602.49,2.13821106,41.425918742
2023S002975    ,8,Nou Barris,44,Vilapicina i la Torre Llobeta,45701,Quinze,0037 0037,Friday,2023,5,May,19,Afternoon,14,No és causa del  vianant,Motorcycle,Woman,50,Driver,Desconegut                                                                                                                                            ,Unknown,Unknown,Minor injury: Medical assistance at accident site,431122.09,4586910.29,2.174524831,41.428957323
2023S002975    ,8,Nou Barris,44,Vilapicina i la Torre Llobeta,45701,Quinze,0037 0037,Friday,2023,5,May,19,Afternoon,14,No és causa del  vianant,Motorcycle,Man,18,Driver,Desconegut                                                                                                                                            ,Unknown,Unknown,Minor injury: Medical assistance at accident site,431122.09,4586910.29,2.174524831,41.428957323
2023S002976    ,5,Sarrià-Sant Gervasi,25,Sant Gervasi - la Bonanova,701267,Dalt (Besòs),000890000,Friday,2023,5,May,19,Morning,13,No és causa del  vianant,Car,Woman,71,Passenger,Desconegut                                                                                                                                            ,Unknown,Unknown,Minor injury: Medical assistance at accident site,427429.54,4585230.89,2.130537728,41.413506414
2023S002976    ,5,Sarrià-Sant Gervasi,25,Sant Gervasi - la Bonanova,701267,Dalt (Besòs),000890000,Friday,2023,5,May,19,Morning,13,No és causa del  vianant,Car,Man,92,Passenger,Desconegut                                                                                                                                            ,Unknown,Unknown,Minor injury: Medical assistance at accident site,427429.54,4585230.89,2.130537728,41.413506414
2023S002976    ,5,Sarrià-Sant Gervasi,25,Sant Gervasi - la Bonanova,701267,Dalt (Besòs),000890000,Friday,2023,5,May,19,Morning,13,No és causa del  vianant,Motorcycle,Man,38,Driver,Desconegut                                                                                                                                            ,Unknown,Oci i entreteniment,Minor injury: Hospitalization up to 24 hours,427429.54,4585230.89,2.130537728,41.413506414
2023S002976    ,5,Sarrià-Sant Gervasi,25,Sant Gervasi - la Bonanova,701267,Dalt (Besòs),000890000,Friday,2023,5,May,19,Morning,13,No és causa del  vianant,Car,Man,58,Driver,Desconegut                                                                                                                                            ,Unknown,Oci i entreteniment,Minor injury: Medical assistance at accident site,427429.54,4585230.89,2.130537728,41.413506414
2023S002977    ,9,Sant Andreu,61,la Sagrera,39709,Berenguer de Palou,0037 0037,Thursday,2023,5,May,18,Afternoon,19,No és causa del  vianant,Bus,Woman,81,Pedestrian,Desconegut                                                                                                                                            ,Unknown,Unknown,Minor injury: Hospitalization up to 24 hours,432554.05,4586337.91,2.191725172,41.423923661
2023S002978    ,5,Sarrià-Sant Gervasi,25,Sant Gervasi - la Bonanova,32700,Balmes,0383 0385,Friday,2023,5,May,19,Afternoon,15,No és causa del  vianant,Motorcycle,Man,26,Driver,Desconegut                                                                                                                                            ,Unknown,In itínere,Minor injury: Hospitalization up to 24 hours,428182.1,4584284.3,2.139653867,41.405048502
2023S002979    ,9,Sant Andreu,60,Sant Andreu,314100,Santa Coloma,0023B0023B,Friday,2023,5,May,19,Afternoon,14,No és causa del  vianant,Ciclomotor,Man,41,Driver,Desconegut                                                                                                                                            ,Unknown,En missió,Minor injury: Hospitalization up to 24 hours,432437.97,4588710.74,2.190070717,41.4452852
2023S002980    ,2,Eixample,7,la Dreta de l'Eixample,148307,Gràcia,0110 0110,Friday,2023,5,May,19,Afternoon,15,No és causa del  vianant,Motorcycle,Man,52,Driver,Desconegut                                                                                                                                            ,Unknown,Unknown,Minor injury: Hospitalization up to 24 hours,429892.18,4583306.91,2.160224197,41.396396524
2023S002981    ,2,Eixample,8,l'Antiga Esquerra de l'Eixample,169409,Corts Catalanes,0569 0569,Friday,2023,5,May,19,Afternoon,16,No és causa del  vianant,Car,Woman,39,Passenger,Desconegut                                                                                                                                            ,Unknown,Unknown,Minor injury: Medical assistance at accident site,430025.03,4582004.98,2.161963719,41.384682041
2023S002982    ,10,Sant Martí,67,la Vila Olímpica del Poblenou,701266,Litoral (Llobregat),000870000,Friday,2023,5,May,19,Afternoon,16,No és causa del  vianant,Motorcycle,Man,31,Driver,Desconegut                                                                                                                                            ,Unknown,Unknown,Minor injury: Hospitalization up to 24 hours,432899.2,4582415.5,2.196290448,41.388624503
2023S002983    ,2,Eixample,7,la Dreta de l'Eixample,169409,Corts Catalanes,0650 0650,Friday,2023,5,May,19,Afternoon,16,No és causa del  vianant,Bicicleta,Man,25,Driver,Desconegut                                                                                                                                            ,Unknown,Unknown,Minor injury: Hospitalization up to 24 hours,430694.58,4582659.98,2.169895858,41.390639421
2023S002984    ,3,Sants-Montjuïc,15,Hostafrancs,94809,Creu Coberta,0054 0054,Saturday,2023,5,May,20,Night,0,No és causa del  vianant,Ciclomotor,Man,39,Driver,Desconegut                                                                                                                                            ,Unknown,Unknown,Minor injury: Hospitalization up to 24 hours,428660.28,4580964.83,2.145765322,41.375193838
2023S002985    ,2,Eixample,7,la Dreta de l'Eixample,148307,Gràcia,0002 0004,Saturday,2023,5,May,20,Night,1,No és causa del  vianant,Car,Man,43,Driver,Desconegut                                                                                                                                            ,Unknown,Taxi,Minor injury: Hospitalization up to 24 hours,430707.55,4582361.15,2.170085183,41.387949068
2023S002986    ,8,Nou Barris,52,la Prosperitat,168304,Joaquim Valls,0029 0029,Friday,2023,5,May,19,Afternoon,15,No és causa del  vianant,Car,Woman,74,Pedestrian,En pas sense senyalitzar                                                                                                                              ,Unknown,Unknown,Minor injury: Medical assistance at accident site,431801.0,4588426.6,2.182478204,41.442672162
2023S002987    ,2,Eixample,7,la Dreta de l'Eixample,247659,Pau Claris,0147 0147,Friday,2023,5,May,19,Afternoon,20,No és causa del  vianant,Veh. mobilitat personal amb motor,Man,16,Driver,Desconegut                                                                                                                                            ,Unknown,Oci i entreteniment,Minor injury: Hospitalization up to 24 hours,430310.82,4583051.57,2.165260989,41.394133169
2023S002988    ,7,Horta-Guinardó,40,Montbau,701267,Dalt (Besòs),001180000,Saturday,2023,5,May,20,Morning,7,No és causa del  vianant,Motorcycle,Man,31,Driver,Desconegut                                                                                                                                            ,Unknown,Oci i entreteniment,Minor injury: Medical assistance at accident site,428817.02,4587609.98,2.146857535,41.435058054
2023S002989    ,8,Nou Barris,48,la Guineueta,153001,Guineueta,0021X0021X,Saturday,2023,5,May,20,Morning,8,No és causa del  vianant,Motorcycle,Man,24,Driver,Desconegut                                                                                                                                            ,Unknown,Oci i entreteniment,Minor injury: Hospitalization up to 24 hours,430447.05,4588185.11,2.166299779,41.440380936
2023S002990    ,6,Gràcia,28,Vallcarca i els Penitents,701267,Dalt (Besòs),001000000,Saturday,2023,5,May,20,Morning,8,No és causa del  vianant,Car,Woman,64,Passenger,Desconegut                                                                                                                                            ,Unknown,Unknown,Minor injury: Medical assistance at accident site,428210.43,4585888.55,2.139802315,41.419499855
2023S002990    ,6,Gràcia,28,Vallcarca i els Penitents,701267,Dalt (Besòs),001000000,Saturday,2023,5,May,20,Morning,8,No és causa del  vianant,Car,Woman,66,Passenger,Desconegut                                                                                                                                            ,Unknown,Unknown,Minor injury: Medical assistance at accident site,428210.43,4585888.55,2.139802315,41.419499855
2023S002990    ,6,Gràcia,28,Vallcarca i els Penitents,701267,Dalt (Besòs),001000000,Saturday,2023,5,May,20,Morning,8,No és causa del  vianant,Car,Woman,41,Driver,Desconegut                                                                                                                                            ,Unknown,Unknown,Minor injury: Medical assistance at accident site,428210.43,4585888.55,2.139802315,41.419499855
2023S002991    ,6,Gràcia,28,Vallcarca i els Penitents,701267,Dalt (Besòs),000990000,Saturday,2023,5,May,20,Morning,9,No és causa del  vianant,Motorcycle,Woman,38,Driver,Desconegut                                                                                                                                            ,Unknown,Unknown,Minor injury: Refused medical assistance,428053.34,4585610.79,2.137955752,41.41698413
2023S002992    ,2,Eixample,8,l'Antiga Esquerra de l'Eixample,363809,Villarroel,0115 0115,Saturday,2023,5,May,20,Morning,8,No és causa del  vianant,Veh. mobilitat personal amb motor,Woman,33,Driver,Desconegut                                                                                                                                            ,Unknown,Oci i entreteniment,Minor injury: Hospitalization up to 24 hours,429544.56,4582114.92,2.156205024,41.385630276
2023S002993    ,2,Eixample,7,la Dreta de l'Eixample,144601,Diagonal,0408 0408,Saturday,2023,5,May,20,Morning,12,No és causa del  vianant,Car,Woman,36,Passenger,Desconegut                                                                                                                                            ,Unknown,Unknown,Minor injury: Hospitalization up to 24 hours,430333.78,4583509.96,2.165482838,41.398263729
2023S002994    ,10,Sant Martí,73,la Verneda i la Pau,169409,Corts Catalanes,1173 1175,Saturday,2023,5,May,20,Morning,12,No és causa del  vianant,Car,Man,26,Passenger,Desconegut                                                                                                                                            ,Unknown,Unknown,Minor injury: Medical assistance at accident site,434102.35,4586062.74,2.210282537,41.421573847
2023S002994    ,10,Sant Martí,73,la Verneda i la Pau,169409,Corts Catalanes,1173 1175,Saturday,2023,5,May,20,Morning,12,No és causa del  vianant,Furgoneta,Man,42,Driver,Desconegut                                                                                                                                            ,Unknown,Oci i entreteniment,Minor injury: Hospitalization up to 24 hours,434102.35,4586062.74,2.210282537,41.421573847
2023S002994    ,10,Sant Martí,73,la Verneda i la Pau,169409,Corts Catalanes,1173 1175,Saturday,2023,5,May,20,Morning,12,No és causa del  vianant,Car,Man,53,Driver,Desconegut                                                                                                                                            ,Unknown,Oci i entreteniment,Minor injury: Hospitalization up to 24 hours,434102.35,4586062.74,2.210282537,41.421573847
2023S002995    ,2,Eixample,6,la Sagrada Família,18505,Aragó,0477 0477,Saturday,2023,5,May,20,Morning,13,No és causa del  vianant,Motorcycle,Man,29,Driver,Desconegut                                                                                                                                            ,Unknown,Unknown,Minor injury: Medical assistance at accident site,431553.57,4584083.99,2.180008377,41.40353866
2023S002996    ,2,Eixample,7,la Dreta de l'Eixample,350308,València,0241 0241,Saturday,2023,5,May,20,Afternoon,18,No és causa del  vianant,Motorcycle,Woman,35,Driver,Desconegut                                                                                                                                            ,Unknown,Unknown,Minor injury: Hospitalization up to 24 hours,430094.67,4582858.13,2.16269803,41.392372148
2023S002997    ,9,Sant Andreu,59,el Bon Pastor,701498,B-10 (Besòs),000070000,Saturday,2023,5,May,20,Afternoon,18,No és causa del  vianant,Car,Woman,52,Passenger,Desconegut                                                                                                                                            ,Unknown,Unknown,Minor injury: Medical assistance at accident site,433346.77,4589084.0,2.200907985,41.448723046
2023S002997    ,9,Sant Andreu,59,el Bon Pastor,701498,B-10 (Besòs),000070000,Saturday,2023,5,May,20,Afternoon,18,No és causa del  vianant,Furgoneta,Woman,42,Driver,Desconegut                                                                                                                                            ,Unknown,Unknown,Minor injury: Medical assistance at accident site,433346.77,4589084.0,2.200907985,41.448723046
2023S002997    ,9,Sant Andreu,59,el Bon Pastor,701498,B-10 (Besòs),000070000,Saturday,2023,5,May,20,Afternoon,18,No és causa del  vianant,Car,Man,55,Driver,Desconegut                                                                                                                                            ,Unknown,Unknown,Minor injury: Refused medical assistance,433346.77,4589084.0,2.200907985,41.448723046
2023S002997    ,9,Sant Andreu,59,el Bon Pastor,701498,B-10 (Besòs),000070000,Saturday,2023,5,May,20,Afternoon,18,No és causa del  vianant,Car,Man,62,Driver,Desconegut                                                                                                                                            ,Unknown,In itínere,Minor injury: Medical assistance at accident site,433346.77,4589084.0,2.200907985,41.448723046