Case_Number,District_Code,District_Name,Neighborhood_Code,Neighborhood_Name,Street_Code,Street_Name,Postal_Code,Day_of_Week,Year,Month_Code,Month_Name,Day_of_Month,Shift_Description,Hour_of_Day,Pedestrian_Cause_Description,Involved_Vehicle_Type,Gender_Description,Age,Person_Type_Description,Pedestrian_Accident_Location_Description,Pedestrian_Movement_Reason_Description,Driver_Movement_Reason_Description,Victimization_Description,UTM_X_Coordinate,UTM_Y_Coordinate,Longitude,Latitude
2023S002998    ,2,Eixample,8,l'Antiga Esquerra de l'Eixample,18505,Aragó,0185 0185,Saturday,2023,5,May,20,Afternoon,17,No és causa del  vianant,Motorcycle,Man,48,Driver,Desconegut                                                                                                                                            ,Unknown,Oci i entreteniment,Minor injury: Hospitalization up to 24 hours,429735.29,4582301.52,2.158464328,41.387327612
2023S002999    ,2,Eixample,6,la Sagrada Família,268003,Provença,0459 0459,Saturday,2023,5,May,20,Afternoon,18,No és causa del  vianant,Motorcycle,Woman,24,Driver,Desconegut                                                                                                                                            ,Unknown,Oci i entreteniment,Minor injury: Hospitalization up to 24 hours,431183.54,4584280.16,2.175559601,41.405273895
2023S003000    ,5,Sarrià-Sant Gervasi,26,Sant Gervasi - Galvany,701433,Mig (Ascendent),000400000,Saturday,2023,5,May,20,Night,23,No és causa del  vianant,Motorcycle,Woman,59,Passenger,Desconegut                                                                                                                                            ,Unknown,Unknown,Minor injury: Medical assistance at accident site,427605.52,4583482.64,2.1328524,41.397776536
2023S003000    ,5,Sarrià-Sant Gervasi,26,Sant Gervasi - Galvany,701433,Mig (Ascendent),000400000,Saturday,2023,5,May,20,Night,23,No és causa del  vianant,Motorcycle,Man,63,Driver,Desconegut                                                                                                                                            ,Unknown,Oci i entreteniment,Minor injury: Medical assistance at accident site,427605.52,4583482.64,2.1328524,41.397776536
2023S003001    ,5,Sarrià-Sant Gervasi,26,Sant Gervasi - Galvany,113007,Escoles Pies,0006 0006,Saturday,2023,5,May,20,Afternoon,21,No és causa del  vianant,Motorcycle,Man,18,Driver,Desconegut                                                                                                                                            ,Unknown,Unknown,Minor injury: Medical assistance at accident site,427884.67,4583176.48,2.136227865,41.39504417
2023S003002    ,2,Eixample,6,la Sagrada Família,350308,València,0534 0534,Saturday,2023,5,May,20,Afternoon,20,No és causa del  vianant,Motorcycle,Man,64,Driver,Desconegut                                                                                                                                            ,Unknown,Unknown,Minor injury: Hospitalization up to 24 hours,431686.61,4584414.63,2.181562522,41.406527957
2023S003003    ,2,Eixample,7,la Dreta de l'Eixample,18505,Aragó,0341 0341,Saturday,2023,5,May,20,Afternoon,21,No és causa del  vianant,Motorcycle,Woman,22,Passenger,Desconegut                                                                                                                                            ,Unknown,Unknown,Minor injury: Hospitalization up to 24 hours,430786.4,4583330.2,2.170917388,41.396683796
2023S003003    ,2,Eixample,7,la Dreta de l'Eixample,18505,Aragó,0341 0341,Saturday,2023,5,May,20,Afternoon,21,No és causa del  vianant,Motorcycle,Man,24,Driver,Desconegut                                                                                                                                            ,Unknown,Oci i entreteniment,Minor injury: Hospitalization up to 24 hours,430786.4,4583330.2,2.170917388,41.396683796
2023S003004    ,7,Horta-Guinardó,35,el Guinardó,365702,Mare de Déu de Montserrat,0232 0234,Saturday,2023,5,May,20,Afternoon,21,No és causa del  vianant,Car,Woman,76,Pedestrian,En pas regulat per semàfor                                                                                                                            ,Unknown,Unknown,Minor injury: Hospitalization up to 24 hours,431110.68,4586147.11,2.174475289,41.422082649
2023S003005    ,10,Sant Martí,71,Provençals del Poblenou,701414,C-31,020700000,Sunday,2023,5,May,21,Afternoon,14,No és causa del  vianant,Car,Woman,55,Driver,Desconegut                                                                                                                                            ,Unknown,Oci i entreteniment,Minor injury: Hospitalization up to 24 hours,432986.83,4584903.52,2.197062924,41.411040761
2023S003006    ,7,Horta-Guinardó,35,el Guinardó,194406,Maragall,0161 0165,Sunday,2023,5,May,21,Morning,13,No és causa del  vianant,Autobús articulat,Woman,85,Passenger,Desconegut                                                                                                                                            ,Unknown,Unknown,Minor injury: Hospitalization up to 24 hours,431483.35,4586153.26,2.178933902,41.422169927
2023S003007    ,2,Eixample,7,la Dreta de l'Eixample,350308,València,0367 0367,Sunday,2023,5,May,21,Afternoon,16,No és causa del  vianant,Car,Woman,48,Passenger,Desconegut                                                                                                                                            ,Unknown,Unknown,Minor injury: Refused medical assistance,430839.39,4583587.88,2.17152176,41.399009201
2023S003008    ,2,Eixample,7,la Dreta de l'Eixample,169409,Corts Catalanes,0690 0690,Sunday,2023,5,May,21,Afternoon,14,No és causa del  vianant,Autobús articulat,Woman,58,Passenger,Desconegut                                                                                                                                            ,Unknown,Unknown,Minor injury: Hospitalization up to 24 hours,430948.88,4582872.68,2.172913037,41.39257703
2023S003009    ,3,Sants-Montjuïc,13,la Marina de Port,137300,Foneria,0042B0042B,Sunday,2023,5,May,21,Night,22,No és causa del  vianant,Car,Woman,35,Passenger,Desconegut                                                                                                                                            ,Unknown,Unknown,Minor injury: Hospitalization up to 24 hours,428172.43,4579432.11,2.140113687,41.361345733
2023S003010    ,2,Eixample,10,Sant Antoni,114000,Espanya,0001 0001,Monday,2023,5,May,22,Night,1,No és causa del  vianant,Veh. mobilitat personal amb motor,Man,27,Driver,Desconegut                                                                                                                                            ,Unknown,In itínere,Minor injury: Hospitalization up to 24 hours,428989.31,4580940.29,2.149702461,41.375001931
2023S003011    ,10,Sant Martí,69,Diagonal Mar i el Front Marítim del Poblenou,322608,Selva de Mar,0001 0001,Monday,2023,5,May,22,Night,5,No és causa del  vianant,Motorcycle,Man,52,Driver,Desconegut                                                                                                                                            ,Unknown,Oci i entreteniment,Minor injury: Hospitalization up to 24 hours,434402.09,4584203.84,2.214070853,41.404855733
2023S003012    ,4,Les Corts,19,les Corts,107004,Equador,0082 0084,Monday,2023,5,May,22,Morning,10,No és causa del  vianant,Motorcycle,Man,53,Driver,Desconegut                                                                                                                                            ,Unknown,En missió,Minor injury: Refused medical assistance,428043.39,4582383.01,2.138220595,41.387911914
2023S003013    ,3,Sants-Montjuïc,16,la Bordeta,89707,Constitució,0002 0002,Monday,2023,5,May,22,Morning,8,Desobeir el senyal del semàfor,Veh. mobilitat personal amb motor,Woman,50,Pedestrian,En pas regulat per semàfor                                                                                                                            ,Unknown,Unknown,Minor injury: Hospitalization up to 24 hours,427989.79,4580394.9,2.137815919,41.37000093
2023S003014    ,2,Eixample,6,la Sagrada Família,18505,Aragó,0499 0499,Monday,2023,5,May,22,Morning,8,No és causa del  vianant,Ciclomotor,Woman,54,Driver,Desconegut                                                                                                                                            ,Unknown,In itínere,Minor injury: Hospitalization up to 24 hours,431675.68,4584232.02,2.181452393,41.404882315
2023S003016    ,10,Sant Martí,68,el Poblenou,701266,Litoral (Llobregat),000740000,Monday,2023,5,May,22,Morning,9,No és causa del  vianant,Motorcycle,Man,20,Driver,Desconegut                                                                                                                                            ,Unknown,Estudiant cap a centre d'estudis,Minor injury: Hospitalization up to 24 hours,433777.75,4583199.54,2.206711936,41.395759025
2023S003017    ,10,Sant Martí,68,el Poblenou,700654,Litoral,0064 0068,Monday,2023,5,May,22,Morning,12,No és causa del  vianant,Car,Man,75,Driver,Desconegut                                                                                                                                            ,Unknown,En missió,Minor injury: Hospitalization up to 24 hours,433600.12,4582986.31,2.204610681,41.393823857
2023S003018    ,2,Eixample,7,la Dreta de l'Eixample,148307,Gràcia,0078 0078,Monday,2023,5,May,22,Morning,9,Creuar per fora pas de vianants,Bus,Woman,57,Passenger,Desconegut                                                                                                                                            ,Unknown,Unknown,Minor injury: Medical assistance at accident site,430157.28,4583012.79,2.163429022,41.393770563
2023S003018    ,2,Eixample,7,la Dreta de l'Eixample,148307,Gràcia,0078 0078,Monday,2023,5,May,22,Morning,9,Creuar per fora pas de vianants,Bus,Woman,58,Passenger,Desconegut                                                                                                                                            ,Unknown,Unknown,Minor injury: Hospitalization up to 24 hours,430157.28,4583012.79,2.163429022,41.393770563
2023S003018    ,2,Eixample,7,la Dreta de l'Eixample,148307,Gràcia,0078 0078,Monday,2023,5,May,22,Morning,9,Creuar per fora pas de vianants,Bus,Woman,59,Passenger,Desconegut                                                                                                                                            ,Unknown,Unknown,Minor injury: Hospitalization up to 24 hours,430157.28,4583012.79,2.163429022,41.393770563
2023S003018    ,2,Eixample,7,la Dreta de l'Eixample,148307,Gràcia,0078 0078,Monday,2023,5,May,22,Morning,9,Creuar per fora pas de vianants,Bus,Man,74,Passenger,Desconegut                                                                                                                                            ,Unknown,Unknown,Minor injury: Hospitalization up to 24 hours,430157.28,4583012.79,2.163429022,41.393770563
2023S003019    ,10,Sant Martí,65,el Clot,209900,Meridiana,0158 0158,Monday,2023,5,May,22,Morning,12,No és causa del  vianant,Car,Woman,26,Pedestrian,En pas regulat per semàfor                                                                                                                            ,Unknown,Unknown,Minor injury: Hospitalization up to 24 hours,432161.53,4584895.27,2.187190083,41.410897181
2023S003021    ,2,Eixample,8,l'Antiga Esquerra de l'Eixample,191204,Mallorca,0160 0160,Monday,2023,5,May,22,Morning,13,Desobeir el senyal del semàfor,Motorcycle,Man,32,Pedestrian,En pas regulat per semàfor                                                                                                                            ,Unknown,Unknown,Minor injury: Hospitalization up to 24 hours,429452.6,4582399.4,2.15507212,41.388184428
2023S003022    ,3,Sants-Montjuïc,13,la Marina de Port,124706,Ferrocarrils Catalans,0032 0032,Monday,2023,5,May,22,Morning,13,Desobeir altres senyals,Car,Woman,25,Passenger,Desconegut                                                                                                                                            ,Unknown,Unknown,Minor injury: Medical assistance at accident site,428205.27,4579648.21,2.140480683,41.363295005
2023S003022    ,3,Sants-Montjuïc,13,la Marina de Port,124706,Ferrocarrils Catalans,0032 0032,Monday,2023,5,May,22,Morning,13,Desobeir altres senyals,Car,Man,43,Driver,Desconegut                                                                                                                                            ,Unknown,En pràctiques d'autoescola,Minor injury: Medical assistance at accident site,428205.27,4579648.21,2.140480683,41.363295005
2023S003023    ,2,Eixample,8,l'Antiga Esquerra de l'Eixample,169409,Corts Catalanes,0583 0583,Monday,2023,5,May,22,Morning,13,No és causa del  vianant,Motorcycle,Man,48,Driver,Desconegut                                                                                                                                            ,Unknown,Unknown,Minor injury: Hospitalization up to 24 hours,430121.36,4582099.83,2.163104777,41.385544703
2023S003024    ,1,Ciutat Vella,1,el Raval,250904,Pelai,0058 0058,Monday,2023,5,May,22,Afternoon,15,No és causa del  vianant,Ciclomotor,Man,39,Driver,Desconegut                                                                                                                                            ,Unknown,In itínere,Minor injury: Hospitalization up to 24 hours,430643.28,4582079.93,2.169348755,41.385410662
2023S003025    ,6,Gràcia,31,la Vila de Gràcia,144601,Diagonal,0468 0470,Monday,2023,5,May,22,Afternoon,16,No és causa del  vianant,Veh. mobilitat personal amb motor,Man,54,Driver,Desconegut                                                                                                                                            ,Unknown,Unknown,Minor injury: Hospitalization up to 24 hours,429570.02,4583264.8,2.15637572,41.395989087
2023S003026    ,5,Sarrià-Sant Gervasi,27,el Putxet i el Farró,279600,República Argentina,0101U0101U,Monday,2023,5,May,22,Afternoon,16,No és causa del  vianant,Ciclomotor,Woman,53,Pedestrian,En pas regulat per semàfor                                                                                                                            ,Oci i entreteniment,Unknown,Minor injury: Hospitalization up to 24 hours,428573.99,4584975.32,2.14426029,41.41130718
2023S003027    ,10,Sant Martí,67,la Vila Olímpica del Poblenou,197302,Marina,0033 0033,Monday,2023,5,May,22,Afternoon,15,No és causa del  vianant,Car,Woman,29,Pedestrian,En pas regulat per semàfor                                                                                                                            ,Unknown,Unknown,Minor injury: Medical assistance at accident site,432592.28,4582626.29,2.19259629,41.390497358
2023S003028    ,2,Eixample,10,Sant Antoni,362001,Vilamarí,0021 0021,Monday,2023,5,May,22,Afternoon,18,No és causa del  vianant,Motorcycle,Man,63,Driver,Desconegut                                                                                                                                            ,Unknown,In itínere,Minor injury: Medical assistance at accident site,429269.66,4581057.55,2.153040952,41.376082757
2023S003029    ,2,Eixample,7,la Dreta de l'Eixample,169409,Corts Catalanes,0685 0685,Monday,2023,5,May,22,Afternoon,17,No és causa del  vianant,Motorcycle,Man,60,Driver,Desconegut                                                                                                                                            ,Unknown,Unknown,Minor injury: Refused medical assistance,431363.28,4583313.93,2.177819397,41.396586731
2023S003030    ,8,Nou Barris,44,Vilapicina i la Torre Llobeta,258509,Pitàgores,0009 0009,Monday,2023,5,May,22,Afternoon,18,No és causa del  vianant,Furgoneta,Woman,75,Pedestrian,En pas sense regular                                                                                                                                  ,Unknown,Unknown,Minor injury: Hospitalization up to 24 hours,430364.02,4586837.25,2.165461369,41.42823408
2023S003030    ,8,Nou Barris,44,Vilapicina i la Torre Llobeta,258509,Pitàgores,0009 0009,Monday,2023,5,May,22,Afternoon,18,No és causa del  vianant,Furgoneta,Man,78,Pedestrian,En pas sense regular                                                                                                                                  ,Unknown,Unknown,Minor injury: Hospitalization up to 24 hours,430364.02,4586837.25,2.165461369,41.42823408
2023S003031    ,-1,Unknown,-1,Unknown,-1,Unknown,Unknown,Monday,2023,5,May,22,Afternoon,18,No és causa del  vianant,Motorcycle,Woman,23,Passenger,Desconegut                                                                                                                                            ,Unknown,Unknown,Minor injury: Hospitalization up to 24 hours,430513.1,4584954.86,2.167461791,41.411292984
2023S003031    ,-1,Unknown,-1,Unknown,-1,Unknown,Unknown,Monday,2023,5,May,22,Afternoon,18,No és causa del  vianant,Motorcycle,Woman,30,Driver,Desconegut                                                                                                                                            ,Unknown,Oci i entreteniment,Minor injury: Hospitalization up to 24 hours,430513.1,4584954.86,2.167461791,41.411292984
2023S003032    ,10,Sant Martí,64,el Camp de l'Arpa del Clot,17433,Antic de Bofarull,0002B0002B,Monday,2023,5,May,22,Afternoon,19,No és causa del  vianant,Motorcycle,Man,54,Driver,Desconegut                                                                                                                                            ,Unknown,Unknown,Minor injury: Hospitalization up to 24 hours,432134.81,4584834.86,2.186877189,41.410350829
2023S003033    ,8,Nou Barris,52,la Prosperitat,282650,Rio de Janeiro,0091 0091,Monday,2023,5,May,22,Afternoon,17,No és causa del  vianant,Veh. mobilitat personal amb motor,Woman,9,Pedestrian,A la vorera / Andana                                                                                                                                  ,Oci i entreteniment,Unknown,Minor injury: Medical assistance at accident site,431787.59,4588106.71,2.18235383,41.439789887
2023S003033    ,8,Nou Barris,52,la Prosperitat,282650,Rio de Janeiro,0091 0091,Monday,2023,5,May,22,Afternoon,17,No és causa del  vianant,Veh. mobilitat personal amb motor,Woman,18,Driver,A la vorera / Andana                                                                                                                                  ,Unknown,Unknown,Minor injury: Medical assistance at accident site,431787.59,4588106.71,2.18235383,41.439789887
2023S003034    ,6,Gràcia,31,la Vila de Gràcia,267000,Riera de Cassoles,0030 0030,Monday,2023,5,May,22,Afternoon,21,Desobeir el senyal del semàfor,Motorcycle,Man,74,Pedestrian,Fora del pas                                                                                                                                          ,Unknown,Unknown,Minor injury: Hospitalization up to 24 hours,429050.42,4584083.49,2.150064802,41.403317027
2023S003034    ,6,Gràcia,31,la Vila de Gràcia,267000,Riera de Cassoles,0030 0030,Monday,2023,5,May,22,Afternoon,21,Desobeir el senyal del semàfor,Motorcycle,Man,25,Driver,Fora del pas                                                                                                                                          ,Unknown,Unknown,Minor injury: Hospitalization up to 24 hours,429050.42,4584083.49,2.150064802,41.403317027
2023S003035    ,3,Sants-Montjuïc,13,la Marina de Port,230601,Mare de Déu de Port,0148V0148V,Monday,2023,5,May,22,Night,23,No és causa del  vianant,Motorcycle,Woman,45,Passenger,Desconegut                                                                                                                                            ,Unknown,Unknown,Minor injury: Hospitalization up to 24 hours,428458.71,4579056.19,2.143580406,41.357985444
2023S003035    ,3,Sants-Montjuïc,13,la Marina de Port,230601,Mare de Déu de Port,0148V0148V,Monday,2023,5,May,22,Night,23,No és causa del  vianant,Motorcycle,Man,46,Driver,Desconegut                                                                                                                                            ,Unknown,Oci i entreteniment,Minor injury: Hospitalization up to 24 hours,428458.71,4579056.19,2.143580406,41.357985444
2023S003036    ,8,Nou Barris,55,Ciutat Meridiana,275600,Rasos de Peguera,0088 0088,Monday,2023,5,May,22,Night,2,No és causa del  vianant,Car,Woman,32,Driver,Desconegut                                                                                                                                            ,Unknown,"Bombers, policia, ambulància",Minor injury: Hospitalization up to 24 hours,431331.73,4590473.53,2.176628306,41.461068046
2023S003036    ,8,Nou Barris,55,Ciutat Meridiana,275600,Rasos de Peguera,0088 0088,Monday,2023,5,May,22,Night,2,No és causa del  vianant,Car,Woman,18,Passenger,Desconegut                                                                                                                                            ,Unknown,Unknown,Minor injury: Hospitalization up to 24 hours,431331.73,4590473.53,2.176628306,41.461068046
2023S003037    ,2,Eixample,6,la Sagrada Família,268003,Provença,0385 0387,Monday,2023,1,January,2,Morning,12,No és causa del  vianant,Bicicleta,Man,32,Driver,Altres                                                                                                                                                ,Unknown,Unknown,Minor injury: Hospitalization up to 24 hours,430829.2,4583922.32,2.171361638,41.402020518
2023S003038    ,2,Eixample,5,el Fort Pienc,144601,Diagonal,9994 9994,Tuesday,2023,5,May,23,Morning,7,No és causa del  vianant,Motorcycle,Man,25,Driver,Desconegut                                                                                                                                            ,Unknown,In itínere,Minor injury: Medical assistance at accident site,431207.13,4583723.12,2.175905143,41.40025883
2023S003039    ,5,Sarrià-Sant Gervasi,23,Sarrià,62507,Capità Arenas,0043 0043,Tuesday,2023,5,May,23,Morning,8,No és causa del  vianant,Car,Man,64,Pedestrian,Altres                                                                                                                                                ,Unknown,Unknown,Minor injury: Hospitalization up to 24 hours,426985.34,4582853.9,2.125510135,41.392057633
2023S003040    ,2,Eixample,8,l'Antiga Esquerra de l'Eixample,51205,Buenos Aires,0047 0047,Monday,2023,5,May,22,Night,22,No és causa del  vianant,Motorcycle,Man,28,Driver,Desconegut                                                                                                                                            ,Unknown,En missió,Minor injury: Hospitalization up to 24 hours,428794.3,4582881.46,2.147142455,41.392468133
2023S003041    ,3,Sants-Montjuïc,13,la Marina de Port,230601,Mare de Déu de Port,0249 0249,Tuesday,2023,5,May,23,Morning,9,No és causa del  vianant,Bicicleta,Man,55,Driver,Desconegut                                                                                                                                            ,Unknown,In itínere,Minor injury: Hospitalization up to 24 hours,428396.8,4579154.8,2.14282869,41.358868087
2023S003042    ,8,Nou Barris,51,Verdun,120807,Favència,0274 0288,Tuesday,2023,5,May,23,Morning,9,No és causa del  vianant,Car,Man,44,Driver,Desconegut                                                                                                                                            ,Unknown,Altres activitats,Minor injury: Hospitalization up to 24 hours,431311.39,4588712.57,2.17658522,41.445206023
2023S003042    ,8,Nou Barris,51,Verdun,120807,Favència,0274 0288,Tuesday,2023,5,May,23,Morning,9,No és causa del  vianant,Car,Woman,39,Passenger,Desconegut                                                                                                                                            ,Unknown,Unknown,Minor injury: Hospitalization up to 24 hours,431311.39,4588712.57,2.17658522,41.445206023
2023S003044    ,5,Sarrià-Sant Gervasi,27,el Putxet i el Farró,32700,Balmes,0330 0332,Tuesday,2023,5,May,23,Morning,10,No és causa del  vianant,Motorcycle,Woman,26,Driver,Desconegut                                                                                                                                            ,Unknown,Unknown,Minor injury: Hospitalization up to 24 hours,428523.23,4584068.95,2.143760115,41.403139348
2023S003045    ,10,Sant Martí,67,la Vila Olímpica del Poblenou,701266,Litoral (Llobregat),000830000,Tuesday,2023,5,May,23,Morning,11,No és causa del  vianant,Veh. mobilitat personal amb motor,Woman,50,Driver,Desconegut                                                                                                                                            ,Unknown,Oci i entreteniment,Serious injury: Hospitalization over 24 hours,433167.94,4582635.8,2.199480195,41.390631079
2023S003046    ,10,Sant Martí,65,el Clot,350308,València,0640 0644,Tuesday,2023,5,May,23,Morning,10,No és causa del  vianant,Autobús articulat,Woman,84,Passenger,Desconegut                                                                                                                                            ,Unknown,Unknown,Minor injury: Hospitalization up to 24 hours,432270.8,4584972.11,2.188488764,41.411598477
2023S003047    ,2,Eixample,7,la Dreta de l'Eixample,169409,Corts Catalanes,0670 0670,Tuesday,2023,5,May,23,Morning,10,No és causa del  vianant,Autobús articulat,Woman,70,Passenger,Desconegut                                                                                                                                            ,Unknown,Unknown,Minor injury: Hospitalization up to 24 hours,430856.46,4582782.32,2.171817977,41.39175524
2023S003048    ,6,Gràcia,31,la Vila de Gràcia,206403,Gran de Gràcia,0072 0072,Tuesday,2023,5,May,23,Morning,12,No és causa del  vianant,Bicicleta,Woman,22,Driver,Desconegut                                                                                                                                            ,Unknown,Unknown,Minor injury: Hospitalization up to 24 hours,429497.51,4583693.13,2.155458526,41.399840547
2023S003049    ,3,Sants-Montjuïc,16,la Bordeta,701377,Carrilet,0028 0028,Tuesday,2023,5,May,23,Morning,13,No és causa del  vianant,Motorcycle,Man,26,Driver,Desconegut                                                                                                                                            ,Unknown,Unknown,Minor injury: Hospitalization up to 24 hours,427568.12,4579901.01,2.13283339,41.365514784
2023S003050    ,2,Eixample,9,la Nova Esquerra de l'Eixample,169409,Corts Catalanes,0523 0523,Tuesday,2023,5,May,23,Morning,12,No és causa del  vianant,Veh. mobilitat personal amb motor,Man,37,Driver,Desconegut                                                                                                                                            ,Unknown,Unknown,Minor injury: Hospitalization up to 24 hours,429737.74,4581724.85,2.15856054,41.382133946
2023S003051    ,2,Eixample,8,l'Antiga Esquerra de l'Eixample,144601,Diagonal,0411 0411,Tuesday,2023,5,May,23,Morning,11,No és causa del  vianant,Motorcycle,Man,32,Driver,Desconegut                                                                                                                                            ,Unknown,Unknown,Minor injury: Hospitalization up to 24 hours,429408.57,4583157.34,2.154457153,41.395007068
2023S003052    ,2,Eixample,8,l'Antiga Esquerra de l'Eixample,100800,Diputació,0220 0220,Tuesday,2023,5,May,23,Afternoon,16,No és causa del  vianant,Motorcycle,Woman,46,Driver,Desconegut                                                                                                                                            ,Unknown,Unknown,Minor injury: Hospitalization up to 24 hours,430018.62,4582204.72,2.161863977,41.386480478
2023S003053    ,9,Sant Andreu,57,la Trinitat Vella,701501,B-20 (Llobregat),001620000,Tuesday,2023,5,May,23,Afternoon,17,No és causa del  vianant,Motorcycle,Man,21,Driver,Desconegut                                                                                                                                            ,Unknown,Unknown,Minor injury: Hospitalization up to 24 hours,432744.63,4589215.29,2.193685264,41.449855274
2023S003054    ,2,Eixample,6,la Sagrada Família,268003,Provença,0403 0403,Tuesday,2023,5,May,23,Afternoon,17,No és causa del  vianant,Bicicleta,Woman,25,Driver,Desconegut                                                                                                                                            ,Unknown,Unknown,Minor injury: Hospitalization up to 24 hours,430915.08,4584036.08,2.172375957,41.403052506
2023S003056    ,5,Sarrià-Sant Gervasi,23,Sarrià,701267,Dalt (Besòs),0009E0000,Saturday,2023,5,May,20,Afternoon,17,No és causa del  vianant,Car,Woman,21,Driver,Desconegut                                                                                                                                            ,Unknown,Oci i entreteniment,Minor injury: Hospitalization up to 24 hours,425982.38,4583777.91,2.113401582,41.400288051
2023S003057    ,2,Eixample,7,la Dreta de l'Eixample,18505,Aragó,0270 0270,Tuesday,2023,5,May,23,Afternoon,21,Creuar per fora pas de vianants,Bicicleta,Woman,56,Pedestrian,Fora del pas                                                                                                                                          ,Oci i entreteniment,Unknown,Minor injury: Medical assistance at accident site,430215.73,4582751.32,2.164158264,41.391420664
2023S003058    ,8,Nou Barris,46,el Turó de la Peira,366501,Virrei Amat,0007 0007,Tuesday,2023,5,May,23,Afternoon,20,No és causa del  vianant,Bus,Woman,84,Passenger,Desconegut                                                                                                                                            ,Unknown,Unknown,Minor injury: Hospitalization up to 24 hours,431137.73,4587060.17,2.174694913,41.430308581
2023S003060    ,10,Sant Martí,67,la Vila Olímpica del Poblenou,700884,Voluntaris Olímpics,9999 9999,Wednesday,2023,5,May,24,Night,1,No és causa del  vianant,Taxi,Man,24,Driver,Desconegut                                                                                                                                            ,Unknown,Taxi,Minor injury: Hospitalization up to 24 hours,432869.81,4582348.98,2.195946327,41.38802292
2023S003061    ,3,Sants-Montjuïc,11,el Poble-sec,198804,Paral·lel,0051 0053,Wednesday,2023,5,May,24,Morning,6,Desobeir el senyal del semàfor,Motorcycle,Man,34,Pedestrian,En pas regulat per semàfor                                                                                                                            ,Oci i entreteniment,Unknown,Minor injury: Medical assistance at accident site,430879.48,4580880.61,2.172310361,41.37462907
2023S003061    ,3,Sants-Montjuïc,11,el Poble-sec,198804,Paral·lel,0051 0053,Wednesday,2023,5,May,24,Morning,6,Desobeir el senyal del semàfor,Motorcycle,Man,41,Driver,En pas regulat per semàfor                                                                                                                            ,Unknown,In itínere,Minor injury: Medical assistance at accident site,430879.48,4580880.61,2.172310361,41.37462907
2023S003062    ,5,Sarrià-Sant Gervasi,25,Sant Gervasi - la Bonanova,701267,Dalt (Besòs),000810000,Wednesday,2023,5,May,24,Morning,7,No és causa del  vianant,Car,Woman,56,Driver,Desconegut                                                                                                                                            ,Unknown,En missió,Minor injury: Hospitalization up to 24 hours,426972.87,4584864.31,2.125118346,41.410163403
2023S003063    ,2,Eixample,7,la Dreta de l'Eixample,169409,Corts Catalanes,0645 0645,Wednesday,2023,5,May,24,Morning,8,No és causa del  vianant,Motorcycle,Woman,22,Driver,Desconegut                                                                                                                                            ,Unknown,Unknown,Minor injury: Hospitalization up to 24 hours,430886.26,4582847.07,2.172167,41.392340987
2023S003064    ,2,Eixample,10,Sant Antoni,169409,Corts Catalanes,0428 0428,Wednesday,2023,5,May,24,Morning,9,No és causa del  vianant,Motorcycle,Man,56,Passenger,Desconegut                                                                                                                                            ,Unknown,Unknown,Minor injury: Hospitalization up to 24 hours,429275.87,4581307.9,2.153085979,41.378338124
2023S003064    ,2,Eixample,10,Sant Antoni,169409,Corts Catalanes,0428 0428,Wednesday,2023,5,May,24,Morning,9,No és causa del  vianant,Motorcycle,Man,55,Driver,Desconegut                                                                                                                                            ,Unknown,Oci i entreteniment,Serious injury: Hospitalization over 24 hours,429275.87,4581307.9,2.153085979,41.378338124
2023S003065    ,5,Sarrià-Sant Gervasi,26,Sant Gervasi - Galvany,32700,Balmes,0291 0291,Wednesday,2023,5,May,24,Morning,8,No és causa del  vianant,Motorcycle,Man,58,Driver,Desconegut                                                                                                                                            ,Unknown,Unknown,Minor injury: Hospitalization up to 24 hours,428762.08,4583896.74,2.14663758,41.401609529
2023S003066    ,3,Sants-Montjuïc,16,la Bordeta,160903,Ildefons Cerdà,0007 0007,Wednesday,2023,5,May,24,Morning,9,No és causa del  vianant,Motorcycle,Woman,29,Driver,Desconegut                                                                                                                                            ,Unknown,In itínere,Minor injury: Medical assistance at accident site,427718.43,4579750.57,2.134648336,41.364173341
2023S003068    ,5,Sarrià-Sant Gervasi,25,Sant Gervasi - la Bonanova,2403,Adrià Margarit,0029 0031,Wednesday,2023,5,May,24,Morning,9,No és causa del  vianant,Motorcycle,Man,29,Driver,Desconegut                                                                                                                                            ,Unknown,In itínere,Minor injury: Refused medical assistance,427518.18,4585332.24,2.131586079,41.414427233
2023S003069    ,2,Eixample,9,la Nova Esquerra de l'Eixample,169409,Corts Catalanes,0521 0521,Wednesday,2023,5,May,24,Morning,12,No és causa del  vianant,Motorcycle,Man,46,Driver,Desconegut                                                                                                                                            ,Unknown,Unknown,Minor injury: Hospitalization up to 24 hours,429737.74,4581724.85,2.15856054,41.382133946
2023S003070    ,2,Eixample,5,el Fort Pienc,238400,Padilla,0152 0152,Wednesday,2023,5,May,24,Morning,12,No és causa del  vianant,Motorcycle,Woman,62,Driver,Desconegut                                                                                                                                            ,Unknown,Unknown,Minor injury: Refused medical assistance,431895.3,4583755.32,2.184133305,41.400607464
2023S003071    ,2,Eixample,6,la Sagrada Família,289105,Rosselló,0423 0423,Wednesday,2023,5,May,24,Morning,13,No és causa del  vianant,Veh. mobilitat personal amb motor,Woman,64,Pedestrian,En zona peatonal                                                                                                                                      ,Unknown,Unknown,Minor injury: Hospitalization up to 24 hours,430923.02,4584231.84,2.172448585,41.404816336
2023S003072    ,2,Eixample,7,la Dreta de l'Eixample,148307,Gràcia,0075 0075,Wednesday,2023,5,May,24,Afternoon,14,No és causa del  vianant,Motorcycle,Woman,40,Passenger,Desconegut                                                                                                                                            ,Unknown,Unknown,Minor injury: Hospitalization up to 24 hours,430056.1,4583030.32,2.162216822,41.393919652