Case_Number,District_Code,District_Name,Neighborhood_Code,Neighborhood_Name,Street_Code,Street_Name,Postal_Code,Day_of_Week,Year,Month_Code,Month_Name,Day_of_Month,Shift_Description,Hour_of_Day,Pedestrian_Cause_Description,Involved_Vehicle_Type,Gender_Description,Age,Person_Type_Description,Pedestrian_Accident_Location_Description,Pedestrian_Movement_Reason_Description,Driver_Movement_Reason_Description,Victimization_Description,UTM_X_Coordinate,UTM_Y_Coordinate,Longitude,Latitude
2023S003072    ,2,Eixample,7,la Dreta de l'Eixample,148307,Gràcia,0075 0075,Wednesday,2023,5,May,24,Afternoon,14,No és causa del  vianant,Motorcycle,Man,35,Driver,Desconegut                                                                                                                                            ,Unknown,Oci i entreteniment,Minor injury: Medical assistance at accident site,430056.1,4583030.32,2.162216822,41.393919652
2023S003073    ,8,Nou Barris,49,Canyelles,701268,Dalt (Llobregat),001350000,Wednesday,2023,5,May,24,Morning,13,No és causa del  vianant,Motorcycle,Man,29,Driver,Desconegut                                                                                                                                            ,Unknown,In itínere,Minor injury: Hospitalization up to 24 hours,430361.27,4588243.81,2.165266294,41.440902185
2023S003074    ,7,Horta-Guinardó,43,Horta,700784,Cementiri de Collserola,0012 0012,Wednesday,2023,5,May,24,Morning,12,No és causa del  vianant,Car,Man,33,Passenger,Desconegut                                                                                                                                            ,Unknown,Unknown,Minor injury: Hospitalization up to 24 hours,429539.54,4588886.02,2.155355862,41.446614566
2023S003074    ,7,Horta-Guinardó,43,Horta,700784,Cementiri de Collserola,0012 0012,Wednesday,2023,5,May,24,Morning,12,No és causa del  vianant,Car,Man,47,Driver,Desconegut                                                                                                                                            ,Unknown,In itínere,Minor injury: Hospitalization up to 24 hours,429539.54,4588886.02,2.155355862,41.446614566
2023S003075    ,4,Les Corts,21,Pedralbes,244300,Pius XII,0002X0002X,Wednesday,2023,5,May,24,Afternoon,16,No és causa del  vianant,Veh. mobilitat personal amb motor,Woman,42,Driver,Desconegut                                                                                                                                            ,Unknown,Unknown,Minor injury: Hospitalization up to 24 hours,426793.07,4582325.32,2.12327447,41.387279445
2023S003076    ,3,Sants-Montjuïc,13,la Marina de Port,160903,Ildefons Cerdà,0003 0003,Wednesday,2023,5,May,24,Afternoon,16,No és causa del  vianant,Motorcycle,Man,59,Driver,Desconegut                                                                                                                                            ,Unknown,Oci i entreteniment,Minor injury: Hospitalization up to 24 hours,427817.98,4579776.81,2.135835341,41.364418612
2023S003077    ,2,Eixample,6,la Sagrada Família,68900,Cartagena,0305 0305,Wednesday,2023,5,May,24,Afternoon,15,No és causa del  vianant,Motorcycle,Man,52,Driver,Desconegut                                                                                                                                            ,Unknown,In itínere,Minor injury: Medical assistance at accident site,431178.88,4584841.26,2.175440009,41.410327143
2023S003078    ,-1,Unknown,-1,Unknown,-1,Unknown,Unknown,Wednesday,2023,5,May,24,Afternoon,18,No és causa del  vianant,Bicicleta,Man,42,Driver,Desconegut                                                                                                                                            ,Unknown,Unknown,Minor injury: Hospitalization up to 24 hours,428310.7,4581655.17,2.141503645,41.381380404
2023S003079    ,2,Eixample,8,l'Antiga Esquerra de l'Eixample,289105,Rosselló,0219 0219,Wednesday,2023,5,May,24,Afternoon,19,No és causa del  vianant,Car,Woman,23,Passenger,Desconegut                                                                                                                                            ,Unknown,Unknown,Minor injury: Hospitalization up to 24 hours,429649.26,4582966.26,2.15735821,41.393307179
2023S003079    ,2,Eixample,8,l'Antiga Esquerra de l'Eixample,289105,Rosselló,0219 0219,Wednesday,2023,5,May,24,Afternoon,19,No és causa del  vianant,Car,Woman,71,Driver,Desconegut                                                                                                                                            ,Unknown,Oci i entreteniment,Minor injury: Hospitalization up to 24 hours,429649.26,4582966.26,2.15735821,41.393307179
2023S003080    ,6,Gràcia,31,la Vila de Gràcia,267000,Riera de Cassoles,0008 0008,Wednesday,2023,5,May,24,Afternoon,17,Desobeir el senyal del semàfor,Motorcycle,Woman,49,Pedestrian,En pas regulat per semàfor                                                                                                                            ,Unknown,Unknown,Minor injury: Hospitalization up to 24 hours,429115.59,4583945.87,2.150860511,41.402083286
2023S003080    ,6,Gràcia,31,la Vila de Gràcia,267000,Riera de Cassoles,0008 0008,Wednesday,2023,5,May,24,Afternoon,17,Desobeir el senyal del semàfor,Motorcycle,Man,61,Driver,En pas regulat per semàfor                                                                                                                            ,Unknown,Unknown,Serious injury: Hospitalization over 24 hours,429115.59,4583945.87,2.150860511,41.402083286
2023S003081    ,10,Sant Martí,71,Provençals del Poblenou,30409,Bac de Roda,0158 0160,Wednesday,2023,5,May,24,Afternoon,17,No és causa del  vianant,Motorcycle,Woman,25,Driver,Desconegut                                                                                                                                            ,Unknown,In itínere,Minor injury: Hospitalization up to 24 hours,433186.49,4584891.95,2.19945291,41.410953186
2023S003082    ,4,Les Corts,20,la Maternitat i Sant Ramon,144601,Diagonal,0621 0621,Wednesday,2023,5,May,24,Afternoon,17,No és causa del  vianant,Motorcycle,Woman,25,Driver,Desconegut                                                                                                                                            ,Unknown,In itínere,Minor injury: Hospitalization up to 24 hours,427067.42,4582366.31,2.126550566,41.38767356
2023S003083    ,9,Sant Andreu,59,el Bon Pastor,295709,Sant Adrià,0137 0139,Wednesday,2023,5,May,24,Afternoon,19,No és causa del  vianant,Motorcycle,Woman,57,Pedestrian,En pas sense regular                                                                                                                                  ,Unknown,Unknown,Minor injury: Hospitalization up to 24 hours,433785.98,4587717.23,2.206315581,41.436449341
2023S003084    ,3,Sants-Montjuïc,11,el Poble-sec,700701,Doctor Font i Quer,0019 0019,Saturday,2023,7,July,8,Morning,12,No és causa del  vianant,Motorcycle,Woman,50,Passenger,Desconegut                                                                                                                                            ,Unknown,Unknown,Minor injury: Medical assistance at accident site,429945.51,4580053.24,2.161238438,41.367096387
2023S003084    ,3,Sants-Montjuïc,11,el Poble-sec,700701,Doctor Font i Quer,0019 0019,Saturday,2023,7,July,8,Morning,12,No és causa del  vianant,Motorcycle,Man,66,Driver,Desconegut                                                                                                                                            ,Unknown,Oci i entreteniment,Minor injury: Hospitalization up to 24 hours,429945.51,4580053.24,2.161238438,41.367096387
2023S003085    ,-1,Unknown,-1,Unknown,-1,Unknown,Unknown,Thursday,2023,5,May,25,Night,1,No és causa del  vianant,Motorcycle,Woman,22,Passenger,Desconegut                                                                                                                                            ,Unknown,Unknown,Minor injury: Refused medical assistance,430383.18,4581978.54,2.166249854,41.384474994
2023S003085    ,-1,Unknown,-1,Unknown,-1,Unknown,Unknown,Thursday,2023,5,May,25,Night,1,No és causa del  vianant,Motorcycle,Man,36,Driver,Desconegut                                                                                                                                            ,Unknown,Oci i entreteniment,Minor injury: Refused medical assistance,430383.18,4581978.54,2.166249854,41.384474994
2023S003086    ,5,Sarrià-Sant Gervasi,26,Sant Gervasi - Galvany,143507,Pau Casals,0024 0024,Thursday,2023,5,May,25,Morning,10,No és causa del  vianant,Car,Man,33,Pedestrian,En pas sense regular                                                                                                                                  ,Unknown,Unknown,Minor injury: Hospitalization up to 24 hours,428375.41,4583071.66,2.142109897,41.394143977
2023S003087    ,4,Les Corts,20,la Maternitat i Sant Ramon,244300,Pius XII,0005 0005,Thursday,2023,5,May,25,Morning,10,No és causa del  vianant,Motorcycle,Man,40,Driver,Desconegut                                                                                                                                            ,Unknown,En missió,Minor injury: Medical assistance at accident site,426793.07,4582325.32,2.12327447,41.387279445
2023S003089    ,5,Sarrià-Sant Gervasi,27,el Putxet i el Farró,32700,Balmes,0390 0390,Thursday,2023,5,May,25,Morning,8,No és causa del  vianant,Bus,Man,3,Passenger,Desconegut                                                                                                                                            ,Unknown,Unknown,Minor injury: Medical assistance at accident site,428167.75,4584332.51,2.139476479,41.405481428
2023S003090    ,2,Eixample,7,la Dreta de l'Eixample,247659,Pau Claris,0154 0154,Thursday,2023,5,May,25,Morning,11,No és causa del  vianant,Bicicleta,Man,37,Driver,Desconegut                                                                                                                                            ,Unknown,En missió,Minor injury: Hospitalization up to 24 hours,430282.93,4583096.35,2.164922247,41.394534069
2023S003091    ,10,Sant Martí,69,Diagonal Mar i el Front Marítim del Poblenou,30409,Bac de Roda,0098X0098X,Thursday,2023,5,May,25,Morning,13,No és causa del  vianant,Motorcycle,Man,37,Driver,Desconegut                                                                                                                                            ,Unknown,Unknown,Minor injury: Hospitalization up to 24 hours,433559.9,4584512.34,2.203962044,41.40756511
2023S003092    ,2,Eixample,9,la Nova Esquerra de l'Eixample,245802,París,0113 0115,Sunday,2023,5,May,21,Afternoon,18,No és causa del  vianant,Veh. mobilitat personal amb motor,Man,25,Driver,Desconegut                                                                                                                                            ,Unknown,Oci i entreteniment,Minor injury: Hospitalization up to 24 hours,428885.89,4582593.13,2.148271772,41.389879356
2023S003093    ,2,Eixample,7,la Dreta de l'Eixample,148307,Gràcia,0072S0072S,Thursday,2023,5,May,25,Morning,12,No és causa del  vianant,Bicicleta,Woman,34,Driver,Desconegut                                                                                                                                            ,Unknown,Unknown,Minor injury: Refused medical assistance,430187.73,4582930.63,2.163802698,41.39303322
2023S003094    ,2,Eixample,9,la Nova Esquerra de l'Eixample,349706,Comte d'Urgell,0075 0075,Thursday,2023,5,May,25,Morning,13,Desobeir el senyal del semàfor,Veh. mobilitat personal amb motor,Woman,48,Pedestrian,En pas regulat per semàfor                                                                                                                            ,Unknown,Unknown,Minor injury: Hospitalization up to 24 hours,429624.08,4581865.05,2.15718505,41.383386743
2023S003095    ,3,Sants-Montjuïc,13,la Marina de Port,137300,Foneria,0017X0017X,Thursday,2023,5,May,25,Morning,13,No és causa del  vianant,Motorcycle,Woman,29,Driver,Desconegut                                                                                                                                            ,Unknown,Unknown,Minor injury: Hospitalization up to 24 hours,427942.71,4579273.62,2.137386315,41.359897729
2023S003096    ,10,Sant Martí,67,la Vila Olímpica del Poblenou,367504,Doctor Trueta,0100 0100,Thursday,2023,5,May,25,Afternoon,14,No és causa del  vianant,Bicicleta,Man,42,Driver,Desconegut                                                                                                                                            ,Unknown,In itínere,Minor injury: Refused medical assistance,432985.66,4583007.18,2.197258985,41.393960831
2023S003097    ,6,Gràcia,28,Vallcarca i els Penitents,229908,Mare de Déu del Coll,0053 0053,Thursday,2023,5,May,25,Afternoon,15,No és causa del  vianant,Motorcycle,Woman,31,Driver,Desconegut                                                                                                                                            ,Unknown,In itínere,Minor injury: Hospitalization up to 24 hours,428947.39,4584819.77,2.148745838,41.409939316
2023S003098    ,3,Sants-Montjuïc,13,la Marina de Port,369408,Zona Franca,0204 0206,Thursday,2023,5,May,25,Afternoon,15,No és causa del  vianant,Veh. mobilitat personal amb motor,Man,24,Driver,Desconegut                                                                                                                                            ,Unknown,In itínere,Minor injury: Hospitalization up to 24 hours,428019.02,4579459.63,2.138276466,41.361579889
2023S003099    ,1,Ciutat Vella,2,el Barri Gòtic,34308,Rambla,0116 0116,Wednesday,2023,5,May,24,Afternoon,18,Others,Taxi,Man,6,Pedestrian,En pas regulat per semàfor                                                                                                                            ,Unknown,Unknown,Minor injury: Medical assistance at accident site,430838.81,4581811.79,2.171717742,41.383012447
2023S003100    ,5,Sarrià-Sant Gervasi,24,les Tres Torres,143904,General Mitre,0081 0091,Thursday,2023,5,May,25,Afternoon,15,No és causa del  vianant,Motorcycle,Woman,50,Driver,Desconegut                                                                                                                                            ,Unknown,Oci i entreteniment,Minor injury: Hospitalization up to 24 hours,427681.98,4583578.13,2.133755545,41.398643459
2023S003101    ,5,Sarrià-Sant Gervasi,26,Sant Gervasi - Galvany,334006,Tenor Viñas,0012 0012,Thursday,2023,5,May,25,Afternoon,15,No és causa del  vianant,Motorcycle,Man,33,Driver,Desconegut                                                                                                                                            ,Unknown,Unknown,Minor injury: Hospitalization up to 24 hours,428403.68,4583176.7,2.142435598,41.395092551
2023S003101    ,5,Sarrià-Sant Gervasi,26,Sant Gervasi - Galvany,334006,Tenor Viñas,0012 0012,Thursday,2023,5,May,25,Afternoon,15,No és causa del  vianant,Car,Man,39,Driver,Desconegut                                                                                                                                            ,Unknown,Unknown,Minor injury: Hospitalization up to 24 hours,428403.68,4583176.7,2.142435598,41.395092551
2023S003102    ,2,Eixample,8,l'Antiga Esquerra de l'Eixample,32700,Balmes,0131 0131,Thursday,2023,5,May,25,Afternoon,16,No és causa del  vianant,Motorcycle,Man,27,Driver,Desconegut                                                                                                                                            ,Unknown,Unknown,Minor injury: Medical assistance at accident site,429649.26,4582966.26,2.15735821,41.393307179
2023S003103    ,2,Eixample,8,l'Antiga Esquerra de l'Eixample,180208,Londres,0083 0083,Thursday,2023,5,May,25,Afternoon,17,No és causa del  vianant,Motorcycle,Woman,62,Driver,Desconegut                                                                                                                                            ,Unknown,Altres activitats,Minor injury: Hospitalization up to 24 hours,429033.1,4582911.2,2.149995093,41.392757109
2023S003104    ,8,Nou Barris,52,la Prosperitat,23200,Argullós,0016 0042,Thursday,2023,5,May,25,Afternoon,17,Desobeir el senyal del semàfor,Veh. mobilitat personal amb motor,Man,12,Pedestrian,En pas regulat per semàfor                                                                                                                            ,Unknown,Unknown,Minor injury: Hospitalization up to 24 hours,431856.67,4588181.93,2.183172167,41.440473236
2023S003106    ,3,Sants-Montjuïc,15,Hostafrancs,169409,Corts Catalanes,0307 0311,Thursday,2023,5,May,25,Afternoon,18,No és causa del  vianant,Autobús articulat,Woman,66,Passenger,Desconegut                                                                                                                                            ,Unknown,Unknown,Minor injury: Hospitalization up to 24 hours,428627.34,4580673.09,2.14540582,41.372563312
2023S003107    ,8,Nou Barris,52,la Prosperitat,26605,Artesania,0002 0004,Thursday,2023,5,May,25,Afternoon,20,No és causa del  vianant,Motorcycle,Man,32,Driver,Desconegut                                                                                                                                            ,Unknown,Unknown,Minor injury: Medical assistance at accident site,431282.63,4587994.21,2.176322718,41.438733559
2023S003108    ,9,Sant Andreu,57,la Trinitat Vella,314100,Santa Coloma,0109 0109,Thursday,2023,5,May,25,Afternoon,19,No és causa del  vianant,Car,Woman,37,Driver,Desconegut                                                                                                                                            ,Unknown,Oci i entreteniment,Minor injury: Hospitalization up to 24 hours,433052.65,4588550.11,2.197446345,41.443889985
2023S003109    ,2,Eixample,7,la Dreta de l'Eixample,18505,Aragó,0312 0312,Thursday,2023,5,May,25,Afternoon,20,No és causa del  vianant,Veh. mobilitat personal amb motor,Man,33,Driver,Desconegut                                                                                                                                            ,Unknown,Altres activitats,Minor injury: Medical assistance at accident site,430594.16,4583143.18,2.168639423,41.394982788
2023S003110    ,2,Eixample,7,la Dreta de l'Eixample,247659,Pau Claris,0134 0134,Thursday,2023,5,May,25,Afternoon,19,No és causa del  vianant,Motorcycle,Woman,28,Driver,Desconegut                                                                                                                                            ,Unknown,Oci i entreteniment,Minor injury: Hospitalization up to 24 hours,430403.06,4582955.17,2.166375326,41.393272917
2023S003111    ,3,Sants-Montjuïc,13,la Marina de Port,135203,Foc,0049X0049X,Thursday,2023,5,May,25,Afternoon,19,Others,Car,Woman,41,Pedestrian,Fora del pas                                                                                                                                          ,En missió,Unknown,Minor injury: Medical assistance at accident site,428052.36,4578736.63,2.138760821,41.355071047
2023S003112    ,10,Sant Martí,69,Diagonal Mar i el Front Marítim del Poblenou,700892,Garcia Fària,0014S0014S,Friday,2023,5,May,26,Morning,7,No és causa del  vianant,Motorcycle,Man,50,Driver,Desconegut                                                                                                                                            ,Unknown,In itínere,Minor injury: Hospitalization up to 24 hours,434371.96,4583978.79,2.213734829,41.402826298
2023S003113    ,10,Sant Martí,64,el Camp de l'Arpa del Clot,297001,Sant Antoni Maria Claret,0268 0268,Friday,2023,5,May,26,Morning,8,No és causa del  vianant,"Camió rígid > 3,5 tones",Woman,63,Pedestrian,Desconegut                                                                                                                                            ,Unknown,Unknown,Serious injury: Hospitalization over 24 hours,431205.74,4585069.47,2.175735392,41.412384857
2023S003113    ,10,Sant Martí,64,el Camp de l'Arpa del Clot,297001,Sant Antoni Maria Claret,0268 0268,Friday,2023,5,May,26,Morning,8,No és causa del  vianant,"Camió rígid > 3,5 tones",Man,70,Pedestrian,Desconegut                                                                                                                                            ,Unknown,Unknown,Death (within 24 hours of accident),431205.74,4585069.47,2.175735392,41.412384857
2023S003114    ,10,Sant Martí,67,la Vila Olímpica del Poblenou,132908,Ramon Trias Fargas,0023U0023U,Friday,2023,5,May,26,Morning,9,No és causa del  vianant,Bicicleta,Woman,31,Driver,Desconegut                                                                                                                                            ,Unknown,Unknown,Minor injury: Medical assistance at accident site,432464.9,4582585.04,2.191077416,41.390115138
2023S003115    ,4,Les Corts,19,les Corts,320704,Sarrià,0067 0067,Friday,2023,5,May,26,Morning,11,No és causa del  vianant,Motorcycle,Man,30,Driver,Desconegut                                                                                                                                            ,Unknown,In itínere,Minor injury: Medical assistance at accident site,428318.89,4582703.57,2.141477472,41.39082369
2023S003116    ,4,Les Corts,21,Pedralbes,144601,Diagonal,0712 0716,Friday,2023,5,May,26,Morning,12,No és causa del  vianant,Motorcycle,Woman,42,Driver,Desconegut                                                                                                                                            ,Unknown,Unknown,Minor injury: Hospitalization up to 24 hours,425497.61,4581866.91,2.107838134,41.383031749
2023S003117    ,2,Eixample,9,la Nova Esquerra de l'Eixample,350308,València,0035 0035,Thursday,2023,5,May,25,Afternoon,21,No és causa del  vianant,Bicicleta,Woman,25,Driver,Desconegut                                                                                                                                            ,Unknown,In itínere,Serious injury: Hospitalization over 24 hours,428876.92,4581648.35,2.148275464,41.381369259
2023S003118    ,8,Nou Barris,48,la Guineueta,351901,Valldaura,0210 0212,Friday,2023,5,May,26,Morning,9,No és causa del  vianant,Furgoneta,Woman,32,Pedestrian,En pas regulat per semàfor                                                                                                                            ,Unknown,Unknown,Minor injury: Refused medical assistance,430960.45,4587988.16,2.172467274,41.438651417
2023S003119    ,9,Sant Andreu,60,Sant Andreu,235809,Orfila,0006 0006,Friday,2023,5,May,26,Morning,8,No és causa del  vianant,Bicicleta,Woman,36,Driver,Desconegut                                                                                                                                            ,Unknown,In itínere,Minor injury: Hospitalization up to 24 hours,432540.75,4587683.05,2.191415822,41.43603779
2023S003120    ,4,Les Corts,21,Pedralbes,144601,Diagonal,0708 0710,Friday,2023,5,May,26,Morning,7,No és causa del  vianant,Motorcycle,Woman,52,Driver,Desconegut                                                                                                                                            ,Unknown,In itínere,Minor injury: Hospitalization up to 24 hours,425650.85,4581916.12,2.109664608,41.383489145
2023S003121    ,6,Gràcia,30,la Salut,344000,Dalt,0072 0072,Friday,2023,5,May,26,Morning,9,No és causa del  vianant,Motorcycle,Man,29,Driver,Desconegut                                                                                                                                            ,Unknown,Unknown,Minor injury: Hospitalization up to 24 hours,429566.45,4584850.4,2.15614842,41.410269706
2023S003122    ,4,Les Corts,21,Pedralbes,601,Abadessa Olzet,0026 0026,Friday,2023,5,May,26,Morning,8,No és causa del  vianant,Car,Woman,60,Passenger,Desconegut                                                                                                                                            ,Unknown,Unknown,Minor injury: Hospitalization up to 24 hours,425648.78,4583019.77,2.109504322,41.393429037
2023S003123    ,2,Eixample,8,l'Antiga Esquerra de l'Eixample,289105,Rosselló,0142 0142,Friday,2023,5,May,26,Morning,12,No és causa del  vianant,Motorcycle,Man,58,Driver,Desconegut                                                                                                                                            ,Unknown,Oci i entreteniment,Minor injury: Hospitalization up to 24 hours,429361.44,4582684.36,2.153948637,41.390742961
2023S003124    ,4,Les Corts,19,les Corts,199909,Marquès de Sentmenat,0038 0038,Friday,2023,5,May,26,Morning,8,No és causa del  vianant,Veh. mobilitat personal amb motor,Man,52,Driver,Desconegut                                                                                                                                            ,Unknown,In itínere,Minor injury: Hospitalization up to 24 hours,427952.01,4582061.23,2.137166029,41.385005579
2023S003125    ,10,Sant Martí,72,Sant Martí de Provençals,153205,Guipúscoa,0101 0101,Friday,2023,5,May,26,Morning,13,No és causa del  vianant,Bicicleta,Man,56,Pedestrian,En pas regulat per semàfor                                                                                                                            ,Unknown,Unknown,Minor injury: Medical assistance at accident site,433366.06,4585856.75,2.201494928,41.41965779
2023S003126    ,5,Sarrià-Sant Gervasi,26,Sant Gervasi - Galvany,196900,Marià Cubí,0001 0001,Friday,2023,5,May,26,Afternoon,14,No és causa del  vianant,Motorcycle,Man,64,Passenger,Desconegut                                                                                                                                            ,Unknown,Unknown,Minor injury: Hospitalization up to 24 hours,429388.26,4583413.38,2.154184356,41.397311346
2023S003127    ,8,Nou Barris,53,la Trinitat Nova,701267,Dalt (Besòs),001490000,Friday,2023,5,May,26,Afternoon,14,No és causa del  vianant,Motorcycle,Man,47,Driver,Desconegut                                                                                                                                            ,Unknown,Unknown,Minor injury: Hospitalization up to 24 hours,431724.23,4588823.72,2.181514384,41.446242348
2023S003128    ,10,Sant Martí,66,el Parc i la Llacuna del Poblenou,209900,Meridiana,0030 0032,Friday,2023,5,May,26,Morning,13,No és causa del  vianant,Motorcycle,Woman,48,Pedestrian,En pas regulat per semàfor                                                                                                                            ,In itinere,Unknown,Minor injury: Refused medical assistance,432144.51,4583168.3,2.187180162,41.395341422
2023S003129    ,4,Les Corts,20,la Maternitat i Sant Ramon,144601,Diagonal,0645 0645,Friday,2023,5,May,26,Afternoon,14,No és causa del  vianant,Motorcycle,Man,22,Driver,Desconegut                                                                                                                                            ,Unknown,Unknown,Minor injury: Medical assistance at accident site,426270.62,4582154.02,2.117047205,41.385688877
2023S003130    ,2,Eixample,7,la Dreta de l'Eixample,148307,Gràcia,0035 0035,Friday,2023,5,May,26,Afternoon,17,No és causa del  vianant,Bicicleta,Woman,74,Pedestrian,A la vorera / Andana                                                                                                                                  ,Unknown,Unknown,Minor injury: Hospitalization up to 24 hours,430365.85,4582734.81,2.165955625,41.391284982
2023S003131    ,8,Nou Barris,53,la Trinitat Nova,701267,Dalt (Besòs),001500000,Friday,2023,5,May,26,Afternoon,14,No és causa del  vianant,Car,Man,63,Passenger,Desconegut                                                                                                                                            ,Unknown,Unknown,Minor injury: Hospitalization up to 24 hours,431720.19,4588848.82,2.181463185,41.446468071
2023S003131    ,8,Nou Barris,53,la Trinitat Nova,701267,Dalt (Besòs),001500000,Friday,2023,5,May,26,Afternoon,14,No és causa del  vianant,Furgoneta,Man,44,Driver,Desconegut                                                                                                                                            ,Unknown,Unknown,Minor injury: Medical assistance at accident site,431720.19,4588848.82,2.181463185,41.446468071
2023S003131    ,8,Nou Barris,53,la Trinitat Nova,701267,Dalt (Besòs),001500000,Friday,2023,5,May,26,Afternoon,14,No és causa del  vianant,Car,Woman,37,Driver,Desconegut                                                                                                                                            ,Unknown,Unknown,Minor injury: Medical assistance at accident site,431720.19,4588848.82,2.181463185,41.446468071
2023S003131    ,8,Nou Barris,53,la Trinitat Nova,701267,Dalt (Besòs),001500000,Friday,2023,5,May,26,Afternoon,14,No és causa del  vianant,Car,Woman,60,Driver,Desconegut                                                                                                                                            ,Unknown,Unknown,Minor injury: Hospitalization up to 24 hours,431720.19,4588848.82,2.181463185,41.446468071
2023S003132    ,3,Sants-Montjuïc,17,Sants - Badal,282252,Blanca,0033 0033,Friday,2023,5,May,26,Afternoon,17,No és causa del  vianant,Motorcycle,Man,45,Driver,Desconegut                                                                                                                                            ,Unknown,Oci i entreteniment,Minor injury: Hospitalization up to 24 hours,426807.08,4580923.5,2.123611423,41.374655089
2023S003133    ,5,Sarrià-Sant Gervasi,23,Sarrià,320908,Sarrià a Vallvidrera,0137 0139,Friday,2023,5,May,26,Afternoon,18,No és causa del  vianant,Motorcycle,Man,28,Driver,Desconegut                                                                                                                                            ,Unknown,In itínere,Minor injury: Medical assistance at accident site,425822.78,4584561.59,2.111396417,41.407331576
2023S003133    ,5,Sarrià-Sant Gervasi,23,Sarrià,320908,Sarrià a Vallvidrera,0137 0139,Friday,2023,5,May,26,Afternoon,18,No és causa del  vianant,Motorcycle,Man,23,Driver,Desconegut                                                                                                                                            ,Unknown,Oci i entreteniment,Minor injury: Medical assistance at accident site,425822.78,4584561.59,2.111396417,41.407331576
2023S003134    ,10,Sant Martí,67,la Vila Olímpica del Poblenou,62609,Icària,0145 0147,Friday,2023,5,May,26,Afternoon,17,Desobeir el senyal del semàfor,Motorcycle,Man,38,Driver,Desconegut                                                                                                                                            ,Unknown,Unknown,Minor injury: Medical assistance at accident site,432928.56,4582665.26,2.196613915,41.39087648
2023S003134    ,10,Sant Martí,67,la Vila Olímpica del Poblenou,62609,Icària,0145 0147,Friday,2023,5,May,26,Afternoon,17,Desobeir el senyal del semàfor,Veh. mobilitat personal amb motor,Woman,18,Driver,Desconegut                                                                                                                                            ,Unknown,Unknown,Minor injury: Hospitalization up to 24 hours,432928.56,4582665.26,2.196613915,41.39087648
2023S003135    ,5,Sarrià-Sant Gervasi,24,les Tres Torres,143904,General Mitre,0045B0045B,Friday,2023,5,May,26,Afternoon,19,No és causa del  vianant,Motorcycle,Man,49,Driver,Desconegut                                                                                                                                            ,Unknown,Unknown,Minor injury: Hospitalization up to 24 hours,427635.97,4583126.35,2.133259221,41.394570317
2023S003135    ,5,Sarrià-Sant Gervasi,24,les Tres Torres,143904,General Mitre,0045B0045B,Friday,2023,5,May,26,Afternoon,19,No és causa del  vianant,Motorcycle,Man,61,Driver,Desconegut                                                                                                                                            ,Unknown,Unknown,Minor injury: Hospitalization up to 24 hours,427635.97,4583126.35,2.133259221,41.394570317
2023S003136    ,8,Nou Barris,55,Ciutat Meridiana,275600,Rasos de Peguera,0048 0048,Friday,2023,5,May,26,Afternoon,16,Creuar per fora pas de vianants,Car,Man,7,Pedestrian,En pas regulat per semàfor                                                                                                                            ,Unknown,Unknown,Minor injury: Hospitalization up to 24 hours,431474.18,4590520.54,2.178328521,41.461503632
2023S003138    ,8,Nou Barris,44,Vilapicina i la Torre Llobeta,119003,Fabra i Puig,0247X0247X,Friday,2023,5,May,26,Afternoon,17,Creuar per fora pas de vianants,Motorcycle,Man,29,Driver,Fora del pas                                                                                                                                          ,Unknown,Altres activitats,Minor injury: Hospitalization up to 24 hours,431044.49,4587077.41,2.17357711,41.430455851
2023S003138    ,8,Nou Barris,44,Vilapicina i la Torre Llobeta,119003,Fabra i Puig,0247X0247X,Friday,2023,5,May,26,Afternoon,17,Creuar per fora pas de vianants,Motorcycle,Woman,13,Pedestrian,Fora del pas                                                                                                                                          ,Altres activitats,Unknown,Minor injury: Hospitalization up to 24 hours,431044.49,4587077.41,2.17357711,41.430455851
2023S003138    ,8,Nou Barris,44,Vilapicina i la Torre Llobeta,119003,Fabra i Puig,0247X0247X,Friday,2023,5,May,26,Afternoon,17,Creuar per fora pas de vianants,Motorcycle,Woman,30,Passenger,Fora del pas                                                                                                                                          ,Unknown,Unknown,Minor injury: Refused medical assistance,431044.49,4587077.41,2.17357711,41.430455851
2023S003138    ,8,Nou Barris,44,Vilapicina i la Torre Llobeta,119003,Fabra i Puig,0247X0247X,Friday,2023,5,May,26,Afternoon,17,Creuar per fora pas de vianants,Motorcycle,Woman,69,Pedestrian,Fora del pas                                                                                                                                          ,Altres activitats,Unknown,Minor injury: Hospitalization up to 24 hours,431044.49,4587077.41,2.17357711,41.430455851
2023S003139    ,3,Sants-Montjuïc,13,la Marina de Port,137300,Foneria,0042B0042B,Friday,2023,5,May,26,Afternoon,16,No és causa del  vianant,Motorcycle,Woman,34,Passenger,Desconegut                                                                                                                                            ,Unknown,Unknown,Minor injury: Hospitalization up to 24 hours,428152.27,4579392.2,2.139877412,41.360984477
2023S003139    ,3,Sants-Montjuïc,13,la Marina de Port,137300,Foneria,0042B0042B,Friday,2023,5,May,26,Afternoon,16,No és causa del  vianant,Motorcycle,Woman,34,Driver,Desconegut                                                                                                                                            ,Unknown,Oci i entreteniment,Minor injury: Hospitalization up to 24 hours,428152.27,4579392.2,2.139877412,41.360984477
2023S003140    ,9,Sant Andreu,60,Sant Andreu,701267,Dalt (Besòs),0001E0000,Friday,2023,5,May,26,Morning,7,No és causa del  vianant,Car,Woman,9,Passenger,Desconegut                                                                                                                                            ,Unknown,Unknown,Minor injury: Hospitalization up to 24 hours,432517.75,4588903.87,2.191004105,41.447031369
2023S003141    ,4,Les Corts,21,Pedralbes,701267,Dalt (Besòs),000610000,Friday,2023,5,May,26,Afternoon,17,No és causa del  vianant,Motorcycle,Man,20,Driver,Desconegut                                                                                                                                            ,Unknown,En missió,Minor injury: Hospitalization up to 24 hours,425713.32,4583101.15,2.110266257,41.394167957