Case_Number,District_Code,District_Name,Neighborhood_Code,Neighborhood_Name,Street_Code,Street_Name,Postal_Code,Day_of_Week,Year,Month_Code,Month_Name,Day_of_Month,Shift_Description,Hour_of_Day,Pedestrian_Cause_Description,Involved_Vehicle_Type,Gender_Description,Age,Person_Type_Description,Pedestrian_Accident_Location_Description,Pedestrian_Movement_Reason_Description,Driver_Movement_Reason_Description,Victimization_Description,UTM_X_Coordinate,UTM_Y_Coordinate,Longitude,Latitude
2023S003199    ,4,Les Corts,20,la Maternitat i Sant Ramon,343903,Corts,0037X0037X,Monday,2023,5,May,29,Morning,12,No és causa del  vianant,Motorcycle,Man,40,Driver,Desconegut                                                                                                                                            ,Unknown,Unknown,Minor injury: Hospitalization up to 24 hours,426524.72,4581209.93,2.120200515,41.377209106
2023S003200    ,2,Eixample,7,la Dreta de l'Eixample,169409,Corts Catalanes,0662 0662,Monday,2023,5,May,29,Morning,12,No és causa del  vianant,Veh. mobilitat personal amb motor,Man,25,Driver,Desconegut                                                                                                                                            ,Unknown,Unknown,Minor injury: Hospitalization up to 24 hours,430786.78,4582752.66,2.170987978,41.391482105
2023S003201    ,5,Sarrià-Sant Gervasi,26,Sant Gervasi - Galvany,143904,General Mitre,0084 0084,Monday,2023,5,May,29,Morning,12,No és causa del  vianant,Motorcycle,Man,55,Driver,Desconegut                                                                                                                                            ,Unknown,Bus de línia regular,Minor injury: Medical assistance at accident site,427747.31,4583669.72,2.134526048,41.39947425
2023S003202    ,2,Eixample,6,la Sagrada Família,268003,Provença,0417 0417,Monday,2023,5,May,29,Morning,13,No és causa del  vianant,Motorcycle,Woman,40,Driver,Desconegut                                                                                                                                            ,Unknown,Unknown,Minor injury: Hospitalization up to 24 hours,430983.35,4584083.92,2.173187168,41.403489253
2023S003203    ,3,Sants-Montjuïc,16,la Bordeta,169409,Corts Catalanes,0181X0181X,Monday,2023,5,May,29,Afternoon,14,No és causa del  vianant,Motorcycle,Woman,32,Driver,Desconegut                                                                                                                                            ,Unknown,Unknown,Minor injury: Medical assistance at accident site,428120.79,4580141.49,2.139412234,41.367730269
2023S003204    ,10,Sant Martí,71,Provençals del Poblenou,94300,Cristóbal de Moura,0157 0157,Monday,2023,5,May,29,Afternoon,15,No és causa del  vianant,Bus,Woman,58,Passenger,Desconegut                                                                                                                                            ,Unknown,Unknown,Minor injury: Hospitalization up to 24 hours,434039.87,4585166.59,2.209632692,41.413497328
2023S003205    ,5,Sarrià-Sant Gervasi,25,Sant Gervasi - la Bonanova,191703,Mandri,0046 0046,Monday,2023,5,May,29,Morning,9,No és causa del  vianant,Motorcycle,Man,40,Driver,Desconegut                                                                                                                                            ,Unknown,Oci i entreteniment,Minor injury: Hospitalization up to 24 hours,427639.37,4584176.67,2.133174287,41.404030429
2023S003206    ,2,Eixample,5,el Fort Pienc,197302,Marina,0178 0178,Monday,2023,5,May,29,Afternoon,17,No és causa del  vianant,Motorcycle,Man,73,Driver,Desconegut                                                                                                                                            ,Unknown,Unknown,Minor injury: Hospitalization up to 24 hours,431648.43,4583591.24,2.181198802,41.399108683
2023S003208    ,4,Les Corts,20,la Maternitat i Sant Ramon,102306,Doctor Marañón,0027 0031,Monday,2023,5,May,29,Afternoon,19,No és causa del  vianant,Motorcycle,Woman,17,Passenger,Desconegut                                                                                                                                            ,Unknown,Unknown,Minor injury: Medical assistance at accident site,425915.23,4581849.42,2.112834371,41.382912809
2023S003209    ,9,Sant Andreu,60,Sant Andreu,314100,Santa Coloma,0021 0023,Monday,2023,5,May,29,Afternoon,19,No és causa del  vianant,Veh. mobilitat personal amb motor,Woman,51,Pedestrian,A la vorera / Andana                                                                                                                                  ,Unknown,Unknown,Minor injury: Hospitalization up to 24 hours,432381.98,4588685.06,2.189403385,41.445049192
2023S003210    ,4,Les Corts,20,la Maternitat i Sant Ramon,244300,Pius XII,0005 0005,Tuesday,2023,3,March,28,Morning,10,No és causa del  vianant,Motorcycle,Man,61,Driver,Desconegut                                                                                                                                            ,Unknown,Unknown,Minor injury: Hospitalization up to 24 hours,426720.56,4582217.0,2.122420411,41.386297246
2023S003211    ,1,Ciutat Vella,4,"Sant Pere, Santa Caterina i la Ribera",33101,Basses de Sant Pere,0026 0026,Monday,2023,5,May,29,Morning,10,Others,Motorcycle,Man,22,Pedestrian,Altres                                                                                                                                                ,Altres activitats,Unknown,Minor injury: Hospitalization up to 24 hours,431522.17,4582452.97,2.17981731,41.388845866
2023S003212    ,10,Sant Martí,64,el Camp de l'Arpa del Clot,161407,Indústria,0270 0272,Monday,2023,5,May,29,Afternoon,16,No és causa del  vianant,Ciclomotor,Woman,46,Driver,Desconegut                                                                                                                                            ,Unknown,Altres activitats,Minor injury: Hospitalization up to 24 hours,431529.87,4585185.94,2.179600116,41.41346156
2023S003213    ,7,Horta-Guinardó,43,Horta,157308,Horta a Cerdanyola,001140000,Monday,2023,5,May,29,Afternoon,19,No és causa del  vianant,Car,Woman,44,Passenger,Desconegut                                                                                                                                            ,Unknown,Unknown,Minor injury: Medical assistance at accident site,429305.55,4587950.92,2.152664424,41.438171936
2023S003213    ,7,Horta-Guinardó,43,Horta,157308,Horta a Cerdanyola,001140000,Monday,2023,5,May,29,Afternoon,19,No és causa del  vianant,Car,Man,36,Passenger,Desconegut                                                                                                                                            ,Unknown,Unknown,Minor injury: Hospitalization up to 24 hours,429305.55,4587950.92,2.152664424,41.438171936
2023S003213    ,7,Horta-Guinardó,43,Horta,157308,Horta a Cerdanyola,001140000,Monday,2023,5,May,29,Afternoon,19,No és causa del  vianant,Car,Woman,34,Driver,Desconegut                                                                                                                                            ,Unknown,Unknown,Minor injury: Medical assistance at accident site,429305.55,4587950.92,2.152664424,41.438171936
2023S003213    ,7,Horta-Guinardó,43,Horta,157308,Horta a Cerdanyola,001140000,Monday,2023,5,May,29,Afternoon,19,No és causa del  vianant,Car,Man,57,Driver,Desconegut                                                                                                                                            ,Unknown,Unknown,Minor injury: Hospitalization up to 24 hours,429305.55,4587950.92,2.152664424,41.438171936
2023S003214    ,2,Eixample,6,la Sagrada Família,268003,Provença,0450B0450B,Monday,2023,5,May,29,Afternoon,18,No és causa del  vianant,Veh. mobilitat personal amb motor,Woman,39,Driver,Desconegut                                                                                                                                            ,Unknown,In itínere,Minor injury: Hospitalization up to 24 hours,431035.34,4584153.38,2.173801175,41.404119321
2023S003215    ,10,Sant Martí,67,la Vila Olímpica del Poblenou,701266,Litoral (Llobregat),000870000,Tuesday,2023,5,May,30,Morning,8,No és causa del  vianant,Motorcycle,Man,39,Driver,Desconegut                                                                                                                                            ,Unknown,Unknown,Minor injury: Medical assistance at accident site,432823.78,4582436.9,2.195386068,41.388810948
2023S003216    ,8,Nou Barris,50,les Roquetes,701267,Dalt (Besòs),001450000,Tuesday,2023,5,May,30,Morning,7,No és causa del  vianant,Motorcycle,Man,50,Driver,Desconegut                                                                                                                                            ,Unknown,Unknown,Minor injury: Hospitalization up to 24 hours,431253.54,4588685.4,2.175895845,41.444956358
2023S003216    ,8,Nou Barris,50,les Roquetes,701267,Dalt (Besòs),001450000,Tuesday,2023,5,May,30,Morning,7,No és causa del  vianant,Motorcycle,Woman,24,Driver,Desconegut                                                                                                                                            ,Unknown,In itínere,Minor injury: Hospitalization up to 24 hours,431253.54,4588685.4,2.175895845,41.444956358
2023S003217    ,10,Sant Martí,71,Provençals del Poblenou,701414,C-31,020750000,Tuesday,2023,5,May,30,Morning,7,No és causa del  vianant,Motorcycle,Woman,25,Driver,Desconegut                                                                                                                                            ,Unknown,Unknown,Minor injury: Hospitalization up to 24 hours,433372.35,4585277.86,2.201633992,41.41444441
2023S003218    ,6,Gràcia,32,el Camp d'en Grassot i Gràcia Nova,76807,Sardenya,0405 0405,Tuesday,2023,5,May,30,Morning,9,No és causa del  vianant,Furgoneta,Man,83,Pedestrian,Fora del pas                                                                                                                                          ,Unknown,Unknown,Minor injury: Hospitalization up to 24 hours,430536.23,4584543.28,2.167785787,41.407588024
2023S003219    ,1,Ciutat Vella,1,el Raval,296508,Sant Antoni,0072 0072,Tuesday,2023,5,May,30,Morning,10,No és causa del  vianant,Veh. mobilitat personal amb motor,Woman,46,Driver,Desconegut                                                                                                                                            ,Unknown,Unknown,Minor injury: Hospitalization up to 24 hours,430184.49,4581833.13,2.163890504,41.383148104
2023S003220    ,3,Sants-Montjuïc,18,Sants,40300,Berlín,0056 0056,Tuesday,2023,5,May,30,Morning,10,No és causa del  vianant,Veh. mobilitat personal amb motor,Woman,18,Driver,Desconegut                                                                                                                                            ,Unknown,Unknown,Minor injury: Medical assistance at accident site,428217.26,4581940.17,2.140352484,41.38393896
2023S003221    ,10,Sant Martí,65,el Clot,209900,Meridiana,0068 0078,Tuesday,2023,5,May,30,Morning,11,No és causa del  vianant,Motorcycle,Man,43,Driver,Desconegut                                                                                                                                            ,Unknown,Unknown,Minor injury: Hospitalization up to 24 hours,432127.7,4584285.31,2.186853797,41.405400594
2023S003222    ,3,Sants-Montjuïc,12,la Marina del Prat Vermell,135203,Foc,0018 0018,Monday,2023,5,May,29,Morning,11,No és causa del  vianant,Motorcycle,Woman,52,Driver,Desconegut                                                                                                                                            ,Unknown,Altres activitats,Minor injury: Hospitalization up to 24 hours,427769.31,4578586.56,2.135395274,41.353694064
2023S003223    ,10,Sant Martí,64,el Camp de l'Arpa del Clot,161407,Indústria,0263 0265,Tuesday,2023,5,May,30,Morning,9,No és causa del  vianant,Bicicleta,Woman,45,Driver,Desconegut                                                                                                                                            ,Unknown,In itínere,Minor injury: Hospitalization up to 24 hours,431572.74,4585262.63,2.180104345,41.414155936
2023S003225    ,5,Sarrià-Sant Gervasi,25,Sant Gervasi - la Bonanova,701629,Isaac Newton,0030U0030U,Tuesday,2023,5,May,30,Morning,9,No és causa del  vianant,Car,Man,55,Driver,Desconegut                                                                                                                                            ,Unknown,Unknown,Minor injury: Hospitalization up to 24 hours,427504.46,4585298.73,2.131425947,41.414124185
2023S003226    ,2,Eixample,9,la Nova Esquerra de l'Eixample,349706,Comte d'Urgell,0149 0151,Tuesday,2023,5,May,30,Afternoon,14,No és causa del  vianant,Bicicleta,Woman,46,Pedestrian,En pas regulat per semàfor                                                                                                                            ,Oci i entreteniment,Unknown,Minor injury: Hospitalization up to 24 hours,429167.46,4582306.69,2.15167282,41.387324349
2023S003227    ,2,Eixample,8,l'Antiga Esquerra de l'Eixample,245802,París,0137 0139,Tuesday,2023,5,May,30,Morning,11,No és causa del  vianant,Car,Man,37,Driver,Desconegut                                                                                                                                            ,Unknown,Taxi,Minor injury: Hospitalization up to 24 hours,429029.44,4582720.08,2.149973726,41.391035436
2023S003229    ,9,Sant Andreu,60,Sant Andreu,322007,Segre,0042X0042X,Tuesday,2023,5,May,30,Afternoon,16,No és causa del  vianant,Unknown,Man,71,Pedestrian,En pas regulat per semàfor                                                                                                                            ,Altres activitats,Unknown,Minor injury: Hospitalization up to 24 hours,432658.52,4587351.22,2.192862343,41.433058995
2023S003230    ,10,Sant Martí,72,Sant Martí de Provençals,153205,Guipúscoa,0017 0017,Tuesday,2023,5,May,30,Afternoon,16,No és causa del  vianant,Motorcycle,Man,50,Driver,Desconegut                                                                                                                                            ,Unknown,Altres activitats,Minor injury: Hospitalization up to 24 hours,432708.92,4585242.92,2.193700277,41.414074407
2023S003231    ,5,Sarrià-Sant Gervasi,26,Sant Gervasi - Galvany,28000,Augusta,0215 0215,Tuesday,2023,5,May,30,Afternoon,15,No és causa del  vianant,Motorcycle,Man,62,Driver,Desconegut                                                                                                                                            ,Unknown,Oci i entreteniment,Minor injury: Hospitalization up to 24 hours,427986.52,4583479.44,2.137410019,41.397781944
2023S003232    ,7,Horta-Guinardó,33,el Baix Guinardó,8807,Alfons el Savi,0007 0007,Tuesday,2023,5,May,30,Afternoon,16,No és causa del  vianant,Motorcycle,Woman,36,Driver,Desconegut                                                                                                                                            ,Unknown,In itínere,Minor injury: Hospitalization up to 24 hours,430309.53,4585003.03,2.165020764,41.411709199
2023S003233    ,1,Ciutat Vella,2,el Barri Gòtic,177101,Laietana,0019 0019,Tuesday,2023,5,May,30,Afternoon,18,No és causa del  vianant,Motorcycle,Man,29,Driver,Desconegut                                                                                                                                            ,Unknown,In itínere,Minor injury: Hospitalization up to 24 hours,431493.17,4581859.34,2.179537642,41.383496735
2023S003234    ,8,Nou Barris,45,Porta,700021,Andreu Nin,0059 0059,Tuesday,2023,5,May,30,Afternoon,18,No és causa del  vianant,Motorcycle,Man,26,Driver,Desconegut                                                                                                                                            ,Unknown,Oci i entreteniment,Minor injury: Medical assistance at accident site,431791.07,4587776.85,2.182432739,41.43681925
2023S003235    ,2,Eixample,7,la Dreta de l'Eixample,130403,Fontanella,0017 0017,Tuesday,2023,5,May,30,Afternoon,19,No és causa del  vianant,Bicicleta,Man,22,Driver,Desconegut                                                                                                                                            ,Unknown,Unknown,Minor injury: Hospitalization up to 24 hours,430922.07,4582382.27,2.172648339,41.388157751
2023S003236    ,5,Sarrià-Sant Gervasi,27,el Putxet i el Farró,353408,Vallirana,0083 0083,Tuesday,2023,5,May,30,Afternoon,18,No és causa del  vianant,Motorcycle,Man,31,Driver,Desconegut                                                                                                                                            ,Unknown,Unknown,Minor injury: Hospitalization up to 24 hours,428666.0,4584343.61,2.145435581,41.405625792
2023S003237    ,1,Ciutat Vella,2,el Barri Gòtic,61402,Canuda,0006 0006,Tuesday,2023,5,May,30,Afternoon,14,No és causa del  vianant,"Camió rígid > 3,5 tones",Man,45,Pedestrian,En zona peatonal                                                                                                                                      ,Unknown,Unknown,Minor injury: Hospitalization up to 24 hours,430813.87,4581993.58,2.171398723,41.384647631
2023S003238    ,2,Eixample,7,la Dreta de l'Eixample,18505,Aragó,0354 0356,Tuesday,2023,5,May,30,Afternoon,18,No és causa del  vianant,Motorcycle,Man,24,Driver,Desconegut                                                                                                                                            ,Unknown,Oci i entreteniment,Minor injury: Hospitalization up to 24 hours,430786.4,4583330.2,2.170917388,41.396683796
2023S003239    ,3,Sants-Montjuïc,13,la Marina de Port,169409,Corts Catalanes,0128 0132,Tuesday,2023,5,May,30,Afternoon,19,No és causa del  vianant,Motorcycle,Man,37,Driver,Desconegut                                                                                                                                            ,Unknown,Unknown,Minor injury: Hospitalization up to 24 hours,427746.59,4579719.63,2.134988679,41.363897204
2023S003240    ,7,Horta-Guinardó,37,el Carmel,178501,Lletres,0030 0030,Wednesday,2023,5,May,31,Night,0,No és causa del  vianant,Motorcycle,Man,24,Driver,Desconegut                                                                                                                                            ,Unknown,Unknown,Minor injury: Medical assistance at accident site,429531.84,4587130.3,2.155468564,41.430800849
2023S003241    ,4,Les Corts,21,Pedralbes,701268,Dalt (Llobregat),000530000,Wednesday,2023,5,May,31,Morning,8,No és causa del  vianant,Motorcycle,Man,30,Driver,Desconegut                                                                                                                                            ,Unknown,Unknown,Minor injury: Medical assistance at accident site,425425.23,4582447.68,2.106901056,41.388255774
2023S003242    ,10,Sant Martí,72,Sant Martí de Provençals,153205,Guipúscoa,0041 0041,Wednesday,2023,5,May,31,Morning,8,No és causa del  vianant,Veh. mobilitat personal amb motor,Man,16,Driver,Desconegut                                                                                                                                            ,Unknown,Oci i entreteniment,Minor injury: Hospitalization up to 24 hours,432888.0,4585390.26,2.195826511,41.415416439
2023S003243    ,5,Sarrià-Sant Gervasi,25,Sant Gervasi - la Bonanova,701267,Dalt (Besòs),000940000,Wednesday,2023,5,May,31,Morning,9,No és causa del  vianant,Car,Man,53,Driver,Desconegut                                                                                                                                            ,Unknown,Oci i entreteniment,Minor injury: Hospitalization up to 24 hours,427900.3,4585391.51,2.136150811,41.414995444
2023S003244    ,10,Sant Martí,71,Provençals del Poblenou,42306,Bilbao,0170 0174,Wednesday,2023,5,May,31,Morning,8,No és causa del  vianant,Bicicleta,Man,38,Driver,Desconegut                                                                                                                                            ,Unknown,Unknown,Minor injury: Hospitalization up to 24 hours,432857.16,4584704.93,2.195533618,41.409241289
2023S003245    ,4,Les Corts,19,les Corts,16703,Anglesola,0020 0020,Wednesday,2023,5,May,31,Morning,10,No és causa del  vianant,Car,Woman,70,Pedestrian,En pas sense regular                                                                                                                                  ,Oci i entreteniment,Unknown,Minor injury: Refused medical assistance,427561.47,4582369.6,2.132458707,41.387747858
2023S003246    ,5,Sarrià-Sant Gervasi,24,les Tres Torres,28000,Augusta,0320 0322,Wednesday,2023,5,May,31,Morning,10,No és causa del  vianant,Car,Woman,47,Passenger,Desconegut                                                                                                                                            ,Unknown,Unknown,Minor injury: Refused medical assistance,427013.0,4583581.84,2.125753169,41.398616397
2023S003246    ,5,Sarrià-Sant Gervasi,24,les Tres Torres,28000,Augusta,0320 0322,Wednesday,2023,5,May,31,Morning,10,No és causa del  vianant,Car,Man,58,Driver,Desconegut                                                                                                                                            ,Unknown,Unknown,Minor injury: Hospitalization up to 24 hours,427013.0,4583581.84,2.125753169,41.398616397
2023S003247    ,3,Sants-Montjuïc,11,el Poble-sec,316809,Santa Madrona,0045 0051,Wednesday,2023,5,May,31,Morning,12,No és causa del  vianant,Motorcycle,Man,42,Driver,Desconegut                                                                                                                                            ,Unknown,Unknown,Minor injury: Hospitalization up to 24 hours,429494.96,4580422.49,2.155808839,41.370382752
2023S003248    ,5,Sarrià-Sant Gervasi,27,el Putxet i el Farró,32700,Balmes,0372 0374,Wednesday,2023,5,May,31,Morning,13,Others,Car,Man,48,Pedestrian,En zona peatonal                                                                                                                                      ,En missió,Unknown,Minor injury: Hospitalization up to 24 hours,428241.51,4584251.58,2.140368446,41.404759114
2023S003249    ,5,Sarrià-Sant Gervasi,26,Sant Gervasi - Galvany,318804,Santaló,0086 0086,Wednesday,2023,5,May,31,Afternoon,15,No és causa del  vianant,Motorcycle,Man,50,Driver,Desconegut                                                                                                                                            ,Unknown,En missió,Minor injury: Medical assistance at accident site,428483.15,4583465.01,2.143352051,41.397696326
2023S003250    ,5,Sarrià-Sant Gervasi,26,Sant Gervasi - Galvany,223606,Muntaner,0485 0491,Wednesday,2023,5,May,31,Afternoon,19,No és causa del  vianant,Motorcycle,Man,30,Driver,Desconegut                                                                                                                                            ,Unknown,Oci i entreteniment,Minor injury: Medical assistance at accident site,428034.16,4584036.69,2.137913576,41.402805141
2023S003251    ,6,Gràcia,31,la Vila de Gràcia,356803,Verdi,0071 0071,Wednesday,2023,5,May,31,Afternoon,20,No és causa del  vianant,Veh. mobilitat personal amb motor,Man,44,Driver,Desconegut                                                                                                                                            ,Unknown,Unknown,Minor injury: Hospitalization up to 24 hours,429525.29,4584253.16,2.155725587,41.404886974
2023S003252    ,10,Sant Martí,70,el Besòs i el Maresme,144601,Diagonal,0008 0008,Wednesday,2023,5,May,31,Night,23,Desobeir el senyal del semàfor,Tren o tramvia,Man,57,Pedestrian,Altres                                                                                                                                                ,Oci i entreteniment,Unknown,Death (within 24 hours of accident),434705.35,4584915.8,2.217621826,41.411292897
2023S003253    ,10,Sant Martí,71,Provençals del Poblenou,200600,Marroc,0033 0033,Wednesday,2023,5,May,31,Afternoon,21,Others,Motorcycle,Man,51,Driver,Desconegut                                                                                                                                            ,Unknown,En missió,Minor injury: Hospitalization up to 24 hours,433188.11,4584530.33,2.199512242,41.407696307
2023S003254    ,10,Sant Martí,70,el Besòs i el Maresme,701266,Litoral (Llobregat),000570000,Thursday,2023,6,June,1,Night,3,No és causa del  vianant,Car,Man,20,Driver,Desconegut                                                                                                                                            ,Unknown,Oci i entreteniment,Minor injury: Medical assistance at accident site,435033.45,4584725.51,2.221567653,41.409605601
2023S003255    ,-1,Unknown,-1,Unknown,-1,Unknown,Unknown,Thursday,2023,6,June,1,Morning,8,No és causa del  vianant,Motorcycle,Man,42,Driver,Desconegut                                                                                                                                            ,Unknown,In itínere,Minor injury: Hospitalization up to 24 hours,431302.28,4580803.95,2.17737453,41.373974837
2023S003256    ,5,Sarrià-Sant Gervasi,27,el Putxet i el Farró,143904,General Mitre,0244 0246,Thursday,2023,6,June,1,Morning,9,No és causa del  vianant,Motorcycle,Woman,42,Driver,Desconegut                                                                                                                                            ,Unknown,Oci i entreteniment,Minor injury: Hospitalization up to 24 hours,428976.28,4584385.99,2.149142401,41.406034981
2023S003257    ,10,Sant Martí,65,el Clot,18505,Aragó,0556 0556,Thursday,2023,6,June,1,Night,0,No és causa del  vianant,Motorcycle,Man,52,Driver,Desconegut                                                                                                                                            ,Unknown,Unknown,Minor injury: Hospitalization up to 24 hours,431934.16,4584454.66,2.184519459,41.406909506
2023S003258    ,10,Sant Martí,68,el Poblenou,700654,Litoral,0070 0072,Thursday,2023,6,June,1,Morning,11,No és causa del  vianant,Motorcycle,Man,47,Driver,Desconegut                                                                                                                                            ,Unknown,In itínere,Minor injury: Medical assistance at accident site,433805.72,4583170.62,2.207049651,41.395500854
2023S003259    ,5,Sarrià-Sant Gervasi,25,Sant Gervasi - la Bonanova,701629,Isaac Newton,0032U0032U,Thursday,2023,6,June,1,Afternoon,14,No és causa del  vianant,Motorcycle,Man,26,Driver,Desconegut                                                                                                                                            ,Unknown,Unknown,Minor injury: Hospitalization up to 24 hours,427504.46,4585298.73,2.131425947,41.414124185
2023S003259    ,5,Sarrià-Sant Gervasi,25,Sant Gervasi - la Bonanova,701629,Isaac Newton,0032U0032U,Thursday,2023,6,June,1,Afternoon,14,No és causa del  vianant,Car,Woman,24,Driver,Desconegut                                                                                                                                            ,Unknown,Unknown,Minor injury: Hospitalization up to 24 hours,427504.46,4585298.73,2.131425947,41.414124185
2023S003261    ,9,Sant Andreu,59,el Bon Pastor,179504,Lima,0003 0003,Thursday,2023,6,June,1,Afternoon,17,No és causa del  vianant,Car,Man,62,Driver,Desconegut                                                                                                                                            ,Unknown,Oci i entreteniment,Minor injury: Medical assistance at accident site,433371.15,4588051.99,2.201313731,41.439430088
2023S003262    ,4,Les Corts,20,la Maternitat i Sant Ramon,7258,Martí i Franquès,0001 0001,Thursday,2023,6,June,1,Afternoon,18,No és causa del  vianant,Motorcycle,Woman,49,Passenger,Desconegut                                                                                                                                            ,Unknown,Unknown,Serious injury: Hospitalization over 24 hours,426339.27,4582176.37,2.11786547,41.385896466
2023S003262    ,4,Les Corts,20,la Maternitat i Sant Ramon,7258,Martí i Franquès,0001 0001,Thursday,2023,6,June,1,Afternoon,18,No és causa del  vianant,Motorcycle,Man,51,Driver,Desconegut                                                                                                                                            ,Unknown,Oci i entreteniment,Minor injury: Hospitalization up to 24 hours,426339.27,4582176.37,2.11786547,41.385896466
2023S003263    ,1,Ciutat Vella,2,el Barri Gòtic,177101,Laietana,0023 0023,Thursday,2023,6,June,1,Afternoon,18,No és causa del  vianant,Veh. mobilitat personal amb motor,Woman,25,Driver,Desconegut                                                                                                                                            ,Unknown,Altres activitats,Minor injury: Hospitalization up to 24 hours,431444.23,4581878.06,2.17895026,41.38366117
2023S003264    ,6,Gràcia,31,la Vila de Gràcia,267000,Riera de Cassoles,0008 0008,Thursday,2023,6,June,1,Afternoon,19,Desobeir el senyal del semàfor,Motorcycle,Woman,33,Pedestrian,En pas regulat per semàfor                                                                                                                            ,Oci i entreteniment,Unknown,Death (within 24 hours of accident),429116.73,4583923.03,2.150876823,41.401877675
2023S003264    ,6,Gràcia,31,la Vila de Gràcia,267000,Riera de Cassoles,0008 0008,Thursday,2023,6,June,1,Afternoon,19,Desobeir el senyal del semàfor,Motorcycle,Man,26,Driver,En pas regulat per semàfor                                                                                                                            ,Unknown,Oci i entreteniment,Minor injury: Medical assistance at accident site,429116.73,4583923.03,2.150876823,41.401877675
2023S003265    ,10,Sant Martí,71,Provençals del Poblenou,701414,C-31,020700000,Thursday,2023,6,June,1,Afternoon,20,No és causa del  vianant,Motorcycle,Man,43,Driver,Desconegut                                                                                                                                            ,Unknown,Oci i entreteniment,Minor injury: Hospitalization up to 24 hours,433010.8,4584901.86,2.197349882,41.41102781
2023S003266    ,10,Sant Martí,71,Provençals del Poblenou,701414,C-31,020800000,Thursday,2023,6,June,1,Afternoon,18,No és causa del  vianant,Car,Woman,41,Driver,Desconegut                                                                                                                                            ,Unknown,Altres activitats,Minor injury: Hospitalization up to 24 hours,433723.92,4585600.72,2.205804964,41.417381413
2023S003267    ,4,Les Corts,19,les Corts,278302,Reina Maria Cristina,9999 9999,Thursday,2023,6,June,1,Afternoon,20,No és causa del  vianant,Motorcycle,Man,49,Driver,Desconegut                                                                                                                                            ,Unknown,Oci i entreteniment,Minor injury: Hospitalization up to 24 hours,427256.75,4582543.5,2.128793545,41.389286592
2023S003269    ,4,Les Corts,19,les Corts,162002,Josep Tarradellas,0139S0139S,Thursday,2023,6,June,1,Night,22,No és causa del  vianant,Motorcycle,Woman,25,Driver,Desconegut                                                                                                                                            ,Unknown,Oci i entreteniment,Minor injury: Hospitalization up to 24 hours,428499.73,4582666.13,2.143644741,41.390502587
2023S003271    ,3,Sants-Montjuïc,11,el Poble-sec,700795,Foixarda,0023 0023,Friday,2023,6,June,2,Morning,8,No és causa del  vianant,Car,Man,33,Driver,Desconegut                                                                                                                                            ,Unknown,En missió,Minor injury: Medical assistance at accident site,428899.76,4579943.88,2.14874861,41.366019678
2023S003273    ,10,Sant Martí,73,la Verneda i la Pau,86200,Concili de Trento,0317X0317X,Friday,2023,6,June,2,Morning,9,No és causa del  vianant,Car,Man,51,Driver,Desconegut                                                                                                                                            ,Unknown,Unknown,Minor injury: Hospitalization up to 24 hours,434153.86,4586174.56,2.210886715,41.422585206
2023S003274    ,4,Les Corts,19,les Corts,199909,Marquès de Sentmenat,0099X0099X,Friday,2023,6,June,2,Morning,10,No és causa del  vianant,Motorcycle,Woman,28,Driver,Desconegut                                                                                                                                            ,Unknown,Unknown,Minor injury: Hospitalization up to 24 hours,428408.37,4582110.79,2.142617747,41.385492712
2023S003275    ,3,Sants-Montjuïc,11,el Poble-sec,701266,Litoral (Llobregat),001400000,Friday,2023,6,June,2,Morning,11,No és causa del  vianant,Car,Woman,34,Driver,Desconegut                                                                                                                                            ,Unknown,Unknown,Minor injury: Hospitalization up to 24 hours,429823.54,4578732.78,2.159933046,41.355192748
2023S003276    ,2,Eixample,8,l'Antiga Esquerra de l'Eixample,23403,Aribau,0013 0013,Friday,2023,6,June,2,Morning,13,Transitar a peu per la calçada,Furgoneta,Woman,82,Pedestrian,Fora del pas                                                                                                                                          ,Unknown,Unknown,Serious injury: Hospitalization over 24 hours,430018.62,4582204.72,2.161863977,41.386480478
2023S003277    ,2,Eixample,8,l'Antiga Esquerra de l'Eixample,268003,Provença,0248 0250,Friday,2023,6,June,2,Morning,13,Desobeir el senyal del semàfor,Veh. mobilitat personal amb motor,Man,58,Pedestrian,En pas regulat per semàfor                                                                                                                            ,Unknown,Unknown,Minor injury: Hospitalization up to 24 hours,429743.72,4582869.41,2.158499241,41.392443146
2023S003277    ,2,Eixample,8,l'Antiga Esquerra de l'Eixample,268003,Provença,0248 0250,Friday,2023,6,June,2,Morning,13,Desobeir el senyal del semàfor,Veh. mobilitat personal amb motor,Man,39,Driver,En pas regulat per semàfor                                                                                                                            ,Unknown,In itínere,Minor injury: Refused medical assistance,429743.72,4582869.41,2.158499241,41.392443146
2023S003278    ,10,Sant Martí,71,Provençals del Poblenou,253902,Perú,0080 0080,Friday,2023,6,June,2,Afternoon,14,No és causa del  vianant,Motorcycle,Man,38,Driver,Desconegut                                                                                                                                            ,Unknown,Unknown,Minor injury: Hospitalization up to 24 hours,432901.43,4584611.26,2.196073636,41.408401328
2023S003279    ,3,Sants-Montjuïc,15,Hostafrancs,267102,Príncep Jordi,0025 0025,Friday,2023,6,June,2,Afternoon,15,Creuar per fora pas de vianants,Bus,Man,32,Pedestrian,Fora del pas                                                                                                                                          ,Unknown,Unknown,Minor injury: Hospitalization up to 24 hours,428779.83,4581124.96,2.147175974,41.37664667
2023S003280    ,3,Sants-Montjuïc,12,la Marina del Prat Vermell,180,A Zona Franca,0048X0048X,Friday,2023,6,June,2,Morning,13,No és causa del  vianant,Car,Woman,14,Passenger,Desconegut                                                                                                                                            ,Unknown,Unknown,Minor injury: Medical assistance at accident site,428020.43,4576283.26,2.138670171,41.33297144