Case_Number,District_Code,District_Name,Neighborhood_Code,Neighborhood_Name,Street_Code,Street_Name,Postal_Code,Day_of_Week,Year,Month_Code,Month_Name,Day_of_Month,Shift_Description,Hour_of_Day,Pedestrian_Cause_Description,Involved_Vehicle_Type,Gender_Description,Age,Person_Type_Description,Pedestrian_Accident_Location_Description,Pedestrian_Movement_Reason_Description,Driver_Movement_Reason_Description,Victimization_Description,UTM_X_Coordinate,UTM_Y_Coordinate,Longitude,Latitude
2023S003280    ,3,Sants-Montjuïc,12,la Marina del Prat Vermell,180,A Zona Franca,0048X0048X,Friday,2023,6,June,2,Morning,13,No és causa del  vianant,Car,Man,38,Passenger,Desconegut                                                                                                                                            ,Unknown,Unknown,Minor injury: Medical assistance at accident site,428020.43,4576283.26,2.138670171,41.33297144
2023S003280    ,3,Sants-Montjuïc,12,la Marina del Prat Vermell,180,A Zona Franca,0048X0048X,Friday,2023,6,June,2,Morning,13,No és causa del  vianant,Car,Woman,33,Driver,Desconegut                                                                                                                                            ,Unknown,Oci i entreteniment,Minor injury: Medical assistance at accident site,428020.43,4576283.26,2.138670171,41.33297144
2023S003281    ,5,Sarrià-Sant Gervasi,25,Sant Gervasi - la Bonanova,701267,Dalt (Besòs),000930000,Friday,2023,6,June,2,Morning,13,No és causa del  vianant,"Camió rígid <= 3,5 tones",Man,31,Driver,Desconegut                                                                                                                                            ,Unknown,En missió,Minor injury: Medical assistance at accident site,427804.3,4585354.74,2.135006619,41.414655649
2023S003281    ,5,Sarrià-Sant Gervasi,25,Sant Gervasi - la Bonanova,701267,Dalt (Besòs),000930000,Friday,2023,6,June,2,Morning,13,No és causa del  vianant,"Camió rígid <= 3,5 tones",Man,46,Driver,Desconegut                                                                                                                                            ,Unknown,En missió,Minor injury: Refused medical assistance,427804.3,4585354.74,2.135006619,41.414655649
2023S003282    ,2,Eixample,10,Sant Antoni,70607,Casanova,0001 0001,Friday,2023,6,June,2,Morning,13,No és causa del  vianant,Motorcycle,Woman,42,Driver,Desconegut                                                                                                                                            ,Unknown,Unknown,Minor injury: Hospitalization up to 24 hours,430150.97,4581683.53,2.163506904,41.381797791
2023S003283    ,4,Les Corts,19,les Corts,700725,Batista i Roca,0006 0006,Friday,2023,6,June,2,Afternoon,14,No és causa del  vianant,Car,Man,38,Pedestrian,Altres                                                                                                                                                ,Unknown,Unknown,Minor injury: Hospitalization up to 24 hours,427875.98,4582261.51,2.136232937,41.386802609
2023S003284    ,1,Ciutat Vella,3,la Barceloneta,701265,Litoral (Besòs),000890000,Friday,2023,6,June,2,Morning,13,No és causa del  vianant,Motorcycle,Man,36,Driver,Desconegut                                                                                                                                            ,Unknown,Unknown,Minor injury: Refused medical assistance,432819.79,4582205.3,2.195364048,41.386724651
2023S003285    ,2,Eixample,8,l'Antiga Esquerra de l'Eixample,169409,Corts Catalanes,0581 0581,Friday,2023,6,June,2,Afternoon,15,No és causa del  vianant,Car,Woman,21,Passenger,Desconegut                                                                                                                                            ,Unknown,Unknown,Minor injury: Hospitalization up to 24 hours,430124.72,4582066.01,2.163148863,41.385240389
2023S003286    ,3,Sants-Montjuïc,11,el Poble-sec,43207,Blasco de Garay,0041 0041,Friday,2023,6,June,2,Afternoon,14,No és causa del  vianant,Veh. mobilitat personal amb motor,Man,21,Driver,Desconegut                                                                                                                                            ,Unknown,Unknown,Minor injury: Hospitalization up to 24 hours,430077.26,4580737.47,2.162734652,41.373270509
2023S003287    ,2,Eixample,10,Sant Antoni,127704,Floridablanca,0026 0026,Friday,2023,6,June,2,Afternoon,15,No és causa del  vianant,Car,Woman,26,Passenger,Desconegut                                                                                                                                            ,Unknown,Unknown,Minor injury: Medical assistance at accident site,429443.4,4581071.93,2.155116745,41.376227534
2023S003287    ,2,Eixample,10,Sant Antoni,127704,Floridablanca,0026 0026,Friday,2023,6,June,2,Afternoon,15,No és causa del  vianant,Car,Man,28,Passenger,Desconegut                                                                                                                                            ,Unknown,Unknown,Minor injury: Medical assistance at accident site,429443.4,4581071.93,2.155116745,41.376227534
2023S003288    ,3,Sants-Montjuïc,11,el Poble-sec,114000,Espanya,9999 9999,Friday,2023,6,June,2,Afternoon,16,No és causa del  vianant,Motorcycle,Man,53,Driver,Desconegut                                                                                                                                            ,Unknown,Unknown,Minor injury: Hospitalization up to 24 hours,429045.14,4580981.92,2.150365152,41.375381806
2023S003289    ,3,Sants-Montjuïc,16,la Bordeta,30602,Badal,0119 0119,Friday,2023,6,June,2,Afternoon,17,No és causa del  vianant,Motorcycle,Man,34,Driver,Desconegut                                                                                                                                            ,Unknown,In itínere,Minor injury: Hospitalization up to 24 hours,427191.8,4582645.72,2.128004471,41.390201367
2023S003290    ,3,Sants-Montjuïc,17,Sants - Badal,50905,Ventura Plaja,0022 0022,Friday,2023,6,June,2,Afternoon,17,No és causa del  vianant,Veh. mobilitat personal amb motor,Man,16,Driver,Desconegut                                                                                                                                            ,Unknown,Unknown,Minor injury: Hospitalization up to 24 hours,427046.98,4580934.37,2.126478595,41.374774786
2023S003291    ,1,Ciutat Vella,3,la Barceloneta,145706,Ginebra,0008 0008,Friday,2023,6,June,2,Afternoon,17,No és causa del  vianant,Veh. mobilitat personal amb motor,Man,33,Driver,Desconegut                                                                                                                                            ,Unknown,Unknown,Minor injury: Hospitalization up to 24 hours,432169.34,4581624.91,2.187650073,41.381442611
2023S003294    ,10,Sant Martí,72,Sant Martí de Provençals,169409,Corts Catalanes,0963 0963,Tuesday,2023,5,May,30,Night,0,No és causa del  vianant,Veh. mobilitat personal amb motor,Man,23,Driver,Desconegut                                                                                                                                            ,Unknown,Unknown,Minor injury: Hospitalization up to 24 hours,432986.83,4584903.52,2.197062924,41.411040761
2023S003295    ,1,Ciutat Vella,2,el Barri Gòtic,177101,Laietana,0009 0009,Friday,2023,6,June,2,Afternoon,15,No és causa del  vianant,Motorcycle,Man,47,Driver,Desconegut                                                                                                                                            ,Unknown,In itínere,Minor injury: Hospitalization up to 24 hours,431544.51,4581775.84,2.180161044,41.382749046
2023S003296    ,2,Eixample,9,la Nova Esquerra de l'Eixample,349706,Comte d'Urgell,0149 0151,Friday,2023,6,June,2,Afternoon,16,No és causa del  vianant,Motorcycle,Man,42,Driver,Desconegut                                                                                                                                            ,Unknown,Unknown,Minor injury: Medical assistance at accident site,429178.12,4582275.0,2.151804014,41.387039867
2023S003297    ,5,Sarrià-Sant Gervasi,26,Sant Gervasi - Galvany,223606,Muntaner,0293 0295,Friday,2023,6,June,2,Afternoon,16,No és causa del  vianant,Motorcycle,Woman,60,Passenger,Desconegut                                                                                                                                            ,Unknown,Unknown,Minor injury: Hospitalization up to 24 hours,428744.96,4583316.6,2.146501105,41.396382907
2023S003297    ,5,Sarrià-Sant Gervasi,26,Sant Gervasi - Galvany,223606,Muntaner,0293 0295,Friday,2023,6,June,2,Afternoon,16,No és causa del  vianant,Motorcycle,Woman,31,Driver,Desconegut                                                                                                                                            ,Unknown,Unknown,Minor injury: Hospitalization up to 24 hours,428744.96,4583316.6,2.146501105,41.396382907
2023S003297    ,5,Sarrià-Sant Gervasi,26,Sant Gervasi - Galvany,223606,Muntaner,0293 0295,Friday,2023,6,June,2,Afternoon,16,No és causa del  vianant,Motorcycle,Man,21,Driver,Desconegut                                                                                                                                            ,Unknown,Unknown,Minor injury: Hospitalization up to 24 hours,428744.96,4583316.6,2.146501105,41.396382907
2023S003299    ,-1,Unknown,-1,Unknown,-1,Unknown,Unknown,Friday,2023,6,June,2,Night,23,No és causa del  vianant,Bicicleta,Woman,26,Driver,Desconegut                                                                                                                                            ,Unknown,Oci i entreteniment,Minor injury: Medical assistance at accident site,431656.63,4581692.37,2.181511266,41.382006792
2023S003300    ,4,Les Corts,20,la Maternitat i Sant Ramon,144601,Diagonal,0623 0627,Friday,2023,6,June,2,Afternoon,17,No és causa del  vianant,Car,Man,53,Driver,Desconegut                                                                                                                                            ,Unknown,In itínere,Minor injury: Medical assistance at accident site,426980.58,4582337.71,2.125515463,41.387408089
2023S003300    ,4,Les Corts,20,la Maternitat i Sant Ramon,144601,Diagonal,0623 0627,Friday,2023,6,June,2,Afternoon,17,No és causa del  vianant,Motorcycle,Man,51,Driver,Desconegut                                                                                                                                            ,Unknown,Oci i entreteniment,Minor injury: Medical assistance at accident site,426980.58,4582337.71,2.125515463,41.387408089
2023S003301    ,2,Eixample,10,Sant Antoni,323203,Sepúlveda,0147 0149,Saturday,2023,6,June,3,Morning,7,No és causa del  vianant,Motorcycle,Man,59,Driver,Desconegut                                                                                                                                            ,Unknown,In itínere,Minor injury: Hospitalization up to 24 hours,429938.15,4581711.74,2.160958652,41.382033355
2023S003302    ,2,Eixample,10,Sant Antoni,127704,Floridablanca,0087 0087,Saturday,2023,6,June,3,Night,4,No és causa del  vianant,Bicicleta,Man,26,Driver,Desconegut                                                                                                                                            ,Unknown,Oci i entreteniment,Minor injury: Hospitalization up to 24 hours,429866.27,4581470.41,2.160127025,41.379853506
2023S003303    ,7,Horta-Guinardó,37,el Carmel,275304,Ramon Rocafull,0028 0030,Friday,2023,6,June,2,Afternoon,20,No és causa del  vianant,Ciclomotor,Man,25,Driver,Desconegut                                                                                                                                            ,Unknown,Oci i entreteniment,Minor injury: Hospitalization up to 24 hours,429289.33,4586377.55,2.152654447,41.423999808
2023S003305    ,3,Sants-Montjuïc,14,la Font de la Guatlla,169409,Corts Catalanes,0218 0218,Friday,2023,6,June,2,Morning,13,No és causa del  vianant,Bicicleta,Man,27,Driver,Desconegut                                                                                                                                            ,Unknown,Unknown,Minor injury: Hospitalization up to 24 hours,428380.66,4580358.8,2.142493498,41.369710683
2023S003307    ,10,Sant Martí,68,el Poblenou,332000,Taulat,0083 0083,Saturday,2023,6,June,3,Morning,12,No és causa del  vianant,Motorcycle,Woman,12,Passenger,Desconegut                                                                                                                                            ,Unknown,Unknown,Minor injury: Refused medical assistance,433610.61,4583531.19,2.204676374,41.398732328
2023S003308    ,10,Sant Martí,65,el Clot,169409,Corts Catalanes,0863 0865,Saturday,2023,6,June,3,Morning,13,No és causa del  vianant,Autobús articulat,Woman,59,Passenger,Desconegut                                                                                                                                            ,Unknown,Unknown,Minor injury: Hospitalization up to 24 hours,432531.54,4584493.19,2.191661674,41.407306925
2023S003309    ,6,Gràcia,28,Vallcarca i els Penitents,701267,Dalt (Besòs),000970000,Friday,2023,6,June,2,Afternoon,15,No és causa del  vianant,Motorcycle,Man,43,Driver,Desconegut                                                                                                                                            ,Unknown,In itínere,Minor injury: Refused medical assistance,428089.88,4585613.77,2.13839259,41.417014242
2023S003310    ,2,Eixample,10,Sant Antoni,54509,Calàbria,0019 0019,Saturday,2023,6,June,3,Morning,11,No és causa del  vianant,Motorcycle,Man,56,Driver,Desconegut                                                                                                                                            ,Unknown,Unknown,Minor injury: Hospitalization up to 24 hours,429799.83,4581073.22,2.159378563,41.376270342
2023S003310    ,2,Eixample,10,Sant Antoni,54509,Calàbria,0019 0019,Saturday,2023,6,June,3,Morning,11,No és causa del  vianant,Car,Woman,53,Driver,Desconegut                                                                                                                                            ,Unknown,Unknown,Minor injury: Hospitalization up to 24 hours,429799.83,4581073.22,2.159378563,41.376270342
2023S003311    ,7,Horta-Guinardó,43,Horta,157308,Horta a Cerdanyola,0135 0145,Saturday,2023,6,June,3,Morning,13,No és causa del  vianant,Motorcycle,Man,62,Driver,Desconegut                                                                                                                                            ,Unknown,Unknown,Minor injury: Hospitalization up to 24 hours,428804.1,4588890.25,2.146551955,41.446587738
2023S003312    ,8,Nou Barris,44,Vilapicina i la Torre Llobeta,119003,Fabra i Puig,0135 0135,Saturday,2023,6,June,3,Afternoon,15,No és causa del  vianant,Motorcycle,Man,50,Driver,Desconegut                                                                                                                                            ,Unknown,Altres activitats,Serious injury: Hospitalization over 24 hours,431614.28,4587032.96,2.180401036,41.430104249
2023S003314    ,4,Les Corts,19,les Corts,231502,Numància,0136X0136X,Saturday,2023,6,June,3,Afternoon,17,No és causa del  vianant,Car,Man,2,Pedestrian,En pas regulat per semàfor                                                                                                                            ,Unknown,Unknown,Minor injury: Hospitalization up to 24 hours,427722.44,4582364.77,2.134384389,41.387718843
2023S003314    ,4,Les Corts,19,les Corts,231502,Numància,0136X0136X,Saturday,2023,6,June,3,Afternoon,17,No és causa del  vianant,Car,Man,35,Pedestrian,En pas regulat per semàfor                                                                                                                            ,Unknown,Unknown,Minor injury: Hospitalization up to 24 hours,427722.44,4582364.77,2.134384389,41.387718843
2023S003315    ,10,Sant Martí,71,Provençals del Poblenou,200600,Marroc,0017 0017,Saturday,2023,6,June,3,Afternoon,20,No és causa del  vianant,Bus,Woman,61,Passenger,Desconegut                                                                                                                                            ,Unknown,Unknown,Minor injury: Medical assistance at accident site,433121.68,4584464.69,2.19872478,41.407099577
2023S003316    ,2,Eixample,7,la Dreta de l'Eixample,305100,Sant Joan,0084 0084,Saturday,2023,6,June,3,Afternoon,20,No és causa del  vianant,Motorcycle,Man,36,Driver,Desconegut                                                                                                                                            ,Unknown,Unknown,Minor injury: Hospitalization up to 24 hours,430880.87,4583424.29,2.172036613,41.397539366
2023S003317    ,2,Eixample,7,la Dreta de l'Eixample,148307,Gràcia,0019B0019B,Saturday,2023,6,June,3,Afternoon,16,No és causa del  vianant,Ciclomotor,Woman,33,Passenger,Desconegut                                                                                                                                            ,Unknown,Unknown,Minor injury: Hospitalization up to 24 hours,430456.33,4582637.21,2.167048993,41.390413762
2023S003317    ,2,Eixample,7,la Dreta de l'Eixample,148307,Gràcia,0019B0019B,Saturday,2023,6,June,3,Afternoon,16,No és causa del  vianant,Ciclomotor,Man,51,Driver,Desconegut                                                                                                                                            ,Unknown,Oci i entreteniment,Minor injury: Hospitalization up to 24 hours,430456.33,4582637.21,2.167048993,41.390413762
2023S003318    ,8,Nou Barris,49,Canyelles,701268,Dalt (Llobregat),001410000,Saturday,2023,6,June,3,Afternoon,20,No és causa del  vianant,Motorcycle,Woman,19,Passenger,Desconegut                                                                                                                                            ,Unknown,Unknown,Minor injury: Hospitalization up to 24 hours,430896.38,4588524.61,2.171639034,41.443477503
2023S003318    ,8,Nou Barris,49,Canyelles,701268,Dalt (Llobregat),001410000,Saturday,2023,6,June,3,Afternoon,20,No és causa del  vianant,Motorcycle,Man,31,Driver,Desconegut                                                                                                                                            ,Unknown,Oci i entreteniment,Minor injury: Medical assistance at accident site,430896.38,4588524.61,2.171639034,41.443477503
2023S003318    ,8,Nou Barris,49,Canyelles,701268,Dalt (Llobregat),001410000,Saturday,2023,6,June,3,Afternoon,20,No és causa del  vianant,Motorcycle,Man,50,Driver,Desconegut                                                                                                                                            ,Unknown,Oci i entreteniment,Minor injury: Hospitalization up to 24 hours,430896.38,4588524.61,2.171639034,41.443477503
2023S003319    ,2,Eixample,7,la Dreta de l'Eixample,247659,Pau Claris,0133 0133,Saturday,2023,6,June,3,Night,22,No és causa del  vianant,Ciclomotor,Man,46,Driver,Desconegut                                                                                                                                            ,Unknown,In itínere,Minor injury: Hospitalization up to 24 hours,430403.06,4582955.17,2.166375326,41.393272917
2023S003320    ,5,Sarrià-Sant Gervasi,24,les Tres Torres,143904,General Mitre,0081 0091,Saturday,2023,6,June,3,Afternoon,20,No és causa del  vianant,Motorcycle,Woman,20,Passenger,Desconegut                                                                                                                                            ,Unknown,Unknown,Minor injury: Medical assistance at accident site,427673.03,4583623.29,2.133643093,41.399049392
2023S003323    ,10,Sant Martí,71,Provençals del Poblenou,169409,Corts Catalanes,1150 1150,Sunday,2023,6,June,4,Night,4,No és causa del  vianant,Motorcycle,Man,30,Driver,Desconegut                                                                                                                                            ,Unknown,Oci i entreteniment,Minor injury: Hospitalization up to 24 hours,433835.55,4585660.94,2.207134033,41.417933003
2023S003324    ,2,Eixample,7,la Dreta de l'Eixample,268003,Provença,0237 0239,Sunday,2023,6,June,4,Morning,9,No és causa del  vianant,Motorcycle,Man,60,Driver,Desconegut                                                                                                                                            ,Unknown,Unknown,Minor injury: Hospitalization up to 24 hours,429868.7,4582996.42,2.159979329,41.393597996
2023S003325    ,6,Gràcia,30,la Salut,344000,Dalt,0074 0076,Sunday,2023,6,June,4,Morning,12,No és causa del  vianant,Motorcycle,Woman,52,Driver,Desconegut                                                                                                                                            ,Unknown,Altres activitats,Minor injury: Hospitalization up to 24 hours,429585.03,4584847.97,2.156370987,41.410249448
2023S003326    ,10,Sant Martí,72,Sant Martí de Provençals,153205,Guipúscoa,0027 0027,Sunday,2023,6,June,4,Afternoon,18,No és causa del  vianant,Motorcycle,Man,27,Driver,Desconegut                                                                                                                                            ,Unknown,Altres activitats,Minor injury: Hospitalization up to 24 hours,432792.64,4585292.45,2.194696433,41.414527519
2023S003326    ,10,Sant Martí,72,Sant Martí de Provençals,153205,Guipúscoa,0027 0027,Sunday,2023,6,June,4,Afternoon,18,No és causa del  vianant,Motorcycle,Man,28,Driver,Desconegut                                                                                                                                            ,Unknown,Altres activitats,Minor injury: Hospitalization up to 24 hours,432792.64,4585292.45,2.194696433,41.414527519
2023S003326    ,10,Sant Martí,72,Sant Martí de Provençals,153205,Guipúscoa,0027 0027,Sunday,2023,6,June,4,Afternoon,18,No és causa del  vianant,Motorcycle,Woman,27,Passenger,Desconegut                                                                                                                                            ,Unknown,Unknown,Minor injury: Hospitalization up to 24 hours,432792.64,4585292.45,2.194696433,41.414527519
2023S003328    ,9,Sant Andreu,60,Sant Andreu,209900,Meridiana,0568 0568,Sunday,2023,6,June,4,Afternoon,21,No és causa del  vianant,Motorcycle,Man,29,Driver,Desconegut                                                                                                                                            ,Unknown,Oci i entreteniment,Minor injury: Hospitalization up to 24 hours,432138.34,4588318.07,2.186528243,41.441723272
2023S003329    ,2,Eixample,7,la Dreta de l'Eixample,191204,Mallorca,0231 0231,Sunday,2023,6,June,4,Night,22,No és causa del  vianant,Motorcycle,Man,46,Driver,Desconegut                                                                                                                                            ,Unknown,Oci i entreteniment,Serious injury: Hospitalization over 24 hours,429836.05,4582774.51,2.15961454,41.391596478
2023S003330    ,1,Ciutat Vella,1,el Raval,68503,Carretes,0044 0044,Monday,2023,6,June,5,Night,0,No és causa del  vianant,Bicicleta,Man,33,Driver,Desconegut                                                                                                                                            ,Unknown,En missió,Minor injury: Hospitalization up to 24 hours,430463.95,4581204.46,2.167304649,41.377510076
2023S003330    ,1,Ciutat Vella,1,el Raval,68503,Carretes,0044 0044,Monday,2023,6,June,5,Night,0,No és causa del  vianant,Veh. mobilitat personal amb motor,Man,22,Driver,Desconegut                                                                                                                                            ,Unknown,Oci i entreteniment,Minor injury: Hospitalization up to 24 hours,430463.95,4581204.46,2.167304649,41.377510076
2023S003331    ,4,Les Corts,20,la Maternitat i Sant Ramon,285002,Sabino Arana,0034 0034,Monday,2023,6,June,5,Morning,8,No és causa del  vianant,Motorcycle,Man,50,Passenger,Desconegut                                                                                                                                            ,Unknown,Unknown,Minor injury: Hospitalization up to 24 hours,426901.19,4582173.05,2.124585891,41.385917849
2023S003331    ,4,Les Corts,20,la Maternitat i Sant Ramon,285002,Sabino Arana,0034 0034,Monday,2023,6,June,5,Morning,8,No és causa del  vianant,Motorcycle,Man,48,Driver,Desconegut                                                                                                                                            ,Unknown,En missió,Minor injury: Hospitalization up to 24 hours,426901.19,4582173.05,2.124585891,41.385917849
2023S003332    ,8,Nou Barris,44,Vilapicina i la Torre Llobeta,111704,Escòcia,0050 0058,Monday,2023,6,June,5,Morning,10,No és causa del  vianant,Motorcycle,Man,30,Driver,Desconegut                                                                                                                                            ,Unknown,Unknown,Minor injury: Medical assistance at accident site,431642.4,4586873.46,2.180755604,41.428670082
2023S003334    ,9,Sant Andreu,57,la Trinitat Vella,701267,Dalt (Besòs),001580000,Monday,2023,6,June,5,Morning,12,No és causa del  vianant,Car,Woman,42,Passenger,Desconegut                                                                                                                                            ,Unknown,Unknown,Minor injury: Refused medical assistance,432477.29,4588892.56,2.190521045,41.446926099
2023S003334    ,9,Sant Andreu,57,la Trinitat Vella,701267,Dalt (Besòs),001580000,Monday,2023,6,June,5,Morning,12,No és causa del  vianant,Car,Man,43,Driver,Desconegut                                                                                                                                            ,Unknown,Oci i entreteniment,Minor injury: Refused medical assistance,432477.29,4588892.56,2.190521045,41.446926099
2023S003335    ,10,Sant Martí,65,el Clot,161101,Independència,0243 0243,Monday,2023,6,June,5,Afternoon,14,No és causa del  vianant,Motorcycle,Man,57,Driver,Desconegut                                                                                                                                            ,Unknown,Unknown,Minor injury: Hospitalization up to 24 hours,432028.36,4584359.69,2.185657054,41.406062115
2023S003336    ,2,Eixample,5,el Fort Pienc,305100,Sant Joan,0050 0050,Monday,2023,6,June,5,Afternoon,15,No és causa del  vianant,Bicicleta,Man,41,Driver,Desconegut                                                                                                                                            ,Unknown,Oci i entreteniment,Minor injury: Refused medical assistance,431275.84,4583019.17,2.176806984,41.393924444
2023S003337    ,6,Gràcia,30,la Salut,344000,Dalt,0063 0063,Monday,2023,6,June,5,Afternoon,16,No és causa del  vianant,Motorcycle,Woman,47,Passenger,Desconegut                                                                                                                                            ,Unknown,Unknown,Minor injury: Hospitalization up to 24 hours,429473.11,4584770.22,2.155041088,41.409539365
2023S003337    ,6,Gràcia,30,la Salut,344000,Dalt,0063 0063,Monday,2023,6,June,5,Afternoon,16,No és causa del  vianant,Motorcycle,Man,61,Driver,Desconegut                                                                                                                                            ,Unknown,Oci i entreteniment,Minor injury: Hospitalization up to 24 hours,429473.11,4584770.22,2.155041088,41.409539365
2023S003338    ,2,Eixample,9,la Nova Esquerra de l'Eixample,287201,Roma,0043 0047,Monday,2023,6,June,5,Afternoon,19,No és causa del  vianant,Car,Man,66,Driver,Desconegut                                                                                                                                            ,Unknown,Unknown,Minor injury: Hospitalization up to 24 hours,428734.1,4581741.04,2.146556676,41.382191441
2023S003339    ,5,Sarrià-Sant Gervasi,25,Sant Gervasi - la Bonanova,701629,Isaac Newton,0032U0032U,Monday,2023,6,June,5,Afternoon,19,No és causa del  vianant,Motorcycle,Man,23,Passenger,Desconegut                                                                                                                                            ,Unknown,Unknown,Minor injury: Medical assistance at accident site,427504.46,4585298.73,2.131425947,41.414124185
2023S003339    ,5,Sarrià-Sant Gervasi,25,Sant Gervasi - la Bonanova,701629,Isaac Newton,0032U0032U,Monday,2023,6,June,5,Afternoon,19,No és causa del  vianant,Motorcycle,Woman,27,Driver,Desconegut                                                                                                                                            ,Unknown,Oci i entreteniment,Minor injury: Medical assistance at accident site,427504.46,4585298.73,2.131425947,41.414124185
2023S003339    ,5,Sarrià-Sant Gervasi,25,Sant Gervasi - la Bonanova,701629,Isaac Newton,0032U0032U,Monday,2023,6,June,5,Afternoon,19,No és causa del  vianant,Car,Man,24,Driver,Desconegut                                                                                                                                            ,Unknown,Oci i entreteniment,Minor injury: Refused medical assistance,427504.46,4585298.73,2.131425947,41.414124185
2023S003341    ,7,Horta-Guinardó,43,Horta,137209,Fulton,0012 0012,Monday,2023,6,June,5,Afternoon,20,No és causa del  vianant,Motorcycle,Man,55,Driver,Desconegut                                                                                                                                            ,Unknown,Unknown,Minor injury: Medical assistance at accident site,430036.42,4587029.0,2.1615188,41.429932615
2023S003342    ,2,Eixample,6,la Sagrada Família,225500,Nàpols,0256 0256,Monday,2023,6,June,5,Afternoon,21,No és causa del  vianant,Bicicleta,Man,63,Driver,Desconegut                                                                                                                                            ,Unknown,Unknown,Minor injury: Hospitalization up to 24 hours,430793.07,4583897.51,2.170932284,41.401793951
2023S003343    ,3,Sants-Montjuïc,11,el Poble-sec,129459,Font Honrada,0024 0024,Monday,2023,6,June,5,Afternoon,20,No és causa del  vianant,Veh. mobilitat personal amb motor,Man,17,Driver,Desconegut                                                                                                                                            ,Unknown,Unknown,Minor injury: Hospitalization up to 24 hours,429500.71,4580761.8,2.15583811,41.373439316
2023S003344    ,2,Eixample,9,la Nova Esquerra de l'Eixample,18505,Aragó,0001 0005,Monday,2023,6,June,5,Night,5,No és causa del  vianant,Taxi,Man,42,Driver,Desconegut                                                                                                                                            ,Unknown,Taxi,Minor injury: Hospitalization up to 24 hours,428693.97,4581310.7,2.146127447,41.378311959
2023S003344    ,2,Eixample,9,la Nova Esquerra de l'Eixample,18505,Aragó,0001 0005,Monday,2023,6,June,5,Night,5,No és causa del  vianant,Car,Man,39,Driver,Desconegut                                                                                                                                            ,Unknown,Taxi,Minor injury: Hospitalization up to 24 hours,428693.97,4581310.7,2.146127447,41.378311959
2023S003345    ,2,Eixample,7,la Dreta de l'Eixample,18505,Aragó,0297 0297,Tuesday,2023,6,June,6,Night,1,No és causa del  vianant,Car,Woman,28,Passenger,Desconegut                                                                                                                                            ,Unknown,Unknown,Minor injury: Medical assistance at accident site,430506.02,4583080.73,2.167592366,41.394412704
2023S003346    ,2,Eixample,8,l'Antiga Esquerra de l'Eixample,363809,Villarroel,0245 0249,Monday,2023,6,June,5,Afternoon,19,No és causa del  vianant,Motorcycle,Man,30,Driver,Desconegut                                                                                                                                            ,Unknown,In itínere,Minor injury: Medical assistance at accident site,428889.04,4582784.58,2.148286957,41.391603956
2023S003346    ,2,Eixample,8,l'Antiga Esquerra de l'Eixample,363809,Villarroel,0245 0249,Monday,2023,6,June,5,Afternoon,19,No és causa del  vianant,Motorcycle,Man,33,Driver,Desconegut                                                                                                                                            ,Unknown,In itínere,Minor injury: Medical assistance at accident site,428889.04,4582784.58,2.148286957,41.391603956
2023S003347    ,2,Eixample,7,la Dreta de l'Eixample,305100,Sant Joan,0066 0066,Monday,2023,6,June,5,Night,22,No és causa del  vianant,Bicicleta,Man,33,Driver,Desconegut                                                                                                                                            ,Unknown,Unknown,Minor injury: Hospitalization up to 24 hours,430974.79,4583328.33,2.173170966,41.396683156
2023S003347    ,2,Eixample,7,la Dreta de l'Eixample,305100,Sant Joan,0066 0066,Monday,2023,6,June,5,Night,22,No és causa del  vianant,Ciclomotor,Man,53,Driver,Desconegut                                                                                                                                            ,Unknown,Unknown,Serious injury: Hospitalization over 24 hours,430974.79,4583328.33,2.173170966,41.396683156
2023S003348    ,5,Sarrià-Sant Gervasi,23,Sarrià,334800,Terré,0001 0001,Tuesday,2023,6,June,6,Morning,6,No és causa del  vianant,Motorcycle,Woman,49,Driver,Desconegut                                                                                                                                            ,Unknown,In itínere,Minor injury: Hospitalization up to 24 hours,426544.03,4584388.45,2.120045718,41.405838449
2023S003349    ,9,Sant Andreu,63,Navas,115603,Espronceda,0356 0356,Tuesday,2023,6,June,6,Morning,7,No és causa del  vianant,Bicicleta,Man,49,Driver,Desconegut                                                                                                                                            ,Unknown,In itínere,Minor injury: Refused medical assistance,432147.1,4585756.38,2.186920807,41.418651717
2023S003349    ,9,Sant Andreu,63,Navas,115603,Espronceda,0356 0356,Tuesday,2023,6,June,6,Morning,7,No és causa del  vianant,Motorcycle,Man,43,Driver,Desconegut                                                                                                                                            ,Unknown,In itínere,Minor injury: Hospitalization up to 24 hours,432147.1,4585756.38,2.186920807,41.418651717
2023S003350    ,10,Sant Martí,67,la Vila Olímpica del Poblenou,701497,B-10 (Llobregat),0022E0000,Tuesday,2023,6,June,6,Morning,7,No és causa del  vianant,Motorcycle,Man,31,Passenger,Desconegut                                                                                                                                            ,Unknown,Unknown,Minor injury: Hospitalization up to 24 hours,432533.5,4582010.13,2.191961937,41.384942829
2023S003350    ,10,Sant Martí,67,la Vila Olímpica del Poblenou,701497,B-10 (Llobregat),0022E0000,Tuesday,2023,6,June,6,Morning,7,No és causa del  vianant,Motorcycle,Man,44,Driver,Desconegut                                                                                                                                            ,Unknown,In itínere,Minor injury: Hospitalization up to 24 hours,432533.5,4582010.13,2.191961937,41.384942829