Case_Number,District_Code,District_Name,Neighborhood_Code,Neighborhood_Name,Street_Code,Street_Name,Postal_Code,Day_of_Week,Year,Month_Code,Month_Name,Day_of_Month,Shift_Description,Hour_of_Day,Pedestrian_Cause_Description,Involved_Vehicle_Type,Gender_Description,Age,Person_Type_Description,Pedestrian_Accident_Location_Description,Pedestrian_Movement_Reason_Description,Driver_Movement_Reason_Description,Victimization_Description,UTM_X_Coordinate,UTM_Y_Coordinate,Longitude,Latitude
2023S003351    ,3,Sants-Montjuïc,15,Hostafrancs,267102,Príncep Jordi,0007 0007,Tuesday,2023,6,June,6,Morning,10,Transitar a peu per la calçada,Furgoneta,Woman,81,Pedestrian,Fora del pas                                                                                                                                          ,Unknown,Unknown,Minor injury: Hospitalization up to 24 hours,428742.17,4581045.92,2.146734955,41.375931448
2023S003352    ,5,Sarrià-Sant Gervasi,26,Sant Gervasi - Galvany,144601,Diagonal,0590 0592,Monday,2023,6,June,12,Morning,9,No és causa del  vianant,Motorcycle,Man,62,Driver,Desconegut                                                                                                                                            ,Unknown,In itínere,Minor injury: Medical assistance at accident site,428732.37,4582992.09,2.146388727,41.393459049
2023S003353    ,2,Eixample,7,la Dreta de l'Eixample,18505,Aragó,0259 0259,Tuesday,2023,6,June,6,Morning,10,No és causa del  vianant,Motorcycle,Woman,42,Passenger,Desconegut                                                                                                                                            ,Unknown,Unknown,Minor injury: Refused medical assistance,430207.91,4582788.32,2.164060469,41.391753232
2023S003353    ,2,Eixample,7,la Dreta de l'Eixample,18505,Aragó,0259 0259,Tuesday,2023,6,June,6,Morning,10,No és causa del  vianant,Motorcycle,Man,40,Driver,Desconegut                                                                                                                                            ,Unknown,In itínere,Minor injury: Hospitalization up to 24 hours,430207.91,4582788.32,2.164060469,41.391753232
2023S003354    ,10,Sant Martí,66,el Parc i la Llacuna del Poblenou,44403,Bolívia,0000X0000X,Tuesday,2023,6,June,6,Morning,9,No és causa del  vianant,Motorcycle,Man,30,Driver,Desconegut                                                                                                                                            ,Unknown,In itínere,Minor injury: Medical assistance at accident site,432130.09,4583673.45,2.186951029,41.399889949
2023S003355    ,2,Eixample,6,la Sagrada Família,178308,Lepant,0245 0245,Tuesday,2023,6,June,6,Morning,12,No és causa del  vianant,Motorcycle,Man,36,Driver,Desconegut                                                                                                                                            ,Unknown,Unknown,Minor injury: Hospitalization up to 24 hours,431371.11,4584089.39,2.177825098,41.403571733
2023S003356    ,2,Eixample,10,Sant Antoni,169409,Corts Catalanes,0448 0448,Tuesday,2023,6,June,6,Morning,12,No és causa del  vianant,Furgoneta,Man,71,Pedestrian,En pas regulat per semàfor                                                                                                                            ,Unknown,Unknown,Minor injury: Hospitalization up to 24 hours,429355.61,4581351.42,2.154034414,41.378737103
2023S003357    ,2,Eixample,7,la Dreta de l'Eixample,148307,Gràcia,0039 0039,Tuesday,2023,6,June,6,Morning,10,No és causa del  vianant,Bus,Man,56,Passenger,Desconegut                                                                                                                                            ,Unknown,Unknown,Minor injury: Hospitalization up to 24 hours,430315.39,4582746.6,2.165350758,41.391386798
2023S003358    ,1,Ciutat Vella,4,"Sant Pere, Santa Caterina i la Ribera",700813,Doctor Aiguader,0001X0001X,Saturday,2023,5,May,13,Afternoon,20,No és causa del  vianant,Bicicleta,Woman,52,Driver,Desconegut                                                                                                                                            ,Unknown,Oci i entreteniment,Minor injury: Hospitalization up to 24 hours,431977.61,4581755.1,2.185342663,41.382599002
2023S003359    ,10,Sant Martí,68,el Poblenou,144601,Diagonal,0101 0101,Tuesday,2023,6,June,6,Morning,11,No és causa del  vianant,Bicicleta,Man,65,Driver,Desconegut                                                                                                                                            ,Unknown,Unknown,Minor injury: Hospitalization up to 24 hours,433533.1,4584477.61,2.203645245,41.407250089
2023S003359    ,10,Sant Martí,68,el Poblenou,144601,Diagonal,0101 0101,Tuesday,2023,6,June,6,Morning,11,No és causa del  vianant,Veh. mobilitat personal amb motor,Man,50,Driver,Desconegut                                                                                                                                            ,Unknown,Unknown,Minor injury: Medical assistance at accident site,433533.1,4584477.61,2.203645245,41.407250089
2023S003360    ,2,Eixample,7,la Dreta de l'Eixample,268003,Provença,0252 0252,Tuesday,2023,6,June,6,Morning,11,Desobeir el senyal del semàfor,Veh. mobilitat personal amb motor,Woman,35,Driver,En pas regulat per semàfor                                                                                                                            ,Unknown,In itínere,Minor injury: Hospitalization up to 24 hours,429774.01,4582887.46,2.158859426,41.392608363
2023S003361    ,6,Gràcia,31,la Vila de Gràcia,211301,Milà i Fontanals,0015 0015,Tuesday,2023,5,May,30,Afternoon,20,Creuar per fora pas de vianants,Bicicleta,Woman,31,Pedestrian,Fora del pas                                                                                                                                          ,Oci i entreteniment,Unknown,Minor injury: Refused medical assistance,430131.55,4583780.36,2.163032656,41.400681574
2023S003362    ,10,Sant Martí,72,Sant Martí de Provençals,3406,Agricultura,0218 0220,Tuesday,2023,6,June,6,Morning,13,No és causa del  vianant,Veh. mobilitat personal amb motor,Man,63,Pedestrian,En pas regulat per semàfor                                                                                                                            ,Unknown,Unknown,Minor injury: Hospitalization up to 24 hours,433457.11,4585569.8,2.202615972,41.417080861
2023S003363    ,8,Nou Barris,45,Porta,119003,Fabra i Puig,0222 0224,Tuesday,2023,6,June,6,Afternoon,14,No és causa del  vianant,Motorcycle,Woman,55,Driver,Desconegut                                                                                                                                            ,Unknown,Unknown,Minor injury: Hospitalization up to 24 hours,431387.66,4587067.67,2.177685061,41.430397532
2023S003364    ,5,Sarrià-Sant Gervasi,23,Sarrià,58601,Can Caralleu,0013 0013,Tuesday,2023,6,June,6,Morning,12,No és causa del  vianant,Car,Woman,81,Passenger,Desconegut                                                                                                                                            ,Unknown,Unknown,Minor injury: Hospitalization up to 24 hours,426127.78,4583994.27,2.115114389,41.402250086
2023S003364    ,5,Sarrià-Sant Gervasi,23,Sarrià,58601,Can Caralleu,0013 0013,Tuesday,2023,6,June,6,Morning,12,No és causa del  vianant,Furgoneta,Man,42,Driver,Desconegut                                                                                                                                            ,Unknown,Oci i entreteniment,Minor injury: Refused medical assistance,426127.78,4583994.27,2.115114389,41.402250086
2023S003364    ,5,Sarrià-Sant Gervasi,23,Sarrià,58601,Can Caralleu,0013 0013,Tuesday,2023,6,June,6,Morning,12,No és causa del  vianant,Car,Man,85,Driver,Desconegut                                                                                                                                            ,Unknown,Oci i entreteniment,Minor injury: Hospitalization up to 24 hours,426127.78,4583994.27,2.115114389,41.402250086
2023S003365    ,2,Eixample,7,la Dreta de l'Eixample,359404,Cinc d'Oros,9999 9999,Saturday,2023,5,May,13,Morning,13,No és causa del  vianant,Motorcycle,Man,27,Driver,Desconegut                                                                                                                                            ,Unknown,Oci i entreteniment,Minor injury: Refused medical assistance,429834.22,4583321.69,2.15952922,41.396524584
2023S003366    ,10,Sant Martí,67,la Vila Olímpica del Poblenou,367504,Doctor Trueta,0022 0030,Tuesday,2023,6,June,6,Afternoon,16,No és causa del  vianant,Motorcycle,Man,54,Driver,Desconegut                                                                                                                                            ,Unknown,En missió,Minor injury: Hospitalization up to 24 hours,432592.28,4582626.29,2.19259629,41.390497358
2023S003367    ,2,Eixample,9,la Nova Esquerra de l'Eixample,18505,Aragó,0014 0014,Tuesday,2023,6,June,6,Afternoon,15,No és causa del  vianant,Bicicleta,Man,33,Driver,Desconegut                                                                                                                                            ,Unknown,Oci i entreteniment,Minor injury: Hospitalization up to 24 hours,428930.62,4581499.01,2.148935148,41.380028952
2023S003368    ,7,Horta-Guinardó,35,el Guinardó,354502,Varsòvia,0094 0094,Tuesday,2023,6,June,6,Afternoon,15,No és causa del  vianant,Veh. mobilitat personal amb motor,Man,19,Driver,Desconegut                                                                                                                                            ,Unknown,Altres activitats,Minor injury: Hospitalization up to 24 hours,431098.96,4586005.78,2.174351161,41.420808733
2023S003369    ,7,Horta-Guinardó,41,la Vall d'Hebron,700827,Cardenal Vidal i Barraquer,0038 0038,Tuesday,2023,6,June,6,Afternoon,17,No és causa del  vianant,Motorcycle,Man,49,Driver,Desconegut                                                                                                                                            ,Unknown,Unknown,Minor injury: Hospitalization up to 24 hours,429154.95,4587167.56,2.150953815,41.431103261
2023S003370    ,7,Horta-Guinardó,41,la Vall d'Hebron,701268,Dalt (Llobregat),001160000,Tuesday,2023,6,June,6,Afternoon,14,No és causa del  vianant,Furgoneta,Man,47,Passenger,Desconegut                                                                                                                                            ,Unknown,Unknown,Minor injury: Medical assistance at accident site,428744.95,4587406.84,2.146018955,41.433222065
2023S003371    ,10,Sant Martí,65,el Clot,209900,Meridiana,0198 0198,Tuesday,2023,6,June,6,Afternoon,19,No és causa del  vianant,Veh. mobilitat personal amb motor,Man,16,Driver,Desconegut                                                                                                                                            ,Unknown,Oci i entreteniment,Minor injury: Hospitalization up to 24 hours,432140.24,4585237.32,2.186896987,41.413976124
2023S003372    ,-1,Unknown,-1,Unknown,-1,Unknown,Unknown,Saturday,2023,5,May,27,Afternoon,20,No és causa del  vianant,Motorcycle,Man,44,Driver,Desconegut                                                                                                                                            ,Unknown,Oci i entreteniment,Minor injury: Hospitalization up to 24 hours,431656.63,4581692.37,2.181511266,41.382006792
2023S003375    ,10,Sant Martí,65,el Clot,209900,Meridiana,0158 0158,Tuesday,2023,6,June,6,Afternoon,15,No és causa del  vianant,Bus,Woman,81,Passenger,Desconegut                                                                                                                                            ,Unknown,Unknown,Minor injury: Hospitalization up to 24 hours,432134.81,4584834.86,2.186877189,41.410350829
2023S003376    ,2,Eixample,6,la Sagrada Família,73900,Castillejos,0218 0218,Tuesday,2023,6,June,6,Afternoon,19,No és causa del  vianant,Veh. mobilitat personal amb motor,Man,33,Driver,Desconegut                                                                                                                                            ,Unknown,Unknown,Minor injury: Medical assistance at accident site,431647.55,4584174.64,2.181122366,41.404363118
2023S003377    ,3,Sants-Montjuïc,12,la Marina del Prat Vermell,370305,Número 4 Zona Franca,0076 0076,Tuesday,2023,6,June,6,Night,22,No és causa del  vianant,Ciclomotor,Man,25,Driver,Desconegut                                                                                                                                            ,Unknown,In itínere,Minor injury: Hospitalization up to 24 hours,427033.56,4576155.26,2.126893075,41.331729793
2023S003379    ,8,Nou Barris,44,Vilapicina i la Torre Llobeta,8603,Costa i Cuxart,0005 0005,Wednesday,2023,6,June,7,Morning,6,No és causa del  vianant,Motorcycle,Man,33,Driver,Desconegut                                                                                                                                            ,Unknown,Estudiant cap a centre d'estudis,Minor injury: Hospitalization up to 24 hours,431015.09,4586754.79,2.173262106,41.427547603
2023S003380    ,7,Horta-Guinardó,33,el Baix Guinardó,238400,Padilla,0326 0326,Wednesday,2023,6,June,7,Morning,9,No és causa del  vianant,Motorcycle,Man,37,Driver,Desconegut                                                                                                                                            ,Unknown,Oci i entreteniment,Minor injury: Hospitalization up to 24 hours,430899.2,4584756.67,2.172103675,41.40954126
2023S003381    ,5,Sarrià-Sant Gervasi,26,Sant Gervasi - Galvany,8501,Alfons XII,0019 0021,Wednesday,2023,6,June,7,Morning,10,No és causa del  vianant,Motorcycle,Man,58,Driver,Desconegut                                                                                                                                            ,Unknown,En missió,Minor injury: Hospitalization up to 24 hours,429029.98,4583513.48,2.149887152,41.398181352
2023S003382    ,10,Sant Martí,68,el Poblenou,701266,Litoral (Llobregat),000710000,Wednesday,2023,6,June,7,Morning,8,No és causa del  vianant,Motorcycle,Woman,50,Passenger,Desconegut                                                                                                                                            ,Unknown,Unknown,Serious injury: Hospitalization over 24 hours,433970.87,4583525.55,2.208986292,41.398711212
2023S003382    ,10,Sant Martí,68,el Poblenou,701266,Litoral (Llobregat),000710000,Wednesday,2023,6,June,7,Morning,8,No és causa del  vianant,Motorcycle,Man,52,Driver,Desconegut                                                                                                                                            ,Unknown,In itínere,Minor injury: Hospitalization up to 24 hours,433970.87,4583525.55,2.208986292,41.398711212
2023S003383    ,2,Eixample,7,la Dreta de l'Eixample,49509,Bruc,0012 0012,Wednesday,2023,6,June,7,Morning,10,No és causa del  vianant,Car,Woman,39,Driver,Desconegut                                                                                                                                            ,Unknown,Oci i entreteniment,Minor injury: Refused medical assistance,431150.87,4582574.3,2.175362859,41.389906936
2023S003384    ,2,Eixample,7,la Dreta de l'Eixample,148307,Gràcia,0027 0027,Wednesday,2023,6,June,7,Morning,7,No és causa del  vianant,Bicicleta,Woman,32,Driver,Desconegut                                                                                                                                            ,Unknown,In itínere,Minor injury: Hospitalization up to 24 hours,430375.03,4582681.07,2.1660716,41.390801758
2023S003385    ,4,Les Corts,19,les Corts,231502,Numància,0084 0084,Tuesday,2023,6,June,6,Morning,13,No és causa del  vianant,Motorcycle,Woman,23,Driver,Desconegut                                                                                                                                            ,Unknown,Oci i entreteniment,Minor injury: Hospitalization up to 24 hours,427907.37,4582084.03,2.136629469,41.385206928
2023S003387    ,5,Sarrià-Sant Gervasi,26,Sant Gervasi - Galvany,179708,Lincoln,0031 0031,Wednesday,2023,6,June,7,Morning,10,No és causa del  vianant,Bicicleta,Man,71,Driver,Desconegut                                                                                                                                            ,Unknown,Unknown,Minor injury: Hospitalization up to 24 hours,428939.39,4583849.33,2.14876413,41.401198224
2023S003388    ,2,Eixample,5,el Fort Pienc,197302,Marina,0157 0167,Wednesday,2023,6,June,7,Morning,13,No és causa del  vianant,Taxi,Woman,79,Pedestrian,En pas regulat per semàfor                                                                                                                            ,Unknown,Unknown,Serious injury: Hospitalization over 24 hours,431648.43,4583591.24,2.181198802,41.399108683
2023S003389    ,8,Nou Barris,53,la Trinitat Nova,120807,Favència,0263 0263,Wednesday,2023,6,June,7,Morning,13,No és causa del  vianant,Car,Woman,43,Driver,Desconegut                                                                                                                                            ,Unknown,Oci i entreteniment,Minor injury: Hospitalization up to 24 hours,431724.23,4588823.72,2.181514384,41.446242348
2023S003390    ,10,Sant Martí,69,Diagonal Mar i el Front Marítim del Poblenou,322608,Selva de Mar,0016 0016,Wednesday,2023,6,June,7,Morning,11,No és causa del  vianant,Bicicleta,Man,23,Driver,Desconegut                                                                                                                                            ,Unknown,Oci i entreteniment,Minor injury: Medical assistance at accident site,434330.75,4584347.66,2.213201814,41.406145258
2023S003391    ,4,Les Corts,19,les Corts,144601,Diagonal,0543 0543,Wednesday,2023,6,June,7,Afternoon,17,No és causa del  vianant,Motorcycle,Man,39,Driver,Desconegut                                                                                                                                            ,Unknown,Unknown,Minor injury: Hospitalization up to 24 hours,427954.95,4582701.1,2.137125048,41.390768909
2023S003392    ,5,Sarrià-Sant Gervasi,23,Sarrià,193108,Manuel Girona,0029 0033,Wednesday,2023,6,June,7,Afternoon,17,No és causa del  vianant,Motorcycle,Woman,50,Driver,Desconegut                                                                                                                                            ,Unknown,Unknown,Minor injury: Hospitalization up to 24 hours,426870.86,4582738.02,2.124154933,41.391003543
2023S003393    ,3,Sants-Montjuïc,13,la Marina de Port,124706,Ferrocarrils Catalans,0093 0093,Wednesday,2023,6,June,7,Morning,10,No és causa del  vianant,Car,Woman,25,Passenger,Desconegut                                                                                                                                            ,Unknown,Unknown,Minor injury: Hospitalization up to 24 hours,428290.03,4579383.72,2.141525271,41.360920389
2023S003393    ,3,Sants-Montjuïc,13,la Marina de Port,124706,Ferrocarrils Catalans,0093 0093,Wednesday,2023,6,June,7,Morning,10,No és causa del  vianant,Car,Woman,41,Driver,Desconegut                                                                                                                                            ,Unknown,En pràctiques d'autoescola,Minor injury: Medical assistance at accident site,428290.03,4579383.72,2.141525271,41.360920389
2023S003393    ,3,Sants-Montjuïc,13,la Marina de Port,124706,Ferrocarrils Catalans,0093 0093,Wednesday,2023,6,June,7,Morning,10,No és causa del  vianant,Car,Man,42,Driver,Desconegut                                                                                                                                            ,Unknown,Unknown,Minor injury: Medical assistance at accident site,428290.03,4579383.72,2.141525271,41.360920389
2023S003394    ,10,Sant Martí,68,el Poblenou,330107,Tànger,0160X0160X,Wednesday,2023,6,June,7,Afternoon,17,No és causa del  vianant,Motorcycle,Man,26,Driver,Desconegut                                                                                                                                            ,Unknown,Unknown,Minor injury: Hospitalization up to 24 hours,432896.49,4584227.11,2.196057155,41.404940981
2023S003395    ,2,Eixample,8,l'Antiga Esquerra de l'Eixample,87009,Comte Borrell,0306 0306,Wednesday,2023,6,June,7,Afternoon,18,No és causa del  vianant,Motorcycle,Woman,36,Driver,Desconegut                                                                                                                                            ,Unknown,Unknown,Minor injury: Hospitalization up to 24 hours,428711.21,4582610.57,2.146180574,41.39002096
2023S003396    ,9,Sant Andreu,63,Navas,209900,Meridiana,0212 0212,Wednesday,2023,6,June,7,Afternoon,17,No és causa del  vianant,Veh. mobilitat personal amb motor,Woman,18,Driver,Desconegut                                                                                                                                            ,Unknown,Oci i entreteniment,Minor injury: Hospitalization up to 24 hours,432141.03,4585382.64,2.186890129,41.415285043
2023S003397    ,1,Ciutat Vella,1,el Raval,34308,Rambla,0135 0135,Wednesday,2023,6,June,7,Afternoon,14,Desobeir el senyal del semàfor,Bicicleta,Woman,38,Pedestrian,En pas regulat per semàfor                                                                                                                            ,Unknown,Unknown,Minor injury: Hospitalization up to 24 hours,430704.97,4582088.39,2.170085544,41.385492178
2023S003398    ,2,Eixample,6,la Sagrada Família,191204,Mallorca,0477 0477,Wednesday,2023,6,June,7,Afternoon,20,No és causa del  vianant,Motorcycle,Woman,47,Driver,Desconegut                                                                                                                                            ,Unknown,Unknown,Minor injury: Medical assistance at accident site,431569.17,4584488.12,2.180149273,41.407179864
2023S003399    ,2,Eixample,6,la Sagrada Família,350308,València,0479 0483,Wednesday,2023,6,June,7,Afternoon,17,No és causa del  vianant,Bus,Woman,89,Passenger,Desconegut                                                                                                                                            ,Unknown,Unknown,Serious injury: Hospitalization over 24 hours,431430.21,4584133.98,2.178527024,41.403978387
2023S003400    ,10,Sant Martí,73,la Verneda i la Pau,86200,Concili de Trento,0342X0342X,Wednesday,2023,6,June,7,Afternoon,20,No és causa del  vianant,Bus,Man,63,Passenger,Desconegut                                                                                                                                            ,Unknown,Unknown,Minor injury: Hospitalization up to 24 hours,434125.02,4586164.36,2.210542726,41.422490972
2023S003401    ,2,Eixample,8,l'Antiga Esquerra de l'Eixample,349706,Comte d'Urgell,0092 0092,Wednesday,2023,6,June,7,Afternoon,20,Transitar a peu per la calçada,Taxi,Man,38,Pedestrian,Fora del pas                                                                                                                                          ,Unknown,Unknown,Minor injury: Medical assistance at accident site,429634.84,4581829.77,2.157317825,41.383069929
2023S003402    ,10,Sant Martí,64,el Camp de l'Arpa del Clot,173009,Joan de Peguera,0106 0106,Wednesday,2023,6,June,7,Afternoon,17,No és causa del  vianant,Furgoneta,Man,12,Pedestrian,En pas sense regular                                                                                                                                  ,Unknown,Unknown,Minor injury: Hospitalization up to 24 hours,431822.85,4585372.82,2.183084336,41.415169651
2023S003403    ,7,Horta-Guinardó,35,el Guinardó,194406,Maragall,0103 0105,Wednesday,2023,6,June,7,Afternoon,20,No és causa del  vianant,Motorcycle,Woman,15,Passenger,Desconegut                                                                                                                                            ,Unknown,Unknown,Minor injury: Hospitalization up to 24 hours,431613.75,4585760.47,2.180538691,41.418643313
2023S003403    ,7,Horta-Guinardó,35,el Guinardó,194406,Maragall,0103 0105,Wednesday,2023,6,June,7,Afternoon,20,No és causa del  vianant,Motorcycle,Man,40,Driver,Desconegut                                                                                                                                            ,Unknown,Unknown,Minor injury: Hospitalization up to 24 hours,431613.75,4585760.47,2.180538691,41.418643313
2023S003403    ,7,Horta-Guinardó,35,el Guinardó,194406,Maragall,0103 0105,Wednesday,2023,6,June,7,Afternoon,20,No és causa del  vianant,Motorcycle,Man,46,Driver,Desconegut                                                                                                                                            ,Unknown,Unknown,Minor injury: Hospitalization up to 24 hours,431613.75,4585760.47,2.180538691,41.418643313
2023S003404    ,3,Sants-Montjuïc,12,la Marina del Prat Vermell,370203,Número 3 Zona Franca,0045 0045,Wednesday,2023,6,June,7,Night,22,No és causa del  vianant,Ciclomotor,Man,51,Driver,Desconegut                                                                                                                                            ,Unknown,In itínere,Minor injury: Hospitalization up to 24 hours,428020.43,4576283.26,2.138670171,41.33297144
2023S003405    ,2,Eixample,8,l'Antiga Esquerra de l'Eixample,245802,París,0130 0130,Thursday,2023,6,June,8,Night,0,No és causa del  vianant,Motorcycle,Woman,28,Passenger,Desconegut                                                                                                                                            ,Unknown,Unknown,Minor injury: Hospitalization up to 24 hours,428983.64,4582689.63,2.149429527,41.390757138
2023S003405    ,2,Eixample,8,l'Antiga Esquerra de l'Eixample,245802,París,0130 0130,Thursday,2023,6,June,8,Night,0,No és causa del  vianant,Motorcycle,Man,34,Driver,Desconegut                                                                                                                                            ,Unknown,Oci i entreteniment,Minor injury: Hospitalization up to 24 hours,428983.64,4582689.63,2.149429527,41.390757138
2023S003406    ,2,Eixample,5,el Fort Pienc,71600,Casp,0114 0114,Thursday,2023,6,June,8,Night,1,No és causa del  vianant,Veh. mobilitat personal amb motor,Man,21,Driver,Desconegut                                                                                                                                            ,Unknown,Unknown,Minor injury: Hospitalization up to 24 hours,431373.97,4583113.78,2.177969958,41.394784952
2023S003408    ,3,Sants-Montjuïc,15,Hostafrancs,94809,Creu Coberta,0054 0054,Thursday,2023,6,June,8,Morning,9,No és causa del  vianant,Motorcycle,Man,35,Driver,Desconegut                                                                                                                                            ,Unknown,En missió,Minor injury: Hospitalization up to 24 hours,428663.4,4580977.41,2.145801147,41.375307419
2023S003409    ,10,Sant Martí,71,Provençals del Poblenou,701414,C-31,020700000,Wednesday,2023,6,June,7,Afternoon,20,No és causa del  vianant,Furgoneta,Woman,61,Pedestrian,En pas regulat per semàfor                                                                                                                            ,Unknown,Unknown,Minor injury: Medical assistance at accident site,432986.83,4584903.52,2.197062924,41.411040761
2023S003410    ,2,Eixample,9,la Nova Esquerra de l'Eixample,191204,Mallorca,0113 0113,Wednesday,2023,6,June,7,Night,22,No és causa del  vianant,Motorcycle,Man,27,Driver,Desconegut                                                                                                                                            ,Unknown,In itínere,Minor injury: Refused medical assistance,429260.74,4582212.74,2.152799369,41.386486386
2023S003410    ,2,Eixample,9,la Nova Esquerra de l'Eixample,191204,Mallorca,0113 0113,Wednesday,2023,6,June,7,Night,22,No és causa del  vianant,Veh. mobilitat personal amb motor,Woman,39,Driver,Desconegut                                                                                                                                            ,Unknown,In itínere,Minor injury: Refused medical assistance,429260.74,4582212.74,2.152799369,41.386486386
2023S003411    ,8,Nou Barris,53,la Trinitat Nova,4409,Aiguablava,0002 0002,Thursday,2023,6,June,8,Morning,7,No és causa del  vianant,Car,Woman,28,Driver,Desconegut                                                                                                                                            ,Unknown,In itínere,Minor injury: Refused medical assistance,431563.44,4588806.2,2.179591668,41.446070853
2023S003411    ,8,Nou Barris,53,la Trinitat Nova,4409,Aiguablava,0002 0002,Thursday,2023,6,June,8,Morning,7,No és causa del  vianant,Car,Man,30,Driver,Desconegut                                                                                                                                            ,Unknown,In itínere,Minor injury: Hospitalization up to 24 hours,431563.44,4588806.2,2.179591668,41.446070853
2023S003411    ,8,Nou Barris,53,la Trinitat Nova,4409,Aiguablava,0002 0002,Thursday,2023,6,June,8,Morning,7,No és causa del  vianant,Car,Man,47,Driver,Desconegut                                                                                                                                            ,Unknown,In itínere,Minor injury: Refused medical assistance,431563.44,4588806.2,2.179591668,41.446070853
2023S003412    ,2,Eixample,6,la Sagrada Família,268003,Provença,0459 0459,Thursday,2023,6,June,8,Morning,8,No és causa del  vianant,Motorcycle,Man,54,Driver,Desconegut                                                                                                                                            ,Unknown,In itínere,Minor injury: Hospitalization up to 24 hours,431183.54,4584280.16,2.175559601,41.405273895
2023S003413    ,2,Eixample,9,la Nova Esquerra de l'Eixample,18505,Aragó,0059 0059,Thursday,2023,6,June,8,Morning,8,No és causa del  vianant,Motorcycle,Man,28,Driver,Desconegut                                                                                                                                            ,Unknown,In itínere,Serious injury: Hospitalization over 24 hours,428970.85,4581553.16,2.14940987,41.380520217
2023S003413    ,2,Eixample,9,la Nova Esquerra de l'Eixample,18505,Aragó,0059 0059,Thursday,2023,6,June,8,Morning,8,No és causa del  vianant,Motorcycle,Man,41,Driver,Desconegut                                                                                                                                            ,Unknown,In itínere,Minor injury: Refused medical assistance,428970.85,4581553.16,2.14940987,41.380520217
2023S003413    ,2,Eixample,9,la Nova Esquerra de l'Eixample,18505,Aragó,0059 0059,Thursday,2023,6,June,8,Morning,8,No és causa del  vianant,Motorcycle,Man,61,Driver,Desconegut                                                                                                                                            ,Unknown,In itínere,Minor injury: Hospitalization up to 24 hours,428970.85,4581553.16,2.14940987,41.380520217
2023S003414    ,5,Sarrià-Sant Gervasi,23,Sarrià,144408,General Vives,0002 0002,Thursday,2023,6,June,8,Morning,9,No és causa del  vianant,Motorcycle,Man,28,Driver,Desconegut                                                                                                                                            ,Unknown,In itínere,Minor injury: Hospitalization up to 24 hours,426719.86,4584525.75,2.122132484,41.407091105
2023S003415    ,8,Nou Barris,50,les Roquetes,212304,Mina de la Ciutat,0091 0095,Wednesday,2023,6,June,7,Afternoon,20,No és causa del  vianant,Car,Woman,22,Passenger,Desconegut                                                                                                                                            ,Unknown,Unknown,Minor injury: Medical assistance at accident site,431305.33,4589125.28,2.176465714,41.448922626
2023S003415    ,8,Nou Barris,50,les Roquetes,212304,Mina de la Ciutat,0091 0095,Wednesday,2023,6,June,7,Afternoon,20,No és causa del  vianant,Car,Woman,24,Driver,Desconegut                                                                                                                                            ,Unknown,Oci i entreteniment,Minor injury: Medical assistance at accident site,431305.33,4589125.28,2.176465714,41.448922626
2023S003416    ,3,Sants-Montjuïc,15,Hostafrancs,114000,Espanya,0006 0008,Thursday,2023,6,June,8,Morning,7,No és causa del  vianant,Motorcycle,Man,29,Driver,Desconegut                                                                                                                                            ,Unknown,In itínere,Minor injury: Medical assistance at accident site,428885.04,4580959.01,2.148453494,41.375161324
2023S003417    ,2,Eixample,6,la Sagrada Família,76807,Sardenya,0267 0267,Thursday,2023,6,June,8,Morning,9,No és causa del  vianant,Ciclomotor,Woman,20,Driver,Desconegut                                                                                                                                            ,Unknown,Unknown,Minor injury: Hospitalization up to 24 hours,431169.93,4583892.6,2.175440883,41.401782098
2023S003418    ,2,Eixample,8,l'Antiga Esquerra de l'Eixample,191204,Mallorca,0178 0178,Thursday,2023,6,June,8,Morning,9,No és causa del  vianant,Motorcycle,Man,27,Driver,Desconegut                                                                                                                                            ,Unknown,Unknown,Minor injury: Hospitalization up to 24 hours,429548.35,4582493.34,2.156206316,41.389038911
2023S003419    ,1,Ciutat Vella,4,"Sant Pere, Santa Caterina i la Ribera",700813,Doctor Aiguader,0001 0001,Thursday,2023,6,June,8,Morning,10,No és causa del  vianant,Bus,Man,85,Passenger,Desconegut                                                                                                                                            ,Unknown,Unknown,Minor injury: Hospitalization up to 24 hours,432053.72,4581755.67,2.18625277,41.382610571
2023S003420    ,2,Eixample,7,la Dreta de l'Eixample,350308,València,0305 0305,Thursday,2023,6,June,8,Morning,12,No és causa del  vianant,Veh. mobilitat personal amb motor,Woman,38,Driver,Desconegut                                                                                                                                            ,Unknown,In itínere,Minor injury: Hospitalization up to 24 hours,430532.86,4583287.93,2.167889609,41.396281209
2023S003423    ,10,Sant Martí,68,el Poblenou,183603,Llacuna,0073X0073X,Thursday,2023,6,June,8,Afternoon,16,No és causa del  vianant,Taxi,Man,40,Driver,Desconegut                                                                                                                                            ,Unknown,Unknown,Minor injury: Hospitalization up to 24 hours,433085.41,4583847.21,2.198359179,41.401535078
2023S003424    ,2,Eixample,8,l'Antiga Esquerra de l'Eixample,350308,València,0200 0200,Friday,2023,5,May,26,Afternoon,20,No és causa del  vianant,Car,Woman,46,Driver,Desconegut                                                                                                                                            ,Unknown,Oci i entreteniment,Minor injury: Refused medical assistance,429697.75,4582438.53,2.157999462,41.388558334
2023S003425    ,6,Gràcia,32,el Camp d'en Grassot i Gràcia Nova,161407,Indústria,0029 0029,Thursday,2023,6,June,8,Afternoon,19,No és causa del  vianant,Veh. mobilitat personal amb motor,Man,53,Driver,Desconegut                                                                                                                                            ,Unknown,Oci i entreteniment,Minor injury: Hospitalization up to 24 hours,430384.96,4584077.18,2.166029762,41.403376926