Case_Number,District_Code,District_Name,Neighborhood_Code,Neighborhood_Name,Street_Code,Street_Name,Postal_Code,Day_of_Week,Year,Month_Code,Month_Name,Day_of_Month,Shift_Description,Hour_of_Day,Pedestrian_Cause_Description,Involved_Vehicle_Type,Gender_Description,Age,Person_Type_Description,Pedestrian_Accident_Location_Description,Pedestrian_Movement_Reason_Description,Driver_Movement_Reason_Description,Victimization_Description,UTM_X_Coordinate,UTM_Y_Coordinate,Longitude,Latitude
2023S003504    ,2,Eixample,5,el Fort Pienc,9209,Alí Bei,0110 0110,Monday,2023,6,June,12,Afternoon,18,No és causa del  vianant,Motorcycle,Woman,29,Driver,Desconegut                                                                                                                                            ,Unknown,Oci i entreteniment,Minor injury: Medical assistance at accident site,431937.24,4583291.59,2.184687148,41.396434334
2023S003505    ,10,Sant Martí,66,el Parc i la Llacuna del Poblenou,144601,Diagonal,0240 0252,Monday,2023,6,June,12,Afternoon,17,No és causa del  vianant,Motorcycle,Man,53,Driver,Desconegut                                                                                                                                            ,Unknown,Altres activitats,Minor injury: Hospitalization up to 24 hours,432432.33,4584176.43,2.190510191,41.40444562
2023S003506    ,2,Eixample,7,la Dreta de l'Eixample,191204,Mallorca,0272 0272,Monday,2023,6,June,12,Afternoon,19,No és causa del  vianant,Car,Man,32,Passenger,Desconegut                                                                                                                                            ,Unknown,Unknown,Minor injury: Hospitalization up to 24 hours,430269.34,4583217.34,2.164745761,41.395622608
2023S003506    ,2,Eixample,7,la Dreta de l'Eixample,191204,Mallorca,0272 0272,Monday,2023,6,June,12,Afternoon,19,No és causa del  vianant,Car,Woman,36,Driver,Desconegut                                                                                                                                            ,Unknown,Oci i entreteniment,Minor injury: Medical assistance at accident site,430269.34,4583217.34,2.164745761,41.395622608
2023S003507    ,10,Sant Martí,64,el Camp de l'Arpa del Clot,90502,Còrsega,0691B0691B,Monday,2023,6,June,12,Afternoon,17,No és causa del  vianant,Motorcycle,Man,29,Driver,Desconegut                                                                                                                                            ,Unknown,Unknown,Minor injury: Medical assistance at accident site,431555.77,4585028.44,2.179927818,41.412045215
2023S003508    ,5,Sarrià-Sant Gervasi,22,"Vallvidrera, el Tibidabo i les Planes",70108,Casafranca,0029 0031,Monday,2023,6,June,12,Afternoon,18,No és causa del  vianant,Bicicleta,Man,54,Driver,Desconegut                                                                                                                                            ,Unknown,Oci i entreteniment,Minor injury: Hospitalization up to 24 hours,425435.9,4585539.69,2.106647605,41.416105032
2023S003509    ,10,Sant Martí,70,el Besòs i el Maresme,41100,Bernat Metge,0002 0002,Saturday,2023,6,June,10,Afternoon,19,No és causa del  vianant,Motorcycle,Man,64,Driver,Desconegut                                                                                                                                            ,Unknown,Oci i entreteniment,Minor injury: Medical assistance at accident site,434063.8,4585718.2,2.209858838,41.418467502
2023S003510    ,3,Sants-Montjuïc,15,Hostafrancs,94809,Creu Coberta,0088 0088,Tuesday,2023,6,June,13,Morning,8,No és causa del  vianant,Motorcycle,Man,22,Driver,Desconegut                                                                                                                                            ,Unknown,Unknown,Minor injury: Medical assistance at accident site,428479.25,4580984.01,2.143598456,41.375350509
2023S003511    ,2,Eixample,10,Sant Antoni,363809,Villarroel,0017 0017,Monday,2023,6,June,12,Afternoon,15,No és causa del  vianant,Car,Man,55,Pedestrian,En pas regulat per semàfor                                                                                                                            ,Unknown,Unknown,Minor injury: Hospitalization up to 24 hours,430031.23,4581617.2,2.162082667,41.381189968
2023S003512    ,5,Sarrià-Sant Gervasi,24,les Tres Torres,113007,Escoles Pies,0099 0099,Tuesday,2023,6,June,13,Morning,8,No és causa del  vianant,Motorcycle,Man,71,Passenger,Desconegut                                                                                                                                            ,Unknown,Unknown,Minor injury: Hospitalization up to 24 hours,427221.74,4584088.35,2.128189063,41.403197249
2023S003512    ,5,Sarrià-Sant Gervasi,24,les Tres Torres,113007,Escoles Pies,0099 0099,Tuesday,2023,6,June,13,Morning,8,No és causa del  vianant,Motorcycle,Man,64,Driver,Desconegut                                                                                                                                            ,Unknown,Oci i entreteniment,Minor injury: Medical assistance at accident site,427221.74,4584088.35,2.128189063,41.403197249
2023S003513    ,2,Eixample,5,el Fort Pienc,169409,Corts Catalanes,0753B0753B,Tuesday,2023,6,June,13,Morning,13,No és causa del  vianant,Furgoneta,Man,37,Driver,Desconegut                                                                                                                                            ,Unknown,Unknown,Minor injury: Medical assistance at accident site,431827.94,4583820.52,2.183320204,41.40118899
2023S003514    ,2,Eixample,7,la Dreta de l'Eixample,305100,Sant Joan,0025 0025,Tuesday,2023,6,June,13,Morning,12,No és causa del  vianant,Bicicleta,Man,35,Driver,Desconegut                                                                                                                                            ,Unknown,Unknown,Minor injury: Hospitalization up to 24 hours,431370.0,4582923.54,2.177944045,41.393071178
2023S003515    ,3,Sants-Montjuïc,11,el Poble-sec,86902,Nou de la Rambla,0107 0107,Tuesday,2023,6,June,13,Morning,12,No és causa del  vianant,Taxi,Man,31,Driver,Desconegut                                                                                                                                            ,Unknown,En missió,Minor injury: Refused medical assistance,430643.17,4580850.97,2.169488167,41.374341768
2023S003516    ,8,Nou Barris,51,Verdun,261900,Ponce de León,0002 0002,Monday,2023,6,June,12,Afternoon,19,No és causa del  vianant,Motorcycle,Man,37,Driver,Desconegut                                                                                                                                            ,Unknown,En missió,Minor injury: Hospitalization up to 24 hours,431021.96,4588217.96,2.173177229,41.440726428
2023S003517    ,5,Sarrià-Sant Gervasi,25,Sant Gervasi - la Bonanova,95007,Quatre Camins,0035 0035,Tuesday,2023,6,June,13,Afternoon,15,No és causa del  vianant,Motorcycle,Man,29,Driver,Desconegut                                                                                                                                            ,Unknown,Unknown,Minor injury: Medical assistance at accident site,427352.74,4584741.11,2.12967772,41.409088236
2023S003518    ,2,Eixample,5,el Fort Pienc,71600,Casp,0139 0139,Tuesday,2023,6,June,13,Afternoon,16,No és causa del  vianant,Motorcycle,Man,55,Driver,Desconegut                                                                                                                                            ,Unknown,En missió,Minor injury: Medical assistance at accident site,431658.61,4583392.93,2.181342969,41.397323429
2023S003519    ,2,Eixample,8,l'Antiga Esquerra de l'Eixample,144601,Diagonal,0433 0433,Tuesday,2023,6,June,13,Afternoon,16,No és causa del  vianant,Motorcycle,Woman,50,Pedestrian,A la vorera / Andana                                                                                                                                  ,Unknown,Unknown,Minor injury: Hospitalization up to 24 hours,429144.63,4583098.78,2.151307076,41.394456414
2023S003519    ,2,Eixample,8,l'Antiga Esquerra de l'Eixample,144601,Diagonal,0433 0433,Tuesday,2023,6,June,13,Afternoon,16,No és causa del  vianant,Motorcycle,Man,19,Driver,A la vorera / Andana                                                                                                                                  ,Unknown,Unknown,Minor injury: Hospitalization up to 24 hours,429144.63,4583098.78,2.151307076,41.394456414
2023S003520    ,4,Les Corts,21,Pedralbes,144601,Diagonal,0688 0692,Tuesday,2023,6,June,13,Afternoon,17,Others,Veh. mobilitat personal amb motor,Man,20,Pedestrian,En pas regulat per semàfor                                                                                                                            ,Unknown,Unknown,Minor injury: Hospitalization up to 24 hours,426093.67,4582151.84,2.114931331,41.385652997
2023S003521    ,2,Eixample,7,la Dreta de l'Eixample,18505,Aragó,0236 0236,Tuesday,2023,6,June,13,Afternoon,15,No és causa del  vianant,Motorcycle,Man,37,Driver,Desconegut                                                                                                                                            ,Unknown,In itínere,Minor injury: Hospitalization up to 24 hours,430058.02,4582597.04,2.16228985,41.390017407
2023S003522    ,3,Sants-Montjuïc,15,Hostafrancs,94809,Creu Coberta,0093 0093,Tuesday,2023,6,June,13,Afternoon,18,No és causa del  vianant,Bicicleta,Woman,29,Driver,En pas regulat per semàfor                                                                                                                            ,Unknown,Altres activitats,Minor injury: Medical assistance at accident site,428498.57,4580960.26,2.143832272,41.375138319
2023S003522    ,3,Sants-Montjuïc,15,Hostafrancs,94809,Creu Coberta,0093 0093,Tuesday,2023,6,June,13,Afternoon,18,No és causa del  vianant,Bicicleta,Woman,72,Pedestrian,En pas regulat per semàfor                                                                                                                            ,Altres activitats,Unknown,Minor injury: Medical assistance at accident site,428498.57,4580960.26,2.143832272,41.375138319
2023S003524    ,2,Eixample,10,Sant Antoni,169409,Corts Catalanes,0448 0448,Tuesday,2023,6,June,13,Afternoon,19,No és causa del  vianant,Bicicleta,Man,2,Pedestrian,En pas regulat per semàfor                                                                                                                            ,Unknown,Unknown,Minor injury: Hospitalization up to 24 hours,429355.61,4581351.42,2.154034414,41.378737103
2023S003525    ,9,Sant Andreu,60,Sant Andreu,15052,Andana de l'Estació,0003 0003,Tuesday,2023,6,June,13,Afternoon,21,No és causa del  vianant,Car,Man,28,Driver,Desconegut                                                                                                                                            ,Unknown,In itínere,Minor injury: Hospitalization up to 24 hours,432818.3,4588818.39,2.194611343,41.446286704
2023S003525    ,9,Sant Andreu,60,Sant Andreu,15052,Andana de l'Estació,0003 0003,Tuesday,2023,6,June,13,Afternoon,21,No és causa del  vianant,Car,Woman,77,Driver,Desconegut                                                                                                                                            ,Unknown,Oci i entreteniment,Minor injury: Hospitalization up to 24 hours,432818.3,4588818.39,2.194611343,41.446286704
2023S003528    ,3,Sants-Montjuïc,15,Hostafrancs,119808,Farell,0001 0001,Wednesday,2023,6,June,14,Night,2,No és causa del  vianant,Veh. mobilitat personal amb motor,Man,26,Driver,Desconegut                                                                                                                                            ,Unknown,Oci i entreteniment,Minor injury: Hospitalization up to 24 hours,428569.47,4580580.96,2.144724749,41.371728391
2023S003529    ,1,Ciutat Vella,1,el Raval,701266,Litoral (Llobregat),001110000,Wednesday,2023,6,June,14,Morning,8,No és causa del  vianant,Motorcycle,Woman,30,Passenger,Desconegut                                                                                                                                            ,Unknown,Unknown,Minor injury: Medical assistance at accident site,431213.91,4580892.22,2.176307867,41.374762308
2023S003529    ,1,Ciutat Vella,1,el Raval,701266,Litoral (Llobregat),001110000,Wednesday,2023,6,June,14,Morning,8,No és causa del  vianant,Car,Woman,18,Passenger,Desconegut                                                                                                                                            ,Unknown,Unknown,Minor injury: Hospitalization up to 24 hours,431213.91,4580892.22,2.176307867,41.374762308
2023S003529    ,1,Ciutat Vella,1,el Raval,701266,Litoral (Llobregat),001110000,Wednesday,2023,6,June,14,Morning,8,No és causa del  vianant,Car,Woman,24,Passenger,Desconegut                                                                                                                                            ,Unknown,Unknown,Minor injury: Hospitalization up to 24 hours,431213.91,4580892.22,2.176307867,41.374762308
2023S003529    ,1,Ciutat Vella,1,el Raval,701266,Litoral (Llobregat),001110000,Wednesday,2023,6,June,14,Morning,8,No és causa del  vianant,Car,Woman,46,Passenger,Desconegut                                                                                                                                            ,Unknown,Unknown,Minor injury: Hospitalization up to 24 hours,431213.91,4580892.22,2.176307867,41.374762308
2023S003529    ,1,Ciutat Vella,1,el Raval,701266,Litoral (Llobregat),001110000,Wednesday,2023,6,June,14,Morning,8,No és causa del  vianant,Car,Man,20,Passenger,Desconegut                                                                                                                                            ,Unknown,Unknown,Minor injury: Hospitalization up to 24 hours,431213.91,4580892.22,2.176307867,41.374762308
2023S003529    ,1,Ciutat Vella,1,el Raval,701266,Litoral (Llobregat),001110000,Wednesday,2023,6,June,14,Morning,8,No és causa del  vianant,Motorcycle,Man,20,Driver,Desconegut                                                                                                                                            ,Unknown,Unknown,Minor injury: Medical assistance at accident site,431213.91,4580892.22,2.176307867,41.374762308
2023S003529    ,1,Ciutat Vella,1,el Raval,701266,Litoral (Llobregat),001110000,Wednesday,2023,6,June,14,Morning,8,No és causa del  vianant,Motorcycle,Man,36,Driver,Desconegut                                                                                                                                            ,Unknown,Unknown,Minor injury: Medical assistance at accident site,431213.91,4580892.22,2.176307867,41.374762308
2023S003530    ,10,Sant Martí,64,el Camp de l'Arpa del Clot,90502,Còrsega,0654 0654,Wednesday,2023,6,June,14,Morning,8,No és causa del  vianant,Motorcycle,Man,29,Driver,Desconegut                                                                                                                                            ,Unknown,Oci i entreteniment,Minor injury: Medical assistance at accident site,431466.56,4584937.05,2.178870867,41.411214488
2023S003532    ,10,Sant Martí,70,el Besòs i el Maresme,701414,C-31,020850000,Wednesday,2023,6,June,14,Morning,8,No és causa del  vianant,Motorcycle,Man,21,Driver,Desconegut                                                                                                                                            ,Unknown,In itínere,Minor injury: Hospitalization up to 24 hours,434220.18,4586088.06,2.211689717,41.42181156
2023S003534    ,3,Sants-Montjuïc,15,Hostafrancs,169409,Corts Catalanes,0333 0333,Wednesday,2023,6,June,14,Morning,9,No és causa del  vianant,Motorcycle,Woman,56,Driver,Desconegut                                                                                                                                            ,Unknown,In itínere,Minor injury: Hospitalization up to 24 hours,428699.37,4580743.38,2.146258787,41.373202779
2023S003535    ,3,Sants-Montjuïc,11,el Poble-sec,701266,Litoral (Llobregat),0021E0000,Wednesday,2023,6,June,14,Morning,13,No és causa del  vianant,"Camió rígid > 3,5 tones",Woman,50,Passenger,Desconegut                                                                                                                                            ,Unknown,Unknown,Minor injury: Hospitalization up to 24 hours,430787.85,4579915.79,2.171324927,41.365931318
2023S003535    ,3,Sants-Montjuïc,11,el Poble-sec,701266,Litoral (Llobregat),0021E0000,Wednesday,2023,6,June,14,Morning,13,No és causa del  vianant,"Camió rígid > 3,5 tones",Man,38,Driver,Desconegut                                                                                                                                            ,Unknown,Unknown,Minor injury: Hospitalization up to 24 hours,430787.85,4579915.79,2.171324927,41.365931318
2023S003536    ,5,Sarrià-Sant Gervasi,25,Sant Gervasi - la Bonanova,143904,General Mitre,0093 0093,Wednesday,2023,6,June,14,Morning,11,No és causa del  vianant,Bus,Woman,78,Passenger,Desconegut                                                                                                                                            ,Unknown,Unknown,Minor injury: Hospitalization up to 24 hours,427725.91,4583693.72,2.134267204,41.399688484
2023S003537    ,3,Sants-Montjuïc,13,la Marina de Port,212406,Mineria,0002B0002B,Tuesday,2023,6,June,13,Afternoon,19,No és causa del  vianant,Car,Woman,27,Driver,Desconegut                                                                                                                                            ,Unknown,In itínere,Minor injury: Refused medical assistance,427875.3,4579689.31,2.136531021,41.36363567
2023S003538    ,5,Sarrià-Sant Gervasi,26,Sant Gervasi - Galvany,144601,Diagonal,0582 0582,Wednesday,2023,6,June,14,Afternoon,14,No és causa del  vianant,Motorcycle,Woman,52,Driver,Desconegut                                                                                                                                            ,Unknown,Unknown,Minor injury: Hospitalization up to 24 hours,428860.06,4583006.33,2.14791429,41.393598614
2023S003539    ,-1,Unknown,-1,Unknown,-1,Unknown,Unknown,Wednesday,2023,6,June,14,Afternoon,14,No és causa del  vianant,Ciclomotor,Man,19,Driver,Desconegut                                                                                                                                            ,Unknown,In itínere,Minor injury: Hospitalization up to 24 hours,432551.24,4589587.56,2.191328589,41.453191941
2023S003540    ,3,Sants-Montjuïc,11,el Poble-sec,116402,Estadi,0069B0069B,Wednesday,2023,6,June,14,Afternoon,16,No és causa del  vianant,Motorcycle,Man,68,Driver,Desconegut                                                                                                                                            ,Unknown,Oci i entreteniment,Minor injury: Hospitalization up to 24 hours,429542.24,4579962.72,2.156427585,41.366245885
2023S003541    ,3,Sants-Montjuïc,12,la Marina del Prat Vermell,370531,Número 6 Zona Franca,0052 0052,Wednesday,2023,6,June,14,Morning,13,No és causa del  vianant,Car,Woman,55,Passenger,Desconegut                                                                                                                                            ,Unknown,Unknown,Minor injury: Hospitalization up to 24 hours,427304.44,4575152.36,2.130249906,41.322721465
2023S003542    ,3,Sants-Montjuïc,12,la Marina del Prat Vermell,700121,Longitudinal 7,0051 0051,Wednesday,2023,6,June,14,Morning,11,No és causa del  vianant,Altres vehicles amb motor,Man,29,Driver,Desconegut                                                                                                                                            ,Unknown,Transport professional de mercaderies,Minor injury: Hospitalization up to 24 hours,426455.48,4575991.16,2.120005404,41.330199229
2023S003543    ,9,Sant Andreu,61,la Sagrera,209900,Meridiana,0276 0276,Wednesday,2023,6,June,14,Afternoon,17,No és causa del  vianant,Motorcycle,Woman,60,Driver,Desconegut                                                                                                                                            ,Unknown,Unknown,Minor injury: Hospitalization up to 24 hours,432175.59,4586026.52,2.187231385,41.42108719
2023S003544    ,9,Sant Andreu,63,Navas,209900,Meridiana,0212B0212B,Wednesday,2023,6,June,14,Afternoon,16,No és causa del  vianant,Motorcycle,Man,32,Driver,Desconegut                                                                                                                                            ,Unknown,Unknown,Minor injury: Hospitalization up to 24 hours,432169.27,4585411.48,2.187224775,41.415547182
2023S003545    ,4,Les Corts,19,les Corts,343903,Corts,0328 0328,Wednesday,2023,6,June,14,Afternoon,17,No és causa del  vianant,Motorcycle,Woman,66,Driver,Desconegut                                                                                                                                            ,Unknown,Unknown,Minor injury: Hospitalization up to 24 hours,428101.0,4582507.88,2.138894751,41.389041726
2023S003546    ,2,Eixample,8,l'Antiga Esquerra de l'Eixample,223606,Muntaner,0033 0033,Wednesday,2023,6,June,14,Afternoon,18,No és causa del  vianant,Motorcycle,Woman,79,Passenger,Desconegut                                                                                                                                            ,Unknown,Unknown,Minor injury: Hospitalization up to 24 hours,429957.74,4582091.1,2.16114904,41.385451838
2023S003546    ,2,Eixample,8,l'Antiga Esquerra de l'Eixample,223606,Muntaner,0033 0033,Wednesday,2023,6,June,14,Afternoon,18,No és causa del  vianant,Motorcycle,Man,78,Driver,Desconegut                                                                                                                                            ,Unknown,Unknown,Minor injury: Hospitalization up to 24 hours,429957.74,4582091.1,2.16114904,41.385451838
2023S003547    ,2,Eixample,8,l'Antiga Esquerra de l'Eixample,70607,Casanova,0168 0168,Wednesday,2023,6,June,14,Afternoon,17,No és causa del  vianant,Ciclomotor,Woman,19,Passenger,Desconegut                                                                                                                                            ,Unknown,Unknown,Minor injury: Medical assistance at accident site,429170.51,4582688.11,2.151664673,41.390759935
2023S003547    ,2,Eixample,8,l'Antiga Esquerra de l'Eixample,70607,Casanova,0168 0168,Wednesday,2023,6,June,14,Afternoon,17,No és causa del  vianant,Ciclomotor,Man,19,Driver,Desconegut                                                                                                                                            ,Unknown,Unknown,Minor injury: Medical assistance at accident site,429170.51,4582688.11,2.151664673,41.390759935
2023S003547    ,2,Eixample,8,l'Antiga Esquerra de l'Eixample,70607,Casanova,0168 0168,Wednesday,2023,6,June,14,Afternoon,17,No és causa del  vianant,Motorcycle,Woman,56,Driver,Desconegut                                                                                                                                            ,Unknown,Unknown,Minor injury: Medical assistance at accident site,429170.51,4582688.11,2.151664673,41.390759935
2023S003548    ,3,Sants-Montjuïc,12,la Marina del Prat Vermell,701266,Litoral (Llobregat),001680000,Wednesday,2023,6,June,14,Afternoon,18,No és causa del  vianant,Motorcycle,Man,46,Driver,Desconegut                                                                                                                                            ,Unknown,Unknown,Minor injury: Hospitalization up to 24 hours,427389.94,4577429.38,2.1309991,41.343237595
2023S003549    ,3,Sants-Montjuïc,12,la Marina del Prat Vermell,180,A Zona Franca,0061 0079,Wednesday,2023,6,June,14,Morning,6,No és causa del  vianant,Veh. mobilitat personal amb motor,Man,56,Driver,Desconegut                                                                                                                                            ,Unknown,In itínere,Minor injury: Refused medical assistance,428220.43,4576735.0,2.141006639,41.33705798
2023S003551    ,2,Eixample,9,la Nova Esquerra de l'Eixample,268003,Provença,0068 0068,Wednesday,2023,6,June,14,Afternoon,17,Creuar per fora pas de vianants,Veh. mobilitat personal amb motor,Man,72,Pedestrian,Fora del pas                                                                                                                                          ,Unknown,Unknown,Minor injury: Hospitalization up to 24 hours,428765.9,4581898.6,2.146918421,41.383613347
2023S003553    ,6,Gràcia,28,Vallcarca i els Penitents,158107,Vallcarca,0240 0240,Wednesday,2023,6,June,14,Morning,13,No és causa del  vianant,Motorcycle,Man,30,Driver,Desconegut                                                                                                                                            ,Unknown,In itínere,Minor injury: Refused medical assistance,428292.71,4585805.75,2.140796638,41.418761461
2023S003554    ,2,Eixample,8,l'Antiga Esquerra de l'Eixample,289105,Rosselló,0108 0108,Wednesday,2023,6,June,14,Night,22,Desobeir el senyal del semàfor,Motorcycle,Woman,29,Driver,Desconegut                                                                                                                                            ,Unknown,Oci i entreteniment,Minor injury: Hospitalization up to 24 hours,429073.81,4582402.87,2.150541557,41.388182352
2023S003555    ,9,Sant Andreu,63,Navas,209900,Meridiana,0212B0212B,Wednesday,2023,6,June,14,Night,22,No és causa del  vianant,Veh. mobilitat personal amb motor,Man,17,Driver,En pas regulat per semàfor                                                                                                                            ,Unknown,Oci i entreteniment,Minor injury: Medical assistance at accident site,432141.03,4585382.64,2.186890129,41.415285043
2023S003556    ,5,Sarrià-Sant Gervasi,26,Sant Gervasi - Galvany,143904,General Mitre,0128B0128B,Thursday,2023,6,June,15,Night,0,No és causa del  vianant,Motorcycle,Man,68,Passenger,Desconegut                                                                                                                                            ,Unknown,Unknown,Minor injury: Hospitalization up to 24 hours,428024.3,4583999.63,2.137800038,41.402470474
2023S003557    ,6,Gràcia,30,la Salut,366002,Mare de Déu de la Salut,0075B0075B,Friday,2023,6,June,2,Afternoon,20,No és causa del  vianant,Car,Woman,21,Passenger,Desconegut                                                                                                                                            ,Unknown,Unknown,Minor injury: Hospitalization up to 24 hours,429830.87,4585137.97,2.159278471,41.412882884
2023S003557    ,6,Gràcia,30,la Salut,366002,Mare de Déu de la Salut,0075B0075B,Friday,2023,6,June,2,Afternoon,20,No és causa del  vianant,Car,Man,20,Driver,Desconegut                                                                                                                                            ,Unknown,Unknown,Minor injury: Hospitalization up to 24 hours,429830.87,4585137.97,2.159278471,41.412882884
2023S003558    ,2,Eixample,7,la Dreta de l'Eixample,32700,Balmes,0108 0108,Thursday,2023,6,June,15,Morning,10,No és causa del  vianant,Bicicleta,Woman,42,Driver,Desconegut                                                                                                                                            ,Unknown,In itínere,Minor injury: Medical assistance at accident site,429743.72,4582869.41,2.158499241,41.392443146
2023S003559    ,9,Sant Andreu,63,Navas,209900,Meridiana,0212B0212B,Thursday,2023,6,June,15,Morning,8,No és causa del  vianant,Veh. mobilitat personal amb motor,Man,33,Driver,Desconegut                                                                                                                                            ,Unknown,In itínere,Minor injury: Hospitalization up to 24 hours,432141.03,4585382.64,2.186890129,41.415285043
2023S003560    ,4,Les Corts,20,la Maternitat i Sant Ramon,144601,Diagonal,0645 0645,Thursday,2023,6,June,15,Morning,9,No és causa del  vianant,Motorcycle,Man,40,Driver,Desconegut                                                                                                                                            ,Unknown,Oci i entreteniment,Minor injury: Hospitalization up to 24 hours,426270.62,4582154.02,2.117047205,41.385688877
2023S003561    ,2,Eixample,10,Sant Antoni,349207,Universitat,0004 0004,Thursday,2023,6,June,15,Morning,12,No és causa del  vianant,Motorcycle,Man,25,Driver,Desconegut                                                                                                                                            ,Unknown,Unknown,Minor injury: Hospitalization up to 24 hours,430188.77,4582031.75,2.163918789,41.384937384
2023S003562    ,10,Sant Martí,72,Sant Martí de Provençals,30409,Bac de Roda,0193 0199,Thursday,2023,6,June,15,Morning,13,No és causa del  vianant,Car,Woman,69,Passenger,Desconegut                                                                                                                                            ,Unknown,Unknown,Minor injury: Hospitalization up to 24 hours,432847.49,4585262.44,2.195356019,41.414261815
2023S003562    ,10,Sant Martí,72,Sant Martí de Provençals,30409,Bac de Roda,0193 0199,Thursday,2023,6,June,15,Morning,13,No és causa del  vianant,Car,Man,39,Driver,Desconegut                                                                                                                                            ,Unknown,Oci i entreteniment,Minor injury: Medical assistance at accident site,432847.49,4585262.44,2.195356019,41.414261815
2023S003562    ,10,Sant Martí,72,Sant Martí de Provençals,30409,Bac de Roda,0193 0199,Thursday,2023,6,June,15,Morning,13,No és causa del  vianant,Car,Man,72,Driver,Desconegut                                                                                                                                            ,Unknown,Oci i entreteniment,Minor injury: Hospitalization up to 24 hours,432847.49,4585262.44,2.195356019,41.414261815
2023S003563    ,3,Sants-Montjuïc,11,el Poble-sec,700803,Ocellets,0001X0001X,Thursday,2023,6,June,15,Afternoon,14,No és causa del  vianant,Veh. mobilitat personal amb motor,Man,18,Driver,Desconegut                                                                                                                                            ,Unknown,Unknown,Minor injury: Medical assistance at accident site,429973.26,4580927.65,2.161469159,41.374974356
2023S003564    ,2,Eixample,6,la Sagrada Família,350308,València,0456 0456,Thursday,2023,6,June,15,Afternoon,17,No és causa del  vianant,Bus,Woman,10,Passenger,Desconegut                                                                                                                                            ,Unknown,Unknown,Minor injury: Medical assistance at accident site,431324.74,4584031.77,2.17727694,41.403048805
2023S003564    ,2,Eixample,6,la Sagrada Família,350308,València,0456 0456,Thursday,2023,6,June,15,Afternoon,17,No és causa del  vianant,Bus,Woman,14,Passenger,Desconegut                                                                                                                                            ,Unknown,Unknown,Minor injury: Medical assistance at accident site,431324.74,4584031.77,2.17727694,41.403048805
2023S003564    ,2,Eixample,6,la Sagrada Família,350308,València,0456 0456,Thursday,2023,6,June,15,Afternoon,17,No és causa del  vianant,Bus,Woman,14,Passenger,Desconegut                                                                                                                                            ,Unknown,Unknown,Minor injury: Refused medical assistance,431324.74,4584031.77,2.17727694,41.403048805
2023S003564    ,2,Eixample,6,la Sagrada Família,350308,València,0456 0456,Thursday,2023,6,June,15,Afternoon,17,No és causa del  vianant,Bus,Woman,15,Passenger,Desconegut                                                                                                                                            ,Unknown,Unknown,Minor injury: Refused medical assistance,431324.74,4584031.77,2.17727694,41.403048805
2023S003564    ,2,Eixample,6,la Sagrada Família,350308,València,0456 0456,Thursday,2023,6,June,15,Afternoon,17,No és causa del  vianant,Bus,Woman,24,Passenger,Desconegut                                                                                                                                            ,Unknown,Unknown,Minor injury: Hospitalization up to 24 hours,431324.74,4584031.77,2.17727694,41.403048805
2023S003564    ,2,Eixample,6,la Sagrada Família,350308,València,0456 0456,Thursday,2023,6,June,15,Afternoon,17,No és causa del  vianant,Bus,Woman,29,Passenger,Desconegut                                                                                                                                            ,Unknown,Unknown,Minor injury: Refused medical assistance,431324.74,4584031.77,2.17727694,41.403048805
2023S003564    ,2,Eixample,6,la Sagrada Família,350308,València,0456 0456,Thursday,2023,6,June,15,Afternoon,17,No és causa del  vianant,Bus,Woman,31,Passenger,Desconegut                                                                                                                                            ,Unknown,Unknown,Minor injury: Hospitalization up to 24 hours,431324.74,4584031.77,2.17727694,41.403048805
2023S003564    ,2,Eixample,6,la Sagrada Família,350308,València,0456 0456,Thursday,2023,6,June,15,Afternoon,17,No és causa del  vianant,Bus,Woman,37,Passenger,Desconegut                                                                                                                                            ,Unknown,Unknown,Minor injury: Refused medical assistance,431324.74,4584031.77,2.17727694,41.403048805
2023S003564    ,2,Eixample,6,la Sagrada Família,350308,València,0456 0456,Thursday,2023,6,June,15,Afternoon,17,No és causa del  vianant,Bus,Woman,41,Passenger,Desconegut                                                                                                                                            ,Unknown,Unknown,Minor injury: Medical assistance at accident site,431324.74,4584031.77,2.17727694,41.403048805
2023S003564    ,2,Eixample,6,la Sagrada Família,350308,València,0456 0456,Thursday,2023,6,June,15,Afternoon,17,No és causa del  vianant,Bus,Woman,44,Passenger,Desconegut                                                                                                                                            ,Unknown,Unknown,Minor injury: Refused medical assistance,431324.74,4584031.77,2.17727694,41.403048805
2023S003564    ,2,Eixample,6,la Sagrada Família,350308,València,0456 0456,Thursday,2023,6,June,15,Afternoon,17,No és causa del  vianant,Bus,Woman,49,Passenger,Desconegut                                                                                                                                            ,Unknown,Unknown,Minor injury: Medical assistance at accident site,431324.74,4584031.77,2.17727694,41.403048805
2023S003564    ,2,Eixample,6,la Sagrada Família,350308,València,0456 0456,Thursday,2023,6,June,15,Afternoon,17,No és causa del  vianant,Bus,Woman,54,Passenger,Desconegut                                                                                                                                            ,Unknown,Unknown,Minor injury: Hospitalization up to 24 hours,431324.74,4584031.77,2.17727694,41.403048805
2023S003564    ,2,Eixample,6,la Sagrada Família,350308,València,0456 0456,Thursday,2023,6,June,15,Afternoon,17,No és causa del  vianant,Bus,Woman,7,Passenger,Desconegut                                                                                                                                            ,Unknown,Unknown,Minor injury: Medical assistance at accident site,431324.74,4584031.77,2.17727694,41.403048805