Case_Number,District_Code,District_Name,Neighborhood_Code,Neighborhood_Name,Street_Code,Street_Name,Postal_Code,Day_of_Week,Year,Month_Code,Month_Name,Day_of_Month,Shift_Description,Hour_of_Day,Pedestrian_Cause_Description,Involved_Vehicle_Type,Gender_Description,Age,Person_Type_Description,Pedestrian_Accident_Location_Description,Pedestrian_Movement_Reason_Description,Driver_Movement_Reason_Description,Victimization_Description,UTM_X_Coordinate,UTM_Y_Coordinate,Longitude,Latitude
2023S004010    ,7,Horta-Guinardó,33,el Baix Guinardó,8807,Alfons el Savi,0001 0001,Monday,2023,7,July,3,Morning,11,No és causa del  vianant,Furgoneta,Woman,86,Pedestrian,A la vorera / Andana                                                                                                                                  ,Unknown,Unknown,Minor injury: Hospitalization up to 24 hours,430255.7,4585050.35,2.164371289,41.412130722
2023S004011    ,9,Sant Andreu,57,la Trinitat Vella,701268,Dalt (Llobregat),001600000,Monday,2023,7,July,3,Morning,12,No és causa del  vianant,Motorcycle,Man,30,Driver,Desconegut                                                                                                                                            ,Unknown,Oci i entreteniment,Minor injury: Hospitalization up to 24 hours,432838.99,4589349.79,2.19479988,41.451074575
2023S004012    ,10,Sant Martí,68,el Poblenou,270901,Pujades,0124 0124,Monday,2023,7,July,3,Morning,9,No és causa del  vianant,Motorcycle,Woman,49,Driver,Desconegut                                                                                                                                            ,Unknown,Unknown,Minor injury: Hospitalization up to 24 hours,432919.92,4583489.6,2.196419213,41.39830038
2023S004013    ,8,Nou Barris,49,Canyelles,701267,Dalt (Besòs),001410000,Monday,2023,7,July,3,Afternoon,14,No és causa del  vianant,Car,Woman,72,Driver,Desconegut                                                                                                                                            ,Unknown,Unknown,Minor injury: Hospitalization up to 24 hours,430897.9,4588506.77,2.17165927,41.443316955
2023S004013    ,8,Nou Barris,49,Canyelles,701267,Dalt (Besòs),001410000,Monday,2023,7,July,3,Afternoon,14,No és causa del  vianant,Motorcycle,Man,60,Driver,Desconegut                                                                                                                                            ,Unknown,In itínere,Death (within 24 hours of accident),430897.9,4588506.77,2.17165927,41.443316955
2023S004014    ,2,Eixample,5,el Fort Pienc,305100,Sant Joan,0004 0004,Monday,2023,7,July,3,Morning,12,No és causa del  vianant,Bus,Man,66,Passenger,Desconegut                                                                                                                                            ,Unknown,Unknown,Minor injury: Hospitalization up to 24 hours,431530.8,4582759.73,2.179885827,41.391609502
2023S004014    ,2,Eixample,5,el Fort Pienc,305100,Sant Joan,0004 0004,Monday,2023,7,July,3,Morning,12,No és causa del  vianant,Bus,Man,89,Passenger,Desconegut                                                                                                                                            ,Unknown,Unknown,Minor injury: Medical assistance at accident site,431530.8,4582759.73,2.179885827,41.391609502
2023S004014    ,2,Eixample,5,el Fort Pienc,305100,Sant Joan,0004 0004,Monday,2023,7,July,3,Morning,12,No és causa del  vianant,Car,Man,51,Driver,Desconegut                                                                                                                                            ,Unknown,In itínere,Minor injury: Hospitalization up to 24 hours,431530.8,4582759.73,2.179885827,41.391609502
2023S004015    ,7,Horta-Guinardó,43,Horta,186204,Lloret de Mar,0078 0078,Monday,2023,7,July,3,Afternoon,17,No és causa del  vianant,Motorcycle,Man,75,Driver,Desconegut                                                                                                                                            ,Unknown,Unknown,Minor injury: Hospitalization up to 24 hours,429714.3,4587693.83,2.157586562,41.435892334
2023S004016    ,10,Sant Martí,69,Diagonal Mar i el Front Marítim del Poblenou,701266,Litoral (Llobregat),000650000,Monday,2023,7,July,3,Afternoon,14,No és causa del  vianant,Car,Woman,38,Driver,Desconegut                                                                                                                                            ,Unknown,Unknown,Minor injury: Medical assistance at accident site,434385.74,4583964.78,2.213901191,41.402701239
2023S004017    ,5,Sarrià-Sant Gervasi,27,el Putxet i el Farró,125301,Figuerola,0005 0005,Monday,2023,7,July,3,Afternoon,15,No és causa del  vianant,Motorcycle,Woman,56,Driver,Desconegut                                                                                                                                            ,Unknown,In itínere,Minor injury: Hospitalization up to 24 hours,428182.1,4584284.3,2.139653867,41.405048502
2023S004018    ,8,Nou Barris,52,la Prosperitat,120807,Favència,0348 0348,Monday,2023,7,July,3,Afternoon,15,No és causa del  vianant,Car,Woman,45,Driver,Desconegut                                                                                                                                            ,Unknown,Unknown,Minor injury: Hospitalization up to 24 hours,431720.19,4588848.82,2.181463185,41.446468071
2023S004019    ,2,Eixample,7,la Dreta de l'Eixample,350308,València,0297 0301,Monday,2023,7,July,3,Afternoon,16,No és causa del  vianant,Veh. mobilitat personal amb motor,Woman,36,Driver,Desconegut                                                                                                                                            ,Unknown,Unknown,Minor injury: Hospitalization up to 24 hours,430466.05,4583222.79,2.167097974,41.395688737
2023S004021    ,2,Eixample,8,l'Antiga Esquerra de l'Eixample,70607,Casanova,0126 0126,Monday,2023,7,July,3,Afternoon,20,No és causa del  vianant,Motorcycle,Man,34,Driver,Desconegut                                                                                                                                            ,Unknown,Oci i entreteniment,Minor injury: Hospitalization up to 24 hours,429452.6,4582399.4,2.15507212,41.388184428
2023S004022    ,2,Eixample,7,la Dreta de l'Eixample,350308,València,0324 0324,Monday,2023,7,July,3,Afternoon,19,No és causa del  vianant,Autobús articulat,Woman,26,Passenger,Desconegut                                                                                                                                            ,Unknown,Unknown,Minor injury: Refused medical assistance,430499.78,4583238.78,2.167499581,41.395835671
2023S004023    ,7,Horta-Guinardó,41,la Vall d'Hebron,701268,Dalt (Llobregat),001200000,Monday,2023,7,July,3,Afternoon,16,No és causa del  vianant,Motorcycle,Man,32,Driver,Desconegut                                                                                                                                            ,Unknown,Unknown,Minor injury: Hospitalization up to 24 hours,428960.49,4587747.76,2.148558398,41.436311691
2023S004024    ,8,Nou Barris,51,Verdun,120807,Favència,0318 0318,Monday,2023,7,July,3,Afternoon,16,No és causa del  vianant,Motorcycle,Woman,49,Driver,Desconegut                                                                                                                                            ,Unknown,In itínere,Minor injury: Hospitalization up to 24 hours,431523.69,4588815.12,2.179114838,41.4461478
2023S004025    ,4,Les Corts,21,Pedralbes,248108,Pearson,0011 0011,Monday,2023,7,July,3,Afternoon,14,No és causa del  vianant,Motorcycle,Woman,38,Driver,Desconegut                                                                                                                                            ,Unknown,Unknown,Minor injury: Hospitalization up to 24 hours,425670.18,4583010.82,2.109761373,41.393350408
2023S004026    ,2,Eixample,7,la Dreta de l'Eixample,169409,Corts Catalanes,0638 0638,Monday,2023,7,July,3,Afternoon,18,No és causa del  vianant,Car,Woman,33,Driver,Desconegut                                                                                                                                            ,Unknown,Unknown,Minor injury: Medical assistance at accident site,430638.89,4582569.29,2.169240193,41.389817801
2023S004026    ,2,Eixample,7,la Dreta de l'Eixample,169409,Corts Catalanes,0638 0638,Monday,2023,7,July,3,Afternoon,18,No és causa del  vianant,Car,Man,52,Driver,Desconegut                                                                                                                                            ,Unknown,Unknown,Minor injury: Hospitalization up to 24 hours,430638.89,4582569.29,2.169240193,41.389817801
2023S004028    ,3,Sants-Montjuïc,15,Hostafrancs,309508,Sant Pere d'Abanto,0014 0014,Monday,2023,7,July,3,Night,22,No és causa del  vianant,Veh. mobilitat personal amb motor,Woman,16,Pedestrian,A la vorera / Andana                                                                                                                                  ,Unknown,Unknown,Minor injury: Hospitalization up to 24 hours,428430.06,4580595.12,2.14305622,41.371843534
2023S004028    ,3,Sants-Montjuïc,15,Hostafrancs,309508,Sant Pere d'Abanto,0014 0014,Monday,2023,7,July,3,Night,22,No és causa del  vianant,Veh. mobilitat personal amb motor,Man,39,Driver,A la vorera / Andana                                                                                                                                  ,Unknown,Unknown,Minor injury: Medical assistance at accident site,428430.06,4580595.12,2.14305622,41.371843534
2023S004030    ,2,Eixample,7,la Dreta de l'Eixample,247659,Pau Claris,0128 0128,Monday,2023,7,July,3,Afternoon,19,Transitar a peu per la calçada,Motorcycle,Man,22,Pedestrian,Fora del pas                                                                                                                                          ,Unknown,Unknown,Minor injury: Hospitalization up to 24 hours,430451.43,4582923.73,2.166957469,41.392993934
2023S004031    ,10,Sant Martí,65,el Clot,89004,Consell de Cent,0621 0621,Monday,2023,7,July,3,Afternoon,19,No és causa del  vianant,Veh. mobilitat personal amb motor,Man,58,Driver,Desconegut                                                                                                                                            ,Unknown,In itínere,Minor injury: Hospitalization up to 24 hours,432073.7,4584402.87,2.186194604,41.406454859
2023S004032    ,2,Eixample,7,la Dreta de l'Eixample,232902,Urquinaona,9998 9998,Tuesday,2023,7,July,4,Morning,9,No és causa del  vianant,Motorcycle,Woman,43,Driver,Desconegut                                                                                                                                            ,Unknown,In itínere,Minor injury: Medical assistance at accident site,431002.36,4582459.61,2.173599761,41.388861224
2023S004034    ,5,Sarrià-Sant Gervasi,25,Sant Gervasi - la Bonanova,701629,Isaac Newton,0032U0032U,Tuesday,2023,7,July,4,Morning,9,No és causa del  vianant,Motorcycle,Man,20,Driver,Desconegut                                                                                                                                            ,Unknown,In itínere,Minor injury: Medical assistance at accident site,427504.46,4585298.73,2.131425947,41.414124185
2023S004035    ,5,Sarrià-Sant Gervasi,25,Sant Gervasi - la Bonanova,143904,General Mitre,0093 0093,Tuesday,2023,7,July,4,Morning,9,No és causa del  vianant,Motorcycle,Man,28,Driver,Desconegut                                                                                                                                            ,Unknown,Unknown,Minor injury: Hospitalization up to 24 hours,427725.91,4583693.72,2.134267204,41.399688484
2023S004036    ,5,Sarrià-Sant Gervasi,25,Sant Gervasi - la Bonanova,701267,Dalt (Besòs),000920000,Tuesday,2023,7,July,4,Morning,10,No és causa del  vianant,Car,Man,16,Passenger,Desconegut                                                                                                                                            ,Unknown,Unknown,Minor injury: Hospitalization up to 24 hours,427869.96,4585406.47,2.135786027,41.415127459
2023S004036    ,5,Sarrià-Sant Gervasi,25,Sant Gervasi - la Bonanova,701267,Dalt (Besòs),000920000,Tuesday,2023,7,July,4,Morning,10,No és causa del  vianant,Car,Woman,49,Driver,Desconegut                                                                                                                                            ,Unknown,Unknown,Minor injury: Refused medical assistance,427869.96,4585406.47,2.135786027,41.415127459
2023S004037    ,2,Eixample,9,la Nova Esquerra de l'Eixample,100800,Diputació,0040 0040,Tuesday,2023,7,July,4,Afternoon,14,No és causa del  vianant,Motorcycle,Man,41,Driver,Desconegut                                                                                                                                            ,Unknown,En missió,Minor injury: Refused medical assistance,429156.52,4581362.4,2.151652449,41.378818483
2023S004037    ,2,Eixample,9,la Nova Esquerra de l'Eixample,100800,Diputació,0040 0040,Tuesday,2023,7,July,4,Afternoon,14,No és causa del  vianant,Motorcycle,Man,62,Driver,Desconegut                                                                                                                                            ,Unknown,Unknown,Minor injury: Medical assistance at accident site,429156.52,4581362.4,2.151652449,41.378818483
2023S004038    ,5,Sarrià-Sant Gervasi,26,Sant Gervasi - Galvany,196900,Marià Cubí,0010 0022,Tuesday,2023,7,July,4,Morning,10,No és causa del  vianant,Motorcycle,Woman,59,Driver,Desconegut                                                                                                                                            ,Unknown,Unknown,Minor injury: Hospitalization up to 24 hours,429122.48,4583602.26,2.15098318,41.398989125
2023S004039    ,3,Sants-Montjuïc,11,el Poble-sec,700025,Josep Carner,0046 0046,Tuesday,2023,7,July,4,Afternoon,16,No és causa del  vianant,Motorcycle,Man,28,Pedestrian,En pas regulat per semàfor                                                                                                                            ,Unknown,Unknown,Minor injury: Hospitalization up to 24 hours,431068.13,4580535.56,2.174605329,41.371537487
2023S004041    ,10,Sant Martí,66,el Parc i la Llacuna del Poblenou,311703,Sancho de Ávila,0145X0145X,Monday,2023,7,July,3,Afternoon,18,No és causa del  vianant,Veh. mobilitat personal amb motor,Man,3,Pedestrian,En zona peatonal                                                                                                                                      ,Unknown,Unknown,Minor injury: Hospitalization up to 24 hours,432859.47,4583989.04,2.195640717,41.402793656
2023S004041    ,10,Sant Martí,66,el Parc i la Llacuna del Poblenou,311703,Sancho de Ávila,0145X0145X,Monday,2023,7,July,3,Afternoon,18,No és causa del  vianant,Veh. mobilitat personal amb motor,Woman,47,Driver,En zona peatonal                                                                                                                                      ,Unknown,Unknown,Minor injury: Refused medical assistance,432859.47,4583989.04,2.195640717,41.402793656
2023S004042    ,4,Les Corts,21,Pedralbes,115400,Esplugues,0042 0052,Tuesday,2023,7,July,4,Afternoon,14,No és causa del  vianant,Motorcycle,Man,53,Driver,Desconegut                                                                                                                                            ,Unknown,Unknown,Minor injury: Medical assistance at accident site,425446.43,4582439.41,2.107155614,41.388183257
2023S004043    ,2,Eixample,5,el Fort Pienc,100800,Diputació,0370 0370,Tuesday,2023,7,July,4,Morning,13,No és causa del  vianant,Veh. mobilitat personal amb motor,Woman,23,Driver,Desconegut                                                                                                                                            ,Unknown,Unknown,Minor injury: Hospitalization up to 24 hours,431259.15,4583419.25,2.176561918,41.397526417
2023S004044    ,10,Sant Martí,68,el Poblenou,701266,Litoral (Llobregat),000730000,Monday,2023,7,July,3,Afternoon,15,No és causa del  vianant,Car,Man,56,Driver,Desconegut                                                                                                                                            ,Unknown,In itínere,Minor injury: Refused medical assistance,433777.75,4583199.54,2.206711936,41.395759025
2023S004045    ,9,Sant Andreu,63,Navas,86108,Concepción Arenal,0002 0002,Tuesday,2023,7,July,4,Morning,8,No és causa del  vianant,Veh. mobilitat personal amb motor,Woman,50,Driver,Desconegut                                                                                                                                            ,Unknown,Unknown,Minor injury: Medical assistance at accident site,431847.79,4585680.09,2.183348094,41.417939252
2023S004046    ,10,Sant Martí,64,el Camp de l'Arpa del Clot,105304,Dos de Maig,0330 0330,Tuesday,2023,7,July,4,Afternoon,14,No és causa del  vianant,Ciclomotor,Woman,46,Driver,Desconegut                                                                                                                                            ,Unknown,In itínere,Minor injury: Hospitalization up to 24 hours,431181.73,4585030.22,2.175452602,41.412029288
2023S004048    ,6,Gràcia,31,la Vila de Gràcia,144601,Diagonal,0478 0480,Tuesday,2023,7,July,4,Afternoon,20,No és causa del  vianant,Motorcycle,Woman,28,Driver,Desconegut                                                                                                                                            ,Unknown,Oci i entreteniment,Minor injury: Medical assistance at accident site,429528.56,4583251.15,2.155881407,41.395862512
2023S004049    ,7,Horta-Guinardó,33,el Baix Guinardó,76807,Sardenya,0472 0472,Tuesday,2023,7,July,4,Afternoon,18,No és causa del  vianant,Bicicleta,Man,22,Driver,Desconegut                                                                                                                                            ,Unknown,Unknown,Minor injury: Hospitalization up to 24 hours,430319.49,4584766.44,2.165167184,41.40957918
2023S004049    ,7,Horta-Guinardó,33,el Baix Guinardó,76807,Sardenya,0472 0472,Tuesday,2023,7,July,4,Afternoon,18,No és causa del  vianant,Motorcycle,Man,48,Driver,Desconegut                                                                                                                                            ,Unknown,Unknown,Minor injury: Hospitalization up to 24 hours,430319.49,4584766.44,2.165167184,41.40957918
2023S004050    ,2,Eixample,7,la Dreta de l'Eixample,169409,Corts Catalanes,0643 0643,Tuesday,2023,7,July,4,Afternoon,18,No és causa del  vianant,Car,Woman,28,Passenger,Desconegut                                                                                                                                            ,Unknown,Unknown,Minor injury: Refused medical assistance,430874.03,4582799.68,2.172026137,41.391913108
2023S004050    ,2,Eixample,7,la Dreta de l'Eixample,169409,Corts Catalanes,0643 0643,Tuesday,2023,7,July,4,Afternoon,18,No és causa del  vianant,Car,Woman,68,Passenger,Desconegut                                                                                                                                            ,Unknown,Unknown,Minor injury: Hospitalization up to 24 hours,430874.03,4582799.68,2.172026137,41.391913108
2023S004050    ,2,Eixample,7,la Dreta de l'Eixample,169409,Corts Catalanes,0643 0643,Tuesday,2023,7,July,4,Afternoon,18,No és causa del  vianant,Car,Woman,43,Driver,Desconegut                                                                                                                                            ,Unknown,Oci i entreteniment,Minor injury: Hospitalization up to 24 hours,430874.03,4582799.68,2.172026137,41.391913108
2023S004051    ,5,Sarrià-Sant Gervasi,26,Sant Gervasi - Galvany,55807,Francesc Macià,9999 9999,Tuesday,2023,7,July,4,Afternoon,15,No és causa del  vianant,Ciclomotor,Woman,48,Driver,Desconegut                                                                                                                                            ,Unknown,En missió,Minor injury: Refused medical assistance,428614.3,4582926.6,2.144984276,41.392858727
2023S004052    ,6,Gràcia,31,la Vila de Gràcia,208001,Torrent de l'Olla,0063 0063,Tuesday,2023,7,July,4,Afternoon,15,No és causa del  vianant,Veh. mobilitat personal amb motor,Man,51,Pedestrian,En pas sense regular                                                                                                                                  ,Unknown,Unknown,Minor injury: Medical assistance at accident site,429792.04,4583790.49,2.158970309,41.400743221
2023S004054    ,10,Sant Martí,66,el Parc i la Llacuna del Poblenou,270901,Pujades,0013 0013,Tuesday,2023,7,July,4,Afternoon,21,No és causa del  vianant,Bicicleta,Woman,30,Driver,Desconegut                                                                                                                                            ,Unknown,Oci i entreteniment,Minor injury: Medical assistance at accident site,432230.67,4582867.36,2.188244415,41.392638206
2023S004055    ,6,Gràcia,32,el Camp d'en Grassot i Gràcia Nova,286504,Roger de Flor,0287 0287,Tuesday,2023,7,July,4,Afternoon,17,No és causa del  vianant,Motorcycle,Man,29,Driver,Desconegut                                                                                                                                            ,Unknown,Oci i entreteniment,Minor injury: Hospitalization up to 24 hours,430321.69,4584187.34,2.165260215,41.404363616
2023S004056    ,2,Eixample,8,l'Antiga Esquerra de l'Eixample,70607,Casanova,0184 0196,Tuesday,2023,7,July,4,Afternoon,17,No és causa del  vianant,Motorcycle,Man,73,Driver,Desconegut                                                                                                                                            ,Unknown,Oci i entreteniment,Minor injury: Hospitalization up to 24 hours,429078.41,4582782.78,2.150552064,41.391604474
2023S004057    ,10,Sant Martí,68,el Poblenou,47401,Bosch i Labrús,0005 0005,Tuesday,2023,7,July,4,Afternoon,20,No és causa del  vianant,Veh. mobilitat personal amb motor,Woman,62,Pedestrian,En zona peatonal                                                                                                                                      ,Unknown,Unknown,Minor injury: Hospitalization up to 24 hours,433153.27,4584102.05,2.199142771,41.403836004
2023S004058    ,2,Eixample,7,la Dreta de l'Eixample,148307,Gràcia,0008 0010,Tuesday,2023,7,July,4,Afternoon,17,No és causa del  vianant,Bicicleta,Man,42,Driver,Desconegut                                                                                                                                            ,Unknown,Unknown,Minor injury: Medical assistance at accident site,430623.34,4582503.82,2.16906172,41.389226791
2023S004059    ,9,Sant Andreu,63,Navas,297001,Sant Antoni Maria Claret,0263 0263,Wednesday,2023,7,July,5,Morning,7,No és causa del  vianant,Motorcycle,Woman,42,Driver,Desconegut                                                                                                                                            ,Unknown,Unknown,Minor injury: Hospitalization up to 24 hours,431768.44,4585618.91,2.182405569,41.417381485
2023S004060    ,2,Eixample,7,la Dreta de l'Eixample,169409,Corts Catalanes,0647 0647,Monday,2023,7,July,3,Morning,10,No és causa del  vianant,Car,Man,34,Driver,Desconegut                                                                                                                                            ,Unknown,Unknown,Minor injury: Hospitalization up to 24 hours,430934.78,4582858.79,2.17274598,41.392450716
2023S004061    ,1,Ciutat Vella,1,el Raval,198804,Paral·lel,0080A0080A,Wednesday,2023,7,July,5,Morning,11,No és causa del  vianant,Motorcycle,Woman,36,Driver,Desconegut                                                                                                                                            ,Unknown,Oci i entreteniment,Minor injury: Medical assistance at accident site,430497.04,4580920.96,2.167732853,41.374959533
2023S004062    ,8,Nou Barris,44,Vilapicina i la Torre Llobeta,111704,Escòcia,0053 0061,Wednesday,2023,7,July,5,Morning,10,No és causa del  vianant,Autobús articulat,Woman,25,Passenger,Desconegut                                                                                                                                            ,Unknown,Unknown,Minor injury: Hospitalization up to 24 hours,431721.81,4586871.37,2.181706144,41.428658016
2023S004062    ,8,Nou Barris,44,Vilapicina i la Torre Llobeta,111704,Escòcia,0053 0061,Wednesday,2023,7,July,5,Morning,10,No és causa del  vianant,Autobús articulat,Woman,52,Passenger,Desconegut                                                                                                                                            ,Unknown,Unknown,Minor injury: Hospitalization up to 24 hours,431721.81,4586871.37,2.181706144,41.428658016
2023S004062    ,8,Nou Barris,44,Vilapicina i la Torre Llobeta,111704,Escòcia,0053 0061,Wednesday,2023,7,July,5,Morning,10,No és causa del  vianant,Autobús articulat,Woman,65,Passenger,Desconegut                                                                                                                                            ,Unknown,Unknown,Minor injury: Hospitalization up to 24 hours,431721.81,4586871.37,2.181706144,41.428658016
2023S004062    ,8,Nou Barris,44,Vilapicina i la Torre Llobeta,111704,Escòcia,0053 0061,Wednesday,2023,7,July,5,Morning,10,No és causa del  vianant,Autobús articulat,Woman,82,Passenger,Desconegut                                                                                                                                            ,Unknown,Unknown,Minor injury: Hospitalization up to 24 hours,431721.81,4586871.37,2.181706144,41.428658016
2023S004062    ,8,Nou Barris,44,Vilapicina i la Torre Llobeta,111704,Escòcia,0053 0061,Wednesday,2023,7,July,5,Morning,10,No és causa del  vianant,Autobús articulat,Man,56,Passenger,Desconegut                                                                                                                                            ,Unknown,Unknown,Minor injury: Hospitalization up to 24 hours,431721.81,4586871.37,2.181706144,41.428658016
2023S004063    ,2,Eixample,5,el Fort Pienc,100800,Diputació,0397 0399,Wednesday,2023,7,July,5,Morning,8,No és causa del  vianant,Motorcycle,Man,53,Driver,Desconegut                                                                                                                                            ,Unknown,In itínere,Minor injury: Hospitalization up to 24 hours,431259.15,4583419.25,2.176561918,41.397526417
2023S004064    ,9,Sant Andreu,59,el Bon Pastor,264308,Potosí,0001 0001,Wednesday,2023,7,July,5,Morning,12,No és causa del  vianant,Motorcycle,Woman,40,Driver,Desconegut                                                                                                                                            ,Unknown,Unknown,Minor injury: Hospitalization up to 24 hours,433272.5,4588446.56,2.200089375,41.442975657
2023S004065    ,1,Ciutat Vella,3,la Barceloneta,700813,Doctor Aiguader,9998 9998,Tuesday,2023,7,July,4,Morning,12,No és causa del  vianant,Motorcycle,Woman,43,Driver,Desconegut                                                                                                                                            ,Unknown,Unknown,Minor injury: Hospitalization up to 24 hours,432117.27,4581710.08,2.187017852,41.382205321
2023S004066    ,9,Sant Andreu,59,el Bon Pastor,264308,Potosí,0028 0030,Wednesday,2023,7,July,5,Morning,11,No és causa del  vianant,Car,Woman,73,Driver,Desconegut                                                                                                                                            ,Unknown,Oci i entreteniment,Minor injury: Hospitalization up to 24 hours,433617.45,4588466.59,2.204216139,41.443184674
2023S004067    ,2,Eixample,9,la Nova Esquerra de l'Eixample,18505,Aragó,0113 0113,Wednesday,2023,7,July,5,Morning,13,No és causa del  vianant,Furgoneta,Woman,64,Pedestrian,A la vorera / Andana                                                                                                                                  ,Unknown,Unknown,Minor injury: Hospitalization up to 24 hours,429208.44,4581802.53,2.152221856,41.38278716
2023S004068    ,1,Ciutat Vella,4,"Sant Pere, Santa Caterina i la Ribera",177101,Laietana,0040 0040,Wednesday,2023,7,July,5,Morning,12,Creuar per fora pas de vianants,Bicicleta,Woman,57,Pedestrian,Fora del pas                                                                                                                                          ,Unknown,Unknown,Minor injury: Hospitalization up to 24 hours,431223.53,4582103.74,2.176285322,41.385674958
2023S004068    ,1,Ciutat Vella,4,"Sant Pere, Santa Caterina i la Ribera",177101,Laietana,0040 0040,Wednesday,2023,7,July,5,Morning,12,Creuar per fora pas de vianants,Bicicleta,Man,36,Driver,Fora del pas                                                                                                                                          ,Unknown,Unknown,Minor injury: Medical assistance at accident site,431223.53,4582103.74,2.176285322,41.385674958
2023S004069    ,4,Les Corts,19,les Corts,144601,Diagonal,0489 0489,Wednesday,2023,7,July,5,Morning,12,No és causa del  vianant,Motorcycle,Man,47,Driver,Desconegut                                                                                                                                            ,Unknown,En missió,Minor injury: Hospitalization up to 24 hours,428484.44,4582839.4,2.143441403,41.392061806
2023S004070    ,7,Horta-Guinardó,37,el Carmel,185700,Llobregós,0134 0136,Wednesday,2023,7,July,5,Morning,10,No és causa del  vianant,Bus,Woman,40,Passenger,Desconegut                                                                                                                                            ,Unknown,Unknown,Minor injury: Hospitalization up to 24 hours,429523.04,4586381.1,2.155450636,41.42405233
2023S004070    ,7,Horta-Guinardó,37,el Carmel,185700,Llobregós,0134 0136,Wednesday,2023,7,July,5,Morning,10,No és causa del  vianant,Bus,Woman,81,Passenger,Desconegut                                                                                                                                            ,Unknown,Unknown,Minor injury: Hospitalization up to 24 hours,429523.04,4586381.1,2.155450636,41.42405233
2023S004071    ,2,Eixample,8,l'Antiga Esquerra de l'Eixample,169409,Corts Catalanes,0571 0571,Wednesday,2023,7,July,5,Morning,13,No és causa del  vianant,Veh. mobilitat personal amb motor,Man,31,Driver,Desconegut                                                                                                                                            ,Unknown,Oci i entreteniment,Minor injury: Hospitalization up to 24 hours,430025.03,4582004.98,2.161963719,41.384682041
2023S004072    ,2,Eixample,9,la Nova Esquerra de l'Eixample,285807,Rocafort,0179 0179,Wednesday,2023,7,July,5,Afternoon,15,No és causa del  vianant,Ciclomotor,Man,45,Driver,Desconegut                                                                                                                                            ,Unknown,Altres activitats,Minor injury: Hospitalization up to 24 hours,428909.27,4581807.57,2.148643625,41.382806159
2023S004073    ,8,Nou Barris,53,la Trinitat Nova,209900,Meridiana,0625 0625,Wednesday,2023,7,July,5,Afternoon,17,No és causa del  vianant,Bus,Woman,68,Passenger,Desconegut                                                                                                                                            ,Unknown,Unknown,Minor injury: Hospitalization up to 24 hours,431705.66,4590778.18,2.18107088,41.463843842
2023S004074    ,2,Eixample,7,la Dreta de l'Eixample,144601,Diagonal,0343 0343,Wednesday,2023,7,July,5,Afternoon,15,No és causa del  vianant,Veh. mobilitat personal amb motor,Woman,45,Pedestrian,En pas regulat per semàfor                                                                                                                            ,Unknown,Unknown,Minor injury: Medical assistance at accident site,430420.21,4583514.23,2.166516174,41.398309675
2023S004075    ,5,Sarrià-Sant Gervasi,23,Sarrià,107300,Eduardo Conde,0044 0044,Wednesday,2023,7,July,5,Afternoon,17,No és causa del  vianant,Furgoneta,Man,31,Passenger,Desconegut                                                                                                                                            ,Unknown,Unknown,Minor injury: Hospitalization up to 24 hours,426619.04,4583127.47,2.121095962,41.394488207
2023S004076    ,4,Les Corts,21,Pedralbes,62507,Capità Arenas,0018 0018,Wednesday,2023,7,July,5,Night,22,No és causa del  vianant,Motorcycle,Woman,29,Driver,Desconegut                                                                                                                                            ,Unknown,In itínere,Minor injury: Medical assistance at accident site,427041.28,4582621.44,2.126207203,41.38996904
2023S004077    ,3,Sants-Montjuïc,18,Sants,312400,Sants,0128 0128,Wednesday,2023,7,July,5,Night,23,No és causa del  vianant,Motorcycle,Man,29,Driver,Desconegut                                                                                                                                            ,Unknown,En missió,Minor injury: Hospitalization up to 24 hours,427692.22,4581012.73,2.134184395,41.37553881
2023S004078    ,1,Ciutat Vella,1,el Raval,34308,Rambla,0049 0049,Wednesday,2023,7,July,5,Afternoon,21,No és causa del  vianant,Bicicleta,Woman,29,Driver,Desconegut                                                                                                                                            ,Unknown,Unknown,Minor injury: Medical assistance at accident site,431043.63,4581451.19,2.174208172,41.379782216
2023S004079    ,3,Sants-Montjuïc,12,la Marina del Prat Vermell,701266,Litoral (Llobregat),001490000,Thursday,2023,7,July,6,Morning,8,No és causa del  vianant,Car,Man,25,Driver,Desconegut                                                                                                                                            ,Unknown,En missió,Minor injury: Hospitalization up to 24 hours,429174.43,4578325.16,2.152221502,41.351464575
2023S004080    ,4,Les Corts,21,Pedralbes,333400,González Tablas,0001 0001,Wednesday,2023,7,July,5,Morning,12,No és causa del  vianant,Motorcycle,Woman,31,Driver,Desconegut                                                                                                                                            ,Unknown,Unknown,Minor injury: Refused medical assistance,425702.43,4582084.31,2.110260795,41.385008726
2023S004081    ,6,Gràcia,28,Vallcarca i els Penitents,123408,Lesseps,0019 0019,Thursday,2023,7,July,6,Morning,10,No és causa del  vianant,Motorcycle,Man,52,Driver,Desconegut                                                                                                                                            ,Unknown,Unknown,Minor injury: Hospitalization up to 24 hours,429081.55,4584590.76,2.150377718,41.407888565
2023S004082    ,4,Les Corts,21,Pedralbes,244300,Pius XII,0002X0002X,Sunday,2023,7,July,9,Morning,12,No és causa del  vianant,Veh. mobilitat personal amb motor,Woman,20,Driver,Desconegut                                                                                                                                            ,Unknown,Unknown,Minor injury: Hospitalization up to 24 hours,426714.75,4582396.33,2.122329224,41.387911867
2023S004083    ,5,Sarrià-Sant Gervasi,23,Sarrià,701268,Dalt (Llobregat),000690000,Thursday,2023,7,July,6,Morning,10,No és causa del  vianant,Car,Woman,36,Driver,Desconegut                                                                                                                                            ,Unknown,En missió,Minor injury: Hospitalization up to 24 hours,426051.78,4583890.01,2.11421802,41.401304074