Case_Number,District_Code,District_Name,Neighborhood_Code,Neighborhood_Name,Street_Code,Street_Name,Postal_Code,Day_of_Week,Year,Month_Code,Month_Name,Day_of_Month,Shift_Description,Hour_of_Day,Pedestrian_Cause_Description,Involved_Vehicle_Type,Gender_Description,Age,Person_Type_Description,Pedestrian_Accident_Location_Description,Pedestrian_Movement_Reason_Description,Driver_Movement_Reason_Description,Victimization_Description,UTM_X_Coordinate,UTM_Y_Coordinate,Longitude,Latitude
2023S004084    ,6,Gràcia,28,Vallcarca i els Penitents,229908,Mare de Déu del Coll,0045 0045,Thursday,2023,7,July,6,Morning,12,No és causa del  vianant,"Camió rígid <= 3,5 tones",Man,40,Passenger,Desconegut                                                                                                                                            ,Unknown,Unknown,Minor injury: Hospitalization up to 24 hours,428966.48,4584780.87,2.14897879,41.409590647
2023S004084    ,6,Gràcia,28,Vallcarca i els Penitents,229908,Mare de Déu del Coll,0045 0045,Thursday,2023,7,July,6,Morning,12,No és causa del  vianant,"Camió rígid <= 3,5 tones",Man,48,Driver,Desconegut                                                                                                                                            ,Unknown,Servei de neteja o recollida d'escombraries,Minor injury: Hospitalization up to 24 hours,428966.48,4584780.87,2.14897879,41.409590647
2023S004085    ,4,Les Corts,21,Pedralbes,7305,Exèrcit,0001 0007,Thursday,2023,7,July,6,Afternoon,14,No és causa del  vianant,Veh. mobilitat personal amb motor,Man,37,Driver,Desconegut                                                                                                                                            ,Unknown,In itínere,Minor injury: Hospitalization up to 24 hours,425831.17,4582214.66,2.11178441,41.386194618
2023S004086    ,9,Sant Andreu,60,Sant Andreu,176404,Llenguadoc,0075 0075,Thursday,2023,7,July,6,Afternoon,15,No és causa del  vianant,Bicicleta,Man,15,Driver,Desconegut                                                                                                                                            ,Unknown,Unknown,Minor injury: Medical assistance at accident site,432086.72,4587077.27,2.186049903,41.430543442
2023S004087    ,6,Gràcia,32,el Camp d'en Grassot i Gràcia Nova,286504,Roger de Flor,0263 0263,Thursday,2023,7,July,6,Afternoon,14,No és causa del  vianant,Bicicleta,Man,56,Driver,Desconegut                                                                                                                                            ,Unknown,Oci i entreteniment,Minor injury: Hospitalization up to 24 hours,430414.81,4584094.5,2.166384847,41.403535507
2023S004088    ,2,Eixample,7,la Dreta de l'Eixample,74506,Catalunya,0112 0112,Thursday,2023,7,July,6,Afternoon,16,No és causa del  vianant,Motorcycle,Woman,51,Passenger,Desconegut                                                                                                                                            ,Unknown,Unknown,Minor injury: Refused medical assistance,429774.77,4583089.18,2.158845112,41.394425253
2023S004088    ,2,Eixample,7,la Dreta de l'Eixample,74506,Catalunya,0112 0112,Thursday,2023,7,July,6,Afternoon,16,No és causa del  vianant,Motorcycle,Man,59,Driver,Desconegut                                                                                                                                            ,Unknown,Oci i entreteniment,Minor injury: Refused medical assistance,429774.77,4583089.18,2.158845112,41.394425253
2023S004089    ,1,Ciutat Vella,4,"Sant Pere, Santa Caterina i la Ribera",271100,Pujades,0008 0008,Thursday,2023,7,July,6,Afternoon,16,No és causa del  vianant,Bus,Man,15,Passenger,Desconegut                                                                                                                                            ,Unknown,Unknown,Minor injury: Hospitalization up to 24 hours,431791.37,4582425.96,2.18303992,41.38862548
2023S004090    ,3,Sants-Montjuïc,16,la Bordeta,169409,Corts Catalanes,0153 0157,Thursday,2023,7,July,6,Afternoon,17,No és causa del  vianant,Taxi,Woman,69,Pedestrian,En pas regulat per semàfor                                                                                                                            ,Unknown,Unknown,Minor injury: Hospitalization up to 24 hours,427971.19,4579992.75,2.137641329,41.36637724
2023S004091    ,4,Les Corts,19,les Corts,142708,Gelabert,0022 0024,Thursday,2023,7,July,6,Afternoon,15,No és causa del  vianant,Veh. mobilitat personal amb motor,Woman,18,Driver,Desconegut                                                                                                                                            ,Unknown,Unknown,Minor injury: Hospitalization up to 24 hours,428373.73,4582403.39,2.142168873,41.388124968
2023S004091    ,4,Les Corts,19,les Corts,142708,Gelabert,0022 0024,Thursday,2023,7,July,6,Afternoon,15,No és causa del  vianant,Motorcycle,Woman,62,Driver,Desconegut                                                                                                                                            ,Unknown,In itínere,Minor injury: Hospitalization up to 24 hours,428373.73,4582403.39,2.142168873,41.388124968
2023S004092    ,1,Ciutat Vella,1,el Raval,157909,Hospital,0063 0063,Monday,2023,7,July,10,Afternoon,16,No és causa del  vianant,Car,Woman,44,Pedestrian,Altres                                                                                                                                                ,En missió,Unknown,Minor injury: Medical assistance at accident site,430759.57,4581540.06,2.170801204,41.380558235
2023S004093    ,5,Sarrià-Sant Gervasi,26,Sant Gervasi - Galvany,101904,Doctor Fleming,0016 0016,Thursday,2023,7,July,6,Afternoon,19,No és causa del  vianant,Motorcycle,Woman,28,Driver,Desconegut                                                                                                                                            ,Unknown,Oci i entreteniment,Minor injury: Hospitalization up to 24 hours,427793.82,4583041.86,2.135157291,41.393823544
2023S004094    ,5,Sarrià-Sant Gervasi,26,Sant Gervasi - Galvany,143507,Pau Casals,0002 0002,Thursday,2023,7,July,6,Afternoon,19,No és causa del  vianant,Car,Man,64,Driver,Desconegut                                                                                                                                            ,Unknown,Unknown,Minor injury: Hospitalization up to 24 hours,428550.72,4582946.04,2.14422154,41.393028167
2023S004095    ,8,Nou Barris,50,les Roquetes,701267,Dalt (Besòs),001480000,Thursday,2023,7,July,6,Night,22,No és causa del  vianant,Veh. mobilitat personal amb motor,Woman,20,Driver,Desconegut                                                                                                                                            ,Unknown,Oci i entreteniment,Minor injury: Hospitalization up to 24 hours,431563.44,4588806.2,2.179591668,41.446070853
2023S004096    ,1,Ciutat Vella,3,la Barceloneta,197903,Marítim de la Barceloneta,0018 0018,Thursday,2023,7,July,6,Night,23,No és causa del  vianant,Veh. mobilitat personal amb motor,Woman,6,Pedestrian,A la vorera / Andana                                                                                                                                  ,Unknown,Unknown,Minor injury: Hospitalization up to 24 hours,432802.19,4581840.92,2.195194,41.383441297
2023S004098    ,10,Sant Martí,72,Sant Martí de Provençals,30409,Bac de Roda,0192B0192B,Thursday,2023,7,July,6,Night,23,No és causa del  vianant,Motorcycle,Man,29,Driver,Desconegut                                                                                                                                            ,Unknown,In itínere,Minor injury: Hospitalization up to 24 hours,432792.64,4585292.45,2.194696433,41.414527519
2023S004099    ,10,Sant Martí,71,Provençals del Poblenou,115603,Espronceda,0151X0151X,Thursday,2023,7,July,6,Night,23,No és causa del  vianant,Motorcycle,Woman,44,Passenger,Desconegut                                                                                                                                            ,Unknown,Unknown,Serious injury: Hospitalization over 24 hours,433427.03,4584453.69,2.202378942,41.407025865
2023S004099    ,10,Sant Martí,71,Provençals del Poblenou,115603,Espronceda,0151X0151X,Thursday,2023,7,July,6,Night,23,No és causa del  vianant,Motorcycle,Man,58,Driver,Desconegut                                                                                                                                            ,Unknown,In itínere,Serious injury: Hospitalization over 24 hours,433427.03,4584453.69,2.202378942,41.407025865
2023S004101    ,4,Les Corts,20,la Maternitat i Sant Ramon,144601,Diagonal,0639 0639,Friday,2023,7,July,7,Morning,7,No és causa del  vianant,Motorcycle,Man,36,Driver,Desconegut                                                                                                                                            ,Unknown,Unknown,Minor injury: Hospitalization up to 24 hours,426649.72,4582241.36,2.121570277,41.386510186
2023S004101    ,4,Les Corts,20,la Maternitat i Sant Ramon,144601,Diagonal,0639 0639,Friday,2023,7,July,7,Morning,7,No és causa del  vianant,Motorcycle,Man,47,Driver,Desconegut                                                                                                                                            ,Unknown,Unknown,Minor injury: Medical assistance at accident site,426649.72,4582241.36,2.121570277,41.386510186
2023S004102    ,10,Sant Martí,73,la Verneda i la Pau,343200,Trajana,0042 0042,Thursday,2023,7,July,6,Afternoon,15,No és causa del  vianant,Motorcycle,Man,45,Driver,Desconegut                                                                                                                                            ,Unknown,Unknown,Minor injury: Hospitalization up to 24 hours,433501.25,4586845.07,2.203003786,41.428570514
2023S004103    ,2,Eixample,9,la Nova Esquerra de l'Eixample,361406,Viladomat,0305 0305,Friday,2023,7,July,7,Morning,11,No és causa del  vianant,Motorcycle,Man,31,Driver,Desconegut                                                                                                                                            ,Unknown,En missió,Minor injury: Refused medical assistance,428602.61,4582502.69,2.144894456,41.389039686
2023S004104    ,7,Horta-Guinardó,40,Montbau,701267,Dalt (Besòs),001150000,Friday,2023,7,July,7,Morning,8,No és causa del  vianant,Motorcycle,Woman,25,Passenger,Desconegut                                                                                                                                            ,Unknown,Unknown,Minor injury: Medical assistance at accident site,428733.32,4587304.22,2.145891876,41.432296778
2023S004104    ,7,Horta-Guinardó,40,Montbau,701267,Dalt (Besòs),001150000,Friday,2023,7,July,7,Morning,8,No és causa del  vianant,Motorcycle,Man,26,Driver,Desconegut                                                                                                                                            ,Unknown,En missió,Minor injury: Medical assistance at accident site,428733.32,4587304.22,2.145891876,41.432296778
2023S004106    ,5,Sarrià-Sant Gervasi,26,Sant Gervasi - Galvany,344101,Gràcia,0050 0050,Friday,2023,7,July,7,Morning,13,No és causa del  vianant,Motorcycle,Woman,48,Passenger,Desconegut                                                                                                                                            ,Unknown,Unknown,Minor injury: Hospitalization up to 24 hours,428957.41,4583232.07,2.14905215,41.395640383
2023S004106    ,5,Sarrià-Sant Gervasi,26,Sant Gervasi - Galvany,344101,Gràcia,0050 0050,Friday,2023,7,July,7,Morning,13,No és causa del  vianant,Motorcycle,Man,72,Driver,Desconegut                                                                                                                                            ,Unknown,Unknown,Minor injury: Hospitalization up to 24 hours,428957.41,4583232.07,2.14905215,41.395640383
2023S004107    ,9,Sant Andreu,60,Sant Andreu,296202,Gran de Sant Andreu,0470 0472,Friday,2023,7,July,7,Morning,11,No és causa del  vianant,Car,Woman,69,Pedestrian,En pas regulat per semàfor                                                                                                                            ,Unknown,Unknown,Minor injury: Hospitalization up to 24 hours,432284.1,4588345.48,2.18826984,41.441982458
2023S004108    ,10,Sant Martí,66,el Parc i la Llacuna del Poblenou,4908,Àlaba,0071 0071,Friday,2023,7,July,7,Morning,8,No és causa del  vianant,Veh. mobilitat personal amb motor,Man,39,Pedestrian,Altres                                                                                                                                                ,Unknown,Unknown,Minor injury: Hospitalization up to 24 hours,432660.94,4583321.45,2.193340128,41.396764239
2023S004109    ,2,Eixample,7,la Dreta de l'Eixample,305100,Sant Joan,0094 0094,Friday,2023,7,July,7,Morning,11,No és causa del  vianant,Motorcycle,Man,58,Driver,Desconegut                                                                                                                                            ,Unknown,Unknown,Minor injury: Hospitalization up to 24 hours,430786.51,4583519.87,2.170897011,41.398392104
2023S004109    ,2,Eixample,7,la Dreta de l'Eixample,305100,Sant Joan,0094 0094,Friday,2023,7,July,7,Morning,11,No és causa del  vianant,Motorcycle,Man,62,Driver,Desconegut                                                                                                                                            ,Unknown,Unknown,Minor injury: Hospitalization up to 24 hours,430786.51,4583519.87,2.170897011,41.398392104
2023S004110    ,9,Sant Andreu,60,Sant Andreu,15052,Andana de l'Estació,0001 0001,Friday,2023,7,July,7,Morning,13,No és causa del  vianant,Motorcycle,Woman,59,Driver,Desconegut                                                                                                                                            ,Unknown,Unknown,Minor injury: Hospitalization up to 24 hours,432858.65,4588893.72,2.195085968,41.446968554
2023S004111    ,2,Eixample,10,Sant Antoni,54509,Calàbria,0058 0058,Friday,2023,7,July,7,Afternoon,15,Transitar a peu per la calçada,"Camió rígid <= 3,5 tones",Woman,81,Pedestrian,Fora del pas                                                                                                                                          ,Unknown,Unknown,Minor injury: Hospitalization up to 24 hours,429648.92,4581242.11,2.157554461,41.377778295
2023S004112    ,2,Eixample,7,la Dreta de l'Eixample,305100,Sant Joan,0088 0088,Friday,2023,7,July,7,Morning,11,No és causa del  vianant,Motorcycle,Man,29,Driver,Desconegut                                                                                                                                            ,Unknown,Oci i entreteniment,Minor injury: Medical assistance at accident site,430839.61,4583504.1,2.171533967,41.39825464
2023S004113    ,5,Sarrià-Sant Gervasi,25,Sant Gervasi - la Bonanova,701629,Isaac Newton,0008 0008,Friday,2023,7,July,7,Afternoon,15,No és causa del  vianant,Car,Woman,75,Driver,Desconegut                                                                                                                                            ,Unknown,Unknown,Minor injury: Hospitalization up to 24 hours,427207.98,4584967.78,2.12791863,41.41111665
2023S004114    ,8,Nou Barris,52,la Prosperitat,127205,Flor de Neu,0041X0041X,Friday,2023,7,July,7,Afternoon,17,No és causa del  vianant,Veh. mobilitat personal amb motor,Man,22,Driver,Desconegut                                                                                                                                            ,Unknown,Unknown,Minor injury: Hospitalization up to 24 hours,431959.38,4588655.43,2.184348167,41.444746598
2023S004115    ,2,Eixample,7,la Dreta de l'Eixample,148307,Gràcia,0054 0054,Friday,2023,7,July,7,Afternoon,16,No és causa del  vianant,Bicicleta,Woman,41,Driver,Desconegut                                                                                                                                            ,Unknown,Unknown,Minor injury: Hospitalization up to 24 hours,430328.62,4582862.47,2.165495655,41.392431549
2023S004116    ,4,Les Corts,21,Pedralbes,248108,Pearson,0011 0011,Friday,2023,7,July,7,Afternoon,16,No és causa del  vianant,Motorcycle,Man,40,Driver,Desconegut                                                                                                                                            ,Unknown,Unknown,Minor injury: Hospitalization up to 24 hours,425648.78,4583019.77,2.109504322,41.393429037
2023S004118    ,5,Sarrià-Sant Gervasi,23,Sarrià,320908,Sarrià a Vallvidrera,0115 0115,Friday,2023,7,July,7,Afternoon,20,No és causa del  vianant,Motorcycle,Woman,61,Passenger,Desconegut                                                                                                                                            ,Unknown,Unknown,Serious injury: Hospitalization over 24 hours,425496.37,4584609.29,2.107485725,41.407730985
2023S004118    ,5,Sarrià-Sant Gervasi,23,Sarrià,320908,Sarrià a Vallvidrera,0115 0115,Friday,2023,7,July,7,Afternoon,20,No és causa del  vianant,Motorcycle,Man,46,Driver,Desconegut                                                                                                                                            ,Unknown,Unknown,Serious injury: Hospitalization over 24 hours,425496.37,4584609.29,2.107485725,41.407730985
2023S004118    ,5,Sarrià-Sant Gervasi,23,Sarrià,320908,Sarrià a Vallvidrera,0115 0115,Friday,2023,7,July,7,Afternoon,20,No és causa del  vianant,Motorcycle,Man,56,Driver,Desconegut                                                                                                                                            ,Unknown,Unknown,Serious injury: Hospitalization over 24 hours,425496.37,4584609.29,2.107485725,41.407730985
2023S004119    ,4,Les Corts,19,les Corts,231502,Numància,0191 0199,Friday,2023,7,July,7,Afternoon,18,No és causa del  vianant,Motorcycle,Woman,56,Driver,Desconegut                                                                                                                                            ,Unknown,Oci i entreteniment,Minor injury: Hospitalization up to 24 hours,427446.42,4582717.44,2.131041092,41.390870341
2023S004119    ,4,Les Corts,19,les Corts,231502,Numància,0191 0199,Friday,2023,7,July,7,Afternoon,18,No és causa del  vianant,Car,Woman,47,Driver,Desconegut                                                                                                                                            ,Unknown,Oci i entreteniment,Minor injury: Medical assistance at accident site,427446.42,4582717.44,2.131041092,41.390870341
2023S004120    ,10,Sant Martí,68,el Poblenou,700654,Litoral,0074 0084,Friday,2023,7,July,7,Afternoon,19,No és causa del  vianant,Car,Woman,27,Passenger,Desconegut                                                                                                                                            ,Unknown,Unknown,Minor injury: Medical assistance at accident site,433947.33,4583382.53,2.208720327,41.397421129
2023S004120    ,10,Sant Martí,68,el Poblenou,700654,Litoral,0074 0084,Friday,2023,7,July,7,Afternoon,19,No és causa del  vianant,Car,Woman,29,Passenger,Desconegut                                                                                                                                            ,Unknown,Unknown,Minor injury: Medical assistance at accident site,433947.33,4583382.53,2.208720327,41.397421129
2023S004120    ,10,Sant Martí,68,el Poblenou,700654,Litoral,0074 0084,Friday,2023,7,July,7,Afternoon,19,No és causa del  vianant,Car,Man,34,Passenger,Desconegut                                                                                                                                            ,Unknown,Unknown,Minor injury: Hospitalization up to 24 hours,433947.33,4583382.53,2.208720327,41.397421129
2023S004120    ,10,Sant Martí,68,el Poblenou,700654,Litoral,0074 0084,Friday,2023,7,July,7,Afternoon,19,No és causa del  vianant,Car,Woman,26,Driver,Desconegut                                                                                                                                            ,Unknown,Oci i entreteniment,Minor injury: Hospitalization up to 24 hours,433947.33,4583382.53,2.208720327,41.397421129
2023S004121    ,2,Eixample,5,el Fort Pienc,305100,Sant Joan,0050 0050,Friday,2023,7,July,7,Afternoon,17,No és causa del  vianant,Car,Man,23,Driver,Desconegut                                                                                                                                            ,Unknown,Unknown,Minor injury: Medical assistance at accident site,431275.84,4583019.17,2.176806984,41.393924444
2023S004122    ,8,Nou Barris,49,Canyelles,120807,Favència,0041 0045,Friday,2023,7,July,7,Afternoon,19,No és causa del  vianant,Motorcycle,Woman,39,Driver,Desconegut                                                                                                                                            ,Unknown,Unknown,Minor injury: Medical assistance at accident site,430471.16,4588315.38,2.166573355,41.441556316
2023S004123    ,4,Les Corts,19,les Corts,199909,Marquès de Sentmenat,0099X0099X,Friday,2023,7,July,7,Afternoon,19,No és causa del  vianant,Motorcycle,Man,23,Driver,Desconegut                                                                                                                                            ,Unknown,Oci i entreteniment,Minor injury: Medical assistance at accident site,428408.37,4582110.79,2.142617747,41.385492712
2023S004124    ,2,Eixample,10,Sant Antoni,169409,Corts Catalanes,0522 0522,Friday,2023,7,July,7,Afternoon,18,No és causa del  vianant,Veh. mobilitat personal amb motor,Man,22,Driver,Desconegut                                                                                                                                            ,Unknown,Oci i entreteniment,Minor injury: Hospitalization up to 24 hours,429737.74,4581724.85,2.15856054,41.382133946
2023S004125    ,10,Sant Martí,69,Diagonal Mar i el Front Marítim del Poblenou,700892,Garcia Fària,0099X0099X,Saturday,2023,7,July,8,Night,4,No és causa del  vianant,Tot terreny,Man,44,Driver,Desconegut                                                                                                                                            ,Unknown,Oci i entreteniment,Minor injury: Hospitalization up to 24 hours,435033.45,4584725.51,2.221567653,41.409605601
2023S004128    ,6,Gràcia,31,la Vila de Gràcia,90502,Còrsega,0337 0337,Friday,2023,7,July,7,Afternoon,21,No és causa del  vianant,Motorcycle,Man,31,Driver,Desconegut                                                                                                                                            ,Unknown,Oci i entreteniment,Minor injury: Hospitalization up to 24 hours,429941.65,4583443.88,2.160800055,41.39763448
2023S004129    ,4,Les Corts,19,les Corts,144601,Diagonal,0632 0632,Friday,2023,7,July,7,Afternoon,17,No és causa del  vianant,Autobús articulat,Woman,34,Passenger,Desconegut                                                                                                                                            ,Unknown,Unknown,Minor injury: Hospitalization up to 24 hours,427954.95,4582701.1,2.137125048,41.390768909
2023S004129    ,4,Les Corts,19,les Corts,144601,Diagonal,0632 0632,Friday,2023,7,July,7,Afternoon,17,No és causa del  vianant,Autobús articulat,Woman,85,Passenger,Desconegut                                                                                                                                            ,Unknown,Unknown,Minor injury: Hospitalization up to 24 hours,427954.95,4582701.1,2.137125048,41.390768909
2023S004130    ,2,Eixample,8,l'Antiga Esquerra de l'Eixample,70607,Casanova,0168 0168,Friday,2023,7,July,7,Afternoon,20,No és causa del  vianant,Motorcycle,Man,29,Passenger,Desconegut                                                                                                                                            ,Unknown,Unknown,Minor injury: Hospitalization up to 24 hours,429170.51,4582688.11,2.151664673,41.390759935
2023S004130    ,2,Eixample,8,l'Antiga Esquerra de l'Eixample,70607,Casanova,0168 0168,Friday,2023,7,July,7,Afternoon,20,No és causa del  vianant,Motorcycle,Man,29,Driver,Desconegut                                                                                                                                            ,Unknown,In itínere,Minor injury: Hospitalization up to 24 hours,429170.51,4582688.11,2.151664673,41.390759935
2023S004131    ,7,Horta-Guinardó,33,el Baix Guinardó,197302,Marina,0347 0349,Saturday,2023,7,July,8,Morning,9,No és causa del  vianant,Motorcycle,Man,29,Driver,Desconegut                                                                                                                                            ,Unknown,Unknown,Minor injury: Hospitalization up to 24 hours,430544.23,4584741.45,2.167858735,41.409373566
2023S004132    ,3,Sants-Montjuïc,17,Sants - Badal,187207,Madrid,0122 0126,Saturday,2023,7,July,8,Morning,10,No és causa del  vianant,Motorcycle,Woman,41,Driver,Desconegut                                                                                                                                            ,Unknown,Oci i entreteniment,Minor injury: Hospitalization up to 24 hours,427242.62,4581402.58,2.128761632,41.379009495
2023S004133    ,9,Sant Andreu,57,la Trinitat Vella,701501,B-20 (Llobregat),001630000,Saturday,2023,7,July,8,Afternoon,14,No és causa del  vianant,Car,Man,35,Driver,Desconegut                                                                                                                                            ,Unknown,In itínere,Minor injury: Hospitalization up to 24 hours,432697.0,4588930.46,2.193146846,41.447285914
2023S004134    ,4,Les Corts,19,les Corts,231502,Numància,0115X0115X,Saturday,2023,7,July,8,Morning,12,No és causa del  vianant,Motorcycle,Man,25,Driver,Desconegut                                                                                                                                            ,Unknown,Oci i entreteniment,Minor injury: Medical assistance at accident site,427873.03,4582129.02,2.136213439,41.385609057
2023S004135    ,2,Eixample,9,la Nova Esquerra de l'Eixample,169409,Corts Catalanes,0407 0409,Saturday,2023,7,July,8,Morning,12,No és causa del  vianant,Bicicleta,Man,25,Driver,Desconegut                                                                                                                                            ,Unknown,Unknown,Minor injury: Medical assistance at accident site,429165.19,4581164.97,2.15177921,41.37704106
2023S004136    ,1,Ciutat Vella,3,la Barceloneta,354455,Escar,0001 0001,Saturday,2023,7,July,8,Afternoon,17,No és causa del  vianant,Veh. mobilitat personal amb motor,Man,19,Driver,Desconegut                                                                                                                                            ,Unknown,Unknown,Minor injury: Hospitalization up to 24 hours,433559.9,4584512.34,2.203962044,41.40756511
2023S004136    ,1,Ciutat Vella,3,la Barceloneta,354455,Escar,0001 0001,Saturday,2023,7,July,8,Afternoon,17,No és causa del  vianant,Veh. mobilitat personal amb motor,Man,24,Driver,Desconegut                                                                                                                                            ,Unknown,In itínere,Minor injury: Hospitalization up to 24 hours,433559.9,4584512.34,2.203962044,41.40756511
2023S004137    ,8,Nou Barris,52,la Prosperitat,351708,Pablo Iglesias,0062 0064,Saturday,2023,7,July,8,Afternoon,18,No és causa del  vianant,Motorcycle,Woman,19,Driver,Desconegut                                                                                                                                            ,Unknown,Oci i entreteniment,Minor injury: Refused medical assistance,431782.99,4588584.76,2.182244761,41.444095121
2023S004138    ,2,Eixample,7,la Dreta de l'Eixample,250904,Pelai,0015S0015S,Saturday,2023,7,July,8,Afternoon,19,No és causa del  vianant,Motorcycle,Woman,42,Driver,Desconegut                                                                                                                                            ,Unknown,Oci i entreteniment,Minor injury: Medical assistance at accident site,430580.98,4582087.83,2.168602798,41.385476439
2023S004139    ,5,Sarrià-Sant Gervasi,26,Sant Gervasi - Galvany,214401,Molina,9999 9999,Saturday,2023,7,July,8,Afternoon,20,No és causa del  vianant,Motorcycle,Woman,50,Driver,Desconegut                                                                                                                                            ,Unknown,Unknown,Minor injury: Hospitalization up to 24 hours,428837.2,4583824.55,2.147544656,41.400965997
2023S004140    ,2,Eixample,7,la Dreta de l'Eixample,169409,Corts Catalanes,0629B0629B,Saturday,2023,7,July,8,Afternoon,19,No és causa del  vianant,Car,Woman,28,Passenger,Desconegut                                                                                                                                            ,Unknown,Unknown,Minor injury: Medical assistance at accident site,430773.34,4582701.12,2.170833127,41.391016743
2023S004140    ,2,Eixample,7,la Dreta de l'Eixample,169409,Corts Catalanes,0629B0629B,Saturday,2023,7,July,8,Afternoon,19,No és causa del  vianant,Car,Man,28,Passenger,Desconegut                                                                                                                                            ,Unknown,Unknown,Minor injury: Medical assistance at accident site,430773.34,4582701.12,2.170833127,41.391016743
2023S004140    ,2,Eixample,7,la Dreta de l'Eixample,169409,Corts Catalanes,0629B0629B,Saturday,2023,7,July,8,Afternoon,19,No és causa del  vianant,Car,Man,57,Driver,Desconegut                                                                                                                                            ,Unknown,Unknown,Minor injury: Refused medical assistance,430773.34,4582701.12,2.170833127,41.391016743
2023S004141    ,1,Ciutat Vella,3,la Barceloneta,700813,Doctor Aiguader,0080 0080,Saturday,2023,7,July,8,Afternoon,19,No és causa del  vianant,Motorcycle,Woman,47,Passenger,Desconegut                                                                                                                                            ,Unknown,Unknown,Minor injury: Hospitalization up to 24 hours,432599.97,4581989.97,2.192759101,41.384766828
2023S004141    ,1,Ciutat Vella,3,la Barceloneta,700813,Doctor Aiguader,0080 0080,Saturday,2023,7,July,8,Afternoon,19,No és causa del  vianant,Motorcycle,Man,53,Driver,Desconegut                                                                                                                                            ,Unknown,Oci i entreteniment,Minor injury: Hospitalization up to 24 hours,432599.97,4581989.97,2.192759101,41.384766828
2023S004142    ,10,Sant Martí,71,Provençals del Poblenou,44403,Bolívia,0095 0095,Saturday,2023,7,July,8,Afternoon,20,No és causa del  vianant,Motorcycle,Man,49,Driver,Desconegut                                                                                                                                            ,Unknown,Unknown,Serious injury: Hospitalization over 24 hours,432749.33,4584268.09,2.194292161,41.405297772
2023S004143    ,10,Sant Martí,69,Diagonal Mar i el Front Marítim del Poblenou,701265,Litoral (Besòs),0024S0000,Saturday,2023,7,July,8,Night,23,No és causa del  vianant,Car,Man,19,Passenger,Desconegut                                                                                                                                            ,Unknown,Unknown,Minor injury: Medical assistance at accident site,434385.74,4583964.78,2.213901191,41.402701239
2023S004143    ,10,Sant Martí,69,Diagonal Mar i el Front Marítim del Poblenou,701265,Litoral (Besòs),0024S0000,Saturday,2023,7,July,8,Night,23,No és causa del  vianant,Car,Man,20,Passenger,Desconegut                                                                                                                                            ,Unknown,Unknown,Minor injury: Medical assistance at accident site,434385.74,4583964.78,2.213901191,41.402701239
2023S004143    ,10,Sant Martí,69,Diagonal Mar i el Front Marítim del Poblenou,701265,Litoral (Besòs),0024S0000,Saturday,2023,7,July,8,Night,23,No és causa del  vianant,Car,Man,20,Driver,Desconegut                                                                                                                                            ,Unknown,Oci i entreteniment,Minor injury: Medical assistance at accident site,434385.74,4583964.78,2.213901191,41.402701239
2023S004143    ,10,Sant Martí,69,Diagonal Mar i el Front Marítim del Poblenou,701265,Litoral (Besòs),0024S0000,Saturday,2023,7,July,8,Night,23,No és causa del  vianant,Taxi,Man,46,Driver,Desconegut                                                                                                                                            ,Unknown,Taxi,Minor injury: Hospitalization up to 24 hours,434385.74,4583964.78,2.213901191,41.402701239
2023S004143    ,10,Sant Martí,69,Diagonal Mar i el Front Marítim del Poblenou,701265,Litoral (Besòs),0024S0000,Saturday,2023,7,July,8,Night,23,No és causa del  vianant,Taxi,Man,52,Driver,Desconegut                                                                                                                                            ,Unknown,Taxi,Minor injury: Hospitalization up to 24 hours,434385.74,4583964.78,2.213901191,41.402701239
2023S004144    ,1,Ciutat Vella,3,la Barceloneta,701266,Litoral (Llobregat),000880000,Sunday,2023,7,July,9,Night,2,No és causa del  vianant,Taxi,Woman,26,Passenger,Desconegut                                                                                                                                            ,Unknown,Unknown,Minor injury: Medical assistance at accident site,432797.9,4582315.85,2.195089986,41.387718518
2023S004144    ,1,Ciutat Vella,3,la Barceloneta,701266,Litoral (Llobregat),000880000,Sunday,2023,7,July,9,Night,2,No és causa del  vianant,Taxi,Woman,26,Passenger,Desconegut                                                                                                                                            ,Unknown,Unknown,Minor injury: Hospitalization up to 24 hours,432797.9,4582315.85,2.195089986,41.387718518
2023S004144    ,1,Ciutat Vella,3,la Barceloneta,701266,Litoral (Llobregat),000880000,Sunday,2023,7,July,9,Night,2,No és causa del  vianant,Taxi,Woman,27,Passenger,Desconegut                                                                                                                                            ,Unknown,Unknown,Minor injury: Medical assistance at accident site,432797.9,4582315.85,2.195089986,41.387718518
2023S004144    ,1,Ciutat Vella,3,la Barceloneta,701266,Litoral (Llobregat),000880000,Sunday,2023,7,July,9,Night,2,No és causa del  vianant,Taxi,Woman,27,Passenger,Desconegut                                                                                                                                            ,Unknown,Unknown,Minor injury: Hospitalization up to 24 hours,432797.9,4582315.85,2.195089986,41.387718518
2023S004144    ,1,Ciutat Vella,3,la Barceloneta,701266,Litoral (Llobregat),000880000,Sunday,2023,7,July,9,Night,2,No és causa del  vianant,Car,Man,40,Passenger,Desconegut                                                                                                                                            ,Unknown,Unknown,Minor injury: Refused medical assistance,432797.9,4582315.85,2.195089986,41.387718518
2023S004144    ,1,Ciutat Vella,3,la Barceloneta,701266,Litoral (Llobregat),000880000,Sunday,2023,7,July,9,Night,2,No és causa del  vianant,Taxi,Man,46,Driver,Desconegut                                                                                                                                            ,Unknown,En missió,Minor injury: Medical assistance at accident site,432797.9,4582315.85,2.195089986,41.387718518