Case_Number,District_Code,District_Name,Neighborhood_Code,Neighborhood_Name,Street_Code,Street_Name,Postal_Code,Day_of_Week,Year,Month_Code,Month_Name,Day_of_Month,Shift_Description,Hour_of_Day,Pedestrian_Cause_Description,Involved_Vehicle_Type,Gender_Description,Age,Person_Type_Description,Pedestrian_Accident_Location_Description,Pedestrian_Movement_Reason_Description,Driver_Movement_Reason_Description,Victimization_Description,UTM_X_Coordinate,UTM_Y_Coordinate,Longitude,Latitude
2023S004145    ,9,Sant Andreu,59,el Bon Pastor,701266,Litoral (Llobregat),000180000,Sunday,2023,7,July,9,Night,3,No és causa del  vianant,Furgoneta,Man,35,Passenger,Desconegut                                                                                                                                            ,Unknown,Unknown,Minor injury: Hospitalization up to 24 hours,433903.25,4588186.57,2.207667763,41.440686214
2023S004145    ,9,Sant Andreu,59,el Bon Pastor,701266,Litoral (Llobregat),000180000,Sunday,2023,7,July,9,Night,3,No és causa del  vianant,Furgoneta,Man,58,Pedestrian,Desconegut                                                                                                                                            ,Servei de manteniment viari,Unknown,Minor injury: Hospitalization up to 24 hours,433903.25,4588186.57,2.207667763,41.440686214
2023S004146    ,9,Sant Andreu,63,Navas,121402,Felip II,0037 0037,Saturday,2023,7,July,8,Afternoon,21,No és causa del  vianant,Veh. mobilitat personal amb motor,Woman,25,Driver,Desconegut                                                                                                                                            ,Unknown,Oci i entreteniment,Minor injury: Hospitalization up to 24 hours,432373.63,4585694.71,2.189638193,41.418115382
2023S004147    ,10,Sant Martí,69,Diagonal Mar i el Front Marítim del Poblenou,701265,Litoral (Besòs),0024S0000,Sunday,2023,7,July,9,Night,1,No és causa del  vianant,Car,Man,32,Passenger,Desconegut                                                                                                                                            ,Unknown,Unknown,Minor injury: Hospitalization up to 24 hours,434522.9,4584101.32,2.215527174,41.403942213
2023S004147    ,10,Sant Martí,69,Diagonal Mar i el Front Marítim del Poblenou,701265,Litoral (Besòs),0024S0000,Sunday,2023,7,July,9,Night,1,No és causa del  vianant,Car,Man,30,Driver,Desconegut                                                                                                                                            ,Unknown,Oci i entreteniment,Minor injury: Hospitalization up to 24 hours,434522.9,4584101.32,2.215527174,41.403942213
2023S004147    ,10,Sant Martí,69,Diagonal Mar i el Front Marítim del Poblenou,701265,Litoral (Besòs),0024S0000,Sunday,2023,7,July,9,Night,1,No és causa del  vianant,Car,Man,49,Driver,Desconegut                                                                                                                                            ,Unknown,Oci i entreteniment,Minor injury: Medical assistance at accident site,434522.9,4584101.32,2.215527174,41.403942213
2023S004148    ,10,Sant Martí,69,Diagonal Mar i el Front Marítim del Poblenou,701278,Taulat,0266 0270,Saturday,2023,7,July,8,Afternoon,20,No és causa del  vianant,Car,Woman,22,Passenger,Desconegut                                                                                                                                            ,Unknown,Unknown,Minor injury: Hospitalization up to 24 hours,434745.03,4584723.59,2.218117298,41.40956493
2023S004148    ,10,Sant Martí,69,Diagonal Mar i el Front Marítim del Poblenou,701278,Taulat,0266 0270,Saturday,2023,7,July,8,Afternoon,20,No és causa del  vianant,Car,Woman,31,Passenger,Desconegut                                                                                                                                            ,Unknown,Unknown,Minor injury: Hospitalization up to 24 hours,434745.03,4584723.59,2.218117298,41.40956493
2023S004149    ,2,Eixample,8,l'Antiga Esquerra de l'Eixample,100800,Diputació,0198 0198,Sunday,2023,7,July,9,Night,0,No és causa del  vianant,Veh. mobilitat personal amb motor,Man,37,Pedestrian,En pas regulat per semàfor                                                                                                                            ,Unknown,Unknown,Minor injury: Hospitalization up to 24 hours,429922.08,4582109.9,2.160720404,41.385618056
2023S004150    ,9,Sant Andreu,59,el Bon Pastor,295709,Sant Adrià,0149 0149,Saturday,2023,7,July,8,Afternoon,21,No és causa del  vianant,Ciclomotor,Man,40,Driver,Desconegut                                                                                                                                            ,Unknown,In itínere,Minor injury: Medical assistance at accident site,433835.23,4587717.51,2.206905002,41.436455925
2023S004151    ,4,Les Corts,19,les Corts,144601,Diagonal,0632 0632,Sunday,2023,7,July,9,Afternoon,15,No és causa del  vianant,Motorcycle,Man,40,Driver,Desconegut                                                                                                                                            ,Unknown,Unknown,Minor injury: Hospitalization up to 24 hours,427954.95,4582701.1,2.137125048,41.390768909
2023S004152    ,2,Eixample,8,l'Antiga Esquerra de l'Eixample,363809,Villarroel,0115 0115,Sunday,2023,7,July,9,Morning,13,No és causa del  vianant,Bicicleta,Man,37,Driver,Desconegut                                                                                                                                            ,Unknown,In itínere,Minor injury: Medical assistance at accident site,429544.56,4582114.92,2.156205024,41.385630276
2023S004153    ,2,Eixample,10,Sant Antoni,87009,Comte Borrell,0005 0005,Sunday,2023,7,July,9,Afternoon,20,No és causa del  vianant,Car,Man,48,Passenger,Desconegut                                                                                                                                            ,Unknown,Unknown,Minor injury: Hospitalization up to 24 hours,430274.19,4580969.65,2.165062595,41.375378782
2023S004153    ,2,Eixample,10,Sant Antoni,87009,Comte Borrell,0005 0005,Sunday,2023,7,July,9,Afternoon,20,No és causa del  vianant,Car,Man,73,Passenger,Desconegut                                                                                                                                            ,Unknown,Unknown,Minor injury: Hospitalization up to 24 hours,430274.19,4580969.65,2.165062595,41.375378782
2023S004153    ,2,Eixample,10,Sant Antoni,87009,Comte Borrell,0005 0005,Sunday,2023,7,July,9,Afternoon,20,No és causa del  vianant,Car,Woman,44,Driver,Desconegut                                                                                                                                            ,Unknown,Unknown,Minor injury: Hospitalization up to 24 hours,430274.19,4580969.65,2.165062595,41.375378782
2023S004154    ,6,Gràcia,32,el Camp d'en Grassot i Gràcia Nova,325005,Sicília,0342 0342,Sunday,2023,7,July,9,Afternoon,21,No és causa del  vianant,Motorcycle,Man,26,Driver,Desconegut                                                                                                                                            ,Unknown,Altres activitats,Minor injury: Hospitalization up to 24 hours,430793.62,4584087.64,2.170917114,41.403506438
2023S004155    ,8,Nou Barris,45,Porta,282650,Rio de Janeiro,0055 0055,Sunday,2023,7,July,9,Afternoon,19,No és causa del  vianant,Veh. mobilitat personal amb motor,Man,23,Pedestrian,A la vorera / Andana                                                                                                                                  ,Unknown,Unknown,Minor injury: Hospitalization up to 24 hours,431650.63,4587848.61,2.180743754,41.437453619
2023S004156    ,10,Sant Martí,71,Provençals del Poblenou,701414,C-31,020670000,Sunday,2023,7,July,9,Afternoon,21,No és causa del  vianant,Bicicleta,Woman,27,Driver,Desconegut                                                                                                                                            ,Unknown,Unknown,Minor injury: Hospitalization up to 24 hours,432800.78,4584710.49,2.194858496,41.409286652
2023S004157    ,10,Sant Martí,67,la Vila Olímpica del Poblenou,197302,Marina,0072 0072,Sunday,2023,7,July,9,Afternoon,21,No és causa del  vianant,Ciclomotor,Man,23,Passenger,Desconegut                                                                                                                                            ,Unknown,Unknown,Minor injury: Hospitalization up to 24 hours,432395.73,4582825.01,2.190223341,41.392270671
2023S004157    ,10,Sant Martí,67,la Vila Olímpica del Poblenou,197302,Marina,0072 0072,Sunday,2023,7,July,9,Afternoon,21,No és causa del  vianant,Ciclomotor,Man,23,Driver,Desconegut                                                                                                                                            ,Unknown,Oci i entreteniment,Minor injury: Hospitalization up to 24 hours,432395.73,4582825.01,2.190223341,41.392270671
2023S004158    ,7,Horta-Guinardó,43,Horta,185700,Llobregós,0070 0070,Monday,2023,7,July,10,Night,0,No és causa del  vianant,Motorcycle,Man,45,Driver,Desconegut                                                                                                                                            ,Unknown,Unknown,Minor injury: Medical assistance at accident site,429806.84,4586585.78,2.158822853,41.425920664
2023S004160    ,9,Sant Andreu,58,Baró de Viver,701497,B-10 (Llobregat),000050000,Monday,2023,7,July,10,Morning,7,No és causa del  vianant,Car,Woman,71,Passenger,Desconegut                                                                                                                                            ,Unknown,Unknown,Minor injury: Medical assistance at accident site,433055.46,4589197.32,2.197408203,41.449719424
2023S004160    ,9,Sant Andreu,58,Baró de Viver,701497,B-10 (Llobregat),000050000,Monday,2023,7,July,10,Morning,7,No és causa del  vianant,Car,Man,80,Driver,Desconegut                                                                                                                                            ,Unknown,Oci i entreteniment,Minor injury: Medical assistance at accident site,433055.46,4589197.32,2.197408203,41.449719424
2023S004161    ,8,Nou Barris,50,les Roquetes,26605,Artesania,0085 0085,Monday,2023,7,July,10,Morning,7,No és causa del  vianant,Car,Man,28,Driver,Desconegut                                                                                                                                            ,Unknown,Unknown,Minor injury: Hospitalization up to 24 hours,430912.48,4588919.75,2.171786527,41.447037762
2023S004162    ,2,Eixample,9,la Nova Esquerra de l'Eixample,361406,Viladomat,0255 0255,Monday,2023,7,July,10,Morning,7,No és causa del  vianant,Motorcycle,Man,30,Driver,Desconegut                                                                                                                                            ,Unknown,Unknown,Minor injury: Hospitalization up to 24 hours,428882.97,4582216.76,2.148281059,41.386489266
2023S004163    ,3,Sants-Montjuïc,14,la Font de la Guatlla,14504,Amposta,0002 0002,Monday,2023,7,July,10,Morning,8,No és causa del  vianant,Motorcycle,Woman,54,Driver,Desconegut                                                                                                                                            ,Unknown,In itínere,Serious injury: Hospitalization over 24 hours,428792.83,4580599.28,2.147393203,41.371913197
2023S004164    ,2,Eixample,6,la Sagrada Família,178308,Lepant,0233 0233,Monday,2023,7,July,10,Morning,8,No és causa del  vianant,Motorcycle,Man,40,Driver,Desconegut                                                                                                                                            ,Unknown,Oci i entreteniment,Serious injury: Hospitalization over 24 hours,431463.86,4583995.65,2.178945234,41.402735362
2023S004165    ,4,Les Corts,19,les Corts,343903,Corts,0293 0293,Monday,2023,7,July,10,Morning,9,Desobeir el senyal del semàfor,Car,Man,21,Pedestrian,En pas regulat per semàfor                                                                                                                            ,Unknown,Unknown,Minor injury: Hospitalization up to 24 hours,427764.89,4582268.28,2.134903578,41.38685361
2023S004166    ,9,Sant Andreu,63,Navas,86108,Concepción Arenal,0002 0002,Monday,2023,7,July,10,Morning,9,Desobeir el senyal del semàfor,Furgoneta,Woman,77,Pedestrian,En pas regulat per semàfor                                                                                                                            ,Unknown,Unknown,Minor injury: Hospitalization up to 24 hours,431847.79,4585680.09,2.183348094,41.417939252
2023S004167    ,2,Eixample,8,l'Antiga Esquerra de l'Eixample,268003,Provença,0164B0164B,Monday,2023,7,July,10,Morning,9,No és causa del  vianant,Veh. mobilitat personal amb motor,Man,23,Driver,Desconegut                                                                                                                                            ,Unknown,Unknown,Minor injury: Hospitalization up to 24 hours,429263.55,4582400.41,2.152811049,41.388176913
2023S004168    ,6,Gràcia,28,Vallcarca i els Penitents,34807,Baró de la Barre,0012 0012,Monday,2023,7,July,10,Morning,12,No és causa del  vianant,Veh. mobilitat personal amb motor,Man,70,Driver,Desconegut                                                                                                                                            ,Unknown,In itínere,Minor injury: Medical assistance at accident site,428560.55,4585371.53,2.144052688,41.414874489
2023S004168    ,6,Gràcia,28,Vallcarca i els Penitents,34807,Baró de la Barre,0012 0012,Monday,2023,7,July,10,Morning,12,No és causa del  vianant,Motorcycle,Man,25,Driver,Desconegut                                                                                                                                            ,Unknown,Oci i entreteniment,Minor injury: Hospitalization up to 24 hours,428560.55,4585371.53,2.144052688,41.414874489
2023S004169    ,3,Sants-Montjuïc,12,la Marina del Prat Vermell,701498,B-10 (Besòs),001330000,Monday,2023,7,July,10,Afternoon,16,No és causa del  vianant,Motorcycle,Woman,40,Driver,Desconegut                                                                                                                                            ,Unknown,En missió,Minor injury: Refused medical assistance,429959.63,4578877.12,2.161543132,41.356504634
2023S004170    ,2,Eixample,5,el Fort Pienc,144601,Diagonal,0287 0287,Monday,2023,7,July,10,Morning,13,No és causa del  vianant,Motorcycle,Man,69,Driver,Desconegut                                                                                                                                            ,Unknown,Oci i entreteniment,Minor injury: Refused medical assistance,431138.13,4583770.45,2.17507439,41.400679207
2023S004171    ,4,Les Corts,21,Pedralbes,115400,Esplugues,0083 0083,Monday,2023,7,July,10,Afternoon,18,No és causa del  vianant,Motorcycle,Woman,27,Passenger,Desconegut                                                                                                                                            ,Unknown,Unknown,Serious injury: Hospitalization over 24 hours,425680.92,4582691.77,2.109928998,41.390477861
2023S004171    ,4,Les Corts,21,Pedralbes,115400,Esplugues,0083 0083,Monday,2023,7,July,10,Afternoon,18,No és causa del  vianant,Motorcycle,Woman,58,Driver,Desconegut                                                                                                                                            ,Unknown,Unknown,Minor injury: Hospitalization up to 24 hours,425680.92,4582691.77,2.109928998,41.390477861
2023S004173    ,6,Gràcia,31,la Vila de Gràcia,206403,Gran de Gràcia,0063 0063,Sunday,2023,7,July,9,Morning,12,No és causa del  vianant,Motorcycle,Woman,39,Driver,Desconegut                                                                                                                                            ,Unknown,Unknown,Minor injury: Refused medical assistance,429520.83,4583682.45,2.155738717,41.399746402
2023S004174    ,5,Sarrià-Sant Gervasi,26,Sant Gervasi - Galvany,223606,Muntaner,0276 0280,Monday,2023,7,July,10,Afternoon,19,Desobeir el senyal del semàfor,Motorcycle,Man,22,Pedestrian,En pas regulat per semàfor                                                                                                                            ,Oci i entreteniment,Unknown,Minor injury: Hospitalization up to 24 hours,428790.93,4583268.68,2.147056592,41.395955383
2023S004174    ,5,Sarrià-Sant Gervasi,26,Sant Gervasi - Galvany,223606,Muntaner,0276 0280,Monday,2023,7,July,10,Afternoon,19,Desobeir el senyal del semàfor,Motorcycle,Man,32,Driver,En pas regulat per semàfor                                                                                                                            ,Unknown,Oci i entreteniment,Minor injury: Hospitalization up to 24 hours,428790.93,4583268.68,2.147056592,41.395955383
2023S004175    ,2,Eixample,7,la Dreta de l'Eixample,289105,Rosselló,0248 0248,Monday,2023,7,July,10,Afternoon,17,No és causa del  vianant,Motorcycle,Woman,30,Driver,Desconegut                                                                                                                                            ,Unknown,In itínere,Minor injury: Hospitalization up to 24 hours,430013.0,4583311.33,2.161668824,41.396446863
2023S004177    ,6,Gràcia,30,la Salut,344000,Dalt,0103 0103,Monday,2023,7,July,10,Afternoon,19,No és causa del  vianant,Car,Woman,70,Passenger,Desconegut                                                                                                                                            ,Unknown,Unknown,Minor injury: Hospitalization up to 24 hours,429689.26,4584977.01,2.157602951,41.411420794
2023S004177    ,6,Gràcia,30,la Salut,344000,Dalt,0103 0103,Monday,2023,7,July,10,Afternoon,19,No és causa del  vianant,Car,Woman,75,Passenger,Desconegut                                                                                                                                            ,Unknown,Unknown,Minor injury: Hospitalization up to 24 hours,429689.26,4584977.01,2.157602951,41.411420794
2023S004177    ,6,Gràcia,30,la Salut,344000,Dalt,0103 0103,Monday,2023,7,July,10,Afternoon,19,No és causa del  vianant,Car,Woman,78,Passenger,Desconegut                                                                                                                                            ,Unknown,Unknown,Minor injury: Hospitalization up to 24 hours,429689.26,4584977.01,2.157602951,41.411420794
2023S004177    ,6,Gràcia,30,la Salut,344000,Dalt,0103 0103,Monday,2023,7,July,10,Afternoon,19,No és causa del  vianant,Motorcycle,Man,27,Driver,Desconegut                                                                                                                                            ,Unknown,Unknown,Minor injury: Hospitalization up to 24 hours,429689.26,4584977.01,2.157602951,41.411420794
2023S004178    ,8,Nou Barris,51,Verdun,174307,Júlia,0147 0147,Monday,2023,7,July,10,Afternoon,18,Creuar per fora pas de vianants,Motorcycle,Man,28,Driver,Fora del pas                                                                                                                                          ,Unknown,Oci i entreteniment,Minor injury: Medical assistance at accident site,431493.56,4588524.92,2.178787105,41.443531504
2023S004179    ,6,Gràcia,28,Vallcarca i els Penitents,158107,Vallcarca,0152 0154,Monday,2023,7,July,10,Afternoon,17,No és causa del  vianant,Bicicleta,Woman,63,Pedestrian,En pas regulat per semàfor                                                                                                                            ,Unknown,Unknown,Minor injury: Hospitalization up to 24 hours,428461.6,4585247.52,2.142883481,41.413748775
2023S004181    ,9,Sant Andreu,61,la Sagrera,209900,Meridiana,0293 0295,Monday,2023,7,July,10,Morning,12,No és causa del  vianant,Car,Woman,63,Driver,Desconegut                                                                                                                                            ,Unknown,Unknown,Minor injury: Hospitalization up to 24 hours,432109.43,4586344.53,2.186404012,41.423945813
2023S004182    ,2,Eixample,7,la Dreta de l'Eixample,18505,Aragó,0375 0375,Monday,2023,7,July,10,Afternoon,20,No és causa del  vianant,Motorcycle,Man,38,Driver,Desconegut                                                                                                                                            ,Unknown,Oci i entreteniment,Minor injury: Hospitalization up to 24 hours,430977.58,4583518.03,2.1731827,41.398391964
2023S004184    ,10,Sant Martí,65,el Clot,42306,Bilbao,0220X0220X,Monday,2023,7,July,10,Night,23,No és causa del  vianant,Motorcycle,Man,36,Driver,Desconegut                                                                                                                                            ,Unknown,Oci i entreteniment,Minor injury: Refused medical assistance,432504.38,4585011.18,2.191278943,41.41197003
2023S004185    ,2,Eixample,6,la Sagrada Família,289105,Rosselló,0374 0374,Monday,2023,7,July,10,Afternoon,19,No és causa del  vianant,Car,Woman,35,Driver,Desconegut                                                                                                                                            ,Unknown,Unknown,Minor injury: Medical assistance at accident site,430853.39,4584133.08,2.171626913,41.403920847
2023S004186    ,2,Eixample,7,la Dreta de l'Eixample,144601,Diagonal,0390 0390,Monday,2023,7,July,10,Afternoon,18,No és causa del  vianant,Furgoneta,Man,65,Driver,Desconegut                                                                                                                                            ,Unknown,Unknown,Minor injury: Medical assistance at accident site,430562.8,4583557.35,2.16821681,41.398710376
2023S004187    ,7,Horta-Guinardó,43,Horta,137209,Fulton,0002 0002,Tuesday,2023,7,July,11,Morning,7,No és causa del  vianant,Motorcycle,Man,40,Driver,Desconegut                                                                                                                                            ,Unknown,Unknown,Minor injury: Hospitalization up to 24 hours,430074.77,4586997.05,2.161981441,41.429648195
2023S004188    ,8,Nou Barris,52,la Prosperitat,351901,Valldaura,0261 0269,Tuesday,2023,7,July,11,Morning,7,No és causa del  vianant,Veh. mobilitat personal amb motor,Man,33,Driver,Desconegut                                                                                                                                            ,Unknown,Unknown,Minor injury: Hospitalization up to 24 hours,431696.92,4588060.55,2.181273812,41.439366428
2023S004189    ,9,Sant Andreu,63,Navas,115603,Espronceda,0328B0328B,Tuesday,2023,7,July,11,Morning,9,No és causa del  vianant,Ciclomotor,Man,19,Driver,Desconegut                                                                                                                                            ,Unknown,Unknown,Minor injury: Medical assistance at accident site,432320.84,4585583.28,2.189019028,41.417107319
2023S004190    ,10,Sant Martí,64,el Camp de l'Arpa del Clot,209900,Meridiana,0117B0117B,Tuesday,2023,7,July,11,Morning,8,No és causa del  vianant,Bus,Woman,10,Passenger,Desconegut                                                                                                                                            ,Unknown,Unknown,Minor injury: Medical assistance at accident site,432131.07,4584631.66,2.186855248,41.408520352
2023S004190    ,10,Sant Martí,64,el Camp de l'Arpa del Clot,209900,Meridiana,0117B0117B,Tuesday,2023,7,July,11,Morning,8,No és causa del  vianant,Bus,Woman,30,Passenger,Desconegut                                                                                                                                            ,Unknown,Unknown,Minor injury: Hospitalization up to 24 hours,432131.07,4584631.66,2.186855248,41.408520352
2023S004190    ,10,Sant Martí,64,el Camp de l'Arpa del Clot,209900,Meridiana,0117B0117B,Tuesday,2023,7,July,11,Morning,8,No és causa del  vianant,Bus,Woman,58,Passenger,Desconegut                                                                                                                                            ,Unknown,Unknown,Minor injury: Hospitalization up to 24 hours,432131.07,4584631.66,2.186855248,41.408520352
2023S004191    ,10,Sant Martí,67,la Vila Olímpica del Poblenou,701266,Litoral (Llobregat),000860000,Tuesday,2023,7,July,11,Morning,6,No és causa del  vianant,Motorcycle,Man,45,Driver,Desconegut                                                                                                                                            ,Unknown,Oci i entreteniment,Minor injury: Medical assistance at accident site,432972.61,4582415.18,2.197168449,41.388627745
2023S004192    ,4,Les Corts,20,la Maternitat i Sant Ramon,144601,Diagonal,0621 0621,Tuesday,2023,7,July,11,Morning,11,No és causa del  vianant,Bus,Woman,50,Pedestrian,Desconegut                                                                                                                                            ,Unknown,Unknown,Minor injury: Hospitalization up to 24 hours,427067.42,4582366.31,2.126550566,41.38767356
2023S004193    ,6,Gràcia,32,el Camp d'en Grassot i Gràcia Nova,225500,Nàpols,0341 0341,Tuesday,2023,7,July,11,Morning,13,No és causa del  vianant,Veh. mobilitat personal amb motor,Man,84,Pedestrian,A la vorera / Andana                                                                                                                                  ,Unknown,Unknown,Minor injury: Hospitalization up to 24 hours,430428.41,4584255.78,2.166528988,41.404989279
2023S004194    ,2,Eixample,7,la Dreta de l'Eixample,49509,Bruc,0152 0152,Tuesday,2023,7,July,11,Morning,10,No és causa del  vianant,Motorcycle,Man,33,Driver,Desconegut                                                                                                                                            ,Unknown,Oci i entreteniment,Minor injury: Hospitalization up to 24 hours,430267.57,4583494.11,2.164692698,41.398115231
2023S004195    ,4,Les Corts,19,les Corts,55807,Francesc Macià,0007 0007,Tuesday,2023,7,July,11,Morning,13,Desobeir el senyal del semàfor,Car,Man,15,Pedestrian,En pas regulat per semàfor                                                                                                                            ,Oci i entreteniment,Unknown,Minor injury: Hospitalization up to 24 hours,428614.3,4582926.6,2.144984276,41.392858727
2023S004197    ,10,Sant Martí,64,el Camp de l'Arpa del Clot,209900,Meridiana,0139 0139,Tuesday,2023,7,July,11,Afternoon,15,No és causa del  vianant,Motorcycle,Man,32,Driver,Desconegut                                                                                                                                            ,Unknown,Oci i entreteniment,Minor injury: Hospitalization up to 24 hours,432134.81,4584834.86,2.186877189,41.410350829
2023S004197    ,10,Sant Martí,64,el Camp de l'Arpa del Clot,209900,Meridiana,0139 0139,Tuesday,2023,7,July,11,Afternoon,15,No és causa del  vianant,Motorcycle,Man,37,Driver,Desconegut                                                                                                                                            ,Unknown,Oci i entreteniment,Minor injury: Medical assistance at accident site,432134.81,4584834.86,2.186877189,41.410350829
2023S004198    ,4,Les Corts,21,Pedralbes,144601,Diagonal,0712 0716,Tuesday,2023,7,July,11,Afternoon,16,No és causa del  vianant,Car,Woman,58,Passenger,Desconegut                                                                                                                                            ,Unknown,Unknown,Minor injury: Hospitalization up to 24 hours,425404.65,4581888.6,2.106723804,41.383218483
2023S004199    ,9,Sant Andreu,61,la Sagrera,209900,Meridiana,0298 0298,Tuesday,2023,7,July,11,Afternoon,17,No és causa del  vianant,Car,Woman,37,Passenger,Desconegut                                                                                                                                            ,Unknown,Unknown,Minor injury: Medical assistance at accident site,432176.8,4586140.69,2.187233052,41.422115585
2023S004199    ,9,Sant Andreu,61,la Sagrera,209900,Meridiana,0298 0298,Tuesday,2023,7,July,11,Afternoon,17,No és causa del  vianant,Furgoneta,Man,48,Driver,Desconegut                                                                                                                                            ,Unknown,Unknown,Minor injury: Hospitalization up to 24 hours,432176.8,4586140.69,2.187233052,41.422115585
2023S004199    ,9,Sant Andreu,61,la Sagrera,209900,Meridiana,0298 0298,Tuesday,2023,7,July,11,Afternoon,17,No és causa del  vianant,Motorcycle,Woman,38,Driver,Desconegut                                                                                                                                            ,Unknown,Unknown,Minor injury: Hospitalization up to 24 hours,432176.8,4586140.69,2.187233052,41.422115585
2023S004199    ,9,Sant Andreu,61,la Sagrera,209900,Meridiana,0298 0298,Tuesday,2023,7,July,11,Afternoon,17,No és causa del  vianant,Motorcycle,Man,30,Driver,Desconegut                                                                                                                                            ,Unknown,Unknown,Minor injury: Hospitalization up to 24 hours,432176.8,4586140.69,2.187233052,41.422115585
2023S004199    ,9,Sant Andreu,61,la Sagrera,209900,Meridiana,0298 0298,Tuesday,2023,7,July,11,Afternoon,17,No és causa del  vianant,Car,Man,81,Driver,Desconegut                                                                                                                                            ,Unknown,Unknown,Minor injury: Hospitalization up to 24 hours,432176.8,4586140.69,2.187233052,41.422115585
2023S004200    ,2,Eixample,8,l'Antiga Esquerra de l'Eixample,23403,Aribau,0092 0092,Tuesday,2023,7,July,11,Afternoon,14,No és causa del  vianant,Bus,Woman,56,Passenger,Desconegut                                                                                                                                            ,Unknown,Unknown,Minor injury: Hospitalization up to 24 hours,429645.09,4582587.71,2.157352332,41.389897342
2023S004201    ,2,Eixample,7,la Dreta de l'Eixample,144601,Diagonal,0375 0375,Tuesday,2023,7,July,11,Afternoon,20,No és causa del  vianant,Car,Woman,30,Driver,Desconegut                                                                                                                                            ,Unknown,Altres activitats,Minor injury: Hospitalization up to 24 hours,429996.52,4583348.95,2.161467353,41.396784259
2023S004201    ,2,Eixample,7,la Dreta de l'Eixample,144601,Diagonal,0375 0375,Tuesday,2023,7,July,11,Afternoon,20,No és causa del  vianant,Car,Man,23,Driver,Desconegut                                                                                                                                            ,Unknown,Altres activitats,Minor injury: Hospitalization up to 24 hours,429996.52,4583348.95,2.161467353,41.396784259
2023S004201    ,2,Eixample,7,la Dreta de l'Eixample,144601,Diagonal,0375 0375,Tuesday,2023,7,July,11,Afternoon,20,No és causa del  vianant,Car,Woman,20,Passenger,Desconegut                                                                                                                                            ,Unknown,Unknown,Minor injury: Hospitalization up to 24 hours,429996.52,4583348.95,2.161467353,41.396784259
2023S004201    ,2,Eixample,7,la Dreta de l'Eixample,144601,Diagonal,0375 0375,Tuesday,2023,7,July,11,Afternoon,20,No és causa del  vianant,Car,Woman,9,Passenger,Desconegut                                                                                                                                            ,Unknown,Unknown,Minor injury: Hospitalization up to 24 hours,429996.52,4583348.95,2.161467353,41.396784259
2023S004201    ,2,Eixample,7,la Dreta de l'Eixample,144601,Diagonal,0375 0375,Tuesday,2023,7,July,11,Afternoon,20,No és causa del  vianant,Car,Man,38,Passenger,Desconegut                                                                                                                                            ,Unknown,Unknown,Minor injury: Hospitalization up to 24 hours,429996.52,4583348.95,2.161467353,41.396784259
2023S004202    ,2,Eixample,7,la Dreta de l'Eixample,305100,Sant Joan,0071 0071,Tuesday,2023,7,July,11,Afternoon,17,No és causa del  vianant,Veh. mobilitat personal amb motor,Man,31,Driver,Desconegut                                                                                                                                            ,Unknown,Unknown,Minor injury: Medical assistance at accident site,430880.87,4583424.29,2.172036613,41.397539366
2023S004202    ,2,Eixample,7,la Dreta de l'Eixample,305100,Sant Joan,0071 0071,Tuesday,2023,7,July,11,Afternoon,17,No és causa del  vianant,Motorcycle,Man,32,Driver,Desconegut                                                                                                                                            ,Unknown,Oci i entreteniment,Minor injury: Hospitalization up to 24 hours,430880.87,4583424.29,2.172036613,41.397539366
2023S004203    ,10,Sant Martí,69,Diagonal Mar i el Front Marítim del Poblenou,700892,Garcia Fària,0095X0095X,Tuesday,2023,7,July,11,Afternoon,20,No és causa del  vianant,Motorcycle,Woman,29,Passenger,Desconegut                                                                                                                                            ,Unknown,Unknown,Minor injury: Hospitalization up to 24 hours,434898.28,4584673.18,2.219956156,41.409123333
2023S004203    ,10,Sant Martí,69,Diagonal Mar i el Front Marítim del Poblenou,700892,Garcia Fària,0095X0095X,Tuesday,2023,7,July,11,Afternoon,20,No és causa del  vianant,Motorcycle,Man,30,Driver,Desconegut                                                                                                                                            ,Unknown,Unknown,Minor injury: Medical assistance at accident site,434898.28,4584673.18,2.219956156,41.409123333
2023S004204    ,2,Eixample,7,la Dreta de l'Eixample,32700,Balmes,0064 0064,Tuesday,2023,7,July,11,Afternoon,19,No és causa del  vianant,Bicicleta,Man,25,Driver,Desconegut                                                                                                                                            ,Unknown,Unknown,Minor injury: Hospitalization up to 24 hours,430022.75,4582583.06,2.16186964,41.389888424
2023S004205    ,1,Ciutat Vella,3,la Barceloneta,701266,Litoral (Llobregat),0022S0000,Tuesday,2023,7,July,11,Afternoon,16,No és causa del  vianant,Motorcycle,Man,52,Driver,Desconegut                                                                                                                                            ,Unknown,In itínere,Minor injury: Hospitalization up to 24 hours,432773.44,4582254.56,2.19480426,41.387164449
2023S004206    ,2,Eixample,8,l'Antiga Esquerra de l'Eixample,18505,Aragó,0128 0128,Tuesday,2023,7,July,11,Night,22,No és causa del  vianant,Bicicleta,Man,24,Driver,Desconegut                                                                                                                                            ,Unknown,In itínere,Minor injury: Medical assistance at accident site,429487.25,4582044.98,2.155527793,41.384995325
2023S004206    ,2,Eixample,8,l'Antiga Esquerra de l'Eixample,18505,Aragó,0128 0128,Tuesday,2023,7,July,11,Night,22,No és causa del  vianant,Veh. mobilitat personal amb motor,Man,28,Driver,Desconegut                                                                                                                                            ,Unknown,Oci i entreteniment,Minor injury: Medical assistance at accident site,429487.25,4582044.98,2.155527793,41.384995325