Case_Number,District_Code,District_Name,Neighborhood_Code,Neighborhood_Name,Street_Code,Street_Name,Postal_Code,Day_of_Week,Year,Month_Code,Month_Name,Day_of_Month,Shift_Description,Hour_of_Day,Pedestrian_Cause_Description,Involved_Vehicle_Type,Gender_Description,Age,Person_Type_Description,Pedestrian_Accident_Location_Description,Pedestrian_Movement_Reason_Description,Driver_Movement_Reason_Description,Victimization_Description,UTM_X_Coordinate,UTM_Y_Coordinate,Longitude,Latitude
2023S004281    ,10,Sant Martí,72,Sant Martí de Provençals,153205,Guipúscoa,0101 0101,Friday,2023,7,July,14,Afternoon,17,No és causa del  vianant,Bus,Man,27,Pedestrian,En pas regulat per semàfor                                                                                                                            ,In itinere,Unknown,Minor injury: Medical assistance at accident site,433366.06,4585856.75,2.201494928,41.41965779
2023S004282    ,3,Sants-Montjuïc,12,la Marina del Prat Vermell,175478,K Zona Franca,0039 0039,Saturday,2023,7,July,15,Night,3,No és causa del  vianant,Motorcycle,Woman,48,Driver,Desconegut                                                                                                                                            ,Unknown,En missió,Minor injury: Hospitalization up to 24 hours,425917.8,4576746.51,2.113488594,41.336953137
2023S004283    ,1,Ciutat Vella,4,"Sant Pere, Santa Caterina i la Ribera",163504,Isabel II,0002 0002,Friday,2023,7,July,14,Afternoon,19,No és causa del  vianant,Motorcycle,Man,35,Driver,Desconegut                                                                                                                                            ,Unknown,Unknown,Minor injury: Hospitalization up to 24 hours,431742.93,4581619.47,2.182551501,41.381357531
2023S004284    ,2,Eixample,7,la Dreta de l'Eixample,148307,Gràcia,0021 0021,Saturday,2023,7,July,15,Night,5,No és causa del  vianant,Taxi,Man,31,Passenger,Desconegut                                                                                                                                            ,Unknown,Unknown,Minor injury: Refused medical assistance,430456.33,4582637.21,2.167048993,41.390413762
2023S004285    ,7,Horta-Guinardó,35,el Guinardó,297001,Sant Antoni Maria Claret,0209 0209,Friday,2023,7,July,14,Afternoon,19,No és causa del  vianant,Motorcycle,Man,44,Driver,Desconegut                                                                                                                                            ,Unknown,Unknown,Minor injury: Hospitalization up to 24 hours,431494.04,4585351.75,2.17915265,41.414951902
2023S004286    ,3,Sants-Montjuïc,18,Sants,312400,Sants,0182 0184,Saturday,2023,7,July,15,Morning,8,No és causa del  vianant,"Camió rígid > 3,5 tones",Man,49,Driver,Desconegut                                                                                                                                            ,Unknown,En missió,Minor injury: Hospitalization up to 24 hours,427525.92,4581006.01,2.132196721,41.375463318
2023S004286    ,3,Sants-Montjuïc,18,Sants,312400,Sants,0182 0184,Saturday,2023,7,July,15,Morning,8,No és causa del  vianant,Car,Man,44,Driver,Desconegut                                                                                                                                            ,Unknown,Oci i entreteniment,Minor injury: Medical assistance at accident site,427525.92,4581006.01,2.132196721,41.375463318
2023S004287    ,2,Eixample,6,la Sagrada Família,289105,Rosselló,0453 0453,Saturday,2023,7,July,15,Morning,12,No és causa del  vianant,Motorcycle,Man,60,Driver,Desconegut                                                                                                                                            ,Unknown,Oci i entreteniment,Minor injury: Hospitalization up to 24 hours,431089.06,4584377.39,2.174418284,41.406141516
2023S004288    ,10,Sant Martí,72,Sant Martí de Provençals,342503,Treball,0224 0224,Saturday,2023,7,July,15,Morning,12,No és causa del  vianant,Bicicleta,Woman,30,Driver,Desconegut                                                                                                                                            ,Unknown,Unknown,Minor injury: Hospitalization up to 24 hours,433175.48,4585669.99,2.199235196,41.41795986
2023S004289    ,5,Sarrià-Sant Gervasi,26,Sant Gervasi - Galvany,701433,Mig (Ascendent),000400000,Saturday,2023,7,July,15,Afternoon,19,No és causa del  vianant,Motorcycle,Man,76,Driver,Desconegut                                                                                                                                            ,Unknown,Unknown,Minor injury: Hospitalization up to 24 hours,427605.52,4583482.64,2.1328524,41.397776536
2023S004290    ,2,Eixample,7,la Dreta de l'Eixample,32700,Balmes,0094 0094,Saturday,2023,7,July,15,Afternoon,18,No és causa del  vianant,Motorcycle,Man,55,Driver,Desconegut                                                                                                                                            ,Unknown,Altres activitats,Minor injury: Medical assistance at accident site,429836.05,4582774.51,2.15961454,41.391596478
2023S004290    ,2,Eixample,7,la Dreta de l'Eixample,32700,Balmes,0094 0094,Saturday,2023,7,July,15,Afternoon,18,No és causa del  vianant,Motorcycle,Woman,58,Passenger,Desconegut                                                                                                                                            ,Unknown,Unknown,Minor injury: Medical assistance at accident site,429836.05,4582774.51,2.15961454,41.391596478
2023S004291    ,4,Les Corts,19,les Corts,278302,Reina Maria Cristina,9999 9999,Saturday,2023,7,July,15,Afternoon,18,No és causa del  vianant,Motorcycle,Man,19,Passenger,Desconegut                                                                                                                                            ,Unknown,Unknown,Minor injury: Medical assistance at accident site,427067.42,4582366.31,2.126550566,41.38767356
2023S004291    ,4,Les Corts,19,les Corts,278302,Reina Maria Cristina,9999 9999,Saturday,2023,7,July,15,Afternoon,18,No és causa del  vianant,Motorcycle,Man,51,Driver,Desconegut                                                                                                                                            ,Unknown,Unknown,Minor injury: Medical assistance at accident site,427067.42,4582366.31,2.126550566,41.38767356
2023S004292    ,4,Les Corts,19,les Corts,144601,Diagonal,0545 0545,Saturday,2023,7,July,15,Afternoon,15,No és causa del  vianant,Tren o tramvia,Woman,86,Passenger,Desconegut                                                                                                                                            ,Unknown,Unknown,Minor injury: Hospitalization up to 24 hours,427769.46,4582595.23,2.134919226,41.389798734
2023S004293    ,2,Eixample,9,la Nova Esquerra de l'Eixample,362001,Vilamarí,0101 0101,Sunday,2023,7,July,16,Night,1,No és causa del  vianant,Motorcycle,Man,37,Driver,Desconegut                                                                                                                                            ,Unknown,Oci i entreteniment,Minor injury: Hospitalization up to 24 hours,428666.7,4581674.2,2.14575855,41.38158346
2023S004294    ,3,Sants-Montjuïc,17,Sants - Badal,30602,Badal,0151 0151,Saturday,2023,7,July,15,Night,22,No és causa del  vianant,Motorcycle,Man,35,Driver,Desconegut                                                                                                                                            ,Unknown,Unknown,Minor injury: Medical assistance at accident site,427426.77,4580841.64,2.131030859,41.373973958
2023S004294    ,3,Sants-Montjuïc,17,Sants - Badal,30602,Badal,0151 0151,Saturday,2023,7,July,15,Night,22,No és causa del  vianant,Veh. mobilitat personal amb motor,Woman,17,Driver,Desconegut                                                                                                                                            ,Unknown,Unknown,Minor injury: Hospitalization up to 24 hours,427426.77,4580841.64,2.131030859,41.373973958
2023S004295    ,2,Eixample,5,el Fort Pienc,178308,Lepant,0161 0165,Sunday,2023,7,July,16,Morning,6,No és causa del  vianant,Car,Woman,28,Passenger,Desconegut                                                                                                                                            ,Unknown,Unknown,Minor injury: Hospitalization up to 24 hours,431819.96,4583612.19,2.183248222,41.399311945
2023S004295    ,2,Eixample,5,el Fort Pienc,178308,Lepant,0161 0165,Sunday,2023,7,July,16,Morning,6,No és causa del  vianant,Car,Man,41,Driver,Desconegut                                                                                                                                            ,Unknown,In itínere,Minor injury: Refused medical assistance,431819.96,4583612.19,2.183248222,41.399311945
2023S004296    ,5,Sarrià-Sant Gervasi,26,Sant Gervasi - Galvany,143904,General Mitre,0112 0112,Sunday,2023,7,July,16,Night,5,No és causa del  vianant,Car,Man,30,Driver,Desconegut                                                                                                                                            ,Unknown,"Bombers, policia, ambulància",Minor injury: Refused medical assistance,427891.79,4583865.87,2.136230879,41.401253871
2023S004296    ,5,Sarrià-Sant Gervasi,26,Sant Gervasi - Galvany,143904,General Mitre,0112 0112,Sunday,2023,7,July,16,Night,5,No és causa del  vianant,Car,Man,19,Driver,Desconegut                                                                                                                                            ,Unknown,Unknown,Minor injury: Hospitalization up to 24 hours,427891.79,4583865.87,2.136230879,41.401253871
2023S004297    ,3,Sants-Montjuïc,11,el Poble-sec,198804,Paral·lel,0057 0061,Sunday,2023,7,July,16,Morning,6,Desobeir el senyal del semàfor,Car,Woman,38,Pedestrian,En pas regulat per semàfor                                                                                                                            ,Altres activitats,Unknown,Minor injury: Refused medical assistance,430712.83,4580896.42,2.170315898,41.374757127
2023S004298    ,2,Eixample,9,la Nova Esquerra de l'Eixample,18505,Aragó,0041 0041,Sunday,2023,7,July,16,Afternoon,14,No és causa del  vianant,Motorcycle,Woman,51,Driver,Desconegut                                                                                                                                            ,Unknown,Unknown,Minor injury: Hospitalization up to 24 hours,428875.47,4581460.32,2.148280205,41.379675608
2023S004299    ,1,Ciutat Vella,1,el Raval,269200,Portal de Santa Madrona,0028 0028,Sunday,2023,7,July,16,Afternoon,14,No és causa del  vianant,Car,Woman,31,Pedestrian,En pas sense regular                                                                                                                                  ,Unknown,Unknown,Minor injury: Medical assistance at accident site,431106.57,4581001.17,2.175011996,41.375734404
2023S004300    ,6,Gràcia,32,el Camp d'en Grassot i Gràcia Nova,344101,Gràcia,0256 0262,Sunday,2023,7,July,16,Afternoon,16,Creuar per fora pas de vianants,Veh. mobilitat personal amb motor,Man,53,Pedestrian,Fora del pas                                                                                                                                          ,Unknown,Unknown,Minor injury: Hospitalization up to 24 hours,430279.33,4584347.74,2.164734994,41.405804609
2023S004300    ,6,Gràcia,32,el Camp d'en Grassot i Gràcia Nova,344101,Gràcia,0256 0262,Sunday,2023,7,July,16,Afternoon,16,Creuar per fora pas de vianants,Veh. mobilitat personal amb motor,Man,20,Driver,Fora del pas                                                                                                                                          ,Unknown,Unknown,Minor injury: Hospitalization up to 24 hours,430279.33,4584347.74,2.164734994,41.405804609
2023S004301    ,9,Sant Andreu,59,el Bon Pastor,151957,Guayaquil,0047E0047E,Sunday,2023,7,July,16,Afternoon,17,No és causa del  vianant,Car,Woman,25,Passenger,Desconegut                                                                                                                                            ,Unknown,Unknown,Minor injury: Refused medical assistance,433863.66,4588355.65,2.207175377,41.442205804
2023S004301    ,9,Sant Andreu,59,el Bon Pastor,151957,Guayaquil,0047E0047E,Sunday,2023,7,July,16,Afternoon,17,No és causa del  vianant,Car,Woman,25,Driver,Desconegut                                                                                                                                            ,Unknown,Oci i entreteniment,Minor injury: Medical assistance at accident site,433863.66,4588355.65,2.207175377,41.442205804
2023S004302    ,10,Sant Martí,66,el Parc i la Llacuna del Poblenou,144601,Diagonal,0280X0280X,Sunday,2023,7,July,16,Afternoon,18,No és causa del  vianant,Motorcycle,Man,22,Driver,Desconegut                                                                                                                                            ,Unknown,Unknown,Minor injury: Hospitalization up to 24 hours,432355.3,4584151.19,2.189591531,41.404211809
2023S004303    ,2,Eixample,10,Sant Antoni,169409,Corts Catalanes,0380 0380,Sunday,2023,7,July,16,Afternoon,17,No és causa del  vianant,Car,Woman,65,Passenger,Desconegut                                                                                                                                            ,Unknown,Unknown,Minor injury: Refused medical assistance,429046.52,4581010.9,2.150378258,41.375642941
2023S004303    ,2,Eixample,10,Sant Antoni,169409,Corts Catalanes,0380 0380,Sunday,2023,7,July,16,Afternoon,17,No és causa del  vianant,Car,Man,66,Driver,Desconegut                                                                                                                                            ,Unknown,Unknown,Minor injury: Hospitalization up to 24 hours,429046.52,4581010.9,2.150378258,41.375642941
2023S004304    ,1,Ciutat Vella,4,"Sant Pere, Santa Caterina i la Ribera",131905,Forn de la Fonda,0005 0005,Sunday,2023,7,July,16,Afternoon,20,No és causa del  vianant,Bicicleta,Woman,43,Pedestrian,En zona peatonal                                                                                                                                      ,Unknown,Unknown,Minor injury: Medical assistance at accident site,431492.49,4582201.16,2.179490837,41.386575355
2023S004305    ,5,Sarrià-Sant Gervasi,23,Sarrià,28000,Augusta,0374X0374X,Sunday,2023,7,July,16,Afternoon,19,No és causa del  vianant,Motorcycle,Man,64,Driver,Desconegut                                                                                                                                            ,Unknown,Altres activitats,Minor injury: Hospitalization up to 24 hours,426603.85,4583960.83,2.120813205,41.401992532
2023S004305    ,5,Sarrià-Sant Gervasi,23,Sarrià,28000,Augusta,0374X0374X,Sunday,2023,7,July,16,Afternoon,19,No és causa del  vianant,Motorcycle,Woman,62,Passenger,Desconegut                                                                                                                                            ,Unknown,Unknown,Minor injury: Hospitalization up to 24 hours,426603.85,4583960.83,2.120813205,41.401992532
2023S004306    ,8,Nou Barris,46,el Turó de la Peira,342707,Travau,0037 0037,Sunday,2023,7,July,16,Afternoon,18,No és causa del  vianant,Veh. mobilitat personal amb motor,Woman,15,Driver,Desconegut                                                                                                                                            ,Unknown,Oci i entreteniment,Minor injury: Hospitalization up to 24 hours,430640.57,4587281.87,2.168719782,41.432262548
2023S004307    ,3,Sants-Montjuïc,15,Hostafrancs,94809,Creu Coberta,0109 0109,Sunday,2023,7,July,16,Afternoon,18,No és causa del  vianant,Motorcycle,Woman,30,Driver,Desconegut                                                                                                                                            ,Unknown,Oci i entreteniment,Minor injury: Hospitalization up to 24 hours,428391.91,4580975.3,2.142555147,41.37526429
2023S004307    ,3,Sants-Montjuïc,15,Hostafrancs,94809,Creu Coberta,0109 0109,Sunday,2023,7,July,16,Afternoon,18,No és causa del  vianant,Motorcycle,Man,53,Driver,Desconegut                                                                                                                                            ,Unknown,Oci i entreteniment,Minor injury: Medical assistance at accident site,428391.91,4580975.3,2.142555147,41.37526429
2023S004308    ,1,Ciutat Vella,2,el Barri Gòtic,269108,Portal de la Pau,0005 0005,Sunday,2023,7,July,16,Afternoon,19,Desobeir el senyal del semàfor,Autobús articulat,Woman,69,Pedestrian,En pas regulat per semàfor                                                                                                                            ,Unknown,Unknown,Minor injury: Hospitalization up to 24 hours,431358.53,4581040.46,2.178020316,41.376109822
2023S004309    ,10,Sant Martí,68,el Poblenou,42306,Bilbao,0116X0116X,Monday,2023,7,July,17,Morning,6,No és causa del  vianant,Veh. mobilitat personal amb motor,Man,31,Driver,Desconegut                                                                                                                                            ,Unknown,Unknown,Minor injury: Hospitalization up to 24 hours,433090.05,4584419.2,2.198351418,41.406687227
2023S004310    ,3,Sants-Montjuïc,11,el Poble-sec,5401,Albareda,0020 0020,Monday,2023,7,July,17,Morning,8,No és causa del  vianant,Motorcycle,Man,29,Driver,Desconegut                                                                                                                                            ,Unknown,In itínere,Minor injury: Hospitalization up to 24 hours,430989.11,4580790.74,2.173631457,41.373829049
2023S004311    ,1,Ciutat Vella,1,el Raval,308709,Sant Pau,0056 0072,Monday,2023,7,July,17,Morning,8,No és causa del  vianant,Motorcycle,Woman,29,Driver,Desconegut                                                                                                                                            ,Unknown,Unknown,Minor injury: Hospitalization up to 24 hours,430216.19,4581236.02,2.16433839,41.377772867
2023S004311    ,1,Ciutat Vella,1,el Raval,308709,Sant Pau,0056 0072,Monday,2023,7,July,17,Morning,8,No és causa del  vianant,Motorcycle,Man,35,Driver,Desconegut                                                                                                                                            ,Unknown,Unknown,Minor injury: Refused medical assistance,430216.19,4581236.02,2.16433839,41.377772867
2023S004312    ,2,Eixample,7,la Dreta de l'Eixample,49509,Bruc,0141 0141,Monday,2023,7,July,17,Morning,8,No és causa del  vianant,Veh. mobilitat personal amb motor,Man,67,Driver,Desconegut                                                                                                                                            ,Unknown,Oci i entreteniment,Minor injury: Hospitalization up to 24 hours,430233.4,4583497.63,2.164283571,41.398143968
2023S004313    ,6,Gràcia,30,la Salut,152905,Guinardó,0009 0009,Sunday,2023,7,July,16,Afternoon,20,No és causa del  vianant,Ciclomotor,Man,19,Driver,Desconegut                                                                                                                                            ,Unknown,Unknown,Minor injury: Hospitalization up to 24 hours,429951.55,4585070.46,2.160730119,41.412285379
2023S004314    ,2,Eixample,7,la Dreta de l'Eixample,350308,València,0231 0231,Sunday,2023,7,July,16,Night,1,No és causa del  vianant,Motorcycle,Woman,37,Passenger,Desconegut                                                                                                                                            ,Unknown,Unknown,Minor injury: Hospitalization up to 24 hours,429987.96,4582753.4,2.161433855,41.391419592
2023S004314    ,2,Eixample,7,la Dreta de l'Eixample,350308,València,0231 0231,Sunday,2023,7,July,16,Night,1,No és causa del  vianant,Motorcycle,Woman,36,Driver,Desconegut                                                                                                                                            ,Unknown,Oci i entreteniment,Minor injury: Hospitalization up to 24 hours,429987.96,4582753.4,2.161433855,41.391419592
2023S004316    ,2,Eixample,8,l'Antiga Esquerra de l'Eixample,363809,Villarroel,0113 0113,Monday,2023,7,July,17,Morning,11,No és causa del  vianant,Motorcycle,Man,26,Driver,Desconegut                                                                                                                                            ,Unknown,Unknown,Minor injury: Hospitalization up to 24 hours,429567.01,4582076.18,2.156478011,41.385283324
2023S004317    ,3,Sants-Montjuïc,11,el Poble-sec,114000,Espanya,9999 9999,Monday,2023,7,July,17,Morning,12,No és causa del  vianant,Car,Man,47,Driver,Desconegut                                                                                                                                            ,Unknown,Unknown,Minor injury: Hospitalization up to 24 hours,428828.16,4580797.28,2.147792371,41.373699644
2023S004318    ,-1,Unknown,-1,Unknown,-1,Unknown,Unknown,Monday,2023,7,July,17,Afternoon,15,No és causa del  vianant,Motorcycle,Man,42,Driver,Desconegut                                                                                                                                            ,Unknown,Unknown,Minor injury: Medical assistance at accident site,429688.64,4584955.16,2.157598074,41.411223945
2023S004319    ,10,Sant Martí,73,la Verneda i la Pau,153205,Guipúscoa,0137 0139,Monday,2023,7,July,17,Afternoon,14,No és causa del  vianant,Veh. mobilitat personal amb motor,Man,50,Driver,Desconegut                                                                                                                                            ,Unknown,Oci i entreteniment,Minor injury: Hospitalization up to 24 hours,433653.97,4586136.52,2.204909198,41.422201441
2023S004320    ,2,Eixample,7,la Dreta de l'Eixample,305100,Sant Joan,0094 0094,Monday,2023,7,July,17,Afternoon,14,No és causa del  vianant,Motorcycle,Man,50,Driver,Desconegut                                                                                                                                            ,Unknown,Oci i entreteniment,Minor injury: Hospitalization up to 24 hours,430786.51,4583519.87,2.170897011,41.398392104
2023S004321    ,2,Eixample,9,la Nova Esquerra de l'Eixample,362001,Vilamarí,0134B0134B,Monday,2023,7,July,17,Afternoon,15,No és causa del  vianant,Ciclomotor,Man,68,Driver,Desconegut                                                                                                                                            ,Unknown,Unknown,Minor injury: Medical assistance at accident site,428666.7,4581674.2,2.14575855,41.38158346
2023S004322    ,1,Ciutat Vella,1,el Raval,250904,Pelai,0008 0008,Monday,2023,7,July,17,Afternoon,15,No és causa del  vianant,Veh. mobilitat personal amb motor,Woman,42,Pedestrian,En zona peatonal                                                                                                                                      ,Unknown,Unknown,Minor injury: Hospitalization up to 24 hours,430290.44,4582124.95,2.16512393,41.385785629
2023S004323    ,7,Horta-Guinardó,33,el Baix Guinardó,68900,Cartagena,0385 0385,Monday,2023,7,July,17,Afternoon,17,No és causa del  vianant,Bus,Woman,39,Passenger,Desconegut                                                                                                                                            ,Unknown,Unknown,Minor injury: Hospitalization up to 24 hours,430733.8,4585298.35,2.170062863,41.414405743
2023S004324    ,2,Eixample,9,la Nova Esquerra de l'Eixample,285807,Rocafort,0179 0179,Monday,2023,7,July,17,Afternoon,18,No és causa del  vianant,Motorcycle,Man,57,Driver,Desconegut                                                                                                                                            ,Unknown,Oci i entreteniment,Minor injury: Medical assistance at accident site,428946.01,4581794.41,2.149084526,41.382690879
2023S004325    ,2,Eixample,10,Sant Antoni,362001,Vilamarí,0001 0003,Monday,2023,7,July,17,Afternoon,19,No és causa del  vianant,Motorcycle,Man,26,Driver,Desconegut                                                                                                                                            ,Unknown,Unknown,Minor injury: Medical assistance at accident site,429406.7,4580957.91,2.154691196,41.375197371
2023S004325    ,2,Eixample,10,Sant Antoni,362001,Vilamarí,0001 0003,Monday,2023,7,July,17,Afternoon,19,No és causa del  vianant,Motorcycle,Woman,34,Driver,Desconegut                                                                                                                                            ,Unknown,In itínere,Minor injury: Hospitalization up to 24 hours,429406.7,4580957.91,2.154691196,41.375197371
2023S004326    ,8,Nou Barris,49,Canyelles,120807,Favència,0041 0045,Monday,2023,7,July,17,Afternoon,19,No és causa del  vianant,Car,Woman,52,Pedestrian,En pas regulat per semàfor                                                                                                                            ,Unknown,Unknown,Minor injury: Hospitalization up to 24 hours,430457.12,4588348.41,2.166401501,41.441852588
2023S004328    ,2,Eixample,8,l'Antiga Esquerra de l'Eixample,169409,Corts Catalanes,0539 0539,Monday,2023,7,July,17,Night,23,No és causa del  vianant,Car,Man,25,Pedestrian,En pas regulat per semàfor                                                                                                                            ,Oci i entreteniment,Unknown,Minor injury: Hospitalization up to 24 hours,429834.07,4581818.31,2.15970167,41.382984122
2023S004328    ,2,Eixample,8,l'Antiga Esquerra de l'Eixample,169409,Corts Catalanes,0539 0539,Monday,2023,7,July,17,Night,23,No és causa del  vianant,Car,Man,53,Pedestrian,En pas regulat per semàfor                                                                                                                            ,Oci i entreteniment,Unknown,Minor injury: Hospitalization up to 24 hours,429834.07,4581818.31,2.15970167,41.382984122
2023S004329    ,8,Nou Barris,44,Vilapicina i la Torre Llobeta,194406,Maragall,0182 0182,Monday,2023,7,July,17,Afternoon,19,No és causa del  vianant,Autobús articulat,Woman,81,Passenger,Desconegut                                                                                                                                            ,Unknown,Unknown,Minor injury: Hospitalization up to 24 hours,431241.28,4586570.94,2.175989806,41.425911134
2023S004331    ,5,Sarrià-Sant Gervasi,23,Sarrià,37350,J. V. Foix,0073 0073,Tuesday,2023,7,July,18,Morning,9,No és causa del  vianant,Bicicleta,Man,45,Driver,Desconegut                                                                                                                                            ,Unknown,Unknown,Minor injury: Hospitalization up to 24 hours,426333.78,4583626.28,2.117623366,41.398954676
2023S004332    ,3,Sants-Montjuïc,16,la Bordeta,282252,Blanca,0163 0183,Tuesday,2023,7,July,18,Morning,9,No és causa del  vianant,Veh. mobilitat personal amb motor,Woman,45,Driver,Desconegut                                                                                                                                            ,Unknown,Unknown,Minor injury: Hospitalization up to 24 hours,427414.26,4580298.28,2.130946365,41.369078986
2023S004333    ,7,Horta-Guinardó,35,el Guinardó,334403,Teodor Llorente,0041 0041,Tuesday,2023,7,July,18,Morning,12,No és causa del  vianant,Veh. mobilitat personal amb motor,Woman,50,Driver,Desconegut                                                                                                                                            ,Unknown,Unknown,Minor injury: Hospitalization up to 24 hours,431376.2,4585779.25,2.177694223,41.418792194
2023S004334    ,10,Sant Martí,69,Diagonal Mar i el Front Marítim del Poblenou,701278,Taulat,0272 0278,Tuesday,2023,7,July,18,Morning,12,No és causa del  vianant,Motorcycle,Man,45,Driver,Desconegut                                                                                                                                            ,Unknown,In itínere,Minor injury: Hospitalization up to 24 hours,434694.17,4584722.6,2.217508933,41.40955188
2023S004335    ,10,Sant Martí,66,el Parc i la Llacuna del Poblenou,197302,Marina,0079 0079,Tuesday,2023,7,July,18,Morning,12,No és causa del  vianant,Veh. mobilitat personal amb motor,Woman,45,Driver,Desconegut                                                                                                                                            ,Unknown,In itínere,Minor injury: Hospitalization up to 24 hours,432301.89,4582921.06,2.189090234,41.393127869
2023S004336    ,6,Gràcia,28,Vallcarca i els Penitents,158107,Vallcarca,0107X0107X,Tuesday,2023,7,July,18,Morning,12,No és causa del  vianant,Car,Man,48,Passenger,Desconegut                                                                                                                                            ,Unknown,Unknown,Minor injury: Medical assistance at accident site,428681.18,4584971.95,2.145543083,41.411286352
2023S004336    ,6,Gràcia,28,Vallcarca i els Penitents,158107,Vallcarca,0107X0107X,Tuesday,2023,7,July,18,Morning,12,No és causa del  vianant,Car,Woman,38,Driver,Desconegut                                                                                                                                            ,Unknown,Oci i entreteniment,Minor injury: Hospitalization up to 24 hours,428681.18,4584971.95,2.145543083,41.411286352
2023S004337    ,4,Les Corts,19,les Corts,144601,Diagonal,0650 0650,Tuesday,2023,7,July,18,Morning,12,No és causa del  vianant,Car,Woman,36,Passenger,Desconegut                                                                                                                                            ,Unknown,Unknown,Minor injury: Hospitalization up to 24 hours,427575.97,4582577.49,2.13260725,41.389621548
2023S004337    ,4,Les Corts,19,les Corts,144601,Diagonal,0650 0650,Tuesday,2023,7,July,18,Morning,12,No és causa del  vianant,Car,Man,46,Driver,Desconegut                                                                                                                                            ,Unknown,Unknown,Minor injury: Hospitalization up to 24 hours,427575.97,4582577.49,2.13260725,41.389621548
2023S004338    ,2,Eixample,9,la Nova Esquerra de l'Eixample,361406,Viladomat,0141 0143,Tuesday,2023,7,July,18,Afternoon,14,No és causa del  vianant,Motorcycle,Man,34,Driver,Desconegut                                                                                                                                            ,Unknown,In itínere,Minor injury: Hospitalization up to 24 hours,429444.29,4581642.99,2.15506087,41.381370965
2023S004340    ,3,Sants-Montjuïc,12,la Marina del Prat Vermell,222206,Motors,0203 0203,Tuesday,2023,7,July,18,Morning,13,No és causa del  vianant,Motorcycle,Man,41,Driver,Desconegut                                                                                                                                            ,Unknown,Oci i entreteniment,Minor injury: Hospitalization up to 24 hours,429109.69,4578434.46,2.151434902,41.35244331
2023S004340    ,3,Sants-Montjuïc,12,la Marina del Prat Vermell,222206,Motors,0203 0203,Tuesday,2023,7,July,18,Morning,13,No és causa del  vianant,Car,Man,35,Driver,Desconegut                                                                                                                                            ,Unknown,Oci i entreteniment,Minor injury: Medical assistance at accident site,429109.69,4578434.46,2.151434902,41.35244331
2023S004341    ,2,Eixample,7,la Dreta de l'Eixample,28305,Ausiàs Marc,0001 0001,Tuesday,2023,7,July,18,Afternoon,16,No és causa del  vianant,Ciclomotor,Man,27,Driver,Desconegut                                                                                                                                            ,Unknown,Unknown,Minor injury: Hospitalization up to 24 hours,430987.16,4582551.3,2.173407521,41.389685744
2023S004342    ,2,Eixample,8,l'Antiga Esquerra de l'Eixample,169409,Corts Catalanes,0571 0571,Tuesday,2023,7,July,18,Afternoon,14,No és causa del  vianant,Motorcycle,Man,37,Driver,Desconegut                                                                                                                                            ,Unknown,Unknown,Minor injury: Hospitalization up to 24 hours,430025.03,4582004.98,2.161963719,41.384682041
2023S004343    ,9,Sant Andreu,61,la Sagrera,97206,Vallès i Ribot,0008 0008,Tuesday,2023,7,July,18,Afternoon,17,No és causa del  vianant,Bicicleta,Man,29,Driver,Desconegut                                                                                                                                            ,Unknown,En missió,Minor injury: Hospitalization up to 24 hours,432317.88,4586209.49,2.188913493,41.422747149
2023S004344    ,3,Sants-Montjuïc,12,la Marina del Prat Vermell,701265,Litoral (Besòs),001530000,Tuesday,2023,7,July,18,Afternoon,17,No és causa del  vianant,Motorcycle,Man,39,Driver,Desconegut                                                                                                                                            ,Unknown,In itínere,Minor injury: Hospitalization up to 24 hours,428296.55,4577849.21,2.141784635,41.347100121
2023S004345    ,2,Eixample,6,la Sagrada Família,144601,Diagonal,0338 0338,Tuesday,2023,7,July,18,Afternoon,17,No és causa del  vianant,Bicicleta,Woman,10,Pedestrian,Desconegut                                                                                                                                            ,Unknown,Unknown,Minor injury: Hospitalization up to 24 hours,431061.46,4583690.43,2.174166388,41.399951918
2023S004345    ,2,Eixample,6,la Sagrada Família,144601,Diagonal,0338 0338,Tuesday,2023,7,July,18,Afternoon,17,No és causa del  vianant,Bicicleta,Woman,9,Pedestrian,Desconegut                                                                                                                                            ,Unknown,Unknown,Minor injury: Hospitalization up to 24 hours,431061.46,4583690.43,2.174166388,41.399951918
2023S004345    ,2,Eixample,6,la Sagrada Família,144601,Diagonal,0338 0338,Tuesday,2023,7,July,18,Afternoon,17,No és causa del  vianant,Bicicleta,Man,17,Pedestrian,Desconegut                                                                                                                                            ,Unknown,Unknown,Minor injury: Medical assistance at accident site,431061.46,4583690.43,2.174166388,41.399951918
2023S004346    ,2,Eixample,7,la Dreta de l'Eixample,268003,Provença,0330 0330,Tuesday,2023,7,July,18,Afternoon,18,No és causa del  vianant,Bicicleta,Woman,27,Driver,Desconegut                                                                                                                                            ,Unknown,In itínere,Minor injury: Hospitalization up to 24 hours,430282.81,4583388.59,2.164887147,41.397166169
2023S004347    ,5,Sarrià-Sant Gervasi,24,les Tres Torres,320704,Sarrià,0150 0152,Tuesday,2023,7,July,18,Afternoon,17,No és causa del  vianant,Car,Woman,4,Passenger,Desconegut                                                                                                                                            ,Unknown,Unknown,Minor injury: Hospitalization up to 24 hours,427430.32,4582878.74,2.1308292,41.392321652
2023S004347    ,5,Sarrià-Sant Gervasi,24,les Tres Torres,320704,Sarrià,0150 0152,Tuesday,2023,7,July,18,Afternoon,17,No és causa del  vianant,Car,Woman,45,Driver,Desconegut                                                                                                                                            ,Unknown,Oci i entreteniment,Minor injury: Hospitalization up to 24 hours,427430.32,4582878.74,2.1308292,41.392321652