Case_Number,District_Code,District_Name,Neighborhood_Code,Neighborhood_Name,Street_Code,Street_Name,Postal_Code,Day_of_Week,Year,Month_Code,Month_Name,Day_of_Month,Shift_Description,Hour_of_Day,Pedestrian_Cause_Description,Involved_Vehicle_Type,Gender_Description,Age,Person_Type_Description,Pedestrian_Accident_Location_Description,Pedestrian_Movement_Reason_Description,Driver_Movement_Reason_Description,Victimization_Description,UTM_X_Coordinate,UTM_Y_Coordinate,Longitude,Latitude
2023S004428    ,5,Sarrià-Sant Gervasi,26,Sant Gervasi - Galvany,139805,Ganduxer,0014 0016,Friday,2023,7,July,21,Afternoon,16,No és causa del  vianant,Motorcycle,Woman,45,Driver,Desconegut                                                                                                                                            ,Unknown,En missió,Minor injury: Medical assistance at accident site,428083.42,4582947.19,2.13863231,41.392996851
2023S004429    ,10,Sant Martí,69,Diagonal Mar i el Front Marítim del Poblenou,144601,Diagonal,0032 0032,Friday,2023,7,July,21,Afternoon,18,No és causa del  vianant,Motorcycle,Woman,25,Driver,Desconegut                                                                                                                                            ,Unknown,Oci i entreteniment,Minor injury: Medical assistance at accident site,434435.8,4584827.32,2.214406531,41.410474022
2023S004429    ,10,Sant Martí,69,Diagonal Mar i el Front Marítim del Poblenou,144601,Diagonal,0032 0032,Friday,2023,7,July,21,Afternoon,18,No és causa del  vianant,Motorcycle,Man,42,Driver,Desconegut                                                                                                                                            ,Unknown,Oci i entreteniment,Minor injury: Refused medical assistance,434435.8,4584827.32,2.214406531,41.410474022
2023S004431    ,8,Nou Barris,48,la Guineueta,351901,Valldaura,0150 0152,Friday,2023,7,July,21,Afternoon,14,No és causa del  vianant,Motorcycle,Man,41,Driver,Desconegut                                                                                                                                            ,Unknown,Unknown,Minor injury: Hospitalization up to 24 hours,430446.33,4588059.23,2.16630566,41.439247122
2023S004432    ,2,Eixample,7,la Dreta de l'Eixample,144601,Diagonal,0397 0397,Friday,2023,7,July,21,Afternoon,19,Desobeir el senyal del semàfor,Veh. mobilitat personal amb motor,Woman,24,Pedestrian,En pas regulat per semàfor                                                                                                                            ,Oci i entreteniment,Unknown,Minor injury: Medical assistance at accident site,429611.29,4583250.11,2.156871059,41.395860394
2023S004432    ,2,Eixample,7,la Dreta de l'Eixample,144601,Diagonal,0397 0397,Friday,2023,7,July,21,Afternoon,19,Desobeir el senyal del semàfor,Veh. mobilitat personal amb motor,Man,28,Driver,En pas regulat per semàfor                                                                                                                            ,Unknown,In itínere,Minor injury: Hospitalization up to 24 hours,429611.29,4583250.11,2.156871059,41.395860394
2023S004433    ,5,Sarrià-Sant Gervasi,27,el Putxet i el Farró,143904,General Mitre,0214 0214,Friday,2023,7,July,21,Afternoon,16,No és causa del  vianant,Motorcycle,Man,66,Driver,Desconegut                                                                                                                                            ,Unknown,Oci i entreteniment,Minor injury: Hospitalization up to 24 hours,428742.84,4584338.59,2.146355388,41.405587397
2023S004434    ,7,Horta-Guinardó,33,el Baix Guinardó,152905,Guinardó,0044 0044,Friday,2023,7,July,21,Afternoon,15,No és causa del  vianant,Motorcycle,Man,28,Driver,Desconegut                                                                                                                                            ,Unknown,Unknown,Minor injury: Refused medical assistance,430416.97,4585012.39,2.166305088,41.411802816
2023S004435    ,4,Les Corts,20,la Maternitat i Sant Ramon,187207,Madrid,0031 0031,Friday,2023,7,July,21,Night,22,No és causa del  vianant,Motorcycle,Woman,21,Passenger,Desconegut                                                                                                                                            ,Unknown,Unknown,Minor injury: Hospitalization up to 24 hours,426901.8,4581168.8,2.124714391,41.376873024
2023S004435    ,4,Les Corts,20,la Maternitat i Sant Ramon,187207,Madrid,0031 0031,Friday,2023,7,July,21,Night,22,No és causa del  vianant,Motorcycle,Woman,37,Driver,Desconegut                                                                                                                                            ,Unknown,Oci i entreteniment,Minor injury: Hospitalization up to 24 hours,426901.8,4581168.8,2.124714391,41.376873024
2023S004437    ,2,Eixample,8,l'Antiga Esquerra de l'Eixample,289105,Rosselló,0175 0175,Friday,2023,7,July,21,Afternoon,21,No és causa del  vianant,Motorcycle,Man,19,Driver,Desconegut                                                                                                                                            ,Unknown,Unknown,Minor injury: Hospitalization up to 24 hours,429399.49,4582707.65,2.154401,41.390956068
2023S004438    ,3,Sants-Montjuïc,18,Sants,331507,Tarragona,0185X0185X,Saturday,2023,7,July,22,Night,1,Desobeir el senyal del semàfor,Car,Woman,24,Pedestrian,En pas regulat per semàfor                                                                                                                            ,Unknown,Unknown,Minor injury: Medical assistance at accident site,428334.0,4581417.71,2.141810369,41.379243764
2023S004439    ,2,Eixample,7,la Dreta de l'Eixample,18505,Aragó,0297 0297,Friday,2023,7,July,21,Night,22,No és causa del  vianant,Motorcycle,Man,39,Driver,Desconegut                                                                                                                                            ,Unknown,Unknown,Minor injury: Hospitalization up to 24 hours,430498.67,4583050.27,2.167507952,41.394137725
2023S004440    ,1,Ciutat Vella,1,el Raval,198804,Paral·lel,0054 0054,Saturday,2023,7,July,22,Night,5,No és causa del  vianant,Bicicleta,Woman,21,Driver,Desconegut                                                                                                                                            ,Unknown,Oci i entreteniment,Minor injury: Hospitalization up to 24 hours,430748.02,4580935.14,2.170732244,41.375108898
2023S004442    ,6,Gràcia,28,Vallcarca i els Penitents,33509,Ballester,0085 0085,Saturday,2023,7,July,22,Morning,12,No és causa del  vianant,Ciclomotor,Woman,20,Driver,Desconegut                                                                                                                                            ,Unknown,Unknown,Minor injury: Hospitalization up to 24 hours,428893.94,4584705.0,2.148119881,41.408900898
2023S004443    ,7,Horta-Guinardó,43,Horta,352507,Vall d'Hebron,0272U0278U,Saturday,2023,7,July,22,Morning,13,No és causa del  vianant,Car,Woman,28,Passenger,Desconegut                                                                                                                                            ,Unknown,Unknown,Minor injury: Hospitalization up to 24 hours,429398.22,4587988.75,2.153769143,41.438520813
2023S004443    ,7,Horta-Guinardó,43,Horta,352507,Vall d'Hebron,0272U0278U,Saturday,2023,7,July,22,Morning,13,No és causa del  vianant,Car,Man,28,Passenger,Desconegut                                                                                                                                            ,Unknown,Unknown,Minor injury: Hospitalization up to 24 hours,429398.22,4587988.75,2.153769143,41.438520813
2023S004444    ,-1,Unknown,-1,Unknown,-1,Unknown,Unknown,Saturday,2023,7,July,22,Afternoon,14,No és causa del  vianant,Autobús articulat,Woman,26,Passenger,Desconegut                                                                                                                                            ,Unknown,Unknown,Minor injury: Refused medical assistance,434419.1,4584784.71,2.214211356,41.410088881
2023S004444    ,-1,Unknown,-1,Unknown,-1,Unknown,Unknown,Saturday,2023,7,July,22,Afternoon,14,No és causa del  vianant,Autobús articulat,Woman,64,Passenger,Desconegut                                                                                                                                            ,Unknown,Unknown,Minor injury: Hospitalization up to 24 hours,434419.1,4584784.71,2.214211356,41.410088881
2023S004444    ,-1,Unknown,-1,Unknown,-1,Unknown,Unknown,Saturday,2023,7,July,22,Afternoon,14,No és causa del  vianant,Autobús articulat,Man,38,Passenger,Desconegut                                                                                                                                            ,Unknown,Unknown,Minor injury: Refused medical assistance,434419.1,4584784.71,2.214211356,41.410088881
2023S004445    ,2,Eixample,10,Sant Antoni,349706,Comte d'Urgell,0012 0012,Saturday,2023,7,July,22,Morning,13,No és causa del  vianant,Bicicleta,Woman,43,Pedestrian,En pas regulat per semàfor                                                                                                                            ,Unknown,Unknown,Minor injury: Refused medical assistance,430029.45,4581426.92,2.162083363,41.379476019
2023S004446    ,2,Eixample,7,la Dreta de l'Eixample,169409,Corts Catalanes,0648 0648,Saturday,2023,7,July,22,Morning,13,No és causa del  vianant,Motorcycle,Man,27,Passenger,Desconegut                                                                                                                                            ,Unknown,Unknown,Minor injury: Hospitalization up to 24 hours,430694.58,4582659.98,2.169895858,41.390639421
2023S004446    ,2,Eixample,7,la Dreta de l'Eixample,169409,Corts Catalanes,0648 0648,Saturday,2023,7,July,22,Morning,13,No és causa del  vianant,Motorcycle,Man,35,Driver,Desconegut                                                                                                                                            ,Unknown,Oci i entreteniment,Minor injury: Hospitalization up to 24 hours,430694.58,4582659.98,2.169895858,41.390639421
2023S004447    ,8,Nou Barris,48,la Guineueta,351901,Valldaura,0115 0115,Saturday,2023,7,July,22,Afternoon,16,No és causa del  vianant,Car,Man,47,Driver,Desconegut                                                                                                                                            ,Unknown,Unknown,Minor injury: Medical assistance at accident site,430268.77,4588059.45,2.164180427,41.439233695
2023S004448    ,3,Sants-Montjuïc,11,el Poble-sec,198804,Paral·lel,0115B0115B,Saturday,2023,7,July,22,Afternoon,15,No és causa del  vianant,Motorcycle,Woman,53,Passenger,Desconegut                                                                                                                                            ,Unknown,Unknown,Minor injury: Hospitalization up to 24 hours,429928.43,4580928.19,2.160933058,41.374975315
2023S004449    ,5,Sarrià-Sant Gervasi,24,les Tres Torres,113007,Escoles Pies,0037 0039,Saturday,2023,7,July,22,Afternoon,15,No és causa del  vianant,"Camió rígid <= 3,5 tones",Man,31,Driver,Desconegut                                                                                                                                            ,Unknown,Altres activitats,Minor injury: Medical assistance at accident site,427631.17,4583529.52,2.1331536,41.398201075
2023S004449    ,5,Sarrià-Sant Gervasi,24,les Tres Torres,113007,Escoles Pies,0037 0039,Saturday,2023,7,July,22,Afternoon,15,No és causa del  vianant,"Camió rígid <= 3,5 tones",Man,55,Passenger,Desconegut                                                                                                                                            ,Unknown,Unknown,Minor injury: Medical assistance at accident site,427631.17,4583529.52,2.1331536,41.398201075
2023S004449    ,5,Sarrià-Sant Gervasi,24,les Tres Torres,113007,Escoles Pies,0037 0039,Saturday,2023,7,July,22,Afternoon,15,No és causa del  vianant,Car,Man,89,Driver,Desconegut                                                                                                                                            ,Unknown,Unknown,Minor injury: Hospitalization up to 24 hours,427631.17,4583529.52,2.1331536,41.398201075
2023S004450    ,-1,Unknown,-1,Unknown,-1,Unknown,Unknown,Saturday,2023,7,July,22,Afternoon,15,No és causa del  vianant,Bus,Woman,37,Passenger,Desconegut                                                                                                                                            ,Unknown,Unknown,Minor injury: Hospitalization up to 24 hours,434359.57,4584802.93,2.213497176,41.410248122
2023S004451    ,3,Sants-Montjuïc,18,Sants,88001,Comtes de Bell-lloc,0113 0113,Saturday,2023,7,July,22,Afternoon,16,No és causa del  vianant,Bicicleta,Man,24,Driver,Desconegut                                                                                                                                            ,Unknown,Unknown,Minor injury: Hospitalization up to 24 hours,427920.05,4581643.37,2.136833557,41.381239205
2023S004452    ,2,Eixample,8,l'Antiga Esquerra de l'Eixample,268003,Provença,0164B0164B,Saturday,2023,7,July,22,Afternoon,16,No és causa del  vianant,Veh. mobilitat personal amb motor,Man,26,Driver,Desconegut                                                                                                                                            ,Unknown,In itínere,Minor injury: Hospitalization up to 24 hours,429263.55,4582400.41,2.152811049,41.388176913
2023S004453    ,5,Sarrià-Sant Gervasi,22,"Vallvidrera, el Tibidabo i les Planes",335654,Vallvidrera al Tibidabo,0006 0008,Saturday,2023,7,July,22,Afternoon,18,No és causa del  vianant,Car,Woman,30,Passenger,Desconegut                                                                                                                                            ,Unknown,Unknown,Minor injury: Hospitalization up to 24 hours,425826.22,4585547.39,2.111316657,41.416210523
2023S004453    ,5,Sarrià-Sant Gervasi,22,"Vallvidrera, el Tibidabo i les Planes",335654,Vallvidrera al Tibidabo,0006 0008,Saturday,2023,7,July,22,Afternoon,18,No és causa del  vianant,Car,Woman,27,Driver,Desconegut                                                                                                                                            ,Unknown,Oci i entreteniment,Minor injury: Hospitalization up to 24 hours,425826.22,4585547.39,2.111316657,41.416210523
2023S004454    ,2,Eixample,7,la Dreta de l'Eixample,350308,València,0347 0347,Saturday,2023,7,July,22,Afternoon,20,No és causa del  vianant,Ciclomotor,Woman,22,Driver,Desconegut                                                                                                                                            ,Unknown,Oci i entreteniment,Minor injury: Hospitalization up to 24 hours,430721.45,4583472.37,2.170124235,41.39795868
2023S004455    ,3,Sants-Montjuïc,15,Hostafrancs,331507,Tarragona,0177 0181,Saturday,2023,7,July,22,Afternoon,20,Creuar per fora pas de vianants,Car,Man,46,Pedestrian,Fora del pas                                                                                                                                          ,Unknown,Unknown,Serious injury: Hospitalization over 24 hours,428525.15,4581452.65,2.144091995,41.379575468
2023S004456    ,10,Sant Martí,69,Diagonal Mar i el Front Marítim del Poblenou,700892,Garcia Fària,0063X0069X,Saturday,2023,7,July,22,Night,23,No és causa del  vianant,Motorcycle,Man,40,Driver,Desconegut                                                                                                                                            ,Unknown,Oci i entreteniment,Minor injury: Medical assistance at accident site,434403.02,4584111.59,2.214091981,41.404024934
2023S004457    ,1,Ciutat Vella,1,el Raval,198804,Paral·lel,0054 0054,Saturday,2023,7,July,22,Night,22,No és causa del  vianant,Ciclomotor,Man,32,Driver,Desconegut                                                                                                                                            ,Unknown,Oci i entreteniment,Minor injury: Hospitalization up to 24 hours,430748.02,4580935.14,2.170732244,41.375108898
2023S004458    ,2,Eixample,9,la Nova Esquerra de l'Eixample,349706,Comte d'Urgell,0121 0123,Saturday,2023,7,July,22,Night,22,No és causa del  vianant,Motorcycle,Woman,15,Passenger,Desconegut                                                                                                                                            ,Unknown,Unknown,Minor injury: Hospitalization up to 24 hours,429407.84,4582040.16,2.154578693,41.384944945
2023S004458    ,2,Eixample,9,la Nova Esquerra de l'Eixample,349706,Comte d'Urgell,0121 0123,Saturday,2023,7,July,22,Night,22,No és causa del  vianant,Car,Man,36,Driver,Desconegut                                                                                                                                            ,Unknown,Unknown,Minor injury: Hospitalization up to 24 hours,429407.84,4582040.16,2.154578693,41.384944945
2023S004458    ,2,Eixample,9,la Nova Esquerra de l'Eixample,349706,Comte d'Urgell,0121 0123,Saturday,2023,7,July,22,Night,22,No és causa del  vianant,Motorcycle,Woman,47,Driver,Desconegut                                                                                                                                            ,Unknown,Oci i entreteniment,Minor injury: Hospitalization up to 24 hours,429407.84,4582040.16,2.154578693,41.384944945
2023S004459    ,9,Sant Andreu,59,el Bon Pastor,701498,B-10 (Besòs),000070000,Saturday,2023,7,July,22,Night,23,No és causa del  vianant,Car,Woman,24,Passenger,Desconegut                                                                                                                                            ,Unknown,Unknown,Minor injury: Refused medical assistance,433072.06,4589234.31,2.197602819,41.450053966
2023S004459    ,9,Sant Andreu,59,el Bon Pastor,701498,B-10 (Besòs),000070000,Saturday,2023,7,July,22,Night,23,No és causa del  vianant,Car,Woman,25,Passenger,Desconegut                                                                                                                                            ,Unknown,Unknown,Minor injury: Refused medical assistance,433072.06,4589234.31,2.197602819,41.450053966
2023S004459    ,9,Sant Andreu,59,el Bon Pastor,701498,B-10 (Besòs),000070000,Saturday,2023,7,July,22,Night,23,No és causa del  vianant,Car,Woman,45,Passenger,Desconegut                                                                                                                                            ,Unknown,Unknown,Minor injury: Refused medical assistance,433072.06,4589234.31,2.197602819,41.450053966
2023S004459    ,9,Sant Andreu,59,el Bon Pastor,701498,B-10 (Besòs),000070000,Saturday,2023,7,July,22,Night,23,No és causa del  vianant,Car,Man,14,Passenger,Desconegut                                                                                                                                            ,Unknown,Unknown,Minor injury: Refused medical assistance,433072.06,4589234.31,2.197602819,41.450053966
2023S004459    ,9,Sant Andreu,59,el Bon Pastor,701498,B-10 (Besòs),000070000,Saturday,2023,7,July,22,Night,23,No és causa del  vianant,Car,Man,28,Driver,Desconegut                                                                                                                                            ,Unknown,Oci i entreteniment,Minor injury: Refused medical assistance,433072.06,4589234.31,2.197602819,41.450053966
2023S004460    ,4,Les Corts,19,les Corts,343903,Corts,0293 0293,Sunday,2023,7,July,23,Night,1,No és causa del  vianant,Motorcycle,Man,37,Driver,Desconegut                                                                                                                                            ,Unknown,Unknown,Minor injury: Hospitalization up to 24 hours,427788.9,4582270.55,2.135190448,41.386876212
2023S004461    ,8,Nou Barris,53,la Trinitat Nova,4409,Aiguablava,0075 0075,Sunday,2023,7,July,23,Night,4,No és causa del  vianant,Bicicleta,Man,22,Driver,Desconegut                                                                                                                                            ,Unknown,Altres activitats,Minor injury: Hospitalization up to 24 hours,431987.67,4589255.87,2.184619145,41.450156942
2023S004462    ,3,Sants-Montjuïc,15,Hostafrancs,89004,Consell de Cent,0002 0002,Sunday,2023,7,July,23,Morning,7,No és causa del  vianant,Ciclomotor,Man,34,Driver,Desconegut                                                                                                                                            ,Unknown,Oci i entreteniment,Minor injury: Hospitalization up to 24 hours,428479.25,4580984.01,2.143598456,41.375350509
2023S004463    ,2,Eixample,5,el Fort Pienc,169409,Corts Catalanes,0701 0703,Sunday,2023,7,July,23,Morning,10,No és causa del  vianant,Motorcycle,Man,28,Driver,Desconegut                                                                                                                                            ,Unknown,Oci i entreteniment,Minor injury: Medical assistance at accident site,431350.64,4583265.77,2.177673671,41.396151889
2023S004464    ,2,Eixample,5,el Fort Pienc,225500,Nàpols,0182 0182,Sunday,2023,7,July,23,Morning,13,No és causa del  vianant,Motorcycle,Man,25,Driver,Desconegut                                                                                                                                            ,Unknown,Unknown,Minor injury: Medical assistance at accident site,431165.13,4583515.16,2.175426404,41.398382202
2023S004465    ,2,Eixample,9,la Nova Esquerra de l'Eixample,268003,Provença,0054 0054,Sunday,2023,7,July,23,Afternoon,14,No és causa del  vianant,Bicicleta,Woman,29,Driver,Desconegut                                                                                                                                            ,Unknown,Oci i entreteniment,Minor injury: Hospitalization up to 24 hours,428690.81,4581838.58,2.14602751,41.383066112
2023S004466    ,7,Horta-Guinardó,35,el Guinardó,367402,Volart,0037 0037,Sunday,2023,7,July,23,Afternoon,15,No és causa del  vianant,Motorcycle,Woman,34,Passenger,Desconegut                                                                                                                                            ,Unknown,Unknown,Minor injury: Hospitalization up to 24 hours,431396.41,4585509.24,2.177966682,41.41636203
2023S004466    ,7,Horta-Guinardó,35,el Guinardó,367402,Volart,0037 0037,Sunday,2023,7,July,23,Afternoon,15,No és causa del  vianant,Motorcycle,Man,41,Driver,Desconegut                                                                                                                                            ,Unknown,Unknown,Minor injury: Hospitalization up to 24 hours,431396.41,4585509.24,2.177966682,41.41636203
2023S004467    ,6,Gràcia,31,la Vila de Gràcia,28000,Augusta,0048 0054,Sunday,2023,7,July,23,Afternoon,17,No és causa del  vianant,Ciclomotor,Woman,18,Passenger,Desconegut                                                                                                                                            ,Unknown,Unknown,Minor injury: Medical assistance at accident site,429338.23,4583530.7,2.153572236,41.398363609
2023S004467    ,6,Gràcia,31,la Vila de Gràcia,28000,Augusta,0048 0054,Sunday,2023,7,July,23,Afternoon,17,No és causa del  vianant,Ciclomotor,Man,18,Driver,Desconegut                                                                                                                                            ,Unknown,Oci i entreteniment,Minor injury: Medical assistance at accident site,429338.23,4583530.7,2.153572236,41.398363609
2023S004467    ,6,Gràcia,31,la Vila de Gràcia,28000,Augusta,0048 0054,Sunday,2023,7,July,23,Afternoon,17,No és causa del  vianant,Motorcycle,Man,47,Driver,Desconegut                                                                                                                                            ,Unknown,Oci i entreteniment,Minor injury: Refused medical assistance,429338.23,4583530.7,2.153572236,41.398363609
2023S004468    ,2,Eixample,5,el Fort Pienc,73900,Castillejos,0165 0165,Sunday,2023,7,July,23,Afternoon,20,No és causa del  vianant,Motorcycle,Woman,56,Driver,Desconegut                                                                                                                                            ,Unknown,In itínere,Minor injury: Medical assistance at accident site,432046.09,4583751.41,2.185937483,41.400585014
2023S004469    ,3,Sants-Montjuïc,13,la Marina de Port,230601,Mare de Déu de Port,0387B0387B,Sunday,2023,7,July,23,Afternoon,21,No és causa del  vianant,Motorcycle,Man,59,Driver,Desconegut                                                                                                                                            ,Unknown,En missió,Minor injury: Medical assistance at accident site,428096.35,4579708.56,2.139171392,41.363828832
2023S004470    ,5,Sarrià-Sant Gervasi,26,Sant Gervasi - Galvany,28000,Augusta,0033 0033,Sunday,2023,7,July,23,Afternoon,21,No és causa del  vianant,Bicicleta,Woman,27,Driver,Desconegut                                                                                                                                            ,Unknown,Oci i entreteniment,Minor injury: Hospitalization up to 24 hours,429378.61,4583452.96,2.154064311,41.397666981
2023S004471    ,7,Horta-Guinardó,42,la Clota,700921,Clota,9999 9999,Monday,2023,7,July,24,Night,0,No és causa del  vianant,Motorcycle,Man,23,Driver,Desconegut                                                                                                                                            ,Unknown,In itínere,Minor injury: Hospitalization up to 24 hours,429102.66,4586644.14,2.150389457,41.426384416
2023S004472    ,2,Eixample,7,la Dreta de l'Eixample,28305,Ausiàs Marc,0001 0001,Sunday,2023,7,July,23,Afternoon,20,No és causa del  vianant,Car,Woman,30,Driver,Desconegut                                                                                                                                            ,Unknown,Altres activitats,Minor injury: Medical assistance at accident site,430987.16,4582551.3,2.173407521,41.389685744
2023S004472    ,2,Eixample,7,la Dreta de l'Eixample,28305,Ausiàs Marc,0001 0001,Sunday,2023,7,July,23,Afternoon,20,No és causa del  vianant,Car,Man,44,Driver,Desconegut                                                                                                                                            ,Unknown,Altres activitats,Minor injury: Hospitalization up to 24 hours,430987.16,4582551.3,2.173407521,41.389685744
2023S004472    ,2,Eixample,7,la Dreta de l'Eixample,28305,Ausiàs Marc,0001 0001,Sunday,2023,7,July,23,Afternoon,20,No és causa del  vianant,Car,Woman,22,Passenger,Desconegut                                                                                                                                            ,Unknown,Unknown,Minor injury: Hospitalization up to 24 hours,430987.16,4582551.3,2.173407521,41.389685744
2023S004472    ,2,Eixample,7,la Dreta de l'Eixample,28305,Ausiàs Marc,0001 0001,Sunday,2023,7,July,23,Afternoon,20,No és causa del  vianant,Car,Woman,23,Passenger,Desconegut                                                                                                                                            ,Unknown,Unknown,Minor injury: Hospitalization up to 24 hours,430987.16,4582551.3,2.173407521,41.389685744
2023S004472    ,2,Eixample,7,la Dreta de l'Eixample,28305,Ausiàs Marc,0001 0001,Sunday,2023,7,July,23,Afternoon,20,No és causa del  vianant,Car,Woman,24,Passenger,Desconegut                                                                                                                                            ,Unknown,Unknown,Minor injury: Hospitalization up to 24 hours,430987.16,4582551.3,2.173407521,41.389685744
2023S004473    ,8,Nou Barris,53,la Trinitat Nova,4409,Aiguablava,0121 0121,Sunday,2023,7,July,23,Afternoon,20,No és causa del  vianant,Motorcycle,Woman,43,Passenger,Desconegut                                                                                                                                            ,Unknown,Unknown,Minor injury: Hospitalization up to 24 hours,432182.7,4589606.93,2.186914403,41.453335324
2023S004474    ,8,Nou Barris,44,Vilapicina i la Torre Llobeta,14107,Amílcar,0026 0026,Sunday,2023,7,July,23,Afternoon,19,No és causa del  vianant,Ciclomotor,Woman,33,Passenger,Desconegut                                                                                                                                            ,Unknown,Unknown,Minor injury: Hospitalization up to 24 hours,430919.51,4586890.95,2.172102749,41.428765728
2023S004474    ,8,Nou Barris,44,Vilapicina i la Torre Llobeta,14107,Amílcar,0026 0026,Sunday,2023,7,July,23,Afternoon,19,No és causa del  vianant,Ciclomotor,Man,32,Driver,Desconegut                                                                                                                                            ,Unknown,Oci i entreteniment,Minor injury: Hospitalization up to 24 hours,430919.51,4586890.95,2.172102749,41.428765728
2023S004474    ,8,Nou Barris,44,Vilapicina i la Torre Llobeta,14107,Amílcar,0026 0026,Sunday,2023,7,July,23,Afternoon,19,No és causa del  vianant,Veh. mobilitat personal amb motor,Woman,37,Driver,Desconegut                                                                                                                                            ,Unknown,Oci i entreteniment,Minor injury: Hospitalization up to 24 hours,430919.51,4586890.95,2.172102749,41.428765728
2023S004475    ,3,Sants-Montjuïc,12,la Marina del Prat Vermell,375706,Número 60 Zona Franca,0026 0030,Monday,2023,7,July,24,Night,5,No és causa del  vianant,Car,Man,56,Driver,Desconegut                                                                                                                                            ,Unknown,In itínere,Minor injury: Hospitalization up to 24 hours,428608.62,4577923.34,2.145505773,41.347795521
2023S004477    ,4,Les Corts,19,les Corts,199909,Marquès de Sentmenat,0022 0024,Monday,2023,7,July,24,Morning,10,No és causa del  vianant,Furgoneta,Man,62,Driver,Desconegut                                                                                                                                            ,Unknown,In itínere,Minor injury: Hospitalization up to 24 hours,427783.06,4582023.59,2.13515006,41.384651413
2023S004478    ,10,Sant Martí,71,Provençals del Poblenou,253902,Perú,0104X0104X,Monday,2023,7,July,24,Morning,9,No és causa del  vianant,Motorcycle,Man,53,Driver,Desconegut                                                                                                                                            ,Unknown,Oci i entreteniment,Minor injury: Medical assistance at accident site,433022.74,4584713.53,2.197513589,41.409332569
2023S004479    ,8,Nou Barris,44,Vilapicina i la Torre Llobeta,24304,Arnau d'Oms,0026 0026,Monday,2023,7,July,24,Morning,10,No és causa del  vianant,Motorcycle,Man,39,Driver,Desconegut                                                                                                                                            ,Unknown,En missió,Minor injury: Hospitalization up to 24 hours,431342.91,4586991.3,2.1771582,41.429705868
2023S004480    ,9,Sant Andreu,59,el Bon Pastor,151957,Guayaquil,0041B0041B,Monday,2023,7,July,24,Morning,12,No és causa del  vianant,Car,Woman,39,Driver,Desconegut                                                                                                                                            ,Unknown,Unknown,Minor injury: Hospitalization up to 24 hours,433587.74,4588759.27,2.203828319,41.445818292
2023S004481    ,10,Sant Martí,70,el Besòs i el Maresme,701266,Litoral (Llobregat),000540000,Tuesday,2023,7,July,25,Morning,9,No és causa del  vianant,Car,Woman,21,Driver,Desconegut                                                                                                                                            ,Unknown,Oci i entreteniment,Minor injury: Hospitalization up to 24 hours,435047.6,4584825.9,2.221726157,41.410510936
2023S004482    ,2,Eixample,7,la Dreta de l'Eixample,144601,Diagonal,0390 0390,Monday,2023,7,July,24,Morning,12,No és causa del  vianant,Motorcycle,Man,45,Driver,Desconegut                                                                                                                                            ,Unknown,In itínere,Minor injury: Hospitalization up to 24 hours,430278.77,4583465.06,2.164830013,41.397854559
2023S004483    ,7,Horta-Guinardó,43,Horta,701268,Dalt (Llobregat),001250000,Monday,2023,7,July,24,Morning,12,No és causa del  vianant,Car,Man,38,Driver,Desconegut                                                                                                                                            ,Unknown,Unknown,Minor injury: Medical assistance at accident site,429398.22,4587988.75,2.153769143,41.438520813
2023S004484    ,3,Sants-Montjuïc,11,el Poble-sec,198702,Francesc Ferrer i Guàrdia,0001 0005,Monday,2023,7,July,24,Morning,13,No és causa del  vianant,Motorcycle,Woman,33,Driver,Desconegut                                                                                                                                            ,Unknown,Unknown,Minor injury: Hospitalization up to 24 hours,429128.42,4580567.28,2.151409448,41.37165462
2023S004485    ,-1,Unknown,-1,Unknown,-1,Unknown,Unknown,Monday,2023,7,July,24,Afternoon,15,No és causa del  vianant,Motorcycle,Man,59,Driver,Desconegut                                                                                                                                            ,Unknown,Oci i entreteniment,Minor injury: Medical assistance at accident site,425557.5,4582600.33,2.108464159,41.389642883
2023S004486    ,2,Eixample,7,la Dreta de l'Eixample,18505,Aragó,0295 0295,Monday,2023,7,July,24,Afternoon,15,No és causa del  vianant,Motorcycle,Woman,30,Driver,Desconegut                                                                                                                                            ,Unknown,In itínere,Minor injury: Hospitalization up to 24 hours,430498.67,4583050.27,2.167507952,41.394137725
2023S004487    ,2,Eixample,9,la Nova Esquerra de l'Eixample,331507,Tarragona,0068U0068U,Monday,2023,7,July,24,Afternoon,15,No és causa del  vianant,Bus,Woman,49,Passenger,Desconegut                                                                                                                                            ,Unknown,Unknown,Minor injury: Medical assistance at accident site,428933.64,4581033.69,2.149025852,41.375838237
2023S004488    ,3,Sants-Montjuïc,11,el Poble-sec,86902,Nou de la Rambla,0132 0132,Monday,2023,7,July,24,Afternoon,16,No és causa del  vianant,Tractor camió,Woman,25,Pedestrian,Desconegut                                                                                                                                            ,Unknown,Unknown,Minor injury: Hospitalization up to 24 hours,430555.57,4580766.22,2.168450443,41.37357089
2023S004489    ,3,Sants-Montjuïc,12,la Marina del Prat Vermell,701266,Litoral (Llobregat),001480000,Monday,2023,7,July,24,Afternoon,19,No és causa del  vianant,Motorcycle,Man,41,Driver,Desconegut                                                                                                                                            ,Unknown,Unknown,Minor injury: Medical assistance at accident site,429174.43,4578325.16,2.152221502,41.351464575
2023S004490    ,2,Eixample,7,la Dreta de l'Eixample,268003,Provença,0289 0289,Monday,2023,7,July,24,Afternoon,15,No és causa del  vianant,Bicicleta,Man,45,Driver,Desconegut                                                                                                                                            ,Unknown,Unknown,Minor injury: Medical assistance at accident site,430216.17,4583338.88,2.164095783,41.396712664