Case_Number,District_Code,District_Name,Neighborhood_Code,Neighborhood_Name,Street_Code,Street_Name,Postal_Code,Day_of_Week,Year,Month_Code,Month_Name,Day_of_Month,Shift_Description,Hour_of_Day,Pedestrian_Cause_Description,Involved_Vehicle_Type,Gender_Description,Age,Person_Type_Description,Pedestrian_Accident_Location_Description,Pedestrian_Movement_Reason_Description,Driver_Movement_Reason_Description,Victimization_Description,UTM_X_Coordinate,UTM_Y_Coordinate,Longitude,Latitude
2023S004634    ,9,Sant Andreu,63,Navas,86108,Concepción Arenal,0023 0027,Sunday,2023,7,July,30,Afternoon,15,Desobeir el senyal del semàfor,Motorcycle,Man,26,Driver,En pas regulat per semàfor                                                                                                                            ,Unknown,Unknown,Minor injury: Medical assistance at accident site,431886.01,4585919.95,2.183778373,41.420102837
2023S004635    ,2,Eixample,5,el Fort Pienc,169409,Corts Catalanes,0806 0812,Sunday,2023,7,July,30,Afternoon,14,No és causa del  vianant,Ciclomotor,Woman,25,Passenger,Desconegut                                                                                                                                            ,Unknown,Unknown,Minor injury: Hospitalization up to 24 hours,431843.45,4583785.44,2.183509686,41.40087435
2023S004635    ,2,Eixample,5,el Fort Pienc,169409,Corts Catalanes,0806 0812,Sunday,2023,7,July,30,Afternoon,14,No és causa del  vianant,Ciclomotor,Man,27,Driver,Desconegut                                                                                                                                            ,Unknown,In itínere,Minor injury: Hospitalization up to 24 hours,431843.45,4583785.44,2.183509686,41.40087435
2023S004636    ,3,Sants-Montjuïc,11,el Poble-sec,189202,Magalhães,0039 0039,Sunday,2023,7,July,30,Afternoon,18,No és causa del  vianant,Motorcycle,Man,37,Driver,Desconegut                                                                                                                                            ,Unknown,En missió,Serious injury: Hospitalization over 24 hours,430103.68,4580617.97,2.163064338,41.372196504
2023S004636    ,3,Sants-Montjuïc,11,el Poble-sec,189202,Magalhães,0039 0039,Sunday,2023,7,July,30,Afternoon,18,No és causa del  vianant,Taxi,Man,40,Driver,Desconegut                                                                                                                                            ,Unknown,Taxi,Minor injury: Refused medical assistance,430103.68,4580617.97,2.163064338,41.372196504
2023S004637    ,2,Eixample,7,la Dreta de l'Eixample,169409,Corts Catalanes,9998 9998,Sunday,2023,7,July,30,Afternoon,15,No és causa del  vianant,Motorcycle,Man,35,Driver,Desconegut                                                                                                                                            ,Unknown,Oci i entreteniment,Minor injury: Hospitalization up to 24 hours,430452.15,4582422.95,2.167023614,41.388483628
2023S004638    ,8,Nou Barris,50,les Roquetes,701268,Dalt (Llobregat),001440000,Sunday,2023,7,July,30,Afternoon,18,No és causa del  vianant,Car,Woman,29,Passenger,Desconegut                                                                                                                                            ,Unknown,Unknown,Minor injury: Hospitalization up to 24 hours,431162.96,4588643.52,2.174816375,41.444571395
2023S004639    ,2,Eixample,7,la Dreta de l'Eixample,169409,Corts Catalanes,9997 9997,Sunday,2023,7,July,30,Afternoon,21,No és causa del  vianant,Motorcycle,Woman,27,Passenger,Desconegut                                                                                                                                            ,Unknown,Unknown,Minor injury: Medical assistance at accident site,430786.78,4582752.66,2.170987978,41.391482105
2023S004639    ,2,Eixample,7,la Dreta de l'Eixample,169409,Corts Catalanes,9997 9997,Sunday,2023,7,July,30,Afternoon,21,No és causa del  vianant,Motorcycle,Woman,55,Passenger,Desconegut                                                                                                                                            ,Unknown,Unknown,Minor injury: Hospitalization up to 24 hours,430786.78,4582752.66,2.170987978,41.391482105
2023S004639    ,2,Eixample,7,la Dreta de l'Eixample,169409,Corts Catalanes,9997 9997,Sunday,2023,7,July,30,Afternoon,21,No és causa del  vianant,Motorcycle,Man,31,Driver,Desconegut                                                                                                                                            ,Unknown,Unknown,Minor injury: Refused medical assistance,430786.78,4582752.66,2.170987978,41.391482105
2023S004640    ,1,Ciutat Vella,1,el Raval,269200,Portal de Santa Madrona,0014 0014,Sunday,2023,7,July,30,Night,23,No és causa del  vianant,Veh. mobilitat personal amb motor,Man,12,Driver,Desconegut                                                                                                                                            ,Unknown,Oci i entreteniment,Minor injury: Hospitalization up to 24 hours,431141.53,4581056.3,2.175423758,41.376233939
2023S004642    ,5,Sarrià-Sant Gervasi,23,Sarrià,44709,Bonanova,0086 0086,Monday,2023,7,July,31,Night,1,No és causa del  vianant,Veh. mobilitat personal amb motor,Man,20,Driver,Desconegut                                                                                                                                            ,Unknown,Unknown,Minor injury: Medical assistance at accident site,426909.24,4583916.22,2.124471666,41.401618584
2023S004643    ,2,Eixample,9,la Nova Esquerra de l'Eixample,287201,Roma,0030 0030,Monday,2023,7,July,31,Morning,9,No és causa del  vianant,Veh. mobilitat personal amb motor,Man,53,Pedestrian,A la vorera / Andana                                                                                                                                  ,Unknown,Unknown,Minor injury: Medical assistance at accident site,428666.7,4581674.2,2.14575855,41.38158346
2023S004643    ,2,Eixample,9,la Nova Esquerra de l'Eixample,287201,Roma,0030 0030,Monday,2023,7,July,31,Morning,9,No és causa del  vianant,Veh. mobilitat personal amb motor,Man,20,Driver,A la vorera / Andana                                                                                                                                  ,Unknown,Unknown,Minor injury: Medical assistance at accident site,428666.7,4581674.2,2.14575855,41.38158346
2023S004645    ,10,Sant Martí,68,el Poblenou,701265,Litoral (Besòs),000740000,Monday,2023,7,July,31,Morning,11,Desobeir el senyal del semàfor,"Camió rígid <= 3,5 tones",Man,62,Pedestrian,En pas regulat per semàfor                                                                                                                            ,Oci i entreteniment,Unknown,Serious injury: Hospitalization over 24 hours,433805.72,4583170.62,2.207049651,41.395500854
2023S004646    ,5,Sarrià-Sant Gervasi,26,Sant Gervasi - Galvany,32700,Balmes,0197 0197,Monday,2023,7,July,31,Morning,11,No és causa del  vianant,Car,Man,61,Driver,Desconegut                                                                                                                                            ,Unknown,Unknown,Minor injury: Refused medical assistance,429232.44,4583420.98,2.152319669,41.397366091
2023S004646    ,5,Sarrià-Sant Gervasi,26,Sant Gervasi - Galvany,32700,Balmes,0197 0197,Monday,2023,7,July,31,Morning,11,No és causa del  vianant,Car,Man,65,Driver,Desconegut                                                                                                                                            ,Unknown,Unknown,Minor injury: Hospitalization up to 24 hours,429232.44,4583420.98,2.152319669,41.397366091
2023S004647    ,2,Eixample,7,la Dreta de l'Eixample,148307,Gràcia,0082 0082,Monday,2023,7,July,31,Afternoon,14,No és causa del  vianant,Ciclomotor,Woman,53,Driver,Desconegut                                                                                                                                            ,Unknown,Unknown,Minor injury: Hospitalization up to 24 hours,430092.87,4583083.16,2.162650512,41.394398763
2023S004648    ,3,Sants-Montjuïc,18,Sants,88001,Comtes de Bell-lloc,0051 0051,Monday,2023,7,July,31,Afternoon,15,No és causa del  vianant,Taxi,Woman,29,Pedestrian,En pas sense regular                                                                                                                                  ,Unknown,Unknown,Minor injury: Hospitalization up to 24 hours,428008.34,4581447.56,2.137912623,41.379483525
2023S004649    ,2,Eixample,6,la Sagrada Família,350308,València,0415 0415,Monday,2023,7,July,31,Afternoon,15,No és causa del  vianant,Bicicleta,Woman,58,Driver,Desconegut                                                                                                                                            ,Unknown,Unknown,Minor injury: Hospitalization up to 24 hours,431139.81,4583881.22,2.175081879,41.401677021
2023S004650    ,2,Eixample,6,la Sagrada Família,350308,València,0510 0510,Monday,2023,7,July,31,Afternoon,14,No és causa del  vianant,Furgoneta,Man,45,Driver,Desconegut                                                                                                                                            ,Unknown,Unknown,Minor injury: Medical assistance at accident site,431555.53,4584270.88,2.180010678,41.405222088
2023S004650    ,2,Eixample,6,la Sagrada Família,350308,València,0510 0510,Monday,2023,7,July,31,Afternoon,14,No és causa del  vianant,Motorcycle,Man,26,Driver,Desconegut                                                                                                                                            ,Unknown,Unknown,Minor injury: Hospitalization up to 24 hours,431555.53,4584270.88,2.180010678,41.405222088
2023S004652    ,10,Sant Martí,71,Provençals del Poblenou,701414,C-31,020760000,Monday,2023,7,July,31,Afternoon,18,No és causa del  vianant,Car,Woman,55,Driver,Desconegut                                                                                                                                            ,Unknown,Unknown,Minor injury: Medical assistance at accident site,433387.03,4585365.5,2.201799975,41.415234978
2023S004653    ,5,Sarrià-Sant Gervasi,26,Sant Gervasi - Galvany,701433,Mig (Ascendent),000400000,Monday,2023,7,July,31,Afternoon,20,No és causa del  vianant,Car,Woman,22,Driver,Desconegut                                                                                                                                            ,Unknown,Altres activitats,Minor injury: Hospitalization up to 24 hours,427605.52,4583482.64,2.1328524,41.397776536
2023S004653    ,5,Sarrià-Sant Gervasi,26,Sant Gervasi - Galvany,701433,Mig (Ascendent),000400000,Monday,2023,7,July,31,Afternoon,20,No és causa del  vianant,Car,Man,61,Driver,Desconegut                                                                                                                                            ,Unknown,Altres activitats,Minor injury: Hospitalization up to 24 hours,427605.52,4583482.64,2.1328524,41.397776536
2023S004654    ,2,Eixample,5,el Fort Pienc,169409,Corts Catalanes,0806 0812,Monday,2023,7,July,31,Afternoon,21,No és causa del  vianant,Car,Woman,24,Driver,Desconegut                                                                                                                                            ,Unknown,Unknown,Minor injury: Refused medical assistance,431830.18,4583734.58,2.183356681,41.400415143
2023S004655    ,3,Sants-Montjuïc,12,la Marina del Prat Vermell,180,A Zona Franca,0048X0048X,Monday,2023,7,July,31,Night,22,No és causa del  vianant,Car,Man,29,Driver,Desconegut                                                                                                                                            ,Unknown,In itínere,Minor injury: Hospitalization up to 24 hours,428020.43,4576283.26,2.138670171,41.33297144
2023S004656    ,3,Sants-Montjuïc,11,el Poble-sec,114000,Espanya,9999 9999,Monday,2023,7,July,31,Night,23,No és causa del  vianant,Veh. mobilitat personal amb motor,Man,24,Driver,Desconegut                                                                                                                                            ,Unknown,Unknown,Minor injury: Hospitalization up to 24 hours,428963.08,4580901.67,2.149393354,41.374651778
2023S004658    ,4,Les Corts,20,la Maternitat i Sant Ramon,244209,Joan XXIII,0018 0018,Tuesday,2023,8,August,1,Morning,9,No és causa del  vianant,Car,Man,46,Driver,Desconegut                                                                                                                                            ,Unknown,Taxi,Minor injury: Hospitalization up to 24 hours,426724.1,4582010.62,2.12248772,41.384438788
2023S004660    ,10,Sant Martí,65,el Clot,18505,Aragó,0556 0556,Thursday,2023,7,July,27,Afternoon,20,No és causa del  vianant,Motorcycle,Man,32,Driver,Desconegut                                                                                                                                            ,Unknown,Unknown,Minor injury: Hospitalization up to 24 hours,431934.16,4584454.66,2.184519459,41.406909506
2023S004661    ,2,Eixample,7,la Dreta de l'Eixample,247659,Pau Claris,0122 0124,Tuesday,2023,8,August,1,Morning,11,No és causa del  vianant,Car,Woman,31,Passenger,Desconegut                                                                                                                                            ,Unknown,Unknown,Minor injury: Hospitalization up to 24 hours,430451.43,4582923.73,2.166957469,41.392993934
2023S004661    ,2,Eixample,7,la Dreta de l'Eixample,247659,Pau Claris,0122 0124,Tuesday,2023,8,August,1,Morning,11,No és causa del  vianant,Car,Man,41,Driver,Desconegut                                                                                                                                            ,Unknown,Unknown,Minor injury: Medical assistance at accident site,430451.43,4582923.73,2.166957469,41.392993934
2023S004662    ,5,Sarrià-Sant Gervasi,25,Sant Gervasi - la Bonanova,101008,Tibidabo,0031 0031,Tuesday,2023,8,August,1,Morning,12,No és causa del  vianant,Motorcycle,Man,25,Driver,Desconegut                                                                                                                                            ,Unknown,Unknown,Minor injury: Hospitalization up to 24 hours,427782.28,4585202.75,2.134761317,41.413284761
2023S004664    ,8,Nou Barris,48,la Guineueta,351901,Valldaura,0145 0145,Tuesday,2023,8,August,1,Morning,12,No és causa del  vianant,Autobús articulat,Man,87,Passenger,Desconegut                                                                                                                                            ,Unknown,Unknown,Minor injury: Medical assistance at accident site,430596.99,4588038.52,2.168111284,41.439073639
2023S004665    ,1,Ciutat Vella,4,"Sant Pere, Santa Caterina i la Ribera",46205,Bòria,0019 0019,Tuesday,2023,8,August,1,Morning,13,No és causa del  vianant,Taxi,Man,45,Pedestrian,En zona peatonal                                                                                                                                      ,En missió,Unknown,Minor injury: Refused medical assistance,431431.65,4581975.52,2.178788783,41.384537892
2023S004666    ,2,Eixample,8,l'Antiga Esquerra de l'Eixample,110304,Enric Granados,0153 0155,Tuesday,2023,8,August,1,Morning,13,No és causa del  vianant,Bicicleta,Man,34,Pedestrian,Altres                                                                                                                                                ,Oci i entreteniment,Unknown,Minor injury: Hospitalization up to 24 hours,429324.14,4583091.52,2.153454989,41.394406831
2023S004667    ,2,Eixample,7,la Dreta de l'Eixample,144601,Diagonal,0361B0361B,Tuesday,2023,8,August,1,Afternoon,14,No és causa del  vianant,Veh. mobilitat personal amb motor,Woman,21,Driver,Desconegut                                                                                                                                            ,Unknown,Unknown,Minor injury: Hospitalization up to 24 hours,430134.59,4583421.81,2.163110418,41.397452499
2023S004668    ,6,Gràcia,31,la Vila de Gràcia,344000,Dalt,0018 0018,Tuesday,2023,8,August,1,Afternoon,17,No és causa del  vianant,Motorcycle,Man,56,Driver,Desconegut                                                                                                                                            ,Unknown,Altres activitats,Minor injury: Hospitalization up to 24 hours,429259.61,4584650.84,2.152500851,41.408445382
2023S004668    ,6,Gràcia,31,la Vila de Gràcia,344000,Dalt,0018 0018,Tuesday,2023,8,August,1,Afternoon,17,No és causa del  vianant,Motorcycle,Man,27,Passenger,Desconegut                                                                                                                                            ,Unknown,Unknown,Minor injury: Hospitalization up to 24 hours,429259.61,4584650.84,2.152500851,41.408445382
2023S004669    ,2,Eixample,9,la Nova Esquerra de l'Eixample,54509,Calàbria,0189 0189,Tuesday,2023,8,August,1,Morning,13,No és causa del  vianant,Motorcycle,Man,39,Driver,Desconegut                                                                                                                                            ,Unknown,Unknown,Minor injury: Medical assistance at accident site,428973.69,4581930.81,2.149399541,41.383921833
2023S004671    ,2,Eixample,7,la Dreta de l'Eixample,18505,Aragó,0305 0305,Tuesday,2023,8,August,1,Afternoon,16,No és causa del  vianant,Motorcycle,Man,42,Driver,Desconegut                                                                                                                                            ,Unknown,Unknown,Minor injury: Refused medical assistance,430553.27,4583126.71,2.168152234,41.394830916
2023S004672    ,5,Sarrià-Sant Gervasi,25,Sant Gervasi - la Bonanova,143904,General Mitre,0115 0115,Tuesday,2023,8,August,1,Afternoon,19,No és causa del  vianant,Ciclomotor,Man,20,Driver,Desconegut                                                                                                                                            ,Unknown,Oci i entreteniment,Minor injury: Hospitalization up to 24 hours,427891.79,4583865.87,2.136230879,41.401253871
2023S004673    ,4,Les Corts,19,les Corts,172403,Joan Güell,0175X0175X,Tuesday,2023,8,August,1,Afternoon,17,No és causa del  vianant,Motorcycle,Man,46,Pedestrian,En pas sense regular                                                                                                                                  ,Unknown,Unknown,Minor injury: Refused medical assistance,427443.74,4581918.9,2.131104731,41.383677962
2023S004673    ,4,Les Corts,19,les Corts,172403,Joan Güell,0175X0175X,Tuesday,2023,8,August,1,Afternoon,17,No és causa del  vianant,Motorcycle,Woman,46,Driver,En pas sense regular                                                                                                                                  ,Unknown,Unknown,Minor injury: Refused medical assistance,427443.74,4581918.9,2.131104731,41.383677962
2023S004675    ,2,Eixample,9,la Nova Esquerra de l'Eixample,268003,Provença,0001 0005,Tuesday,2023,8,August,1,Night,23,No és causa del  vianant,Bicicleta,Woman,30,Pedestrian,En pas sense regular                                                                                                                                  ,Oci i entreteniment,Unknown,Minor injury: Hospitalization up to 24 hours,428451.42,4581620.35,2.143190526,41.381079326
2023S004676    ,3,Sants-Montjuïc,13,la Marina de Port,137300,Foneria,0042B0042B,Wednesday,2023,8,August,2,Night,0,No és causa del  vianant,Motorcycle,Man,44,Driver,Desconegut                                                                                                                                            ,Unknown,In itínere,Minor injury: Hospitalization up to 24 hours,428152.27,4579392.2,2.139877412,41.360984477
2023S004676    ,3,Sants-Montjuïc,13,la Marina de Port,137300,Foneria,0042B0042B,Wednesday,2023,8,August,2,Night,0,No és causa del  vianant,Car,Woman,25,Driver,Desconegut                                                                                                                                            ,Unknown,Oci i entreteniment,Minor injury: Hospitalization up to 24 hours,428152.27,4579392.2,2.139877412,41.360984477
2023S004677    ,10,Sant Martí,71,Provençals del Poblenou,701414,C-31,020750000,Wednesday,2023,8,August,2,Morning,6,No és causa del  vianant,Car,Man,31,Driver,Desconegut                                                                                                                                            ,Unknown,In itínere,Minor injury: Hospitalization up to 24 hours,433349.55,4585185.38,2.201371396,41.413609577
2023S004678    ,9,Sant Andreu,60,Sant Andreu,209900,Meridiana,0408 0410,Wednesday,2023,8,August,2,Morning,7,Transitar a peu per la calçada,Bus,Man,59,Pedestrian,Fora del pas                                                                                                                                          ,Unknown,Unknown,Minor injury: Hospitalization up to 24 hours,431870.03,4587039.84,2.183460905,41.430187961
2023S004679    ,6,Gràcia,28,Vallcarca i els Penitents,701267,Dalt (Besòs),000950000,Wednesday,2023,8,August,2,Morning,8,No és causa del  vianant,Motorcycle,Woman,44,Driver,Desconegut                                                                                                                                            ,Unknown,Unknown,Minor injury: Hospitalization up to 24 hours,427881.7,4585454.09,2.135920809,41.415557406
2023S004680    ,4,Les Corts,19,les Corts,144601,Diagonal,0609 0615,Wednesday,2023,8,August,2,Morning,9,No és causa del  vianant,Motorcycle,Woman,51,Passenger,Desconegut                                                                                                                                            ,Unknown,Unknown,Minor injury: Hospitalization up to 24 hours,427256.75,4582543.5,2.128793545,41.389286592
2023S004680    ,4,Les Corts,19,les Corts,144601,Diagonal,0609 0615,Wednesday,2023,8,August,2,Morning,9,No és causa del  vianant,Motorcycle,Man,60,Driver,Desconegut                                                                                                                                            ,Unknown,Unknown,Minor injury: Hospitalization up to 24 hours,427256.75,4582543.5,2.128793545,41.389286592
2023S004682    ,2,Eixample,5,el Fort Pienc,169409,Corts Catalanes,0753 0753,Wednesday,2023,8,August,2,Morning,9,No és causa del  vianant,Motorcycle,Woman,21,Passenger,Desconegut                                                                                                                                            ,Unknown,Unknown,Minor injury: Medical assistance at accident site,431843.45,4583785.44,2.183509686,41.40087435
2023S004682    ,2,Eixample,5,el Fort Pienc,169409,Corts Catalanes,0753 0753,Wednesday,2023,8,August,2,Morning,9,No és causa del  vianant,Motorcycle,Woman,55,Driver,Desconegut                                                                                                                                            ,Unknown,Oci i entreteniment,Minor injury: Medical assistance at accident site,431843.45,4583785.44,2.183509686,41.40087435
2023S004683    ,2,Eixample,7,la Dreta de l'Eixample,169409,Corts Catalanes,0655 0655,Wednesday,2023,8,August,2,Morning,11,No és causa del  vianant,Motorcycle,Man,22,Driver,Desconegut                                                                                                                                            ,Unknown,Unknown,Minor injury: Hospitalization up to 24 hours,430931.58,4582928.69,2.172699731,41.393080009
2023S004684    ,10,Sant Martí,69,Diagonal Mar i el Front Marítim del Poblenou,175004,Jonquera,0001X0003X,Wednesday,2023,8,August,2,Morning,11,No és causa del  vianant,Veh. mobilitat personal amb motor,Man,28,Driver,Desconegut                                                                                                                                            ,Unknown,Unknown,Minor injury: Hospitalization up to 24 hours,433795.71,4583714.72,2.206870393,41.40040061
2023S004685    ,7,Horta-Guinardó,43,Horta,700651,Estatut de Catalunya,0056X0056X,Wednesday,2023,8,August,2,Morning,12,No és causa del  vianant,Car,Woman,60,Passenger,Desconegut                                                                                                                                            ,Unknown,Unknown,Minor injury: Refused medical assistance,429388.82,4587623.35,2.153699357,41.43522898
2023S004685    ,7,Horta-Guinardó,43,Horta,700651,Estatut de Catalunya,0056X0056X,Wednesday,2023,8,August,2,Morning,12,No és causa del  vianant,Car,Man,56,Driver,Desconegut                                                                                                                                            ,Unknown,Oci i entreteniment,Minor injury: Hospitalization up to 24 hours,429388.82,4587623.35,2.153699357,41.43522898
2023S004685    ,7,Horta-Guinardó,43,Horta,700651,Estatut de Catalunya,0056X0056X,Wednesday,2023,8,August,2,Morning,12,No és causa del  vianant,Car,Man,61,Driver,Desconegut                                                                                                                                            ,Unknown,Oci i entreteniment,Minor injury: Refused medical assistance,429388.82,4587623.35,2.153699357,41.43522898
2023S004686    ,10,Sant Martí,73,la Verneda i la Pau,266405,Prim,0159 0159,Wednesday,2023,8,August,2,Afternoon,15,No és causa del  vianant,Motorcycle,Man,36,Driver,Desconegut                                                                                                                                            ,Unknown,Unknown,Minor injury: Hospitalization up to 24 hours,433653.97,4586136.52,2.204909198,41.422201441
2023S004687    ,3,Sants-Montjuïc,15,Hostafrancs,331507,Tarragona,0131U0139U,Wednesday,2023,8,August,2,Morning,13,No és causa del  vianant,Motorcycle,Man,46,Driver,Desconegut                                                                                                                                            ,Unknown,Unknown,Minor injury: Hospitalization up to 24 hours,428675.41,4581275.47,2.14590966,41.377993009
2023S004688    ,7,Horta-Guinardó,43,Horta,351901,Valldaura,0016 0016,Wednesday,2023,8,August,2,Morning,13,No és causa del  vianant,Motorcycle,Man,47,Driver,Desconegut                                                                                                                                            ,Unknown,Oci i entreteniment,Minor injury: Hospitalization up to 24 hours,429506.06,4587830.56,2.155078322,41.437105541
2023S004689    ,4,Les Corts,19,les Corts,199909,Marquès de Sentmenat,0039 0041,Wednesday,2023,8,August,2,Afternoon,14,No és causa del  vianant,Bus,Woman,91,Passenger,Desconegut                                                                                                                                            ,Unknown,Unknown,Minor injury: Hospitalization up to 24 hours,427984.78,4582061.89,2.137557844,41.385014459
2023S004690    ,3,Sants-Montjuïc,11,el Poble-sec,701497,B-10 (Llobregat),001200000,Wednesday,2023,8,August,2,Afternoon,16,No és causa del  vianant,Car,Woman,52,Driver,Desconegut                                                                                                                                            ,Unknown,Altres activitats,Minor injury: Medical assistance at accident site,430834.74,4579924.77,2.171884497,41.366016231
2023S004691    ,10,Sant Martí,66,el Parc i la Llacuna del Poblenou,181608,Roc Boronat,0117 0127,Wednesday,2023,8,August,2,Afternoon,14,No és causa del  vianant,Car,Woman,42,Pedestrian,En pas sense regular                                                                                                                                  ,Unknown,Unknown,Minor injury: Medical assistance at accident site,432761.21,4583977.33,2.194466597,41.402679971
2023S004692    ,4,Les Corts,19,les Corts,144601,Diagonal,0634 0642,Wednesday,2023,8,August,2,Afternoon,18,No és causa del  vianant,Bicicleta,Man,51,Driver,Desconegut                                                                                                                                            ,Unknown,Oci i entreteniment,Minor injury: Hospitalization up to 24 hours,427842.47,4582730.17,2.135776326,41.391020643
2023S004693    ,3,Sants-Montjuïc,11,el Poble-sec,198804,Paral·lel,0001X0001X,Wednesday,2023,8,August,2,Afternoon,19,No és causa del  vianant,Motorcycle,Man,63,Driver,Desconegut                                                                                                                                            ,Unknown,En missió,Minor injury: Refused medical assistance,431213.91,4580892.22,2.176307867,41.374762308
2023S004694    ,10,Sant Martí,68,el Poblenou,180401,Lope de Vega,0099 0101,Wednesday,2023,8,August,2,Afternoon,19,No és causa del  vianant,Car,Man,31,Driver,Desconegut                                                                                                                                            ,Unknown,Unknown,Minor injury: Refused medical assistance,433502.66,4584202.66,2.203311313,41.404771165
2023S004695    ,7,Horta-Guinardó,36,la Font d'en Fargues,194406,Maragall,0391 0391,Wednesday,2023,8,August,2,Afternoon,20,No és causa del  vianant,Motorcycle,Woman,27,Driver,Desconegut                                                                                                                                            ,Unknown,Unknown,Minor injury: Medical assistance at accident site,430216.58,4586818.92,2.163699082,41.428056186
2023S004696    ,2,Eixample,8,l'Antiga Esquerra de l'Eixample,363809,Villarroel,0115 0115,Wednesday,2023,8,August,2,Afternoon,20,No és causa del  vianant,Bicicleta,Woman,33,Driver,Desconegut                                                                                                                                            ,Unknown,Oci i entreteniment,Minor injury: Medical assistance at accident site,429544.56,4582114.92,2.156205024,41.385630276
2023S004697    ,7,Horta-Guinardó,39,Sant Genís dels Agudells,352507,Vall d'Hebron,0101X0101X,Wednesday,2023,8,August,2,Afternoon,18,No és causa del  vianant,Veh. mobilitat personal amb motor,Man,25,Driver,Desconegut                                                                                                                                            ,Unknown,Unknown,Minor injury: Hospitalization up to 24 hours,428344.25,4586439.12,2.141338233,41.424470559
2023S004698    ,9,Sant Andreu,58,Baró de Viver,701357,Potosí,0001X0001X,Wednesday,2023,8,August,2,Afternoon,19,No és causa del  vianant,Car,Woman,37,Passenger,Desconegut                                                                                                                                            ,Unknown,Unknown,Minor injury: Hospitalization up to 24 hours,433127.01,4588397.43,2.198353339,41.442521047
2023S004699    ,2,Eixample,7,la Dreta de l'Eixample,148307,Gràcia,0045 0045,Wednesday,2023,8,August,2,Afternoon,21,No és causa del  vianant,Veh. mobilitat personal amb motor,Woman,25,Driver,Desconegut                                                                                                                                            ,Unknown,Oci i entreteniment,Minor injury: Hospitalization up to 24 hours,430277.16,4582833.02,2.164883567,41.39216184
2023S004700    ,1,Ciutat Vella,1,el Raval,701367,Raval,0002 0002,Wednesday,2023,8,August,2,Afternoon,16,No és causa del  vianant,Motorcycle,Woman,27,Driver,Desconegut                                                                                                                                            ,Unknown,Oci i entreteniment,Minor injury: Refused medical assistance,430524.89,4581414.89,2.168009212,41.379410624
2023S004701    ,5,Sarrià-Sant Gervasi,22,"Vallvidrera, el Tibidabo i les Planes",314406,Santa Creu Olorda a Sarrià,0210 0240,Thursday,2023,8,August,3,Night,3,No és causa del  vianant,Car,Man,19,Passenger,Desconegut                                                                                                                                            ,Unknown,Unknown,Minor injury: Hospitalization up to 24 hours,424121.88,4584688.07,2.091032888,41.408311879
2023S004701    ,5,Sarrià-Sant Gervasi,22,"Vallvidrera, el Tibidabo i les Planes",314406,Santa Creu Olorda a Sarrià,0210 0240,Thursday,2023,8,August,3,Night,3,No és causa del  vianant,Car,Man,20,Passenger,Desconegut                                                                                                                                            ,Unknown,Unknown,Minor injury: Hospitalization up to 24 hours,424121.88,4584688.07,2.091032888,41.408311879
2023S004701    ,5,Sarrià-Sant Gervasi,22,"Vallvidrera, el Tibidabo i les Planes",314406,Santa Creu Olorda a Sarrià,0210 0240,Thursday,2023,8,August,3,Night,3,No és causa del  vianant,Car,Man,20,Driver,Desconegut                                                                                                                                            ,Unknown,Unknown,Minor injury: Hospitalization up to 24 hours,424121.88,4584688.07,2.091032888,41.408311879
2023S004702    ,7,Horta-Guinardó,33,el Baix Guinardó,178308,Lepant,0357 0357,Wednesday,2023,8,August,2,Afternoon,21,No és causa del  vianant,Motorcycle,Man,33,Driver,Desconegut                                                                                                                                            ,Unknown,Oci i entreteniment,Minor injury: Refused medical assistance,430807.89,4584665.36,2.171021733,41.408711001
2023S004703    ,7,Horta-Guinardó,39,Sant Genís dels Agudells,701267,Dalt (Besòs),001060000,Thursday,2023,8,August,3,Morning,8,No és causa del  vianant,Motorcycle,Woman,30,Driver,Desconegut                                                                                                                                            ,Unknown,Unknown,Minor injury: Hospitalization up to 24 hours,428461.5,4586654.83,2.142715731,41.426423822
2023S004704    ,2,Eixample,7,la Dreta de l'Eixample,32700,Balmes,0052 0052,Thursday,2023,8,August,3,Morning,10,No és causa del  vianant,Motorcycle,Woman,46,Driver,Desconegut                                                                                                                                            ,Unknown,Oci i entreteniment,Minor injury: Hospitalization up to 24 hours,430100.1,4582519.52,2.162802074,41.38932287
2023S004705    ,2,Eixample,5,el Fort Pienc,18505,Aragó,0414 0414,Thursday,2023,8,August,3,Morning,9,No és causa del  vianant,Motorcycle,Man,30,Driver,Desconegut                                                                                                                                            ,Unknown,Oci i entreteniment,Minor injury: Hospitalization up to 24 hours,431115.96,4583633.54,2.174824781,41.399444201
2023S004706    ,5,Sarrià-Sant Gervasi,26,Sant Gervasi - Galvany,143904,General Mitre,0128B0128B,Thursday,2023,8,August,3,Morning,12,No és causa del  vianant,Motorcycle,Man,55,Driver,Desconegut                                                                                                                                            ,Unknown,Unknown,Minor injury: Hospitalization up to 24 hours,428034.16,4584036.69,2.137913576,41.402805141
2023S004707    ,10,Sant Martí,65,el Clot,226400,Las Navas de Tolosa,0251 0251,Thursday,2023,8,August,3,Morning,12,Desobeir el senyal del semàfor,Bicicleta,Man,42,Pedestrian,En pas regulat per semàfor                                                                                                                            ,In itinere,Unknown,Minor injury: Hospitalization up to 24 hours,432411.1,4585107.29,2.190152196,41.412827821