Case_Number,District_Code,District_Name,Neighborhood_Code,Neighborhood_Name,Street_Code,Street_Name,Postal_Code,Day_of_Week,Year,Month_Code,Month_Name,Day_of_Month,Shift_Description,Hour_of_Day,Pedestrian_Cause_Description,Involved_Vehicle_Type,Gender_Description,Age,Person_Type_Description,Pedestrian_Accident_Location_Description,Pedestrian_Movement_Reason_Description,Driver_Movement_Reason_Description,Victimization_Description,UTM_X_Coordinate,UTM_Y_Coordinate,Longitude,Latitude
2023S004708    ,10,Sant Martí,65,el Clot,217104,Muntanya,0001 0003,Thursday,2023,8,August,3,Morning,11,No és causa del  vianant,Ciclomotor,Man,42,Driver,Desconegut                                                                                                                                            ,Unknown,Unknown,Minor injury: Hospitalization up to 24 hours,432349.81,4584858.95,2.189446694,41.410585936
2023S004709    ,9,Sant Andreu,58,Baró de Viver,701497,B-10 (Llobregat),000060000,Thursday,2023,8,August,3,Morning,13,No és causa del  vianant,Motorcycle,Man,34,Driver,Desconegut                                                                                                                                            ,Unknown,Unknown,Minor injury: Hospitalization up to 24 hours,433242.77,4589139.03,2.199656935,41.449210035
2023S004710    ,2,Eixample,10,Sant Antoni,349706,Comte d'Urgell,0016 0016,Thursday,2023,8,August,3,Afternoon,14,No és causa del  vianant,Altres vehicles sense motor,Woman,37,Driver,Desconegut                                                                                                                                            ,Unknown,Altres activitats,Minor injury: Medical assistance at accident site,429995.98,4581439.96,2.161681622,41.379590554
2023S004711    ,10,Sant Martí,68,el Poblenou,700755,Poblenou,0008X0008X,Thursday,2023,8,August,3,Afternoon,16,No és causa del  vianant,Ciclomotor,Man,22,Passenger,Desconegut                                                                                                                                            ,Unknown,Unknown,Minor injury: Hospitalization up to 24 hours,433573.77,4583177.95,2.204274482,41.395547736
2023S004711    ,10,Sant Martí,68,el Poblenou,700755,Poblenou,0008X0008X,Thursday,2023,8,August,3,Afternoon,16,No és causa del  vianant,Ciclomotor,Man,23,Driver,Desconegut                                                                                                                                            ,Unknown,Oci i entreteniment,Minor injury: Hospitalization up to 24 hours,433573.77,4583177.95,2.204274482,41.395547736
2023S004712    ,2,Eixample,7,la Dreta de l'Eixample,18505,Aragó,0314 0314,Thursday,2023,8,August,3,Afternoon,16,No és causa del  vianant,Motorcycle,Man,52,Driver,Desconegut                                                                                                                                            ,Unknown,Unknown,Minor injury: Hospitalization up to 24 hours,430640.19,4583167.83,2.169187156,41.395208776
2023S004713    ,6,Gràcia,31,la Vila de Gràcia,267000,Riera de Cassoles,0032 0032,Wednesday,2023,8,August,2,Afternoon,21,Desobeir el senyal del semàfor,Motorcycle,Man,59,Pedestrian,Fora del pas                                                                                                                                          ,Oci i entreteniment,Unknown,Minor injury: Medical assistance at accident site,429052.48,4584095.9,2.150087989,41.403428981
2023S004713    ,6,Gràcia,31,la Vila de Gràcia,267000,Riera de Cassoles,0032 0032,Wednesday,2023,8,August,2,Afternoon,21,Desobeir el senyal del semàfor,Motorcycle,Woman,51,Driver,Fora del pas                                                                                                                                          ,Unknown,Oci i entreteniment,Minor injury: Hospitalization up to 24 hours,429052.48,4584095.9,2.150087989,41.403428981
2023S004716    ,8,Nou Barris,48,la Guineueta,351901,Valldaura,0162 0164,Thursday,2023,8,August,3,Afternoon,17,No és causa del  vianant,Motorcycle,Man,40,Driver,Desconegut                                                                                                                                            ,Unknown,Unknown,Minor injury: Hospitalization up to 24 hours,430596.99,4588038.52,2.168111284,41.439073639
2023S004717    ,2,Eixample,8,l'Antiga Esquerra de l'Eixample,144601,Diagonal,0409 0409,Thursday,2023,8,August,3,Afternoon,19,No és causa del  vianant,Motorcycle,Woman,31,Passenger,Desconegut                                                                                                                                            ,Unknown,Unknown,Minor injury: Hospitalization up to 24 hours,429430.09,4583191.25,2.154710596,41.395314373
2023S004717    ,2,Eixample,8,l'Antiga Esquerra de l'Eixample,144601,Diagonal,0409 0409,Thursday,2023,8,August,3,Afternoon,19,No és causa del  vianant,Motorcycle,Man,42,Driver,Desconegut                                                                                                                                            ,Unknown,Oci i entreteniment,Minor injury: Hospitalization up to 24 hours,429430.09,4583191.25,2.154710596,41.395314373
2023S004718    ,6,Gràcia,28,Vallcarca i els Penitents,701268,Dalt (Llobregat),000950000,Thursday,2023,8,August,3,Afternoon,21,No és causa del  vianant,Motorcycle,Man,42,Driver,Desconegut                                                                                                                                            ,Unknown,Unknown,Minor injury: Hospitalization up to 24 hours,427969.12,4585470.19,2.136964829,41.415710257
2023S004719    ,1,Ciutat Vella,4,"Sant Pere, Santa Caterina i la Ribera",700813,Doctor Aiguader,0027 0027,Thursday,2023,8,August,3,Afternoon,20,No és causa del  vianant,Veh. mobilitat personal amb motor,Man,31,Driver,Desconegut                                                                                                                                            ,Unknown,Oci i entreteniment,Minor injury: Hospitalization up to 24 hours,432378.8,4581951.79,2.190118384,41.384404379
2023S004720    ,2,Eixample,9,la Nova Esquerra de l'Eixample,18505,Aragó,0124 0124,Friday,2023,8,August,4,Night,1,No és causa del  vianant,Bicicleta,Woman,26,Driver,Desconegut                                                                                                                                            ,Unknown,Oci i entreteniment,Minor injury: Medical assistance at accident site,429447.81,4582020.17,2.155059021,41.38476841
2023S004722    ,3,Sants-Montjuïc,13,la Marina de Port,369408,Zona Franca,0121 0121,Friday,2023,8,August,4,Morning,9,No és causa del  vianant,Veh. mobilitat personal amb motor,Man,14,Driver,Desconegut                                                                                                                                            ,Unknown,Unknown,Minor injury: Medical assistance at accident site,428200.17,4579031.23,2.140492779,41.357737613
2023S004723    ,1,Ciutat Vella,1,el Raval,34308,Rambla,0049 0049,Friday,2023,8,August,4,Morning,8,No és causa del  vianant,Veh. mobilitat personal amb motor,Woman,29,Driver,Desconegut                                                                                                                                            ,Unknown,Unknown,Minor injury: Hospitalization up to 24 hours,431030.54,4581471.82,2.174049292,41.379966902
2023S004724    ,10,Sant Martí,67,la Vila Olímpica del Poblenou,110009,Ramon Turró,0037 0037,Friday,2023,8,August,4,Morning,10,Creuar per fora pas de vianants,Motorcycle,Man,81,Pedestrian,Fora del pas                                                                                                                                          ,Unknown,Unknown,Serious injury: Hospitalization over 24 hours,432648.07,4582848.16,2.193238857,41.39250036
2023S004724    ,10,Sant Martí,67,la Vila Olímpica del Poblenou,110009,Ramon Turró,0037 0037,Friday,2023,8,August,4,Morning,10,Creuar per fora pas de vianants,Motorcycle,Man,45,Driver,Fora del pas                                                                                                                                          ,Unknown,En missió,Minor injury: Hospitalization up to 24 hours,432648.07,4582848.16,2.193238857,41.39250036
2023S004724    ,10,Sant Martí,67,la Vila Olímpica del Poblenou,110009,Ramon Turró,0037 0037,Friday,2023,8,August,4,Morning,10,Transitar a peu per la calçada,Motorcycle,Man,81,Pedestrian,Fora del pas                                                                                                                                          ,Unknown,Unknown,Serious injury: Hospitalization over 24 hours,432648.07,4582848.16,2.193238857,41.39250036
2023S004724    ,10,Sant Martí,67,la Vila Olímpica del Poblenou,110009,Ramon Turró,0037 0037,Friday,2023,8,August,4,Morning,10,Transitar a peu per la calçada,Motorcycle,Man,45,Driver,Fora del pas                                                                                                                                          ,Unknown,En missió,Minor injury: Hospitalization up to 24 hours,432648.07,4582848.16,2.193238857,41.39250036
2023S004725    ,3,Sants-Montjuïc,15,Hostafrancs,331507,Tarragona,0131U0139U,Friday,2023,8,August,4,Morning,11,No és causa del  vianant,Car,Man,69,Driver,Desconegut                                                                                                                                            ,Unknown,Unknown,Minor injury: Medical assistance at accident site,428694.57,4581204.77,2.146147091,41.377357937
2023S004726    ,9,Sant Andreu,59,el Bon Pastor,701177,Monterrey,0001 0001,Friday,2023,8,August,4,Morning,12,No és causa del  vianant,Car,Woman,6,Passenger,Desconegut                                                                                                                                            ,Unknown,Unknown,Minor injury: Refused medical assistance,433767.29,4588494.32,2.206006652,41.443446813
2023S004726    ,9,Sant Andreu,59,el Bon Pastor,701177,Monterrey,0001 0001,Friday,2023,8,August,4,Morning,12,No és causa del  vianant,Car,Man,41,Driver,Desconegut                                                                                                                                            ,Unknown,Unknown,Minor injury: Refused medical assistance,433767.29,4588494.32,2.206006652,41.443446813
2023S004728    ,7,Horta-Guinardó,37,el Carmel,19100,Arbós,0027 0031,Friday,2023,8,August,4,Afternoon,14,No és causa del  vianant,Motorcycle,Man,61,Driver,Desconegut                                                                                                                                            ,Unknown,In itínere,Minor injury: Hospitalization up to 24 hours,429703.05,4586093.1,2.157638159,41.421474205
2023S004729    ,10,Sant Martí,64,el Camp de l'Arpa del Clot,161101,Independència,0311 0311,Friday,2023,8,August,4,Afternoon,15,No és causa del  vianant,Bicicleta,Man,24,Driver,Desconegut                                                                                                                                            ,Unknown,Unknown,Minor injury: Medical assistance at accident site,431688.93,4584693.3,2.181558802,41.409038049
2023S004731    ,5,Sarrià-Sant Gervasi,25,Sant Gervasi - la Bonanova,701267,Dalt (Besòs),000890000,Friday,2023,8,August,4,Afternoon,16,No és causa del  vianant,Motorcycle,Man,43,Driver,Desconegut                                                                                                                                            ,Unknown,Oci i entreteniment,Minor injury: Hospitalization up to 24 hours,427429.54,4585230.89,2.130537728,41.413506414
2023S004732    ,7,Horta-Guinardó,43,Horta,157308,Horta a Cerdanyola,001160000,Friday,2023,8,August,4,Afternoon,15,No és causa del  vianant,Bicicleta,Man,49,Driver,Desconegut                                                                                                                                            ,Unknown,Unknown,Minor injury: Hospitalization up to 24 hours,429359.09,4587764.57,2.153327026,41.436498274
2023S004733    ,10,Sant Martí,71,Provençals del Poblenou,200600,Marroc,0004X0004X,Friday,2023,8,August,4,Afternoon,18,No és causa del  vianant,Car,Man,7,Passenger,Desconegut                                                                                                                                            ,Unknown,Unknown,Minor injury: Refused medical assistance,433090.05,4584419.2,2.198351418,41.406687227
2023S004734    ,2,Eixample,7,la Dreta de l'Eixample,349309,Universitat,0002 0002,Friday,2023,8,August,4,Afternoon,17,No és causa del  vianant,Motorcycle,Man,27,Driver,Desconegut                                                                                                                                            ,Unknown,Unknown,Minor injury: Hospitalization up to 24 hours,430317.75,4582155.6,2.165447007,41.386064051
2023S004735    ,5,Sarrià-Sant Gervasi,24,les Tres Torres,28000,Augusta,0320 0322,Friday,2023,8,August,4,Afternoon,16,No és causa del  vianant,Car,Woman,54,Passenger,Desconegut                                                                                                                                            ,Unknown,Unknown,Minor injury: Hospitalization up to 24 hours,427013.0,4583581.84,2.125753169,41.398616397
2023S004735    ,5,Sarrià-Sant Gervasi,24,les Tres Torres,28000,Augusta,0320 0322,Friday,2023,8,August,4,Afternoon,16,No és causa del  vianant,Car,Woman,9,Passenger,Desconegut                                                                                                                                            ,Unknown,Unknown,Minor injury: Medical assistance at accident site,427013.0,4583581.84,2.125753169,41.398616397
2023S004735    ,5,Sarrià-Sant Gervasi,24,les Tres Torres,28000,Augusta,0320 0322,Friday,2023,8,August,4,Afternoon,16,No és causa del  vianant,Car,Man,35,Passenger,Desconegut                                                                                                                                            ,Unknown,Unknown,Minor injury: Hospitalization up to 24 hours,427013.0,4583581.84,2.125753169,41.398616397
2023S004735    ,5,Sarrià-Sant Gervasi,24,les Tres Torres,28000,Augusta,0320 0322,Friday,2023,8,August,4,Afternoon,16,No és causa del  vianant,Car,Man,6,Passenger,Desconegut                                                                                                                                            ,Unknown,Unknown,Minor injury: Medical assistance at accident site,427013.0,4583581.84,2.125753169,41.398616397
2023S004735    ,5,Sarrià-Sant Gervasi,24,les Tres Torres,28000,Augusta,0320 0322,Friday,2023,8,August,4,Afternoon,16,No és causa del  vianant,Car,Woman,48,Driver,Desconegut                                                                                                                                            ,Unknown,Unknown,Minor injury: Medical assistance at accident site,427013.0,4583581.84,2.125753169,41.398616397
2023S004736    ,2,Eixample,7,la Dreta de l'Eixample,144601,Diagonal,0397 0397,Friday,2023,8,August,4,Afternoon,18,No és causa del  vianant,Motorcycle,Man,22,Driver,Desconegut                                                                                                                                            ,Unknown,Unknown,Minor injury: Hospitalization up to 24 hours,429599.35,4583274.46,2.156725412,41.396078661
2023S004737    ,4,Les Corts,20,la Maternitat i Sant Ramon,66508,Carles III,0061 0061,Friday,2023,8,August,4,Afternoon,21,No és causa del  vianant,Ciclomotor,Woman,42,Passenger,Desconegut                                                                                                                                            ,Unknown,Unknown,Minor injury: Hospitalization up to 24 hours,427135.43,4581904.3,2.127419517,41.383518586
2023S004737    ,4,Les Corts,20,la Maternitat i Sant Ramon,66508,Carles III,0061 0061,Friday,2023,8,August,4,Afternoon,21,No és causa del  vianant,Ciclomotor,Man,18,Driver,Desconegut                                                                                                                                            ,Unknown,Oci i entreteniment,Minor injury: Hospitalization up to 24 hours,427135.43,4581904.3,2.127419517,41.383518586
2023S004738    ,5,Sarrià-Sant Gervasi,26,Sant Gervasi - Galvany,222501,Moià,0018 0018,Friday,2023,8,August,4,Night,23,No és causa del  vianant,Veh. mobilitat personal amb motor,Man,21,Driver,Desconegut                                                                                                                                            ,Unknown,Unknown,Minor injury: Hospitalization up to 24 hours,429144.63,4583098.78,2.151307076,41.394456414
2023S004739    ,9,Sant Andreu,63,Navas,209900,Meridiana,0270 0272,Sunday,2023,6,June,25,Afternoon,20,No és causa del  vianant,Bicicleta,Man,26,Driver,Desconegut                                                                                                                                            ,Unknown,En missió,Minor injury: Medical assistance at accident site,432147.88,4585942.07,2.186909296,41.420324234
2023S004739    ,9,Sant Andreu,63,Navas,209900,Meridiana,0270 0272,Sunday,2023,6,June,25,Afternoon,20,No és causa del  vianant,Motorcycle,Man,28,Driver,Desconegut                                                                                                                                            ,Unknown,Oci i entreteniment,Minor injury: Medical assistance at accident site,432147.88,4585942.07,2.186909296,41.420324234
2023S004740    ,9,Sant Andreu,59,el Bon Pastor,134007,Fra Juníper Serra,0051 0051,Friday,2023,8,August,4,Afternoon,20,No és causa del  vianant,Motorcycle,Man,28,Driver,Desconegut                                                                                                                                            ,Unknown,In itínere,Minor injury: Hospitalization up to 24 hours,433725.6,4587278.04,2.205641109,41.432488703
2023S004741    ,5,Sarrià-Sant Gervasi,26,Sant Gervasi - Galvany,23403,Aribau,0237 0241,Saturday,2023,8,August,5,Night,2,No és causa del  vianant,Motorcycle,Man,23,Passenger,Desconegut                                                                                                                                            ,Unknown,Unknown,Serious injury: Hospitalization over 24 hours,428804.38,4583474.14,2.147193296,41.397807077
2023S004741    ,5,Sarrià-Sant Gervasi,26,Sant Gervasi - Galvany,23403,Aribau,0237 0241,Saturday,2023,8,August,5,Night,2,No és causa del  vianant,Motorcycle,Man,23,Driver,Desconegut                                                                                                                                            ,Unknown,Oci i entreteniment,Serious injury: Hospitalization over 24 hours,428804.38,4583474.14,2.147193296,41.397807077
2023S004742    ,8,Nou Barris,53,la Trinitat Nova,120807,Favència,0263 0263,Saturday,2023,8,August,5,Morning,8,No és causa del  vianant,Car,Woman,23,Driver,Desconegut                                                                                                                                            ,Unknown,En missió,Minor injury: Medical assistance at accident site,431720.19,4588848.82,2.181463185,41.446468071
2023S004743    ,5,Sarrià-Sant Gervasi,22,"Vallvidrera, el Tibidabo i les Planes",3508,Aigües,0275 0279,Saturday,2023,8,August,5,Morning,11,No és causa del  vianant,Bicicleta,Man,34,Driver,Desconegut                                                                                                                                            ,Unknown,Oci i entreteniment,Minor injury: Medical assistance at accident site,426869.14,4585247.48,2.123831036,41.413605007
2023S004744    ,3,Sants-Montjuïc,11,el Poble-sec,284101,Rius i Taulet,0005 0005,Saturday,2023,8,August,5,Morning,11,No és causa del  vianant,Bicicleta,Man,40,Driver,En pas sense regular                                                                                                                                  ,Unknown,Activitat esportiva particular,Minor injury: Hospitalization up to 24 hours,429306.82,4580653.65,2.153532415,41.372448226
2023S004745    ,1,Ciutat Vella,3,la Barceloneta,224904,Joan Borbó Comte Barcelona,0069 0069,Saturday,2023,8,August,5,Morning,11,No és causa del  vianant,Bus,Man,76,Passenger,Desconegut                                                                                                                                            ,Unknown,Unknown,Minor injury: Hospitalization up to 24 hours,432305.1,4580985.91,2.189344963,41.375698734
2023S004746    ,10,Sant Martí,65,el Clot,81603,Clot,0165 0165,Saturday,2023,8,August,5,Morning,11,No és causa del  vianant,Veh. mobilitat personal amb motor,Man,29,Driver,Desconegut                                                                                                                                            ,Unknown,Unknown,Serious injury: Hospitalization over 24 hours,432411.1,4585107.29,2.190152196,41.412827821
2023S004747    ,2,Eixample,10,Sant Antoni,198804,Paral·lel,0206 0206,Saturday,2023,8,August,5,Morning,11,No és causa del  vianant,Bus,Man,87,Passenger,Desconegut                                                                                                                                            ,Unknown,Unknown,Minor injury: Medical assistance at accident site,429065.33,4580967.6,2.150608244,41.375254612
2023S004749    ,2,Eixample,7,la Dreta de l'Eixample,18505,Aragó,0229 0229,Saturday,2023,8,August,5,Morning,12,No és causa del  vianant,Motorcycle,Man,49,Driver,Desconegut                                                                                                                                            ,Unknown,Unknown,Minor injury: Hospitalization up to 24 hours,430031.15,4582615.31,2.161966376,41.390179621
2023S004750    ,2,Eixample,7,la Dreta de l'Eixample,191204,Mallorca,0280 0280,Saturday,2023,8,August,5,Afternoon,14,No és causa del  vianant,Motorcycle,Man,35,Driver,Desconegut                                                                                                                                            ,Unknown,En missió,Minor injury: Hospitalization up to 24 hours,430311.63,4583242.67,2.165248673,41.395854415
2023S004751    ,3,Sants-Montjuïc,11,el Poble-sec,701349,Drassanes,0002X0002X,Saturday,2023,8,August,5,Morning,12,No és causa del  vianant,Motorcycle,Man,40,Driver,Desconegut                                                                                                                                            ,Unknown,Unknown,Minor injury: Hospitalization up to 24 hours,431213.91,4580892.22,2.176307867,41.374762308
2023S004752    ,3,Sants-Montjuïc,11,el Poble-sec,195500,Margarit,0038 0038,Saturday,2023,8,August,5,Afternoon,17,No és causa del  vianant,Motorcycle,Man,29,Driver,Desconegut                                                                                                                                            ,Unknown,Unknown,Minor injury: Medical assistance at accident site,430128.96,4580715.14,2.163355397,41.373073882
2023S004754    ,1,Ciutat Vella,3,la Barceloneta,10900,Pepe Rubianes,0013 0013,Saturday,2023,8,August,5,Afternoon,19,No és causa del  vianant,Ciclomotor,Man,34,Passenger,Desconegut                                                                                                                                            ,Unknown,Unknown,Minor injury: Medical assistance at accident site,432330.58,4581280.94,2.189616679,41.378358142
2023S004755    ,5,Sarrià-Sant Gervasi,26,Sant Gervasi - Galvany,144601,Diagonal,0614B0614B,Saturday,2023,8,August,5,Morning,13,No és causa del  vianant,Bicicleta,Woman,14,Pedestrian,A la vorera / Andana                                                                                                                                  ,Oci i entreteniment,Unknown,Minor injury: Hospitalization up to 24 hours,428300.11,4582870.53,2.141233088,41.392325761
2023S004755    ,5,Sarrià-Sant Gervasi,26,Sant Gervasi - Galvany,144601,Diagonal,0614B0614B,Saturday,2023,8,August,5,Morning,13,No és causa del  vianant,Bicicleta,Man,39,Driver,A la vorera / Andana                                                                                                                                  ,Unknown,Oci i entreteniment,Minor injury: Hospitalization up to 24 hours,428300.11,4582870.53,2.141233088,41.392325761
2023S004756    ,3,Sants-Montjuïc,11,el Poble-sec,198804,Paral·lel,0099 0099,Saturday,2023,8,August,5,Afternoon,19,No és causa del  vianant,Bicicleta,Woman,54,Pedestrian,En pas regulat per semàfor                                                                                                                            ,Unknown,Unknown,Minor injury: Hospitalization up to 24 hours,430136.23,4580906.69,2.163420235,41.374799748
2023S004757    ,10,Sant Martí,65,el Clot,191204,Mallorca,0622 0624,Saturday,2023,8,August,5,Afternoon,20,No és causa del  vianant,Motorcycle,Woman,34,Driver,Desconegut                                                                                                                                            ,Unknown,Oci i entreteniment,Minor injury: Hospitalization up to 24 hours,432182.73,4585056.14,2.187425675,41.412347879
2023S004758    ,1,Ciutat Vella,1,el Raval,167709,Joaquín Costa,0067 0067,Saturday,2023,8,August,5,Afternoon,21,No és causa del  vianant,Motorcycle,Man,50,Driver,Desconegut                                                                                                                                            ,Unknown,Unknown,Minor injury: Hospitalization up to 24 hours,430180.58,4581946.73,2.163830648,41.384170924
2023S004759    ,8,Nou Barris,45,Porta,119003,Fabra i Puig,0262 0262,Saturday,2023,8,August,5,Afternoon,21,No és causa del  vianant,Autobús articulat,Woman,75,Passenger,Desconegut                                                                                                                                            ,Unknown,Unknown,Minor injury: Hospitalization up to 24 hours,431109.74,4587060.65,2.174359892,41.430310502
2023S004760    ,10,Sant Martí,67,la Vila Olímpica del Poblenou,700664,Arquitecte Sert,0001 0001,Saturday,2023,8,August,5,Afternoon,18,No és causa del  vianant,Motorcycle,Man,26,Driver,Desconegut                                                                                                                                            ,Unknown,Unknown,Minor injury: Hospitalization up to 24 hours,433211.5,4582488.33,2.200017449,41.389306472
2023S004761    ,10,Sant Martí,64,el Camp de l'Arpa del Clot,161101,Independència,0360 0360,Sunday,2023,8,August,6,Night,0,No és causa del  vianant,Furgoneta,Man,39,Driver,Desconegut                                                                                                                                            ,Unknown,Unknown,Minor injury: Medical assistance at accident site,431444.49,4584976.59,2.178602342,41.411568729
2023S004762    ,8,Nou Barris,50,les Roquetes,700020,Charlie Rivel,0003 0003,Sunday,2023,8,August,6,Night,1,No és causa del  vianant,Car,Woman,24,Passenger,Desconegut                                                                                                                                            ,Unknown,Unknown,Minor injury: Medical assistance at accident site,430941.63,4588581.97,2.172174105,41.443998018
2023S004762    ,8,Nou Barris,50,les Roquetes,700020,Charlie Rivel,0003 0003,Sunday,2023,8,August,6,Night,1,No és causa del  vianant,Car,Man,29,Driver,Desconegut                                                                                                                                            ,Unknown,Oci i entreteniment,Minor injury: Medical assistance at accident site,430941.63,4588581.97,2.172174105,41.443998018
2023S004764    ,2,Eixample,6,la Sagrada Família,350308,València,0523 0525,Sunday,2023,8,August,6,Morning,10,No és causa del  vianant,Bicicleta,Man,18,Driver,Desconegut                                                                                                                                            ,Unknown,En missió,Minor injury: Medical assistance at accident site,431686.61,4584414.63,2.181562522,41.406527957
2023S004767    ,4,Les Corts,21,Pedralbes,115400,Esplugues,0001 0023,Sunday,2023,8,August,6,Afternoon,14,No és causa del  vianant,Car,Woman,12,Passenger,Desconegut                                                                                                                                            ,Unknown,Unknown,Minor injury: Medical assistance at accident site,425117.27,4581921.42,2.103283117,41.383487366
2023S004767    ,4,Les Corts,21,Pedralbes,115400,Esplugues,0001 0023,Sunday,2023,8,August,6,Afternoon,14,No és causa del  vianant,Car,Woman,29,Passenger,Desconegut                                                                                                                                            ,Unknown,Unknown,Minor injury: Refused medical assistance,425117.27,4581921.42,2.103283117,41.383487366
2023S004767    ,4,Les Corts,21,Pedralbes,115400,Esplugues,0001 0023,Sunday,2023,8,August,6,Afternoon,14,No és causa del  vianant,Car,Woman,36,Passenger,Desconegut                                                                                                                                            ,Unknown,Unknown,Minor injury: Medical assistance at accident site,425117.27,4581921.42,2.103283117,41.383487366
2023S004767    ,4,Les Corts,21,Pedralbes,115400,Esplugues,0001 0023,Sunday,2023,8,August,6,Afternoon,14,No és causa del  vianant,Car,Woman,39,Passenger,Desconegut                                                                                                                                            ,Unknown,Unknown,Minor injury: Refused medical assistance,425117.27,4581921.42,2.103283117,41.383487366
2023S004767    ,4,Les Corts,21,Pedralbes,115400,Esplugues,0001 0023,Sunday,2023,8,August,6,Afternoon,14,No és causa del  vianant,Car,Man,46,Driver,Desconegut                                                                                                                                            ,Unknown,Unknown,Minor injury: Refused medical assistance,425117.27,4581921.42,2.103283117,41.383487366
2023S004768    ,2,Eixample,8,l'Antiga Esquerra de l'Eixample,90502,Còrsega,0212 0214,Sunday,2023,8,August,6,Afternoon,18,No és causa del  vianant,Motorcycle,Man,32,Driver,Desconegut                                                                                                                                            ,Unknown,Unknown,Minor injury: Medical assistance at accident site,429266.59,4582781.43,2.152802887,41.391608896
2023S004769    ,8,Nou Barris,46,el Turó de la Peira,103003,Doctor Pi i Molist,0077 0077,Sunday,2023,8,August,6,Afternoon,20,Transitar a peu per la calçada,Autocaravana,Man,48,Pedestrian,Fora del pas                                                                                                                                          ,Unknown,Unknown,Minor injury: Hospitalization up to 24 hours,430971.24,4587472.72,2.172655329,41.434009968
2023S004772    ,1,Ciutat Vella,2,el Barri Gòtic,122904,Ferran,0030 0030,Sunday,2023,8,August,6,Afternoon,21,Creuar per fora pas de vianants,Bicicleta,Woman,78,Pedestrian,Fora del pas                                                                                                                                          ,Oci i entreteniment,Unknown,Minor injury: Hospitalization up to 24 hours,431167.82,4581634.66,2.175672395,41.381445319
2023S004774    ,3,Sants-Montjuïc,17,Sants - Badal,282252,Blanca,0131 0135,Monday,2023,8,August,7,Night,2,No és causa del  vianant,Motorcycle,Man,46,Driver,Desconegut                                                                                                                                            ,Unknown,Oci i entreteniment,Minor injury: Hospitalization up to 24 hours,427233.52,4580521.2,2.128758675,41.371070416
2023S004775    ,7,Horta-Guinardó,37,el Carmel,245100,Passerell,0007 0007,Monday,2023,8,August,7,Night,1,No és causa del  vianant,Ciclomotor,Woman,27,Passenger,Desconegut                                                                                                                                            ,Unknown,Unknown,Minor injury: Hospitalization up to 24 hours,429767.57,4586344.35,2.158380988,41.423742763
2023S004775    ,7,Horta-Guinardó,37,el Carmel,245100,Passerell,0007 0007,Monday,2023,8,August,7,Night,1,No és causa del  vianant,Ciclomotor,Man,32,Driver,Desconegut                                                                                                                                            ,Unknown,Oci i entreteniment,Minor injury: Hospitalization up to 24 hours,429767.57,4586344.35,2.158380988,41.423742763
2023S004776    ,3,Sants-Montjuïc,12,la Marina del Prat Vermell,701487,Transversal 7,0019 0019,Monday,2023,8,August,7,Morning,8,No és causa del  vianant,Altres vehicles amb motor,Man,55,Driver,Desconegut                                                                                                                                            ,Unknown,Transport professional de mercaderies,Minor injury: Hospitalization up to 24 hours,426297.99,4576152.48,2.118104002,41.331637791
2023S004777    ,10,Sant Martí,68,el Poblenou,367504,Doctor Trueta,0165 0165,Monday,2023,8,August,7,Morning,13,No és causa del  vianant,Motorcycle,Man,44,Driver,Desconegut                                                                                                                                            ,Unknown,In itínere,Minor injury: Medical assistance at accident site,433265.28,4583279.14,2.200573461,41.396433573
2023S004778    ,9,Sant Andreu,60,Sant Andreu,209900,Meridiana,0592 0594,Monday,2023,8,August,7,Afternoon,15,No és causa del  vianant,Car,Woman,47,Passenger,Desconegut                                                                                                                                            ,Unknown,Unknown,Minor injury: Medical assistance at accident site,432178.01,4588486.42,2.186984161,41.443242895
2023S004778    ,9,Sant Andreu,60,Sant Andreu,209900,Meridiana,0592 0594,Monday,2023,8,August,7,Afternoon,15,No és causa del  vianant,Car,Woman,64,Driver,Desconegut                                                                                                                                            ,Unknown,Oci i entreteniment,Minor injury: Medical assistance at accident site,432178.01,4588486.42,2.186984161,41.443242895
2023S004778    ,9,Sant Andreu,60,Sant Andreu,209900,Meridiana,0592 0594,Monday,2023,8,August,7,Afternoon,15,No és causa del  vianant,Car,Man,51,Driver,Desconegut                                                                                                                                            ,Unknown,Oci i entreteniment,Minor injury: Medical assistance at accident site,432178.01,4588486.42,2.186984161,41.443242895
2023S004778    ,9,Sant Andreu,60,Sant Andreu,209900,Meridiana,0592 0594,Monday,2023,8,August,7,Afternoon,15,No és causa del  vianant,Car,Man,89,Driver,Desconegut                                                                                                                                            ,Unknown,Oci i entreteniment,Minor injury: Hospitalization up to 24 hours,432178.01,4588486.42,2.186984161,41.443242895
2023S004779    ,5,Sarrià-Sant Gervasi,26,Sant Gervasi - Galvany,196900,Marià Cubí,0199 0199,Monday,2023,8,August,7,Afternoon,15,No és causa del  vianant,Motorcycle,Man,44,Pedestrian,Desconegut                                                                                                                                            ,Unknown,Unknown,Minor injury: Refused medical assistance,428537.72,4583158.87,2.144040927,41.394943892
2023S004779    ,5,Sarrià-Sant Gervasi,26,Sant Gervasi - Galvany,196900,Marià Cubí,0199 0199,Monday,2023,8,August,7,Afternoon,15,No és causa del  vianant,Motorcycle,Man,47,Pedestrian,Desconegut                                                                                                                                            ,Unknown,Unknown,Minor injury: Refused medical assistance,428537.72,4583158.87,2.144040927,41.394943892