Case_Number,District_Code,District_Name,Neighborhood_Code,Neighborhood_Name,Street_Code,Street_Name,Postal_Code,Day_of_Week,Year,Month_Code,Month_Name,Day_of_Month,Shift_Description,Hour_of_Day,Pedestrian_Cause_Description,Involved_Vehicle_Type,Gender_Description,Age,Person_Type_Description,Pedestrian_Accident_Location_Description,Pedestrian_Movement_Reason_Description,Driver_Movement_Reason_Description,Victimization_Description,UTM_X_Coordinate,UTM_Y_Coordinate,Longitude,Latitude
2023S004997    ,3,Sants-Montjuïc,12,la Marina del Prat Vermell,370203,Número 3 Zona Franca,0069 0075,Monday,2023,8,August,21,Night,1,No és causa del  vianant,Motorcycle,Woman,21,Driver,Desconegut                                                                                                                                            ,Unknown,Oci i entreteniment,Minor injury: Medical assistance at accident site,427265.97,4576644.81,2.129611526,41.336160036
2023S004998    ,2,Eixample,10,Sant Antoni,198804,Paral·lel,0120 0122,Monday,2023,8,August,21,Afternoon,16,No és causa del  vianant,Motorcycle,Man,35,Driver,Desconegut                                                                                                                                            ,Unknown,Oci i entreteniment,Minor injury: Hospitalization up to 24 hours,430061.49,4580949.34,2.162521635,41.375177388
2023S004999    ,2,Eixample,7,la Dreta de l'Eixample,169409,Corts Catalanes,0627 0627,Monday,2023,8,August,21,Afternoon,16,No és causa del  vianant,Ciclomotor,Woman,34,Driver,Desconegut                                                                                                                                            ,Unknown,Oci i entreteniment,Minor injury: Hospitalization up to 24 hours,430713.85,4582715.3,2.170119996,41.391139332
2023S005000    ,2,Eixample,6,la Sagrada Família,289105,Rosselló,0440 0440,Monday,2023,8,August,21,Afternoon,16,No és causa del  vianant,Motorcycle,Man,40,Driver,Desconegut                                                                                                                                            ,Unknown,Oci i entreteniment,Minor injury: Hospitalization up to 24 hours,431180.38,4584467.18,2.175500521,41.406958054
2023S005001    ,7,Horta-Guinardó,40,Montbau,701267,Dalt (Besòs),001100000,Monday,2023,8,August,21,Afternoon,16,No és causa del  vianant,Bus,Woman,76,Passenger,Desconegut                                                                                                                                            ,Unknown,Unknown,Minor injury: Hospitalization up to 24 hours,428523.77,4586830.8,2.143440071,41.428014255
2023S005002    ,10,Sant Martí,64,el Camp de l'Arpa del Clot,226400,Las Navas de Tolosa,0315 0315,Monday,2023,8,August,21,Afternoon,19,No és causa del  vianant,Car,Man,39,Pedestrian,En pas regulat per semàfor                                                                                                                            ,Unknown,Unknown,Minor injury: Medical assistance at accident site,432041.84,4585468.49,2.185693709,41.416049881
2023S005003    ,1,Ciutat Vella,1,el Raval,140203,Drassanes,0001 0001,Monday,2023,8,August,21,Afternoon,17,No és causa del  vianant,Veh. mobilitat personal amb motor,Man,44,Driver,Desconegut                                                                                                                                            ,Unknown,Altres activitats,Minor injury: Hospitalization up to 24 hours,431194.7,4581062.49,2.176058831,41.376294241
2023S005004    ,2,Eixample,7,la Dreta de l'Eixample,169409,Corts Catalanes,0641 0641,Monday,2023,8,August,21,Afternoon,17,No és causa del  vianant,Car,Woman,34,Driver,Desconegut                                                                                                                                            ,Unknown,Altres activitats,Minor injury: Hospitalization up to 24 hours,430835.49,4582761.9,2.171569504,41.39156952
2023S005005    ,9,Sant Andreu,58,Baró de Viver,80101,Ciutat d'Asunción,0084 0086,Monday,2023,8,August,21,Afternoon,19,No és causa del  vianant,Motorcycle,Man,51,Driver,Desconegut                                                                                                                                            ,Unknown,Oci i entreteniment,Minor injury: Hospitalization up to 24 hours,433113.99,4588880.73,2.198143947,41.446872886
2023S005006    ,2,Eixample,8,l'Antiga Esquerra de l'Eixample,18505,Aragó,0194 0206,Monday,2023,8,August,21,Afternoon,21,No és causa del  vianant,Veh. mobilitat personal amb motor,Man,39,Driver,Desconegut                                                                                                                                            ,Unknown,Oci i entreteniment,Minor injury: Hospitalization up to 24 hours,429735.29,4582301.52,2.158464328,41.387327612
2023S005007    ,3,Sants-Montjuïc,11,el Poble-sec,213307,Miramar,0013 0015,Monday,2023,8,August,21,Afternoon,20,No és causa del  vianant,Bicicleta,Man,53,Driver,Desconegut                                                                                                                                            ,Unknown,Unknown,Minor injury: Hospitalization up to 24 hours,430011.87,4580251.18,2.162008961,41.368884951
2023S005008    ,1,Ciutat Vella,4,"Sant Pere, Santa Caterina i la Ribera",240707,Palau,0016 0016,Monday,2023,8,August,21,Night,22,No és causa del  vianant,Veh. mobilitat personal amb motor,Man,61,Driver,Desconegut                                                                                                                                            ,Unknown,Oci i entreteniment,Minor injury: Hospitalization up to 24 hours,431910.16,4581778.39,2.184533436,41.38280306
2023S005008    ,1,Ciutat Vella,4,"Sant Pere, Santa Caterina i la Ribera",240707,Palau,0016 0016,Monday,2023,8,August,21,Night,22,No és causa del  vianant,Car,Man,54,Driver,Desconegut                                                                                                                                            ,Unknown,Taxi,Minor injury: Hospitalization up to 24 hours,431910.16,4581778.39,2.184533436,41.38280306
2023S005009    ,10,Sant Martí,73,la Verneda i la Pau,266405,Prim,0296 0298,Tuesday,2023,8,August,22,Morning,8,No és causa del  vianant,Car,Woman,57,Passenger,Desconegut                                                                                                                                            ,Unknown,Unknown,Minor injury: Hospitalization up to 24 hours,433074.13,4586774.31,2.197900238,41.427897705
2023S005009    ,10,Sant Martí,73,la Verneda i la Pau,266405,Prim,0296 0298,Tuesday,2023,8,August,22,Morning,8,No és causa del  vianant,Car,Man,28,Passenger,Desconegut                                                                                                                                            ,Unknown,Unknown,Minor injury: Medical assistance at accident site,433074.13,4586774.31,2.197900238,41.427897705
2023S005009    ,10,Sant Martí,73,la Verneda i la Pau,266405,Prim,0296 0298,Tuesday,2023,8,August,22,Morning,8,No és causa del  vianant,Car,Man,32,Passenger,Desconegut                                                                                                                                            ,Unknown,Unknown,Minor injury: Medical assistance at accident site,433074.13,4586774.31,2.197900238,41.427897705
2023S005009    ,10,Sant Martí,73,la Verneda i la Pau,266405,Prim,0296 0298,Tuesday,2023,8,August,22,Morning,8,No és causa del  vianant,Car,Woman,25,Driver,Desconegut                                                                                                                                            ,Unknown,Unknown,Minor injury: Medical assistance at accident site,433074.13,4586774.31,2.197900238,41.427897705
2023S005010    ,5,Sarrià-Sant Gervasi,23,Sarrià,701267,Dalt (Besòs),000700000,Tuesday,2023,8,August,22,Morning,13,No és causa del  vianant,Taxi,Woman,57,Passenger,Desconegut                                                                                                                                            ,Unknown,Unknown,Minor injury: Refused medical assistance,426082.19,4583902.0,2.114580314,41.40141486
2023S005010    ,5,Sarrià-Sant Gervasi,23,Sarrià,701267,Dalt (Besòs),000700000,Tuesday,2023,8,August,22,Morning,13,No és causa del  vianant,Taxi,Man,58,Passenger,Desconegut                                                                                                                                            ,Unknown,Unknown,Minor injury: Refused medical assistance,426082.19,4583902.0,2.114580314,41.40141486
2023S005010    ,5,Sarrià-Sant Gervasi,23,Sarrià,701267,Dalt (Besòs),000700000,Tuesday,2023,8,August,22,Morning,13,No és causa del  vianant,"Camió rígid <= 3,5 tones",Man,34,Driver,Desconegut                                                                                                                                            ,Unknown,En missió,Minor injury: Hospitalization up to 24 hours,426082.19,4583902.0,2.114580314,41.40141486
2023S005011    ,2,Eixample,5,el Fort Pienc,169409,Corts Catalanes,0794 0794,Tuesday,2023,8,August,22,Morning,12,No és causa del  vianant,Motorcycle,Man,61,Driver,Desconegut                                                                                                                                            ,Unknown,Oci i entreteniment,Minor injury: Hospitalization up to 24 hours,431752.09,4583696.66,2.182426855,41.400066981
2023S005012    ,5,Sarrià-Sant Gervasi,26,Sant Gervasi - Galvany,139805,Ganduxer,0001 0001,Tuesday,2023,8,August,22,Afternoon,15,No és causa del  vianant,Veh. mobilitat personal amb motor,Woman,42,Driver,Desconegut                                                                                                                                            ,Unknown,Unknown,Minor injury: Hospitalization up to 24 hours,428148.61,4582820.84,2.139427005,41.391864695
2023S005014    ,5,Sarrià-Sant Gervasi,26,Sant Gervasi - Galvany,223606,Muntaner,0224 0224,Wednesday,2023,8,August,23,Afternoon,17,No és causa del  vianant,Motorcycle,Man,24,Driver,Desconegut                                                                                                                                            ,Unknown,Unknown,Minor injury: Medical assistance at accident site,429001.92,4583052.43,2.149605603,41.394026363
2023S005015    ,10,Sant Martí,69,Diagonal Mar i el Front Marítim del Poblenou,322608,Selva de Mar,0001 0001,Tuesday,2023,8,August,22,Afternoon,19,No és causa del  vianant,Motorcycle,Man,40,Driver,Desconegut                                                                                                                                            ,Unknown,Unknown,Minor injury: Hospitalization up to 24 hours,434403.02,4584111.59,2.214091981,41.404024934
2023S005016    ,9,Sant Andreu,59,el Bon Pastor,80101,Ciutat d'Asunción,0044B0044B,Tuesday,2023,8,August,22,Afternoon,17,No és causa del  vianant,Motorcycle,Woman,38,Driver,Desconegut                                                                                                                                            ,Unknown,Unknown,Minor injury: Hospitalization up to 24 hours,433242.65,4588428.8,2.199734042,41.442813216
2023S005017    ,1,Ciutat Vella,1,el Raval,277809,Reina Amàlia,0024A0024A,Tuesday,2023,8,August,22,Afternoon,20,Creuar per fora pas de vianants,Maquinària d'obres i serveis,Man,11,Pedestrian,Fora del pas                                                                                                                                          ,Unknown,Unknown,Minor injury: Hospitalization up to 24 hours,430455.94,4581141.88,2.167216052,41.376945743
2023S005018    ,8,Nou Barris,46,el Turó de la Peira,119003,Fabra i Puig,0408 0408,Tuesday,2023,8,August,22,Night,22,No és causa del  vianant,Motorcycle,Woman,51,Driver,Desconegut                                                                                                                                            ,Unknown,Unknown,Minor injury: Hospitalization up to 24 hours,430215.05,4587479.92,2.163604418,41.434009426
2023S005019    ,-1,Unknown,-1,Unknown,-1,Unknown,Unknown,Tuesday,2023,8,August,22,Night,22,No és causa del  vianant,Motorcycle,Man,48,Driver,Desconegut                                                                                                                                            ,Unknown,In itínere,Minor injury: Hospitalization up to 24 hours,428687.54,4577782.0,2.146465648,41.346529507
2023S005020    ,1,Ciutat Vella,3,la Barceloneta,701265,Litoral (Besòs),000890000,Wednesday,2023,8,August,23,Night,1,No és causa del  vianant,Motorcycle,Man,47,Driver,Desconegut                                                                                                                                            ,Unknown,"Bombers, policia, ambulància",Minor injury: Hospitalization up to 24 hours,432795.35,4582156.27,2.195077202,41.386281007
2023S005022    ,2,Eixample,10,Sant Antoni,349706,Comte d'Urgell,0012 0012,Wednesday,2023,8,August,23,Night,3,No és causa del  vianant,Motorcycle,Man,27,Driver,Desconegut                                                                                                                                            ,Unknown,In itínere,Minor injury: Refused medical assistance,430029.45,4581426.92,2.162083363,41.379476019
2023S005023    ,2,Eixample,9,la Nova Esquerra de l'Eixample,162002,Josep Tarradellas,0064 0064,Wednesday,2023,8,August,23,Night,4,No és causa del  vianant,Car,Man,18,Driver,Desconegut                                                                                                                                            ,Unknown,Oci i entreteniment,Minor injury: Medical assistance at accident site,428409.41,4582129.0,2.142628031,41.385656815
2023S005024    ,3,Sants-Montjuïc,12,la Marina del Prat Vermell,180,A Zona Franca,9999 9999,Wednesday,2023,8,August,23,Morning,6,No és causa del  vianant,Car,Man,24,Passenger,Desconegut                                                                                                                                            ,Unknown,Unknown,Minor injury: Refused medical assistance,428495.23,4578479.06,2.144085014,41.352790659
2023S005024    ,3,Sants-Montjuïc,12,la Marina del Prat Vermell,180,A Zona Franca,9999 9999,Wednesday,2023,8,August,23,Morning,6,No és causa del  vianant,Car,Man,24,Driver,Desconegut                                                                                                                                            ,Unknown,In itínere,Minor injury: Refused medical assistance,428495.23,4578479.06,2.144085014,41.352790659
2023S005025    ,2,Eixample,8,l'Antiga Esquerra de l'Eixample,18505,Aragó,0134 0134,Wednesday,2023,8,August,23,Morning,10,No és causa del  vianant,Veh. mobilitat personal amb motor,Man,18,Driver,Desconegut                                                                                                                                            ,Unknown,Unknown,Minor injury: Medical assistance at accident site,429495.26,4582052.73,2.155622682,41.385065829
2023S005026    ,5,Sarrià-Sant Gervasi,23,Sarrià,120308,Francesc Carbonell,0015 0019,Wednesday,2023,8,August,23,Morning,7,No és causa del  vianant,Motorcycle,Woman,30,Driver,Desconegut                                                                                                                                            ,Unknown,In itínere,Minor injury: Hospitalization up to 24 hours,426949.45,4582910.63,2.125074038,41.392565316
2023S005027    ,5,Sarrià-Sant Gervasi,23,Sarrià,107300,Eduardo Conde,0015 0015,Wednesday,2023,8,August,23,Morning,8,No és causa del  vianant,Motorcycle,Woman,42,Driver,Desconegut                                                                                                                                            ,Unknown,Unknown,Minor injury: Hospitalization up to 24 hours,426637.44,4582929.88,2.121339986,41.392710277
2023S005028    ,2,Eixample,6,la Sagrada Família,289105,Rosselló,0417 0417,Wednesday,2023,8,August,23,Morning,11,No és causa del  vianant,Motorcycle,Woman,33,Driver,Desconegut                                                                                                                                            ,Unknown,En missió,Minor injury: Hospitalization up to 24 hours,430888.61,4584181.25,2.172042729,41.404357729
2023S005029    ,2,Eixample,5,el Fort Pienc,169409,Corts Catalanes,0751E0751E,Wednesday,2023,8,August,23,Morning,8,No és causa del  vianant,Motorcycle,Man,30,Driver,Desconegut                                                                                                                                            ,Unknown,In itínere,Minor injury: Hospitalization up to 24 hours,431830.18,4583734.58,2.183356681,41.400415143
2023S005030    ,5,Sarrià-Sant Gervasi,26,Sant Gervasi - Galvany,196900,Marià Cubí,0053 0053,Wednesday,2023,8,August,23,Morning,13,Desobeir altres senyals,Motorcycle,Woman,30,Driver,Desconegut                                                                                                                                            ,Unknown,Unknown,Minor injury: Medical assistance at accident site,429021.33,4583530.77,2.149781658,41.398336313
2023S005031    ,2,Eixample,7,la Dreta de l'Eixample,144601,Diagonal,9995 9995,Wednesday,2023,8,August,23,Morning,13,No és causa del  vianant,Motorcycle,Man,66,Driver,Desconegut                                                                                                                                            ,Unknown,Oci i entreteniment,Minor injury: Hospitalization up to 24 hours,430883.1,4583614.29,2.172041585,41.399250828
2023S005032    ,7,Horta-Guinardó,43,Horta,701267,Dalt (Besòs),001250000,Wednesday,2023,8,August,23,Morning,13,No és causa del  vianant,Furgoneta,Man,49,Driver,Desconegut                                                                                                                                            ,Unknown,En missió,Minor injury: Medical assistance at accident site,429406.66,4587966.87,2.153872717,41.438324492
2023S005033    ,2,Eixample,7,la Dreta de l'Eixample,18505,Aragó,0281 0281,Wednesday,2023,8,August,23,Afternoon,17,No és causa del  vianant,Motorcycle,Man,23,Driver,Desconegut                                                                                                                                            ,Unknown,Unknown,Serious injury: Hospitalization over 24 hours,430403.06,4582955.17,2.166375326,41.393272917
2023S005034    ,2,Eixample,5,el Fort Pienc,286504,Roger de Flor,0045 0047,Wednesday,2023,8,August,23,Afternoon,18,No és causa del  vianant,Motorcycle,Woman,34,Driver,Desconegut                                                                                                                                            ,Unknown,Unknown,Minor injury: Hospitalization up to 24 hours,431602.6,4582861.01,2.180733129,41.392527814
2023S005037    ,3,Sants-Montjuïc,17,Sants - Badal,701434,Mig (Descendent),000160000,Wednesday,2023,8,August,23,Afternoon,19,No és causa del  vianant,Car,Woman,15,Passenger,Desconegut                                                                                                                                            ,Unknown,Unknown,Minor injury: Refused medical assistance,427308.48,4581499.77,2.129537509,41.379890804
2023S005037    ,3,Sants-Montjuïc,17,Sants - Badal,701434,Mig (Descendent),000160000,Wednesday,2023,8,August,23,Afternoon,19,No és causa del  vianant,Motorcycle,Man,32,Driver,Desconegut                                                                                                                                            ,Unknown,Oci i entreteniment,Minor injury: Hospitalization up to 24 hours,427308.48,4581499.77,2.129537509,41.379890804
2023S005037    ,3,Sants-Montjuïc,17,Sants - Badal,701434,Mig (Descendent),000160000,Wednesday,2023,8,August,23,Afternoon,19,No és causa del  vianant,Car,Woman,47,Driver,Desconegut                                                                                                                                            ,Unknown,Oci i entreteniment,Minor injury: Refused medical assistance,427308.48,4581499.77,2.129537509,41.379890804
2023S005038    ,9,Sant Andreu,60,Sant Andreu,209900,Meridiana,0572 0572,Wednesday,2023,8,August,23,Afternoon,17,No és causa del  vianant,Motorcycle,Man,59,Driver,Desconegut                                                                                                                                            ,Unknown,In itínere,Minor injury: Refused medical assistance,432119.65,4588374.5,2.18629819,41.442229936
2023S005039    ,10,Sant Martí,66,el Parc i la Llacuna del Poblenou,30500,Badajoz,0175 0175,Wednesday,2023,8,August,23,Afternoon,16,No és causa del  vianant,Bicicleta,Man,33,Driver,Desconegut                                                                                                                                            ,Unknown,Oci i entreteniment,Minor injury: Hospitalization up to 24 hours,432278.76,4584102.02,2.188681418,41.403762501
2023S005040    ,2,Eixample,7,la Dreta de l'Eixample,359404,Cinc d'Oros,9999 9999,Wednesday,2023,8,August,23,Afternoon,18,No és causa del  vianant,Motorcycle,Woman,23,Driver,Desconegut                                                                                                                                            ,Unknown,In itínere,Minor injury: Hospitalization up to 24 hours,429834.22,4583321.69,2.15952922,41.396524584
2023S005041    ,1,Ciutat Vella,1,el Raval,21306,Arc del Teatre,0062 0066,Wednesday,2023,8,August,23,Night,22,No és causa del  vianant,Veh. mobilitat personal amb motor,Man,8,Pedestrian,A la vorera / Andana                                                                                                                                  ,Unknown,Unknown,Minor injury: Hospitalization up to 24 hours,430936.44,4580949.76,2.172983556,41.375256778
2023S005042    ,1,Ciutat Vella,2,el Barri Gòtic,82901,Colom,0025 0025,Thursday,2023,8,August,24,Night,0,No és causa del  vianant,Veh. mobilitat personal amb motor,Man,53,Driver,Desconegut                                                                                                                                            ,Unknown,In itínere,Minor injury: Hospitalization up to 24 hours,431379.84,4581118.42,2.178266297,41.376813806
2023S005042    ,1,Ciutat Vella,2,el Barri Gòtic,82901,Colom,0025 0025,Thursday,2023,8,August,24,Night,0,No és causa del  vianant,Veh. mobilitat personal amb motor,Man,25,Driver,Desconegut                                                                                                                                            ,Unknown,Oci i entreteniment,Minor injury: Hospitalization up to 24 hours,431379.84,4581118.42,2.178266297,41.376813806
2023S005043    ,3,Sants-Montjuïc,12,la Marina del Prat Vermell,701266,Litoral (Llobregat),001660000,Thursday,2023,8,August,24,Night,0,No és causa del  vianant,Car,Woman,24,Passenger,Desconegut                                                                                                                                            ,Unknown,Unknown,Minor injury: Medical assistance at accident site,427570.9,4577512.76,2.133151848,41.34400487
2023S005043    ,3,Sants-Montjuïc,12,la Marina del Prat Vermell,701266,Litoral (Llobregat),001660000,Thursday,2023,8,August,24,Night,0,No és causa del  vianant,Car,Man,27,Driver,Desconegut                                                                                                                                            ,Unknown,Unknown,Minor injury: Medical assistance at accident site,427570.9,4577512.76,2.133151848,41.34400487
2023S005045    ,3,Sants-Montjuïc,12,la Marina del Prat Vermell,700127,Major de Mercabarna,0002 0002,Thursday,2023,8,August,24,Night,5,No és causa del  vianant,"Camió rígid <= 3,5 tones",Man,37,Pedestrian,En pas sense regular                                                                                                                                  ,En missió,Unknown,Minor injury: Medical assistance at accident site,426233.28,4576445.28,2.117295201,41.334269018
2023S005046    ,2,Eixample,10,Sant Antoni,169409,Corts Catalanes,0578 0578,Thursday,2023,8,August,24,Morning,10,No és causa del  vianant,Bicicleta,Woman,29,Driver,Desconegut                                                                                                                                            ,Unknown,En missió,Minor injury: Hospitalization up to 24 hours,430025.03,4582004.98,2.161963719,41.384682041
2023S005047    ,2,Eixample,8,l'Antiga Esquerra de l'Eixample,110304,Enric Granados,0137 0137,Thursday,2023,8,August,24,Morning,11,No és causa del  vianant,Veh. mobilitat personal amb motor,Man,26,Driver,Desconegut                                                                                                                                            ,Unknown,Unknown,Minor injury: Hospitalization up to 24 hours,429387.02,4583027.46,2.154214551,41.393835391
2023S005048    ,5,Sarrià-Sant Gervasi,25,Sant Gervasi - la Bonanova,38706,Benedetti,0002 0002,Thursday,2023,8,August,24,Afternoon,15,No és causa del  vianant,Motorcycle,Man,18,Driver,Desconegut                                                                                                                                            ,Unknown,Unknown,Minor injury: Hospitalization up to 24 hours,426829.82,4584695.73,2.123427364,41.408632061
2023S005050    ,4,Les Corts,20,la Maternitat i Sant Ramon,343903,Corts,0015 0019,Thursday,2023,8,August,24,Afternoon,17,No és causa del  vianant,Car,Man,17,Pedestrian,En pas regulat per semàfor                                                                                                                            ,Unknown,Unknown,Minor injury: Medical assistance at accident site,426391.26,4581118.65,2.118615767,41.37637478
2023S005051    ,2,Eixample,7,la Dreta de l'Eixample,148307,Gràcia,0102 0102,Thursday,2023,8,August,24,Afternoon,16,No és causa del  vianant,Bus,Man,64,Passenger,Desconegut                                                                                                                                            ,Unknown,Unknown,Minor injury: Hospitalization up to 24 hours,429914.38,4583230.13,2.160498625,41.395706928
2023S005052    ,4,Les Corts,19,les Corts,144601,Diagonal,0527 0527,Thursday,2023,8,August,24,Afternoon,14,No és causa del  vianant,Motorcycle,Man,33,Driver,Desconegut                                                                                                                                            ,Unknown,Oci i entreteniment,Minor injury: Hospitalization up to 24 hours,428097.57,4582748.97,2.138825095,41.391212825
2023S005053    ,9,Sant Andreu,62,el Congrés i els Indians,121402,Felip II,0191B0191B,Thursday,2023,8,August,24,Afternoon,17,No és causa del  vianant,Veh. mobilitat personal amb motor,Man,25,Driver,Desconegut                                                                                                                                            ,Unknown,Unknown,Minor injury: Refused medical assistance,431520.57,4586544.67,2.17933492,41.4256984
2023S005054    ,10,Sant Martí,66,el Parc i la Llacuna del Poblenou,197302,Marina,0101 0101,Thursday,2023,8,August,24,Afternoon,14,Desobeir el senyal del semàfor,Motorcycle,Man,26,Pedestrian,En pas regulat per semàfor                                                                                                                            ,Unknown,Unknown,Minor injury: Hospitalization up to 24 hours,432151.67,4583037.68,2.187280446,41.394165568
2023S005055    ,8,Nou Barris,52,la Prosperitat,120807,Favència,0370X0370X,Thursday,2023,8,August,24,Afternoon,17,No és causa del  vianant,Motorcycle,Man,40,Driver,Desconegut                                                                                                                                            ,Unknown,Unknown,Minor injury: Hospitalization up to 24 hours,431724.23,4588823.72,2.181514384,41.446242348
2023S005056    ,2,Eixample,7,la Dreta de l'Eixample,268003,Provença,0270 0272,Thursday,2023,8,August,24,Night,22,No és causa del  vianant,Motorcycle,Man,36,Driver,Desconegut                                                                                                                                            ,Unknown,In itínere,Minor injury: Hospitalization up to 24 hours,429868.7,4582996.42,2.159979329,41.393597996
2023S005057    ,2,Eixample,7,la Dreta de l'Eixample,18505,Aragó,0357 0357,Thursday,2023,8,August,24,Afternoon,20,No és causa del  vianant,Motorcycle,Man,39,Driver,Desconegut                                                                                                                                            ,Unknown,In itínere,Minor injury: Hospitalization up to 24 hours,430905.11,4583472.2,2.172321085,41.39797296
2023S005060    ,2,Eixample,6,la Sagrada Família,178308,Lepant,0247 0247,Thursday,2023,8,August,24,Night,23,No és causa del  vianant,Motorcycle,Man,31,Driver,Desconegut                                                                                                                                            ,Unknown,Oci i entreteniment,Minor injury: Hospitalization up to 24 hours,431371.11,4584089.39,2.177825098,41.403571733
2023S005061    ,4,Les Corts,20,la Maternitat i Sant Ramon,144601,Diagonal,0673 0685,Friday,2023,8,August,25,Night,0,No és causa del  vianant,Motorcycle,Woman,49,Driver,Desconegut                                                                                                                                            ,Unknown,In itínere,Minor injury: Hospitalization up to 24 hours,425497.61,4581866.91,2.107838134,41.383031749
2023S005062    ,10,Sant Martí,67,la Vila Olímpica del Poblenou,700666,Joan Oliver,0001 0001,Friday,2023,8,August,25,Night,5,No és causa del  vianant,Motorcycle,Man,22,Passenger,Desconegut                                                                                                                                            ,Unknown,Unknown,Minor injury: Hospitalization up to 24 hours,433298.47,4582876.14,2.201014868,41.392806606
2023S005062    ,10,Sant Martí,67,la Vila Olímpica del Poblenou,700666,Joan Oliver,0001 0001,Friday,2023,8,August,25,Night,5,No és causa del  vianant,Motorcycle,Woman,28,Driver,Desconegut                                                                                                                                            ,Unknown,Oci i entreteniment,Minor injury: Hospitalization up to 24 hours,433298.47,4582876.14,2.201014868,41.392806606
2023S005064    ,5,Sarrià-Sant Gervasi,25,Sant Gervasi - la Bonanova,2403,Adrià Margarit,0027B0027B,Friday,2023,8,August,25,Morning,8,No és causa del  vianant,Motorcycle,Man,33,Driver,Desconegut                                                                                                                                            ,Unknown,Oci i entreteniment,Minor injury: Medical assistance at accident site,427518.18,4585332.24,2.131586079,41.414427233
2023S005065    ,2,Eixample,7,la Dreta de l'Eixample,350308,València,0252B0252B,Thursday,2023,8,August,24,Afternoon,19,No és causa del  vianant,Autobús articulat,Woman,25,Passenger,Desconegut                                                                                                                                            ,Unknown,Unknown,Minor injury: Medical assistance at accident site,430015.48,4582749.64,2.161763434,41.391388123
2023S005065    ,2,Eixample,7,la Dreta de l'Eixample,350308,València,0252B0252B,Thursday,2023,8,August,24,Afternoon,19,No és causa del  vianant,Autobús articulat,Woman,62,Passenger,Desconegut                                                                                                                                            ,Unknown,Unknown,Minor injury: Medical assistance at accident site,430015.48,4582749.64,2.161763434,41.391388123
2023S005065    ,2,Eixample,7,la Dreta de l'Eixample,350308,València,0252B0252B,Thursday,2023,8,August,24,Afternoon,19,No és causa del  vianant,Autobús articulat,Woman,63,Passenger,Desconegut                                                                                                                                            ,Unknown,Unknown,Minor injury: Medical assistance at accident site,430015.48,4582749.64,2.161763434,41.391388123
2023S005066    ,1,Ciutat Vella,4,"Sant Pere, Santa Caterina i la Ribera",198203,Marquès de l'Argentera,0001 0001,Friday,2023,8,August,25,Morning,11,No és causa del  vianant,Furgoneta,Woman,21,Pedestrian,En pas sense regular                                                                                                                                  ,Unknown,Unknown,Minor injury: Medical assistance at accident site,431803.6,4581754.35,2.183261829,41.382577507
2023S005066    ,1,Ciutat Vella,4,"Sant Pere, Santa Caterina i la Ribera",198203,Marquès de l'Argentera,0001 0001,Friday,2023,8,August,25,Morning,11,No és causa del  vianant,Furgoneta,Woman,30,Pedestrian,En pas sense regular                                                                                                                                  ,Unknown,Unknown,Minor injury: Medical assistance at accident site,431803.6,4581754.35,2.183261829,41.382577507
2023S005066    ,1,Ciutat Vella,4,"Sant Pere, Santa Caterina i la Ribera",198203,Marquès de l'Argentera,0001 0001,Friday,2023,8,August,25,Morning,11,No és causa del  vianant,Furgoneta,Woman,32,Pedestrian,En pas sense regular                                                                                                                                  ,Unknown,Unknown,Minor injury: Medical assistance at accident site,431803.6,4581754.35,2.183261829,41.382577507
2023S005066    ,1,Ciutat Vella,4,"Sant Pere, Santa Caterina i la Ribera",198203,Marquès de l'Argentera,0001 0001,Friday,2023,8,August,25,Morning,11,No és causa del  vianant,Furgoneta,Woman,50,Pedestrian,En pas sense regular                                                                                                                                  ,Unknown,Unknown,Minor injury: Medical assistance at accident site,431803.6,4581754.35,2.183261829,41.382577507
2023S005066    ,1,Ciutat Vella,4,"Sant Pere, Santa Caterina i la Ribera",198203,Marquès de l'Argentera,0001 0001,Friday,2023,8,August,25,Morning,11,No és causa del  vianant,Furgoneta,Woman,65,Pedestrian,En pas sense regular                                                                                                                                  ,Unknown,Unknown,Minor injury: Medical assistance at accident site,431803.6,4581754.35,2.183261829,41.382577507
2023S005066    ,1,Ciutat Vella,4,"Sant Pere, Santa Caterina i la Ribera",198203,Marquès de l'Argentera,0001 0001,Friday,2023,8,August,25,Morning,11,No és causa del  vianant,Furgoneta,Man,70,Pedestrian,En pas sense regular                                                                                                                                  ,Unknown,Unknown,Minor injury: Medical assistance at accident site,431803.6,4581754.35,2.183261829,41.382577507
2023S005067    ,6,Gràcia,28,Vallcarca i els Penitents,352507,Vall d'Hebron,0001 0001,Friday,2023,8,August,25,Afternoon,14,No és causa del  vianant,Motorcycle,Man,28,Driver,Desconegut                                                                                                                                            ,Unknown,In itínere,Minor injury: Hospitalization up to 24 hours,427911.55,4585501.92,2.136272247,41.41599087
2023S005069    ,2,Eixample,10,Sant Antoni,323203,Sepúlveda,0001 0001,Friday,2023,8,August,25,Morning,12,No és causa del  vianant,Ciclomotor,Man,47,Driver,Desconegut                                                                                                                                            ,Unknown,Unknown,Minor injury: Medical assistance at accident site,429204.19,4581008.92,2.152263789,41.375639002
2023S005070    ,10,Sant Martí,71,Provençals del Poblenou,115603,Espronceda,0151X0151X,Friday,2023,8,August,25,Morning,13,No és causa del  vianant,Ciclomotor,Man,36,Driver,Desconegut                                                                                                                                            ,Unknown,Unknown,Minor injury: Hospitalization up to 24 hours,433427.03,4584453.69,2.202378942,41.407025865