Case_Number,District_Code,District_Name,Neighborhood_Code,Neighborhood_Name,Street_Code,Street_Name,Postal_Code,Day_of_Week,Year,Month_Code,Month_Name,Day_of_Month,Shift_Description,Hour_of_Day,Pedestrian_Cause_Description,Involved_Vehicle_Type,Gender_Description,Age,Person_Type_Description,Pedestrian_Accident_Location_Description,Pedestrian_Movement_Reason_Description,Driver_Movement_Reason_Description,Victimization_Description,UTM_X_Coordinate,UTM_Y_Coordinate,Longitude,Latitude
2023S005147    ,8,Nou Barris,50,les Roquetes,120807,Favència,0288A0288A,Tuesday,2023,8,August,29,Night,22,No és causa del  vianant,Motorcycle,Man,56,Driver,Desconegut                                                                                                                                            ,Unknown,Unknown,Minor injury: Hospitalization up to 24 hours,431330.27,4588699.98,2.176812648,41.445094246
2023S005148    ,8,Nou Barris,50,les Roquetes,701267,Dalt (Besòs),001480000,Tuesday,2023,8,August,29,Night,23,No és causa del  vianant,Motorcycle,Man,38,Driver,Desconegut                                                                                                                                            ,Unknown,In itínere,Minor injury: Hospitalization up to 24 hours,431510.91,4588833.99,2.178959717,41.446316664
2023S005150    ,10,Sant Martí,66,el Parc i la Llacuna del Poblenou,11200,Almogàvers,0004 0004,Wednesday,2023,8,August,30,Night,3,No és causa del  vianant,Taxi,Woman,27,Passenger,Desconegut                                                                                                                                            ,Unknown,Unknown,Minor injury: Hospitalization up to 24 hours,431736.83,4582736.66,2.182352601,41.39141924
2023S005150    ,10,Sant Martí,66,el Parc i la Llacuna del Poblenou,11200,Almogàvers,0004 0004,Wednesday,2023,8,August,30,Night,3,No és causa del  vianant,Taxi,Man,28,Passenger,Desconegut                                                                                                                                            ,Unknown,Unknown,Minor injury: Hospitalization up to 24 hours,431736.83,4582736.66,2.182352601,41.39141924
2023S005150    ,10,Sant Martí,66,el Parc i la Llacuna del Poblenou,11200,Almogàvers,0004 0004,Wednesday,2023,8,August,30,Night,3,No és causa del  vianant,Taxi,Man,48,Driver,Desconegut                                                                                                                                            ,Unknown,Taxi,Minor injury: Hospitalization up to 24 hours,431736.83,4582736.66,2.182352601,41.39141924
2023S005151    ,4,Les Corts,21,Pedralbes,115400,Esplugues,0002 0022,Tuesday,2023,8,August,29,Morning,13,No és causa del  vianant,Car,Woman,42,Passenger,Desconegut                                                                                                                                            ,Unknown,Unknown,Minor injury: Hospitalization up to 24 hours,425204.75,4582148.4,2.104301214,41.385539814
2023S005151    ,4,Les Corts,21,Pedralbes,115400,Esplugues,0002 0022,Tuesday,2023,8,August,29,Morning,13,No és causa del  vianant,Car,Woman,59,Driver,Desconegut                                                                                                                                            ,Unknown,Oci i entreteniment,Minor injury: Medical assistance at accident site,425204.75,4582148.4,2.104301214,41.385539814
2023S005152    ,1,Ciutat Vella,1,el Raval,701349,Drassanes,0001 0001,Monday,2023,8,August,28,Afternoon,19,No és causa del  vianant,Ciclomotor,Man,73,Driver,Desconegut                                                                                                                                            ,Unknown,Unknown,Minor injury: Hospitalization up to 24 hours,431213.91,4580892.22,2.176307867,41.374762308
2023S005153    ,5,Sarrià-Sant Gervasi,24,les Tres Torres,143904,General Mitre,0081 0091,Wednesday,2023,8,August,30,Morning,9,No és causa del  vianant,Motorcycle,Woman,24,Driver,Desconegut                                                                                                                                            ,Unknown,En missió,Minor injury: Hospitalization up to 24 hours,427714.85,4583654.89,2.134139547,41.399337763
2023S005154    ,7,Horta-Guinardó,41,la Vall d'Hebron,700825,Granja Vella,0001 0001,Wednesday,2023,8,August,30,Morning,8,No és causa del  vianant,Motorcycle,Man,46,Driver,Desconegut                                                                                                                                            ,Unknown,In itínere,Minor injury: Hospitalization up to 24 hours,429003.29,4586683.09,2.149195765,41.426726441
2023S005155    ,1,Ciutat Vella,2,el Barri Gòtic,16000,Àngel,0012 0012,Tuesday,2023,8,August,29,Afternoon,17,No és causa del  vianant,Veh. mobilitat personal amb motor,Woman,26,Driver,Desconegut                                                                                                                                            ,Unknown,Unknown,Minor injury: Hospitalization up to 24 hours,431402.24,4581885.51,2.178447266,41.383724688
2023S005156    ,5,Sarrià-Sant Gervasi,25,Sant Gervasi - la Bonanova,113007,Escoles Pies,0106 0108,Wednesday,2023,8,August,30,Morning,8,No és causa del  vianant,Motorcycle,Man,27,Driver,Desconegut                                                                                                                                            ,Unknown,In itínere,Minor injury: Hospitalization up to 24 hours,427140.1,4584211.14,2.127197679,41.404295768
2023S005157    ,3,Sants-Montjuïc,11,el Poble-sec,198702,Francesc Ferrer i Guàrdia,0001 0005,Wednesday,2023,8,August,30,Morning,9,No és causa del  vianant,Motorcycle,Man,30,Driver,Desconegut                                                                                                                                            ,Unknown,In itínere,Minor injury: Hospitalization up to 24 hours,429128.42,4580567.28,2.151409448,41.37165462
2023S005159    ,3,Sants-Montjuïc,15,Hostafrancs,94809,Creu Coberta,0024U0024U,Wednesday,2023,8,August,30,Afternoon,15,No és causa del  vianant,Bicicleta,Man,59,Driver,Desconegut                                                                                                                                            ,Unknown,In itínere,Minor injury: Hospitalization up to 24 hours,428795.14,4580960.25,2.147378401,41.375164538
2023S005160    ,3,Sants-Montjuïc,12,la Marina del Prat Vermell,701265,Litoral (Besòs),001600000,Wednesday,2023,8,August,30,Afternoon,17,No és causa del  vianant,Motorcycle,Man,36,Driver,Desconegut                                                                                                                                            ,Unknown,Unknown,Minor injury: Hospitalization up to 24 hours,427843.56,4577637.92,2.136395635,41.345156627
2023S005161    ,8,Nou Barris,45,Porta,289852,Rosselló i Porcel,0012 0012,Wednesday,2023,8,August,30,Afternoon,17,No és causa del  vianant,Motorcycle,Woman,44,Driver,Desconegut                                                                                                                                            ,Unknown,Unknown,Minor injury: Hospitalization up to 24 hours,431791.07,4587776.85,2.182432739,41.43681925
2023S005162    ,9,Sant Andreu,63,Navas,169908,Josep Estivill,0034 0034,Wednesday,2023,8,August,30,Afternoon,18,Transitar a peu per la calçada,Car,Man,81,Pedestrian,Fora del pas                                                                                                                                          ,Oci i entreteniment,Unknown,Minor injury: Medical assistance at accident site,432227.71,4585676.28,2.187894305,41.417937088
2023S005163    ,9,Sant Andreu,60,Sant Andreu,295709,Sant Adrià,0038B0038B,Wednesday,2023,8,August,30,Afternoon,18,No és causa del  vianant,Ciclomotor,Man,35,Driver,Desconegut                                                                                                                                            ,Unknown,Oci i entreteniment,Minor injury: Medical assistance at accident site,432685.85,4587536.11,2.193168821,41.434726532
2023S005164    ,2,Eixample,7,la Dreta de l'Eixample,148307,Gràcia,0087 0087,Wednesday,2023,8,August,30,Afternoon,14,No és causa del  vianant,Veh. mobilitat personal amb motor,Man,22,Driver,Desconegut                                                                                                                                            ,Unknown,Altres activitats,Minor injury: Hospitalization up to 24 hours,430005.45,4583130.22,2.161599464,41.394815009
2023S005165    ,5,Sarrià-Sant Gervasi,23,Sarrià,28000,Augusta,0389 0389,Wednesday,2023,8,August,30,Afternoon,20,No és causa del  vianant,Motorcycle,Man,61,Driver,Desconegut                                                                                                                                            ,Unknown,Unknown,Minor injury: Hospitalization up to 24 hours,426449.38,4584094.02,2.118949247,41.403177991
2023S005166    ,2,Eixample,10,Sant Antoni,349706,Comte d'Urgell,0034 0034,Wednesday,2023,8,August,30,Afternoon,20,No és causa del  vianant,Motorcycle,Man,68,Driver,Desconegut                                                                                                                                            ,Unknown,Altres activitats,Minor injury: Hospitalization up to 24 hours,429919.21,4581564.2,2.160749232,41.380702858
2023S005167    ,2,Eixample,5,el Fort Pienc,169409,Corts Catalanes,0753B0753B,Wednesday,2023,8,August,30,Afternoon,18,No és causa del  vianant,Motorcycle,Woman,28,Driver,Desconegut                                                                                                                                            ,Unknown,Servei d'auxili en carretera,Minor injury: Hospitalization up to 24 hours,431854.97,4583831.25,2.183642329,41.401287924
2023S005168    ,2,Eixample,9,la Nova Esquerra de l'Eixample,54509,Calàbria,0194 0194,Wednesday,2023,8,August,30,Afternoon,19,No és causa del  vianant,Motorcycle,Man,35,Driver,Desconegut                                                                                                                                            ,Unknown,In itínere,Minor injury: Hospitalization up to 24 hours,428973.69,4581930.81,2.149399541,41.383921833
2023S005168    ,2,Eixample,9,la Nova Esquerra de l'Eixample,54509,Calàbria,0194 0194,Wednesday,2023,8,August,30,Afternoon,19,No és causa del  vianant,Motorcycle,Man,63,Driver,Desconegut                                                                                                                                            ,Unknown,In itínere,Minor injury: Hospitalization up to 24 hours,428973.69,4581930.81,2.149399541,41.383921833
2023S005170    ,2,Eixample,7,la Dreta de l'Eixample,350308,València,0269 0269,Wednesday,2023,8,August,30,Afternoon,20,No és causa del  vianant,Motorcycle,Man,56,Driver,Desconegut                                                                                                                                            ,Unknown,Oci i entreteniment,Minor injury: Medical assistance at accident site,430310.82,4583051.57,2.165260989,41.394133169
2023S005171    ,2,Eixample,6,la Sagrada Família,350308,València,0443 0443,Wednesday,2023,8,August,30,Night,22,No és causa del  vianant,Motorcycle,Woman,42,Passenger,Desconegut                                                                                                                                            ,Unknown,Unknown,Minor injury: Hospitalization up to 24 hours,431276.93,4583999.47,2.176708689,41.402753801
2023S005171    ,2,Eixample,6,la Sagrada Família,350308,València,0443 0443,Wednesday,2023,8,August,30,Night,22,No és causa del  vianant,Ciclomotor,Man,32,Driver,Desconegut                                                                                                                                            ,Unknown,In itínere,Minor injury: Hospitalization up to 24 hours,431276.93,4583999.47,2.176708689,41.402753801
2023S005171    ,2,Eixample,6,la Sagrada Família,350308,València,0443 0443,Wednesday,2023,8,August,30,Night,22,No és causa del  vianant,Motorcycle,Man,44,Driver,Desconegut                                                                                                                                            ,Unknown,In itínere,Minor injury: Hospitalization up to 24 hours,431276.93,4583999.47,2.176708689,41.402753801
2023S005172    ,9,Sant Andreu,59,el Bon Pastor,700051,Cresques,0016 0016,Thursday,2023,8,August,31,Night,5,No és causa del  vianant,"Camió rígid > 3,5 tones",Man,56,Pedestrian,En pas sense regular                                                                                                                                  ,In itinere,Unknown,Minor injury: Hospitalization up to 24 hours,433618.71,4587440.27,2.204344039,41.433941027
2023S005173    ,7,Horta-Guinardó,41,la Vall d'Hebron,701268,Dalt (Llobregat),001130000,Thursday,2023,8,August,31,Morning,6,No és causa del  vianant,Car,Woman,43,Driver,Desconegut                                                                                                                                            ,Unknown,Unknown,Minor injury: Hospitalization up to 24 hours,428665.97,4587115.35,2.145108159,41.430589724
2023S005174    ,4,Les Corts,19,les Corts,701433,Mig (Ascendent),000190000,Thursday,2023,8,August,31,Morning,6,No és causa del  vianant,Motorcycle,Man,52,Driver,Desconegut                                                                                                                                            ,Unknown,In itínere,Serious injury: Hospitalization over 24 hours,427191.1,4581776.77,2.128100585,41.382375016
2023S005175    ,2,Eixample,9,la Nova Esquerra de l'Eixample,87009,Comte Borrell,0167 0167,Thursday,2023,8,August,31,Morning,11,No és causa del  vianant,Car,Woman,47,Pedestrian,En zona peatonal                                                                                                                                      ,En missió,Unknown,Minor injury: Medical assistance at accident site,429412.31,4581883.92,2.154650361,41.383538136
2023S005177    ,10,Sant Martí,71,Provençals del Poblenou,42306,Bilbao,0120X0120X,Thursday,2023,8,August,31,Afternoon,15,No és causa del  vianant,Motorcycle,Man,23,Driver,Desconegut                                                                                                                                            ,Unknown,In itínere,Minor injury: Hospitalization up to 24 hours,433090.05,4584419.2,2.198351418,41.406687227
2023S005178    ,5,Sarrià-Sant Gervasi,24,les Tres Torres,28000,Augusta,0293 0293,Thursday,2023,8,August,31,Afternoon,16,No és causa del  vianant,Motorcycle,Woman,21,Passenger,Desconegut                                                                                                                                            ,Unknown,Unknown,Minor injury: Hospitalization up to 24 hours,427200.37,4583487.59,2.128005711,41.397784521
2023S005178    ,5,Sarrià-Sant Gervasi,24,les Tres Torres,28000,Augusta,0293 0293,Thursday,2023,8,August,31,Afternoon,16,No és causa del  vianant,Motorcycle,Woman,57,Driver,Desconegut                                                                                                                                            ,Unknown,Unknown,Minor injury: Hospitalization up to 24 hours,427200.37,4583487.59,2.128005711,41.397784521
2023S005179    ,5,Sarrià-Sant Gervasi,26,Sant Gervasi - Galvany,23403,Aribau,0228 0228,Thursday,2023,8,August,31,Afternoon,15,No és causa del  vianant,Bicicleta,Man,26,Driver,Desconegut                                                                                                                                            ,Unknown,Unknown,Minor injury: Hospitalization up to 24 hours,429041.28,4583219.98,2.150056729,41.395538902
2023S005180    ,3,Sants-Montjuïc,11,el Poble-sec,198804,Paral·lel,0077 0077,Thursday,2023,8,August,31,Afternoon,16,Desobeir el senyal del semàfor,Motorcycle,Man,42,Driver,Desconegut                                                                                                                                            ,Unknown,Altres activitats,Minor injury: Hospitalization up to 24 hours,430497.04,4580920.96,2.167732853,41.374959533
2023S005180    ,3,Sants-Montjuïc,11,el Poble-sec,198804,Paral·lel,0077 0077,Thursday,2023,8,August,31,Afternoon,16,Desobeir el senyal del semàfor,Motorcycle,Man,45,Passenger,Desconegut                                                                                                                                            ,Unknown,Unknown,Minor injury: Hospitalization up to 24 hours,430497.04,4580920.96,2.167732853,41.374959533
2023S005181    ,2,Eixample,8,l'Antiga Esquerra de l'Eixample,90502,Còrsega,0263 0263,Thursday,2023,8,August,31,Afternoon,18,No és causa del  vianant,Motorcycle,Man,45,Driver,Desconegut                                                                                                                                            ,Unknown,Unknown,Minor injury: Hospitalization up to 24 hours,429458.0,4582969.11,2.155070314,41.393316086
2023S005182    ,7,Horta-Guinardó,35,el Guinardó,194406,Maragall,0155 0155,Thursday,2023,8,August,31,Afternoon,18,No és causa del  vianant,Autobús articulat,Woman,67,Passenger,Desconegut                                                                                                                                            ,Unknown,Unknown,Minor injury: Hospitalization up to 24 hours,431521.68,4586117.02,2.17939666,41.421846795
2023S005183    ,6,Gràcia,28,Vallcarca i els Penitents,123408,Lesseps,0025 0025,Thursday,2023,8,August,31,Afternoon,18,No és causa del  vianant,Motorcycle,Woman,66,Passenger,Desconegut                                                                                                                                            ,Unknown,Unknown,Minor injury: Hospitalization up to 24 hours,428967.21,4584479.36,2.149022934,41.406875127
2023S005183    ,6,Gràcia,28,Vallcarca i els Penitents,123408,Lesseps,0025 0025,Thursday,2023,8,August,31,Afternoon,18,No és causa del  vianant,Motorcycle,Woman,70,Driver,Desconegut                                                                                                                                            ,Unknown,Oci i entreteniment,Minor injury: Refused medical assistance,428967.21,4584479.36,2.149022934,41.406875127
2023S005184    ,2,Eixample,6,la Sagrada Família,191204,Mallorca,0417 0417,Thursday,2023,8,August,31,Afternoon,17,No és causa del  vianant,Furgoneta,Woman,58,Pedestrian,Altres                                                                                                                                                ,Unknown,Unknown,Minor injury: Hospitalization up to 24 hours,431277.27,4584186.43,2.176691518,41.404437721
2023S005185    ,8,Nou Barris,56,Vallbona,269902,Puig de Jorba,0071 0073,Thursday,2023,8,August,31,Afternoon,16,No és causa del  vianant,Motorcycle,Man,23,Driver,Desconegut                                                                                                                                            ,Unknown,Oci i entreteniment,Minor injury: Hospitalization up to 24 hours,431539.93,4591181.89,2.179040679,41.467465762
2023S005186    ,2,Eixample,5,el Fort Pienc,169409,Corts Catalanes,0790 0790,Thursday,2023,8,August,31,Afternoon,19,No és causa del  vianant,Motorcycle,Man,31,Driver,Desconegut                                                                                                                                            ,Unknown,Altres activitats,Minor injury: Hospitalization up to 24 hours,431752.74,4583658.63,2.18243892,41.399724511
2023S005187    ,4,Les Corts,19,les Corts,199909,Marquès de Sentmenat,0026 0026,Thursday,2023,8,August,31,Afternoon,19,No és causa del  vianant,Bicicleta,Man,22,Driver,Desconegut                                                                                                                                            ,Unknown,Unknown,Minor injury: Hospitalization up to 24 hours,427849.92,4582038.11,2.135947898,41.384788191
2023S005187    ,4,Les Corts,19,les Corts,199909,Marquès de Sentmenat,0026 0026,Thursday,2023,8,August,31,Afternoon,19,No és causa del  vianant,Veh. mobilitat personal amb motor,Woman,27,Driver,Desconegut                                                                                                                                            ,Unknown,Unknown,Minor injury: Hospitalization up to 24 hours,427849.92,4582038.11,2.135947898,41.384788191
2023S005189    ,2,Eixample,10,Sant Antoni,169409,Corts Catalanes,0590 0590,Friday,2023,9,September,1,Night,1,No és causa del  vianant,Bus,Man,68,Passenger,Desconegut                                                                                                                                            ,Unknown,Unknown,Minor injury: Hospitalization up to 24 hours,430073.01,4582088.29,2.162527888,41.385436562
2023S005190    ,2,Eixample,5,el Fort Pienc,18505,Aragó,0412 0412,Wednesday,2023,8,August,30,Morning,13,No és causa del  vianant,Ciclomotor,Woman,59,Driver,Desconegut                                                                                                                                            ,Unknown,Unknown,Minor injury: Hospitalization up to 24 hours,431105.59,4583623.33,2.174701901,41.399351353
2023S005191    ,2,Eixample,5,el Fort Pienc,18505,Aragó,0412 0412,Friday,2023,9,September,1,Morning,6,No és causa del  vianant,Motorcycle,Man,43,Driver,Desconegut                                                                                                                                            ,Unknown,In itínere,Minor injury: Refused medical assistance,431105.59,4583623.33,2.174701901,41.399351353
2023S005192    ,6,Gràcia,32,el Camp d'en Grassot i Gràcia Nova,344101,Gràcia,0345 0347,Thursday,2023,8,August,31,Morning,12,Transitar a peu per la calçada,Car,Man,68,Pedestrian,Fora del pas                                                                                                                                          ,Oci i entreteniment,Unknown,Minor injury: Hospitalization up to 24 hours,430536.23,4584543.28,2.167785787,41.407588024
2023S005193    ,10,Sant Martí,67,la Vila Olímpica del Poblenou,197302,Marina,0033 0033,Wednesday,2023,8,August,30,Afternoon,20,No és causa del  vianant,Veh. mobilitat personal amb motor,Woman,77,Pedestrian,En zona peatonal                                                                                                                                      ,Unknown,Unknown,Minor injury: Hospitalization up to 24 hours,432610.99,4582552.1,2.192828322,41.389830716
2023S005194    ,2,Eixample,5,el Fort Pienc,169409,Corts Catalanes,0778 0778,Friday,2023,9,September,1,Morning,8,No és causa del  vianant,Motorcycle,Woman,33,Driver,Desconegut                                                                                                                                            ,Unknown,Oci i entreteniment,Minor injury: Hospitalization up to 24 hours,431648.43,4583591.24,2.181198802,41.399108683
2023S005195    ,10,Sant Martí,64,el Camp de l'Arpa del Clot,161101,Independència,0267 0267,Thursday,2023,8,August,31,Morning,12,No és causa del  vianant,Motorcycle,Man,46,Driver,Desconegut                                                                                                                                            ,Unknown,Unknown,Minor injury: Hospitalization up to 24 hours,431934.16,4584454.66,2.184519459,41.406909506
2023S005196    ,2,Eixample,5,el Fort Pienc,73900,Castillejos,0154 0156,Friday,2023,9,September,1,Morning,10,No és causa del  vianant,Motorcycle,Man,55,Driver,Desconegut                                                                                                                                            ,Unknown,Unknown,Minor injury: Medical assistance at accident site,431991.7,4583838.25,2.185277113,41.401362555
2023S005197    ,-1,Unknown,-1,Unknown,-1,Unknown,Unknown,Friday,2023,9,September,1,Morning,13,No és causa del  vianant,Ciclomotor,Man,25,Driver,Desconegut                                                                                                                                            ,Unknown,Unknown,Minor injury: Medical assistance at accident site,429493.73,4587108.15,2.155015073,41.430598006
2023S005198    ,2,Eixample,7,la Dreta de l'Eixample,169409,Corts Catalanes,0604 0604,Friday,2023,9,September,1,Afternoon,15,No és causa del  vianant,Motorcycle,Man,51,Driver,Desconegut                                                                                                                                            ,Unknown,Unknown,Minor injury: Hospitalization up to 24 hours,430311.08,4582286.33,2.165352193,41.387240918
2023S005199    ,10,Sant Martí,71,Provençals del Poblenou,701414,C-31,020830000,Friday,2023,9,September,1,Afternoon,15,No és causa del  vianant,Car,Woman,20,Passenger,Desconegut                                                                                                                                            ,Unknown,Unknown,Minor injury: Hospitalization up to 24 hours,434007.45,4585877.1,2.209167247,41.419894044
2023S005199    ,10,Sant Martí,71,Provençals del Poblenou,701414,C-31,020830000,Friday,2023,9,September,1,Afternoon,15,No és causa del  vianant,Car,Woman,30,Passenger,Desconegut                                                                                                                                            ,Unknown,Unknown,Minor injury: Hospitalization up to 24 hours,434007.45,4585877.1,2.209167247,41.419894044
2023S005199    ,10,Sant Martí,71,Provençals del Poblenou,701414,C-31,020830000,Friday,2023,9,September,1,Afternoon,15,No és causa del  vianant,Motorcycle,Man,59,Driver,Desconegut                                                                                                                                            ,Unknown,Unknown,Minor injury: Hospitalization up to 24 hours,434007.45,4585877.1,2.209167247,41.419894044
2023S005199    ,10,Sant Martí,71,Provençals del Poblenou,701414,C-31,020830000,Friday,2023,9,September,1,Afternoon,15,No és causa del  vianant,Car,Man,28,Driver,Desconegut                                                                                                                                            ,Unknown,Unknown,Minor injury: Hospitalization up to 24 hours,434007.45,4585877.1,2.209167247,41.419894044
2023S005199    ,10,Sant Martí,71,Provençals del Poblenou,701414,C-31,020830000,Friday,2023,9,September,1,Afternoon,15,No és causa del  vianant,Car,Man,64,Driver,Desconegut                                                                                                                                            ,Unknown,Unknown,Minor injury: Hospitalization up to 24 hours,434007.45,4585877.1,2.209167247,41.419894044
2023S005199    ,10,Sant Martí,71,Provençals del Poblenou,701414,C-31,020830000,Friday,2023,9,September,1,Afternoon,15,No és causa del  vianant,Car,Man,27,Driver,Desconegut                                                                                                                                            ,Unknown,In itínere,Minor injury: Hospitalization up to 24 hours,434007.45,4585877.1,2.209167247,41.419894044
2023S005200    ,2,Eixample,7,la Dreta de l'Eixample,144601,Diagonal,0340 0348,Friday,2023,9,September,1,Afternoon,15,No és causa del  vianant,Veh. mobilitat personal amb motor,Woman,29,Driver,Desconegut                                                                                                                                            ,Unknown,Unknown,Minor injury: Hospitalization up to 24 hours,430978.26,4583706.76,2.173169306,41.400091855
2023S005201    ,5,Sarrià-Sant Gervasi,26,Sant Gervasi - Galvany,28000,Augusta,0217 0223,Friday,2023,9,September,1,Afternoon,17,No és causa del  vianant,Motorcycle,Woman,20,Passenger,Desconegut                                                                                                                                            ,Unknown,Unknown,Minor injury: Refused medical assistance,427952.88,4583466.24,2.137009213,41.397660042
2023S005201    ,5,Sarrià-Sant Gervasi,26,Sant Gervasi - Galvany,28000,Augusta,0217 0223,Friday,2023,9,September,1,Afternoon,17,No és causa del  vianant,Motorcycle,Man,61,Driver,Desconegut                                                                                                                                            ,Unknown,Oci i entreteniment,Minor injury: Hospitalization up to 24 hours,427952.88,4583466.24,2.137009213,41.397660042
2023S005202    ,5,Sarrià-Sant Gervasi,26,Sant Gervasi - Galvany,8501,Alfons XII,0054 0054,Friday,2023,9,September,1,Afternoon,18,No és causa del  vianant,Motorcycle,Man,61,Driver,Desconegut                                                                                                                                            ,Unknown,Unknown,Minor injury: Hospitalization up to 24 hours,428898.83,4583679.86,2.148298869,41.399668283
2023S005203    ,2,Eixample,7,la Dreta de l'Eixample,268003,Provença,0368B0368B,Friday,2023,9,September,1,Afternoon,16,No és causa del  vianant,Veh. mobilitat personal amb motor,Woman,47,Driver,Desconegut                                                                                                                                            ,Unknown,Unknown,Minor injury: Hospitalization up to 24 hours,430599.12,4583712.76,2.168633427,41.400113241
2023S005204    ,10,Sant Martí,64,el Camp de l'Arpa del Clot,161407,Indústria,0288 0288,Friday,2023,9,September,1,Afternoon,17,No és causa del  vianant,Motorcycle,Man,41,Driver,Desconegut                                                                                                                                            ,Unknown,In itínere,Minor injury: Hospitalization up to 24 hours,431634.8,4585306.27,2.180841921,41.414554272
2023S005205    ,2,Eixample,7,la Dreta de l'Eixample,74506,Catalunya,0074 0074,Thursday,2023,8,August,31,Afternoon,16,No és causa del  vianant,Veh. mobilitat personal amb motor,Woman,45,Driver,Desconegut                                                                                                                                            ,Unknown,Unknown,Minor injury: Refused medical assistance,430061.22,4582806.77,2.162303891,41.391906656
2023S005206    ,8,Nou Barris,52,la Prosperitat,351901,Valldaura,0261 0269,Friday,2023,9,September,1,Afternoon,20,No és causa del  vianant,Veh. mobilitat personal amb motor,Man,5,Pedestrian,En zona peatonal                                                                                                                                      ,Unknown,Unknown,Minor injury: Hospitalization up to 24 hours,431677.39,4588115.31,2.181033861,41.439857969
2023S005207    ,2,Eixample,7,la Dreta de l'Eixample,148307,Gràcia,0054 0054,Friday,2023,9,September,1,Afternoon,17,No és causa del  vianant,"Camió rígid <= 3,5 tones",Woman,36,Driver,Desconegut                                                                                                                                            ,Unknown,Servei de neteja o recollida d'escombraries,Minor injury: Hospitalization up to 24 hours,430277.16,4582833.02,2.164883567,41.39216184
2023S005208    ,5,Sarrià-Sant Gervasi,24,les Tres Torres,357103,Vergós,0033 0033,Friday,2023,9,September,1,Afternoon,21,No és causa del  vianant,Motorcycle,Man,24,Driver,Desconegut                                                                                                                                            ,Unknown,Altres activitats,Minor injury: Hospitalization up to 24 hours,427314.78,4583574.24,2.129363788,41.398575297
2023S005208    ,5,Sarrià-Sant Gervasi,24,les Tres Torres,357103,Vergós,0033 0033,Friday,2023,9,September,1,Afternoon,21,No és causa del  vianant,Motorcycle,Woman,23,Passenger,Desconegut                                                                                                                                            ,Unknown,Unknown,Minor injury: Hospitalization up to 24 hours,427314.78,4583574.24,2.129363788,41.398575297
2023S005209    ,9,Sant Andreu,59,el Bon Pastor,701265,Litoral (Besòs),000080000,Friday,2023,9,September,1,Afternoon,21,No és causa del  vianant,Motorcycle,Man,23,Driver,Desconegut                                                                                                                                            ,Unknown,Oci i entreteniment,Minor injury: Hospitalization up to 24 hours,433694.47,4588647.61,2.205118172,41.444821434
2023S005209    ,9,Sant Andreu,59,el Bon Pastor,701265,Litoral (Besòs),000080000,Friday,2023,9,September,1,Afternoon,21,No és causa del  vianant,Car,Woman,23,Driver,Desconegut                                                                                                                                            ,Unknown,Oci i entreteniment,Minor injury: Hospitalization up to 24 hours,433694.47,4588647.61,2.205118172,41.444821434
2023S005210    ,1,Ciutat Vella,3,la Barceloneta,701498,B-10 (Besòs),001000000,Friday,2023,9,September,1,Afternoon,17,No és causa del  vianant,Ciclomotor,Man,25,Driver,Desconegut                                                                                                                                            ,Unknown,Unknown,Minor injury: Medical assistance at accident site,431839.77,4581625.77,2.183708843,41.381422488
2023S005211    ,9,Sant Andreu,60,Sant Andreu,209900,Meridiana,0574 0578,Friday,2023,9,September,1,Night,23,No és causa del  vianant,Car,Woman,21,Passenger,Desconegut                                                                                                                                            ,Unknown,Unknown,Minor injury: Medical assistance at accident site,432156.47,4588400.76,2.186735958,41.442469565
2023S005211    ,9,Sant Andreu,60,Sant Andreu,209900,Meridiana,0574 0578,Friday,2023,9,September,1,Night,23,No és causa del  vianant,Car,Man,23,Passenger,Desconegut                                                                                                                                            ,Unknown,Unknown,Minor injury: Medical assistance at accident site,432156.47,4588400.76,2.186735958,41.442469565
2023S005211    ,9,Sant Andreu,60,Sant Andreu,209900,Meridiana,0574 0578,Friday,2023,9,September,1,Night,23,No és causa del  vianant,Car,Woman,22,Driver,Desconegut                                                                                                                                            ,Unknown,Oci i entreteniment,Minor injury: Hospitalization up to 24 hours,432156.47,4588400.76,2.186735958,41.442469565
2023S005213    ,8,Nou Barris,50,les Roquetes,701267,Dalt (Besòs),001480000,Saturday,2023,9,September,2,Morning,6,No és causa del  vianant,Motorcycle,Man,24,Passenger,Desconegut                                                                                                                                            ,Unknown,Unknown,Minor injury: Medical assistance at accident site,431563.44,4588806.2,2.179591668,41.446070853
2023S005213    ,8,Nou Barris,50,les Roquetes,701267,Dalt (Besòs),001480000,Saturday,2023,9,September,2,Morning,6,No és causa del  vianant,Motorcycle,Man,21,Driver,Desconegut                                                                                                                                            ,Unknown,Unknown,Minor injury: Medical assistance at accident site,431563.44,4588806.2,2.179591668,41.446070853
2023S005215    ,5,Sarrià-Sant Gervasi,23,Sarrià,249202,Pere II de Montcada,0007 0009,Saturday,2023,9,September,2,Morning,8,No és causa del  vianant,Car,Man,56,Driver,Desconegut                                                                                                                                            ,Unknown,Unknown,Minor injury: Medical assistance at accident site,426244.86,4583627.76,2.116559577,41.39895985