Case_Number,District_Code,District_Name,Neighborhood_Code,Neighborhood_Name,Street_Code,Street_Name,Postal_Code,Day_of_Week,Year,Month_Code,Month_Name,Day_of_Month,Shift_Description,Hour_of_Day,Pedestrian_Cause_Description,Involved_Vehicle_Type,Gender_Description,Age,Person_Type_Description,Pedestrian_Accident_Location_Description,Pedestrian_Movement_Reason_Description,Driver_Movement_Reason_Description,Victimization_Description,UTM_X_Coordinate,UTM_Y_Coordinate,Longitude,Latitude
2023S005310    ,5,Sarrià-Sant Gervasi,23,Sarrià,700969,Gaspar Cassadó,0010 0010,Thursday,2023,9,September,7,Afternoon,17,No és causa del  vianant,Motorcycle,Man,58,Driver,Desconegut                                                                                                                                            ,Unknown,Unknown,Minor injury: Hospitalization up to 24 hours,425997.89,4583703.36,2.113596224,41.399618041
2023S005311    ,10,Sant Martí,71,Provençals del Poblenou,242906,Pallars,0391 0393,Thursday,2023,9,September,7,Afternoon,19,No és causa del  vianant,Motorcycle,Man,61,Driver,Desconegut                                                                                                                                            ,Unknown,Unknown,Minor injury: Medical assistance at accident site,433971.52,4584753.23,2.208860064,41.409768683
2023S005312    ,6,Gràcia,28,Vallcarca i els Penitents,701267,Dalt (Besòs),000970000,Thursday,2023,9,September,7,Afternoon,18,No és causa del  vianant,Motorcycle,Man,19,Driver,Desconegut                                                                                                                                            ,Unknown,Unknown,Minor injury: Hospitalization up to 24 hours,428110.63,4585605.7,2.138641819,41.416943417
2023S005313    ,5,Sarrià-Sant Gervasi,25,Sant Gervasi - la Bonanova,701629,Isaac Newton,0024 0024,Thursday,2023,9,September,7,Afternoon,20,No és causa del  vianant,Car,Woman,30,Passenger,Desconegut                                                                                                                                            ,Unknown,Unknown,Minor injury: Hospitalization up to 24 hours,427350.84,4585168.98,2.12960359,41.412941704
2023S005314    ,2,Eixample,6,la Sagrada Família,350308,València,0521 0521,Wednesday,2023,9,September,6,Night,22,No és causa del  vianant,Veh. mobilitat personal amb motor,Man,40,Driver,Desconegut                                                                                                                                            ,Unknown,Altres activitats,Minor injury: Hospitalization up to 24 hours,431555.53,4584270.88,2.180010678,41.405222088
2023S005316    ,2,Eixample,7,la Dreta de l'Eixample,169409,Corts Catalanes,0669B0669B,Thursday,2023,9,September,7,Afternoon,17,No és causa del  vianant,Bicicleta,Man,34,Driver,Desconegut                                                                                                                                            ,Unknown,Unknown,Minor injury: Medical assistance at accident site,431314.18,4583230.39,2.177241585,41.395830117
2023S005317    ,2,Eixample,9,la Nova Esquerra de l'Eixample,114000,Espanya,0009 0009,Thursday,2023,9,September,7,Afternoon,19,No és causa del  vianant,Motorcycle,Man,64,Driver,Desconegut                                                                                                                                            ,Unknown,Altres activitats,Minor injury: Hospitalization up to 24 hours,428974.33,4580977.98,2.149518925,41.37534007
2023S005318    ,1,Ciutat Vella,3,la Barceloneta,701266,Litoral (Llobregat),000880000,Thursday,2023,9,September,7,Afternoon,18,No és causa del  vianant,Motorcycle,Man,39,Driver,Desconegut                                                                                                                                            ,Unknown,Unknown,Minor injury: Medical assistance at accident site,432786.88,4582237.77,2.194966859,41.387014349
2023S005320    ,7,Horta-Guinardó,35,el Guinardó,339906,Torre dels Pardals,0011 0013,Friday,2023,9,September,8,Night,0,No és causa del  vianant,Motorcycle,Woman,29,Driver,Desconegut                                                                                                                                            ,Unknown,Oci i entreteniment,Minor injury: Refused medical assistance,431300.85,4586140.97,2.17675153,41.422043641
2023S005322    ,3,Sants-Montjuïc,18,Sants,40300,Berlín,0034 0036,Thursday,2023,9,September,7,Afternoon,20,No és causa del  vianant,Motorcycle,Woman,48,Driver,Desconegut                                                                                                                                            ,Unknown,Oci i entreteniment,Minor injury: Hospitalization up to 24 hours,428108.47,4581859.44,2.139061078,41.383202135
2023S005323    ,3,Sants-Montjuïc,11,el Poble-sec,284101,Rius i Taulet,0004 0012,Friday,2023,9,September,8,Morning,7,No és causa del  vianant,Motorcycle,Woman,47,Driver,En pas sense regular                                                                                                                                  ,Unknown,Unknown,Minor injury: Hospitalization up to 24 hours,429306.82,4580653.65,2.153532415,41.372448226
2023S005324    ,3,Sants-Montjuïc,15,Hostafrancs,89004,Consell de Cent,0002 0002,Friday,2023,9,September,8,Morning,6,No és causa del  vianant,Motorcycle,Woman,34,Driver,Desconegut                                                                                                                                            ,Unknown,In itínere,Minor injury: Refused medical assistance,428488.03,4580983.77,2.143703468,41.375349128
2023S005324    ,3,Sants-Montjuïc,15,Hostafrancs,89004,Consell de Cent,0002 0002,Friday,2023,9,September,8,Morning,6,No és causa del  vianant,Motorcycle,Man,43,Driver,Desconegut                                                                                                                                            ,Unknown,In itínere,Minor injury: Refused medical assistance,428488.03,4580983.77,2.143703468,41.375349128
2023S005325    ,8,Nou Barris,45,Porta,119003,Fabra i Puig,0160 0160,Thursday,2023,9,September,7,Afternoon,20,No és causa del  vianant,Autobús articulat,Man,8,Passenger,Desconegut                                                                                                                                            ,Unknown,Unknown,Minor injury: Hospitalization up to 24 hours,431571.23,4587047.36,2.179884212,41.430230276
2023S005326    ,9,Sant Andreu,61,la Sagrera,209900,Meridiana,0276 0276,Thursday,2023,9,September,7,Afternoon,21,No és causa del  vianant,Car,Woman,63,Pedestrian,En pas regulat per semàfor                                                                                                                            ,Unknown,Unknown,Minor injury: Hospitalization up to 24 hours,432112.31,4586107.41,2.186465111,41.421810393
2023S005327    ,10,Sant Martí,67,la Vila Olímpica del Poblenou,367504,Doctor Trueta,0118 0118,Friday,2023,9,September,8,Morning,10,No és causa del  vianant,Car,Man,69,Passenger,Desconegut                                                                                                                                            ,Unknown,Unknown,Minor injury: Medical assistance at accident site,433073.95,4583092.36,2.19830558,41.394735382
2023S005327    ,10,Sant Martí,67,la Vila Olímpica del Poblenou,367504,Doctor Trueta,0118 0118,Friday,2023,9,September,8,Morning,10,No és causa del  vianant,Furgoneta,Man,35,Driver,Desconegut                                                                                                                                            ,Unknown,En missió,Minor injury: Refused medical assistance,433073.95,4583092.36,2.19830558,41.394735382
2023S005327    ,10,Sant Martí,67,la Vila Olímpica del Poblenou,367504,Doctor Trueta,0118 0118,Friday,2023,9,September,8,Morning,10,No és causa del  vianant,Car,Man,67,Driver,Desconegut                                                                                                                                            ,Unknown,Oci i entreteniment,Minor injury: Refused medical assistance,433073.95,4583092.36,2.19830558,41.394735382
2023S005328    ,2,Eixample,8,l'Antiga Esquerra de l'Eixample,223606,Muntaner,0085 0085,Friday,2023,9,September,8,Morning,9,No és causa del  vianant,Motorcycle,Woman,55,Driver,Desconegut                                                                                                                                            ,Unknown,Unknown,Minor injury: Refused medical assistance,429641.8,4582396.81,2.157335169,41.388177681
2023S005329    ,5,Sarrià-Sant Gervasi,26,Sant Gervasi - Galvany,344101,Gràcia,0099 0099,Friday,2023,9,September,8,Morning,8,No és causa del  vianant,Motorcycle,Woman,40,Driver,Desconegut                                                                                                                                            ,Unknown,En missió,Minor injury: Refused medical assistance,429282.04,4583515.68,2.15290188,41.398223386
2023S005330    ,-1,Unknown,-1,Unknown,-1,Unknown,Unknown,Friday,2023,9,September,8,Morning,10,No és causa del  vianant,Motorcycle,Man,40,Driver,Desconegut                                                                                                                                            ,Unknown,Unknown,Minor injury: Hospitalization up to 24 hours,429698.26,4588071.05,2.157350679,41.439288395
2023S005331    ,8,Nou Barris,45,Porta,209900,Meridiana,0389 0407,Friday,2023,9,September,8,Morning,11,No és causa del  vianant,Car,Woman,71,Driver,Desconegut                                                                                                                                            ,Unknown,Unknown,Minor injury: Refused medical assistance,431875.79,4587268.06,2.183504101,41.43224395
2023S005332    ,2,Eixample,6,la Sagrada Família,350308,València,0546 0548,Friday,2023,9,September,8,Morning,12,No és causa del  vianant,Motorcycle,Woman,23,Driver,Desconegut                                                                                                                                            ,Unknown,Unknown,Minor injury: Hospitalization up to 24 hours,431743.79,4584455.08,2.182242002,41.406897138
2023S005333    ,3,Sants-Montjuïc,12,la Marina del Prat Vermell,700122,Longitudinal 5,0061 0061,Friday,2023,9,September,8,Morning,12,No és causa del  vianant,Altres vehicles amb motor,Man,54,Pedestrian,En pas sense regular                                                                                                                                  ,Unknown,Unknown,Minor injury: Hospitalization up to 24 hours,426361.79,4575998.51,2.118885026,41.330256869
2023S005334    ,8,Nou Barris,44,Vilapicina i la Torre Llobeta,24304,Arnau d'Oms,0026 0026,Friday,2023,9,September,8,Morning,13,No és causa del  vianant,Motorcycle,Woman,38,Driver,Desconegut                                                                                                                                            ,Unknown,Unknown,Minor injury: Medical assistance at accident site,431369.51,4586981.67,2.177477623,41.429621408
2023S005336    ,9,Sant Andreu,59,el Bon Pastor,701265,Litoral (Besòs),000160000,Friday,2023,9,September,8,Afternoon,14,No és causa del  vianant,Motorcycle,Man,49,Driver,Desconegut                                                                                                                                            ,Unknown,Unknown,Minor injury: Hospitalization up to 24 hours,433830.69,4588371.55,2.206778996,41.442346292
2023S005337    ,3,Sants-Montjuïc,12,la Marina del Prat Vermell,701265,Litoral (Besòs),001430000,Friday,2023,9,September,8,Afternoon,17,No és causa del  vianant,Motorcycle,Man,64,Driver,Desconegut                                                                                                                                            ,Unknown,Oci i entreteniment,Minor injury: Medical assistance at accident site,429470.26,4578385.67,2.155750472,41.352035546
2023S005338    ,7,Horta-Guinardó,33,el Baix Guinardó,68900,Cartagena,0345 0347,Friday,2023,9,September,8,Afternoon,16,No és causa del  vianant,Motorcycle,Man,41,Driver,Desconegut                                                                                                                                            ,Unknown,Oci i entreteniment,Minor injury: Hospitalization up to 24 hours,430942.58,4585069.77,2.172586899,41.412364977
2023S005339    ,8,Nou Barris,48,la Guineueta,351901,Valldaura,0150 0152,Friday,2023,9,September,8,Afternoon,18,No és causa del  vianant,Veh. mobilitat personal amb motor,Man,30,Driver,Desconegut                                                                                                                                            ,Unknown,Oci i entreteniment,Minor injury: Medical assistance at accident site,430446.33,4588059.23,2.16630566,41.439247122
2023S005340    ,2,Eixample,8,l'Antiga Esquerra de l'Eixample,363809,Villarroel,0115 0115,Friday,2023,9,September,8,Afternoon,18,No és causa del  vianant,Veh. mobilitat personal amb motor,Man,32,Driver,Desconegut                                                                                                                                            ,Unknown,In itínere,Minor injury: Hospitalization up to 24 hours,429544.56,4582114.92,2.156205024,41.385630276
2023S005341    ,8,Nou Barris,50,les Roquetes,267816,Nou Barris,0001 0001,Friday,2023,9,September,8,Afternoon,17,Creuar per fora pas de vianants,Car,Man,54,Pedestrian,Fora del pas                                                                                                                                          ,Altres activitats,Unknown,Minor injury: Medical assistance at accident site,431475.59,4588925.41,2.178526549,41.447137034
2023S005342    ,8,Nou Barris,44,Vilapicina i la Torre Llobeta,119003,Fabra i Puig,0321 0321,Friday,2023,9,September,8,Night,23,No és causa del  vianant,Motorcycle,Woman,25,Driver,Desconegut                                                                                                                                            ,Unknown,Oci i entreteniment,Minor injury: Medical assistance at accident site,430521.81,4587079.73,2.167321748,41.430431678
2023S005343    ,9,Sant Andreu,57,la Trinitat Vella,314100,Santa Coloma,0091X0093X,Friday,2023,9,September,8,Afternoon,20,No és causa del  vianant,Motorcycle,Man,22,Driver,Desconegut                                                                                                                                            ,Unknown,Unknown,Minor injury: Medical assistance at accident site,433118.62,4589134.87,2.19817121,41.449162226
2023S005345    ,2,Eixample,8,l'Antiga Esquerra de l'Eixample,18505,Aragó,0218 0218,Friday,2023,9,September,8,Afternoon,21,No és causa del  vianant,Motorcycle,Man,30,Driver,Desconegut                                                                                                                                            ,Unknown,Unknown,Minor injury: Medical assistance at accident site,429862.12,4582405.47,2.159969098,41.388274931
2023S005345    ,2,Eixample,8,l'Antiga Esquerra de l'Eixample,18505,Aragó,0218 0218,Friday,2023,9,September,8,Afternoon,21,No és causa del  vianant,Motorcycle,Man,32,Driver,Desconegut                                                                                                                                            ,Unknown,Unknown,Minor injury: Medical assistance at accident site,429862.12,4582405.47,2.159969098,41.388274931
2023S005346    ,10,Sant Martí,64,el Camp de l'Arpa del Clot,161101,Independència,0334 0334,Saturday,2023,9,September,9,Night,2,No és causa del  vianant,Motorcycle,Man,32,Driver,Desconegut                                                                                                                                            ,Unknown,Unknown,Serious injury: Hospitalization over 24 hours,431534.52,4584869.33,2.179691597,41.410610351
2023S005348    ,10,Sant Martí,72,Sant Martí de Provençals,30409,Bac de Roda,0192B0192B,Saturday,2023,9,September,9,Morning,12,No és causa del  vianant,Motorcycle,Man,56,Driver,Desconegut                                                                                                                                            ,Unknown,In itínere,Minor injury: Hospitalization up to 24 hours,432792.64,4585292.45,2.194696433,41.414527519
2023S005349    ,3,Sants-Montjuïc,15,Hostafrancs,331507,Tarragona,0125U0127U,Saturday,2023,9,September,9,Afternoon,14,No és causa del  vianant,Bus,Woman,58,Passenger,Desconegut                                                                                                                                            ,Unknown,Unknown,Minor injury: Hospitalization up to 24 hours,428779.83,4581124.96,2.147175974,41.37664667
2023S005349    ,3,Sants-Montjuïc,15,Hostafrancs,331507,Tarragona,0125U0127U,Saturday,2023,9,September,9,Afternoon,14,No és causa del  vianant,Bus,Woman,60,Passenger,Desconegut                                                                                                                                            ,Unknown,Unknown,Minor injury: Hospitalization up to 24 hours,428779.83,4581124.96,2.147175974,41.37664667
2023S005350    ,6,Gràcia,31,la Vila de Gràcia,208001,Torrent de l'Olla,0022 0022,Saturday,2023,9,September,9,Afternoon,15,No és causa del  vianant,Motorcycle,Woman,33,Driver,Desconegut                                                                                                                                            ,Unknown,In itínere,Minor injury: Hospitalization up to 24 hours,429920.76,4583608.3,2.160531142,41.399113534
2023S005351    ,2,Eixample,7,la Dreta de l'Eixample,305100,Sant Joan,0047 0049,Saturday,2023,9,September,9,Morning,13,No és causa del  vianant,Veh. mobilitat personal sense motor,Man,22,Driver,Desconegut                                                                                                                                            ,Unknown,Unknown,Minor injury: Hospitalization up to 24 hours,430976.75,4583289.22,2.17319887,41.396331072
2023S005352    ,-1,Unknown,-1,Unknown,-1,Unknown,Unknown,Saturday,2023,9,September,9,Afternoon,16,No és causa del  vianant,Motorcycle,Man,75,Driver,Desconegut                                                                                                                                            ,Unknown,Unknown,Minor injury: Hospitalization up to 24 hours,427768.19,4586162.33,2.134478091,41.421926017
2023S005353    ,8,Nou Barris,45,Porta,282650,Rio de Janeiro,0059X0059X,Saturday,2023,9,September,9,Afternoon,16,Desobeir el senyal del semàfor,Veh. mobilitat personal amb motor,Man,20,Driver,En pas regulat per semàfor                                                                                                                            ,Unknown,Unknown,Minor injury: Hospitalization up to 24 hours,431588.03,4587717.93,2.180009318,41.436271297
2023S005354    ,5,Sarrià-Sant Gervasi,26,Sant Gervasi - Galvany,248403,Prats de Molló,0008 0008,Saturday,2023,9,September,9,Afternoon,17,Desobeir altres senyals,Autobús articulat,Woman,39,Passenger,Desconegut                                                                                                                                            ,Unknown,Unknown,Minor injury: Refused medical assistance,427987.74,4583875.1,2.137377524,41.401345606
2023S005354    ,5,Sarrià-Sant Gervasi,26,Sant Gervasi - Galvany,248403,Prats de Molló,0008 0008,Saturday,2023,9,September,9,Afternoon,17,Desobeir altres senyals,Autobús articulat,Woman,8,Passenger,Desconegut                                                                                                                                            ,Unknown,Unknown,Minor injury: Medical assistance at accident site,427987.74,4583875.1,2.137377524,41.401345606
2023S005355    ,10,Sant Martí,66,el Parc i la Llacuna del Poblenou,330107,Tànger,0093 0093,Saturday,2023,9,September,9,Afternoon,17,No és causa del  vianant,Bicicleta,Man,22,Driver,Desconegut                                                                                                                                            ,Unknown,Unknown,Serious injury: Hospitalization over 24 hours,432615.57,4583950.92,2.192727345,41.402429902
2023S005356    ,3,Sants-Montjuïc,13,la Marina de Port,137300,Foneria,0031B0031B,Saturday,2023,9,September,9,Afternoon,18,No és causa del  vianant,Bus,Woman,51,Passenger,Desconegut                                                                                                                                            ,Unknown,Unknown,Minor injury: Hospitalization up to 24 hours,428057.24,4579344.4,2.138747045,41.360545468
2023S005357    ,5,Sarrià-Sant Gervasi,24,les Tres Torres,701434,Mig (Descendent),000370000,Saturday,2023,9,September,9,Afternoon,19,No és causa del  vianant,Motorcycle,Woman,30,Passenger,Desconegut                                                                                                                                            ,Unknown,Unknown,Minor injury: Hospitalization up to 24 hours,427635.97,4583126.35,2.133259221,41.394570317
2023S005357    ,5,Sarrià-Sant Gervasi,24,les Tres Torres,701434,Mig (Descendent),000370000,Saturday,2023,9,September,9,Afternoon,19,No és causa del  vianant,Motorcycle,Man,34,Driver,Desconegut                                                                                                                                            ,Unknown,Oci i entreteniment,Minor injury: Hospitalization up to 24 hours,427635.97,4583126.35,2.133259221,41.394570317
2023S005358    ,10,Sant Martí,71,Provençals del Poblenou,115603,Espronceda,0201 0201,Saturday,2023,9,September,9,Afternoon,17,No és causa del  vianant,Ciclomotor,Woman,31,Driver,Desconegut                                                                                                                                            ,Unknown,Unknown,Minor injury: Hospitalization up to 24 hours,433092.71,4584796.53,2.198341497,41.410085958
2023S005359    ,2,Eixample,8,l'Antiga Esquerra de l'Eixample,169409,Corts Catalanes,0569 0569,Sunday,2023,9,September,10,Afternoon,17,No és causa del  vianant,Car,Woman,23,Passenger,Desconegut                                                                                                                                            ,Unknown,Unknown,Minor injury: Hospitalization up to 24 hours,429974.41,4581992.02,2.161359856,41.384560908
2023S005359    ,2,Eixample,8,l'Antiga Esquerra de l'Eixample,169409,Corts Catalanes,0569 0569,Sunday,2023,9,September,10,Afternoon,17,No és causa del  vianant,Car,Woman,51,Passenger,Desconegut                                                                                                                                            ,Unknown,Unknown,Minor injury: Hospitalization up to 24 hours,429974.41,4581992.02,2.161359856,41.384560908
2023S005360    ,9,Sant Andreu,57,la Trinitat Vella,701267,Dalt (Besòs),001580000,Sunday,2023,9,September,10,Night,0,No és causa del  vianant,Motorcycle,Man,24,Driver,Desconegut                                                                                                                                            ,Unknown,Oci i entreteniment,Minor injury: Hospitalization up to 24 hours,432434.86,4588883.61,2.190014141,41.446841918
2023S005361    ,8,Nou Barris,53,la Trinitat Nova,209900,Meridiana,0611 0611,Sunday,2023,9,September,10,Night,1,No és causa del  vianant,Car,Woman,38,Passenger,Desconegut                                                                                                                                            ,Unknown,Unknown,Minor injury: Hospitalization up to 24 hours,432280.13,4589290.54,2.188116301,41.450493945
2023S005361    ,8,Nou Barris,53,la Trinitat Nova,209900,Meridiana,0611 0611,Sunday,2023,9,September,10,Night,1,No és causa del  vianant,Motorcycle,Man,28,Driver,Desconegut                                                                                                                                            ,Unknown,Unknown,Minor injury: Hospitalization up to 24 hours,432280.13,4589290.54,2.188116301,41.450493945
2023S005361    ,8,Nou Barris,53,la Trinitat Nova,209900,Meridiana,0611 0611,Sunday,2023,9,September,10,Night,1,No és causa del  vianant,Car,Man,35,Driver,Desconegut                                                                                                                                            ,Unknown,Unknown,Minor injury: Hospitalization up to 24 hours,432280.13,4589290.54,2.188116301,41.450493945
2023S005364    ,4,Les Corts,21,Pedralbes,144601,Diagonal,0672B0672B,Sunday,2023,9,September,10,Afternoon,14,No és causa del  vianant,Motorcycle,Man,72,Driver,Desconegut                                                                                                                                            ,Unknown,Unknown,Minor injury: Hospitalization up to 24 hours,426968.02,4582381.68,2.12535995,41.387802968
2023S005365    ,2,Eixample,7,la Dreta de l'Eixample,148307,Gràcia,0013 0013,Sunday,2023,9,September,10,Afternoon,18,Others,Car,Man,35,Pedestrian,Altres                                                                                                                                                ,Oci i entreteniment,Unknown,Minor injury: Refused medical assistance,430557.69,4582525.42,2.168274082,41.389415667
2023S005366    ,7,Horta-Guinardó,35,el Guinardó,332805,Telègraf,0025 0027,Sunday,2023,9,September,10,Afternoon,18,No és causa del  vianant,Motorcycle,Woman,33,Driver,Desconegut                                                                                                                                            ,Unknown,Unknown,Minor injury: Hospitalization up to 24 hours,431107.92,4585559.27,2.17450926,41.416787938
2023S005367    ,2,Eixample,7,la Dreta de l'Eixample,289105,Rosselló,0294B0294B,Sunday,2023,9,September,10,Afternoon,19,No és causa del  vianant,Motorcycle,Man,21,Driver,Desconegut                                                                                                                                            ,Unknown,Unknown,Minor injury: Hospitalization up to 24 hours,430410.3,4583715.96,2.166374436,41.400125733
2023S005368    ,2,Eixample,10,Sant Antoni,169409,Corts Catalanes,0524 0526,Sunday,2023,9,September,10,Afternoon,21,No és causa del  vianant,Veh. mobilitat personal amb motor,Man,43,Pedestrian,En pas regulat per semàfor                                                                                                                            ,Oci i entreteniment,Unknown,Minor injury: Hospitalization up to 24 hours,429737.74,4581724.85,2.15856054,41.382133946
2023S005369    ,2,Eixample,10,Sant Antoni,169409,Corts Catalanes,0392 0392,Monday,2023,9,September,11,Night,2,No és causa del  vianant,Car,Man,34,Driver,Desconegut                                                                                                                                            ,Unknown,In itínere,Minor injury: Hospitalization up to 24 hours,429069.79,4581070.36,2.150649542,41.376180531
2023S005369    ,2,Eixample,10,Sant Antoni,169409,Corts Catalanes,0392 0392,Monday,2023,9,September,11,Night,2,No és causa del  vianant,Car,Man,31,Driver,Desconegut                                                                                                                                            ,Unknown,Oci i entreteniment,Minor injury: Hospitalization up to 24 hours,429069.79,4581070.36,2.150649542,41.376180531
2023S005371    ,1,Ciutat Vella,2,el Barri Gòtic,177101,Laietana,0045 0045,Monday,2023,9,September,11,Night,4,No és causa del  vianant,Taxi,Woman,32,Passenger,Desconegut                                                                                                                                            ,Unknown,Unknown,Minor injury: Refused medical assistance,431111.28,4582218.3,2.174929873,41.386697156
2023S005371    ,1,Ciutat Vella,2,el Barri Gòtic,177101,Laietana,0045 0045,Monday,2023,9,September,11,Night,4,No és causa del  vianant,Car,Man,34,Driver,Desconegut                                                                                                                                            ,Unknown,Oci i entreteniment,Minor injury: Hospitalization up to 24 hours,431111.28,4582218.3,2.174929873,41.386697156
2023S005371    ,1,Ciutat Vella,2,el Barri Gòtic,177101,Laietana,0045 0045,Monday,2023,9,September,11,Night,4,No és causa del  vianant,Taxi,Man,48,Driver,Desconegut                                                                                                                                            ,Unknown,Taxi,Minor injury: Refused medical assistance,431111.28,4582218.3,2.174929873,41.386697156
2023S005373    ,9,Sant Andreu,57,la Trinitat Vella,701501,B-20 (Llobregat),001650000,Monday,2023,9,September,11,Morning,9,No és causa del  vianant,Motorcycle,Woman,50,Passenger,Desconegut                                                                                                                                            ,Unknown,Unknown,Serious injury: Hospitalization over 24 hours,432733.6,4589151.61,2.193560321,41.449280805
2023S005373    ,9,Sant Andreu,57,la Trinitat Vella,701501,B-20 (Llobregat),001650000,Monday,2023,9,September,11,Morning,9,No és causa del  vianant,Motorcycle,Man,53,Driver,Desconegut                                                                                                                                            ,Unknown,Oci i entreteniment,Minor injury: Hospitalization up to 24 hours,432733.6,4589151.61,2.193560321,41.449280805
2023S005374    ,2,Eixample,8,l'Antiga Esquerra de l'Eixample,23403,Aribau,0143 0147,Monday,2023,9,September,11,Morning,10,No és causa del  vianant,Motorcycle,Woman,33,Driver,Desconegut                                                                                                                                            ,Unknown,Oci i entreteniment,Minor injury: Hospitalization up to 24 hours,429362.79,4582875.79,2.153942445,41.392467223
2023S005375    ,9,Sant Andreu,57,la Trinitat Vella,701501,B-20 (Llobregat),001640000,Monday,2023,9,September,11,Morning,13,No és causa del  vianant,Car,Woman,35,Driver,Desconegut                                                                                                                                            ,Unknown,In itínere,Minor injury: Medical assistance at accident site,432838.99,4589349.79,2.19479988,41.451074575
2023S005376    ,9,Sant Andreu,63,Navas,209900,Meridiana,0270 0272,Monday,2023,9,September,11,Afternoon,14,No és causa del  vianant,Motorcycle,Woman,70,Passenger,Desconegut                                                                                                                                            ,Unknown,Unknown,Minor injury: Medical assistance at accident site,432147.88,4585942.07,2.186909296,41.420324234
2023S005376    ,9,Sant Andreu,63,Navas,209900,Meridiana,0270 0272,Monday,2023,9,September,11,Afternoon,14,No és causa del  vianant,Motorcycle,Man,80,Driver,Desconegut                                                                                                                                            ,Unknown,Oci i entreteniment,Minor injury: Medical assistance at accident site,432147.88,4585942.07,2.186909296,41.420324234
2023S005377    ,4,Les Corts,19,les Corts,231502,Numància,0052 0054,Monday,2023,9,September,11,Afternoon,16,No és causa del  vianant,Motorcycle,Man,66,Driver,Desconegut                                                                                                                                            ,Unknown,Unknown,Minor injury: Hospitalization up to 24 hours,428088.18,4581907.76,2.1388127,41.383635521
2023S005378    ,7,Horta-Guinardó,39,Sant Genís dels Agudells,335654,Vallvidrera al Tibidabo,0082 0082,Monday,2023,9,September,11,Afternoon,19,No és causa del  vianant,Bicicleta,Man,48,Driver,Desconegut                                                                                                                                            ,Unknown,Oci i entreteniment,Minor injury: Hospitalization up to 24 hours,426666.39,4586587.17,2.121242789,41.425652486
2023S005379    ,2,Eixample,9,la Nova Esquerra de l'Eixample,18505,Aragó,0020 0022,Monday,2023,9,September,11,Afternoon,19,No és causa del  vianant,Motorcycle,Woman,59,Pedestrian,A la vorera / Andana                                                                                                                                  ,Unknown,Unknown,Minor injury: Hospitalization up to 24 hours,428970.85,4581553.16,2.14940987,41.380520217
2023S005380    ,5,Sarrià-Sant Gervasi,24,les Tres Torres,143904,General Mitre,0045V0045V,Monday,2023,9,September,11,Afternoon,20,No és causa del  vianant,Motorcycle,Man,26,Driver,Desconegut                                                                                                                                            ,Unknown,Unknown,Minor injury: Hospitalization up to 24 hours,427663.93,4583184.48,2.133586694,41.395096387
2023S005381    ,8,Nou Barris,53,la Trinitat Nova,701267,Dalt (Besòs),001490000,Monday,2023,9,September,11,Afternoon,20,No és causa del  vianant,Motorcycle,Man,27,Driver,Desconegut                                                                                                                                            ,Unknown,Unknown,Minor injury: Hospitalization up to 24 hours,431181.64,4588649.25,2.17503932,41.444624605
2023S005383    ,2,Eixample,10,Sant Antoni,363809,Villarroel,0019 0019,Monday,2023,9,September,11,Afternoon,21,Desobeir el senyal del semàfor,Bicicleta,Woman,75,Pedestrian,En pas regulat per semàfor                                                                                                                            ,Unknown,Unknown,Minor injury: Hospitalization up to 24 hours,430031.23,4581617.2,2.162082667,41.381189968
2023S005384    ,9,Sant Andreu,60,Sant Andreu,306907,Sant Marià,0013 0013,Monday,2023,9,September,11,Afternoon,21,No és causa del  vianant,Motorcycle,Man,47,Driver,Desconegut                                                                                                                                            ,Unknown,Unknown,Minor injury: Medical assistance at accident site,432312.31,4587694.29,2.188680492,41.436119791
2023S005385    ,1,Ciutat Vella,4,"Sant Pere, Santa Caterina i la Ribera",163504,Isabel II,0002 0002,Monday,2023,9,September,11,Afternoon,20,No és causa del  vianant,Motorcycle,Woman,27,Passenger,Desconegut                                                                                                                                            ,Unknown,Unknown,Minor injury: Hospitalization up to 24 hours,431721.5,4581693.22,2.182286919,41.382019958
2023S005386    ,6,Gràcia,29,el Coll,7804,Aldea,0002 0002,Monday,2023,9,September,11,Night,23,Others,"Camió rígid > 3,5 tones",Man,51,Passenger,Desconegut                                                                                                                                            ,Unknown,Unknown,Minor injury: Hospitalization up to 24 hours,429063.91,4585714.01,2.150034919,41.418003686
2023S005387    ,3,Sants-Montjuïc,18,Sants,202901,Masnou,0014 0014,Monday,2023,9,September,11,Night,23,No és causa del  vianant,Veh. mobilitat personal amb motor,Man,55,Driver,Desconegut                                                                                                                                            ,Unknown,Oci i entreteniment,Minor injury: Hospitalization up to 24 hours,428159.05,4581060.04,2.139760758,41.376006748
2023S005388    ,7,Horta-Guinardó,33,el Baix Guinardó,332306,Taxdirt,0043 0043,Tuesday,2023,9,September,12,Morning,9,No és causa del  vianant,Veh. mobilitat personal amb motor,Woman,82,Pedestrian,Fora del pas                                                                                                                                          ,Unknown,Unknown,Minor injury: Hospitalization up to 24 hours,430457.17,4584777.57,2.166813041,41.409691354
2023S005388    ,7,Horta-Guinardó,33,el Baix Guinardó,332306,Taxdirt,0043 0043,Tuesday,2023,9,September,12,Morning,9,No és causa del  vianant,Veh. mobilitat personal amb motor,Man,20,Driver,Fora del pas                                                                                                                                          ,Unknown,Unknown,Minor injury: Hospitalization up to 24 hours,430457.17,4584777.57,2.166813041,41.409691354