Case_Number,District_Code,District_Name,Neighborhood_Code,Neighborhood_Name,Street_Code,Street_Name,Postal_Code,Day_of_Week,Year,Month_Code,Month_Name,Day_of_Month,Shift_Description,Hour_of_Day,Pedestrian_Cause_Description,Involved_Vehicle_Type,Gender_Description,Age,Person_Type_Description,Pedestrian_Accident_Location_Description,Pedestrian_Movement_Reason_Description,Driver_Movement_Reason_Description,Victimization_Description,UTM_X_Coordinate,UTM_Y_Coordinate,Longitude,Latitude
2023S005389    ,10,Sant Martí,70,el Besòs i el Maresme,195409,Maresme,0130 0130,Tuesday,2023,9,September,12,Morning,9,No és causa del  vianant,Car,Woman,51,Driver,Desconegut                                                                                                                                            ,Unknown,Unknown,Minor injury: Hospitalization up to 24 hours,434134.78,4585450.25,2.210737328,41.41605997
2023S005390    ,3,Sants-Montjuïc,17,Sants - Badal,247808,Pavia,0032 0032,Tuesday,2023,9,September,12,Morning,9,No és causa del  vianant,Car,Woman,83,Pedestrian,En pas sense regular                                                                                                                                  ,En missió,Unknown,Minor injury: Hospitalization up to 24 hours,427463.75,4580706.27,2.13148923,41.372758066
2023S005391    ,4,Les Corts,20,la Maternitat i Sant Ramon,144601,Diagonal,0687 0687,Tuesday,2023,9,September,12,Morning,10,No és causa del  vianant,Car,Man,34,Driver,Desconegut                                                                                                                                            ,Unknown,Unknown,Minor injury: Hospitalization up to 24 hours,425387.6,4581831.03,2.106527004,41.382698393
2023S005392    ,2,Eixample,6,la Sagrada Família,350308,València,0394 0394,Tuesday,2023,9,September,12,Morning,12,Desobeir el senyal del semàfor,Car,Man,52,Pedestrian,En pas regulat per semàfor                                                                                                                            ,Oci i entreteniment,Unknown,Minor injury: Hospitalization up to 24 hours,431099.04,4583811.28,2.17460215,41.401043599
2023S005393    ,3,Sants-Montjuïc,18,Sants,30602,Badal,0112 0114,Tuesday,2023,9,September,12,Afternoon,15,No és causa del  vianant,Motorcycle,Man,34,Driver,Desconegut                                                                                                                                            ,Unknown,In itínere,Minor injury: Hospitalization up to 24 hours,427748.77,4579939.75,2.134988504,41.365879944
2023S005394    ,2,Eixample,10,Sant Antoni,198804,Paral·lel,0098 0098,Tuesday,2023,9,September,12,Afternoon,15,No és causa del  vianant,Motorcycle,Man,56,Driver,Desconegut                                                                                                                                            ,Unknown,In itínere,Minor injury: Medical assistance at accident site,430342.75,4580945.81,2.165885124,41.375170003
2023S005395    ,2,Eixample,6,la Sagrada Família,178308,Lepant,0233 0233,Tuesday,2023,9,September,12,Afternoon,15,No és causa del  vianant,Motorcycle,Man,25,Driver,Desconegut                                                                                                                                            ,Unknown,Oci i entreteniment,Minor injury: Hospitalization up to 24 hours,431429.82,4584014.19,2.178535936,41.402899442
2023S005398    ,2,Eixample,7,la Dreta de l'Eixample,148307,Gràcia,0090 0090,Tuesday,2023,9,September,12,Afternoon,18,No és causa del  vianant,Motorcycle,Woman,34,Driver,Desconegut                                                                                                                                            ,Unknown,Oci i entreteniment,Minor injury: Hospitalization up to 24 hours,430005.45,4583130.22,2.161599464,41.394815009
2023S005399    ,5,Sarrià-Sant Gervasi,26,Sant Gervasi - Galvany,214106,Modolell,0080 0080,Tuesday,2023,9,September,12,Afternoon,15,No és causa del  vianant,Motorcycle,Man,26,Driver,Desconegut                                                                                                                                            ,Unknown,Unknown,Minor injury: Hospitalization up to 24 hours,427991.77,4583985.3,2.137412615,41.402338495
2023S005400    ,6,Gràcia,30,la Salut,344000,Dalt,0098U0098U,Tuesday,2023,9,September,12,Afternoon,20,No és causa del  vianant,Ciclomotor,Woman,41,Driver,Desconegut                                                                                                                                            ,Unknown,Oci i entreteniment,Minor injury: Medical assistance at accident site,429663.73,4584912.26,2.157305046,41.410835379
2023S005400    ,6,Gràcia,30,la Salut,344000,Dalt,0098U0098U,Tuesday,2023,9,September,12,Afternoon,20,No és causa del  vianant,Motorcycle,Man,33,Driver,Desconegut                                                                                                                                            ,Unknown,Oci i entreteniment,Minor injury: Medical assistance at accident site,429663.73,4584912.26,2.157305046,41.410835379
2023S005401    ,6,Gràcia,32,el Camp d'en Grassot i Gràcia Nova,289105,Rosselló,0379 0379,Tuesday,2023,9,September,12,Night,23,No és causa del  vianant,Motorcycle,Man,35,Driver,Desconegut                                                                                                                                            ,Unknown,Unknown,Minor injury: Hospitalization up to 24 hours,430748.14,4584030.45,2.17037961,41.402987428
2023S005402    ,2,Eixample,10,Sant Antoni,323203,Sepúlveda,0129 0129,Tuesday,2023,9,September,12,Afternoon,20,Desobeir el senyal del semàfor,Motorcycle,Man,36,Driver,Desconegut                                                                                                                                            ,Unknown,Unknown,Minor injury: Hospitalization up to 24 hours,429841.22,4581617.31,2.159810459,41.381174403
2023S005403    ,6,Gràcia,32,el Camp d'en Grassot i Gràcia Nova,90502,Còrsega,0429 0429,Wednesday,2023,9,September,13,Morning,8,No és causa del  vianant,Motorcycle,Man,24,Driver,Desconegut                                                                                                                                            ,Unknown,In itínere,Minor injury: Hospitalization up to 24 hours,430315.07,4583809.94,2.165224493,41.400963927
2023S005404    ,9,Sant Andreu,60,Sant Andreu,209900,Meridiana,0628X0630X,Wednesday,2023,9,September,13,Morning,8,No és causa del  vianant,Motorcycle,Man,40,Driver,Desconegut                                                                                                                                            ,Unknown,Unknown,Minor injury: Medical assistance at accident site,432246.43,4588757.68,2.187772689,41.445691819
2023S005406    ,2,Eixample,7,la Dreta de l'Eixample,359404,Cinc d'Oros,9999 9999,Wednesday,2023,9,September,13,Morning,11,No és causa del  vianant,Motorcycle,Woman,25,Driver,Desconegut                                                                                                                                            ,Unknown,Unknown,Minor injury: Hospitalization up to 24 hours,429834.22,4583321.69,2.15952922,41.396524584
2023S005407    ,2,Eixample,7,la Dreta de l'Eixample,309406,Sant Pere,0033 0033,Wednesday,2023,9,September,13,Morning,10,Creuar per fora pas de vianants,Motorcycle,Woman,75,Pedestrian,Fora del pas                                                                                                                                          ,Oci i entreteniment,Unknown,Minor injury: Medical assistance at accident site,431191.86,4582615.1,2.175848459,41.39027792
2023S005408    ,6,Gràcia,32,el Camp d'en Grassot i Gràcia Nova,297001,Sant Antoni Maria Claret,0015 0015,Wednesday,2023,9,September,13,Morning,12,No és causa del  vianant,Motorcycle,Woman,64,Driver,Desconegut                                                                                                                                            ,Unknown,Unknown,Minor injury: Hospitalization up to 24 hours,430228.01,4584092.68,2.164150481,41.403502916
2023S005409    ,7,Horta-Guinardó,38,la Teixonera,701268,Dalt (Llobregat),001020000,Wednesday,2023,9,September,13,Morning,13,No és causa del  vianant,Motorcycle,Woman,49,Driver,Desconegut                                                                                                                                            ,Unknown,Unknown,Minor injury: Hospitalization up to 24 hours,428267.82,4586070.18,2.140467447,41.421140848
2023S005410    ,9,Sant Andreu,57,la Trinitat Vella,120807,Favència,0419 0441,Wednesday,2023,9,September,13,Morning,13,No és causa del  vianant,Veh. mobilitat personal amb motor,Woman,18,Driver,Desconegut                                                                                                                                            ,Unknown,Unknown,Minor injury: Hospitalization up to 24 hours,432477.29,4588892.56,2.190521045,41.446926099
2023S005411    ,5,Sarrià-Sant Gervasi,26,Sant Gervasi - Galvany,223606,Muntaner,0323 0323,Wednesday,2023,9,September,13,Morning,11,No és causa del  vianant,Motorcycle,Man,66,Driver,Desconegut                                                                                                                                            ,Unknown,Unknown,Minor injury: Hospitalization up to 24 hours,428638.0,4583426.14,2.145208837,41.397360003
2023S005412    ,6,Gràcia,28,Vallcarca i els Penitents,120104,Farigola,0012 0012,Wednesday,2023,9,September,13,Morning,13,No és causa del  vianant,Motorcycle,Woman,44,Driver,Desconegut                                                                                                                                            ,Unknown,Unknown,Minor injury: Hospitalization up to 24 hours,428756.03,4585015.09,2.146433489,41.411681539
2023S005413    ,2,Eixample,9,la Nova Esquerra de l'Eixample,349706,Comte d'Urgell,0153 0153,Wednesday,2023,9,September,13,Afternoon,14,No és causa del  vianant,Motorcycle,Man,56,Driver,Desconegut                                                                                                                                            ,Unknown,In itínere,Minor injury: Hospitalization up to 24 hours,429167.46,4582306.69,2.15167282,41.387324349
2023S005414    ,3,Sants-Montjuïc,13,la Marina de Port,369408,Zona Franca,0121 0121,Wednesday,2023,9,September,13,Afternoon,17,No és causa del  vianant,Veh. mobilitat personal amb motor,Man,21,Driver,Desconegut                                                                                                                                            ,Unknown,Unknown,Minor injury: Hospitalization up to 24 hours,428200.17,4579031.23,2.140492779,41.357737613
2023S005415    ,7,Horta-Guinardó,39,Sant Genís dels Agudells,166900,Jericó,0001B0001B,Wednesday,2023,9,September,13,Morning,13,No és causa del  vianant,Motorcycle,Woman,30,Driver,Desconegut                                                                                                                                            ,Unknown,In itínere,Minor injury: Hospitalization up to 24 hours,428242.58,4585999.86,2.140173784,41.420505251
2023S005416    ,10,Sant Martí,71,Provençals del Poblenou,701414,C-31,020750000,Wednesday,2023,9,September,13,Afternoon,16,No és causa del  vianant,Motorcycle,Woman,30,Driver,Desconegut                                                                                                                                            ,Unknown,Oci i entreteniment,Minor injury: Hospitalization up to 24 hours,433372.35,4585277.86,2.201633992,41.41444441
2023S005417    ,10,Sant Martí,72,Sant Martí de Provençals,153205,Guipúscoa,0027 0027,Wednesday,2023,9,September,13,Afternoon,17,No és causa del  vianant,Veh. mobilitat personal amb motor,Man,18,Driver,Desconegut                                                                                                                                            ,Unknown,In itínere,Minor injury: Hospitalization up to 24 hours,432792.64,4585292.45,2.194696433,41.414527519
2023S005418    ,1,Ciutat Vella,2,el Barri Gòtic,363401,Vila de Madrid,0007 0007,Wednesday,2023,9,September,13,Afternoon,15,No és causa del  vianant,Bicicleta,Woman,54,Pedestrian,A la vorera / Andana                                                                                                                                  ,Unknown,Unknown,Minor injury: Hospitalization up to 24 hours,430811.39,4581916.38,2.171377886,41.3839521
2023S005419    ,4,Les Corts,21,Pedralbes,701267,Dalt (Besòs),000620000,Wednesday,2023,9,September,13,Afternoon,17,No és causa del  vianant,Car,Woman,68,Driver,Desconegut                                                                                                                                            ,Unknown,Unknown,Minor injury: Hospitalization up to 24 hours,425740.75,4583198.17,2.11058243,41.395044307
2023S005420    ,7,Horta-Guinardó,35,el Guinardó,297001,Sant Antoni Maria Claret,0185 0193,Wednesday,2023,9,September,13,Afternoon,18,No és causa del  vianant,Motorcycle,Man,13,Pedestrian,Fora del pas                                                                                                                                          ,Oci i entreteniment,Unknown,Serious injury: Hospitalization over 24 hours,431435.96,4585295.15,2.178464168,41.414437168
2023S005420    ,7,Horta-Guinardó,35,el Guinardó,297001,Sant Antoni Maria Claret,0185 0193,Wednesday,2023,9,September,13,Afternoon,18,No és causa del  vianant,Motorcycle,Man,31,Driver,Fora del pas                                                                                                                                          ,Unknown,Oci i entreteniment,Minor injury: Hospitalization up to 24 hours,431435.96,4585295.15,2.178464168,41.414437168
2023S005421    ,2,Eixample,10,Sant Antoni,323203,Sepúlveda,0183 0183,Wednesday,2023,9,September,13,Afternoon,17,No és causa del  vianant,Car,Man,26,Driver,Desconegut                                                                                                                                            ,Unknown,"Bombers, policia, ambulància",Minor injury: Hospitalization up to 24 hours,430127.51,4581900.31,2.163201348,41.383748223
2023S005421    ,2,Eixample,10,Sant Antoni,323203,Sepúlveda,0183 0183,Wednesday,2023,9,September,13,Afternoon,17,No és causa del  vianant,Car,Man,31,Passenger,Desconegut                                                                                                                                            ,Unknown,Unknown,Minor injury: Hospitalization up to 24 hours,430127.51,4581900.31,2.163201348,41.383748223
2023S005421    ,2,Eixample,10,Sant Antoni,323203,Sepúlveda,0183 0183,Wednesday,2023,9,September,13,Afternoon,17,No és causa del  vianant,Car,Man,34,Driver,Desconegut                                                                                                                                            ,Unknown,In itínere,Minor injury: Medical assistance at accident site,430127.51,4581900.31,2.163201348,41.383748223
2023S005423    ,2,Eixample,10,Sant Antoni,169409,Corts Catalanes,0482 0482,Wednesday,2023,9,September,13,Afternoon,20,No és causa del  vianant,Bus,Woman,47,Passenger,Desconegut                                                                                                                                            ,Unknown,Unknown,Minor injury: Hospitalization up to 24 hours,429553.06,4581502.09,2.156377964,41.38011146
2023S005424    ,2,Eixample,9,la Nova Esquerra de l'Eixample,89004,Consell de Cent,0161 0161,Wednesday,2023,9,September,13,Afternoon,18,Others,Veh. mobilitat personal amb motor,Woman,47,Pedestrian,A la vorera / Andana                                                                                                                                  ,En missió,Unknown,Minor injury: Medical assistance at accident site,429400.41,4581803.55,2.154517422,41.382813225
2023S005425    ,4,Les Corts,20,la Maternitat i Sant Ramon,144601,Diagonal,0645 0645,Wednesday,2023,9,September,13,Afternoon,19,No és causa del  vianant,Motorcycle,Man,50,Driver,Desconegut                                                                                                                                            ,Unknown,Unknown,Minor injury: Hospitalization up to 24 hours,426270.62,4582154.02,2.117047205,41.385688877
2023S005426    ,3,Sants-Montjuïc,16,la Bordeta,142402,Gavà,0077 0077,Thursday,2023,9,September,7,Afternoon,20,No és causa del  vianant,Motorcycle,Woman,72,Pedestrian,A la vorera / Andana                                                                                                                                  ,Unknown,Unknown,Minor injury: Hospitalization up to 24 hours,428086.3,4580441.93,2.138964228,41.370433147
2023S005427    ,2,Eixample,8,l'Antiga Esquerra de l'Eixample,32700,Balmes,0063 0063,Thursday,2023,9,September,14,Night,0,No és causa del  vianant,Motorcycle,Man,47,Driver,Desconegut                                                                                                                                            ,Unknown,Unknown,Minor injury: Hospitalization up to 24 hours,429993.24,4582628.89,2.161511404,41.390298631
2023S005428    ,2,Eixample,6,la Sagrada Família,18505,Aragó,0477 0477,Wednesday,2023,9,September,13,Night,23,No és causa del  vianant,Motorcycle,Man,29,Driver,Desconegut                                                                                                                                            ,Unknown,In itínere,Minor injury: Medical assistance at accident site,431553.57,4584083.99,2.180008377,41.40353866
2023S005428    ,2,Eixample,6,la Sagrada Família,18505,Aragó,0477 0477,Wednesday,2023,9,September,13,Night,23,No és causa del  vianant,Motorcycle,Man,35,Driver,Desconegut                                                                                                                                            ,Unknown,Oci i entreteniment,Minor injury: Medical assistance at accident site,431553.57,4584083.99,2.180008377,41.40353866
2023S005429    ,1,Ciutat Vella,1,el Raval,701367,Raval,0002 0002,Wednesday,2023,9,September,13,Afternoon,16,No és causa del  vianant,Car,Man,28,Pedestrian,Fora del pas                                                                                                                                          ,Unknown,Unknown,Minor injury: Hospitalization up to 24 hours,430524.89,4581414.89,2.168009212,41.379410624
2023S005431    ,3,Sants-Montjuïc,18,Sants,701433,Mig (Ascendent),000070000,Thursday,2023,9,September,14,Morning,7,No és causa del  vianant,Car,Woman,70,Passenger,Desconegut                                                                                                                                            ,Unknown,Unknown,Minor injury: Hospitalization up to 24 hours,427518.76,4580549.61,2.132165705,41.371352046
2023S005433    ,8,Nou Barris,49,Canyelles,18254,Antonio Machado,0024 0024,Wednesday,2023,9,September,13,Afternoon,17,No és causa del  vianant,Car,Woman,65,Passenger,Desconegut                                                                                                                                            ,Unknown,Unknown,Minor injury: Hospitalization up to 24 hours,430679.76,4588583.0,2.169039443,41.443984713
2023S005433    ,8,Nou Barris,49,Canyelles,18254,Antonio Machado,0024 0024,Wednesday,2023,9,September,13,Afternoon,17,No és causa del  vianant,Car,Man,58,Driver,Desconegut                                                                                                                                            ,Unknown,Oci i entreteniment,Minor injury: Hospitalization up to 24 hours,430679.76,4588583.0,2.169039443,41.443984713
2023S005434    ,5,Sarrià-Sant Gervasi,26,Sant Gervasi - Galvany,348408,Tuset,0026 0026,Thursday,2023,9,September,14,Night,2,Creuar per fora pas de vianants,Car,Woman,19,Pedestrian,Fora del pas                                                                                                                                          ,Unknown,Unknown,Minor injury: Hospitalization up to 24 hours,429191.59,4583287.7,2.151846647,41.396162088
2023S005435    ,4,Les Corts,19,les Corts,110803,Entença,0250 0250,Wednesday,2023,9,September,13,Afternoon,19,No és causa del  vianant,Motorcycle,Man,69,Driver,Desconegut                                                                                                                                            ,Unknown,Unknown,Minor injury: Hospitalization up to 24 hours,428268.48,4582283.37,2.140924355,41.387034608
2023S005436    ,3,Sants-Montjuïc,13,la Marina de Port,135203,Foc,0049X0049X,Thursday,2023,9,September,14,Morning,11,No és causa del  vianant,Motorcycle,Man,68,Driver,Desconegut                                                                                                                                            ,Unknown,Unknown,Minor injury: Hospitalization up to 24 hours,428052.23,4578831.14,2.138748054,41.355922256
2023S005438    ,10,Sant Martí,73,la Verneda i la Pau,268604,Pont del Treball Digne,0002 0002,Thursday,2023,9,September,14,Morning,10,Creuar per fora pas de vianants,Ciclomotor,Woman,51,Driver,Fora del pas                                                                                                                                          ,Unknown,Altres activitats,Serious injury: Hospitalization over 24 hours,433046.89,4586091.7,2.197649887,41.421747369
2023S005439    ,7,Horta-Guinardó,35,el Guinardó,365702,Mare de Déu de Montserrat,0227 0227,Thursday,2023,9,September,14,Morning,10,No és causa del  vianant,Motorcycle,Man,60,Driver,Desconegut                                                                                                                                            ,Unknown,Unknown,Minor injury: Hospitalization up to 24 hours,431123.11,4586192.04,2.174618904,41.422488385
2023S005440    ,4,Les Corts,19,les Corts,343903,Corts,0287 0287,Thursday,2023,9,September,14,Morning,12,Creuar per fora pas de vianants,Motorcycle,Woman,66,Pedestrian,Fora del pas                                                                                                                                          ,Oci i entreteniment,Unknown,Minor injury: Refused medical assistance,427740.58,4582251.34,2.13461487,41.386698854
2023S005441    ,9,Sant Andreu,60,Sant Andreu,119003,Fabra i Puig,0116 0116,Thursday,2023,9,September,14,Morning,11,No és causa del  vianant,Motorcycle,Woman,49,Driver,Desconegut                                                                                                                                            ,Unknown,Unknown,Minor injury: Hospitalization up to 24 hours,431870.03,4587039.84,2.183460905,41.430187961
2023S005442    ,2,Eixample,7,la Dreta de l'Eixample,350308,València,0256 0256,Wednesday,2023,9,September,13,Afternoon,18,No és causa del  vianant,Motorcycle,Man,45,Driver,Desconegut                                                                                                                                            ,Unknown,Unknown,Minor injury: Hospitalization up to 24 hours,430061.22,4582806.77,2.162303891,41.391906656
2023S005443    ,4,Les Corts,19,les Corts,701433,Mig (Ascendent),000270000,Thursday,2023,9,September,14,Afternoon,14,No és causa del  vianant,Bicicleta,Man,42,Driver,Desconegut                                                                                                                                            ,Unknown,Oci i entreteniment,Minor injury: Hospitalization up to 24 hours,427207.0,4582445.17,2.128210374,41.38839647
2023S005444    ,2,Eixample,5,el Fort Pienc,169409,Corts Catalanes,0719 0719,Thursday,2023,9,September,14,Morning,10,No és causa del  vianant,Motorcycle,Man,26,Driver,Desconegut                                                                                                                                            ,Unknown,In itínere,Minor injury: Hospitalization up to 24 hours,431524.85,4583436.1,2.179738139,41.397700863
2023S005446    ,1,Ciutat Vella,4,"Sant Pere, Santa Caterina i la Ribera",198203,Marquès de l'Argentera,0006 0020,Thursday,2023,9,September,14,Afternoon,16,No és causa del  vianant,Motorcycle,Man,55,Driver,Desconegut                                                                                                                                            ,Unknown,Unknown,Minor injury: Refused medical assistance,431911.59,4581956.11,2.184530554,41.384403858
2023S005447    ,5,Sarrià-Sant Gervasi,25,Sant Gervasi - la Bonanova,41405,Bertrand i Serra,0017V0017V,Thursday,2023,9,September,14,Afternoon,19,No és causa del  vianant,Motorcycle,Woman,24,Driver,Desconegut                                                                                                                                            ,Unknown,Unknown,Minor injury: Refused medical assistance,427662.98,4583996.56,2.133478255,41.402410378
2023S005448    ,4,Les Corts,19,les Corts,180900,Loreto,0056 0056,Thursday,2023,9,September,14,Afternoon,19,No és causa del  vianant,Ciclomotor,Woman,44,Driver,Desconegut                                                                                                                                            ,Unknown,Oci i entreteniment,Minor injury: Hospitalization up to 24 hours,428448.64,4582827.78,2.143014601,41.391953963
2023S005449    ,4,Les Corts,20,la Maternitat i Sant Ramon,343903,Corts,0077 0077,Thursday,2023,9,September,14,Afternoon,18,No és causa del  vianant,Car,Man,42,Driver,Desconegut                                                                                                                                            ,Unknown,Oci i entreteniment,Minor injury: Hospitalization up to 24 hours,426863.59,4581468.65,2.124221297,41.379570181
2023S005450    ,5,Sarrià-Sant Gervasi,26,Sant Gervasi - Galvany,23403,Aribau,0249 0251,Thursday,2023,9,September,14,Afternoon,18,No és causa del  vianant,Motorcycle,Woman,42,Passenger,Desconegut                                                                                                                                            ,Unknown,Unknown,Serious injury: Hospitalization over 24 hours,428760.51,4583543.29,2.146660413,41.398425998
2023S005450    ,5,Sarrià-Sant Gervasi,26,Sant Gervasi - Galvany,23403,Aribau,0249 0251,Thursday,2023,9,September,14,Afternoon,18,No és causa del  vianant,Motorcycle,Man,40,Driver,Desconegut                                                                                                                                            ,Unknown,Oci i entreteniment,Minor injury: Hospitalization up to 24 hours,428760.51,4583543.29,2.146660413,41.398425998
2023S005453    ,3,Sants-Montjuïc,11,el Poble-sec,701266,Litoral (Llobregat),001190000,Friday,2023,9,September,15,Night,3,No és causa del  vianant,Motorcycle,Man,31,Driver,Desconegut                                                                                                                                            ,Unknown,Oci i entreteniment,Minor injury: Hospitalization up to 24 hours,430808.33,4579990.0,2.171561304,41.36660147
2023S005454    ,2,Eixample,8,l'Antiga Esquerra de l'Eixample,32700,Balmes,0099 0099,Friday,2023,9,September,15,Morning,10,No és causa del  vianant,Motorcycle,Woman,29,Passenger,Desconegut                                                                                                                                            ,Unknown,Unknown,Minor injury: Hospitalization up to 24 hours,429807.03,4582788.38,2.159265847,41.391718866
2023S005454    ,2,Eixample,8,l'Antiga Esquerra de l'Eixample,32700,Balmes,0099 0099,Friday,2023,9,September,15,Morning,10,No és causa del  vianant,Motorcycle,Man,31,Driver,Desconegut                                                                                                                                            ,Unknown,Unknown,Minor injury: Medical assistance at accident site,429807.03,4582788.38,2.159265847,41.391718866
2023S005455    ,2,Eixample,9,la Nova Esquerra de l'Eixample,18505,Aragó,0083 0083,Friday,2023,9,September,15,Morning,9,No és causa del  vianant,Car,Man,47,Driver,Desconegut                                                                                                                                            ,Unknown,Oci i entreteniment,Minor injury: Hospitalization up to 24 hours,429041.53,4581646.09,2.150244183,41.381363446
2023S005455    ,2,Eixample,9,la Nova Esquerra de l'Eixample,18505,Aragó,0083 0083,Friday,2023,9,September,15,Morning,9,No és causa del  vianant,Car,Man,52,Driver,Desconegut                                                                                                                                            ,Unknown,Oci i entreteniment,Minor injury: Medical assistance at accident site,429041.53,4581646.09,2.150244183,41.381363446
2023S005456    ,4,Les Corts,20,la Maternitat i Sant Ramon,144601,Diagonal,0645 0645,Friday,2023,9,September,15,Morning,9,No és causa del  vianant,Motorcycle,Man,57,Driver,Desconegut                                                                                                                                            ,Unknown,Unknown,Minor injury: Hospitalization up to 24 hours,426268.3,4582116.22,2.117024063,41.385348216
2023S005457    ,10,Sant Martí,69,Diagonal Mar i el Front Marítim del Poblenou,700892,Garcia Fària,0014S0014S,Friday,2023,9,September,15,Morning,12,No és causa del  vianant,Car,Man,37,Driver,Desconegut                                                                                                                                            ,Unknown,Oci i entreteniment,Minor injury: Refused medical assistance,434371.96,4583978.79,2.213734829,41.402826298
2023S005458    ,1,Ciutat Vella,2,el Barri Gòtic,106205,Duc de Medinaceli,9999 9999,Wednesday,2023,9,September,13,Morning,12,No és causa del  vianant,Veh. mobilitat personal amb motor,Man,39,Driver,Desconegut                                                                                                                                            ,Unknown,Oci i entreteniment,Minor injury: Hospitalization up to 24 hours,431416.36,4581320.28,2.178680132,41.37863502
2023S005459    ,2,Eixample,10,Sant Antoni,169409,Corts Catalanes,0538 0538,Friday,2023,9,September,15,Morning,12,No és causa del  vianant,Motorcycle,Man,51,Driver,Desconegut                                                                                                                                            ,Unknown,En missió,Minor injury: Hospitalization up to 24 hours,429829.38,4581777.7,2.15965029,41.382617952
2023S005460    ,5,Sarrià-Sant Gervasi,26,Sant Gervasi - Galvany,55603,Calvet,0084 0084,Friday,2023,9,September,15,Morning,13,No és causa del  vianant,Motorcycle,Man,31,Driver,Desconegut                                                                                                                                            ,Unknown,Unknown,Minor injury: Medical assistance at accident site,428251.86,4583409.15,2.140592155,41.397172601
2023S005461    ,5,Sarrià-Sant Gervasi,25,Sant Gervasi - la Bonanova,302000,Sant Gervasi,0040 0040,Friday,2023,9,September,15,Afternoon,16,No és causa del  vianant,Car,Woman,31,Driver,Desconegut                                                                                                                                            ,Unknown,Oci i entreteniment,Minor injury: Hospitalization up to 24 hours,427970.87,4584863.31,2.137058057,41.410244499
2023S005463    ,5,Sarrià-Sant Gervasi,27,el Putxet i el Farró,143904,General Mitre,0203S0203S,Friday,2023,9,September,15,Afternoon,16,No és causa del  vianant,Motorcycle,Man,19,Driver,Desconegut                                                                                                                                            ,Unknown,Unknown,Minor injury: Hospitalization up to 24 hours,428409.69,4584311.96,2.142373163,41.405317936
2023S005465    ,9,Sant Andreu,62,el Congrés i els Indians,121402,Felip II,0216 0216,Friday,2023,9,September,15,Afternoon,19,No és causa del  vianant,Ciclomotor,Woman,45,Driver,Desconegut                                                                                                                                            ,Unknown,Unknown,Minor injury: Hospitalization up to 24 hours,431433.34,4586665.69,2.178277349,41.42678094
2023S005466    ,10,Sant Martí,69,Diagonal Mar i el Front Marítim del Poblenou,143609,Josep Pla,0002 0020,Friday,2023,9,September,15,Afternoon,20,No és causa del  vianant,Car,Man,26,Driver,Desconegut                                                                                                                                            ,Unknown,Altres activitats,Minor injury: Hospitalization up to 24 hours,434760.33,4584428.46,2.218332178,41.406908004
2023S005466    ,10,Sant Martí,69,Diagonal Mar i el Front Marítim del Poblenou,143609,Josep Pla,0002 0020,Friday,2023,9,September,15,Afternoon,20,No és causa del  vianant,Taxi,Man,23,Driver,Desconegut                                                                                                                                            ,Unknown,Taxi,Minor injury: Medical assistance at accident site,434760.33,4584428.46,2.218332178,41.406908004
2023S005467    ,2,Eixample,9,la Nova Esquerra de l'Eixample,54509,Calàbria,0163 0163,Saturday,2023,9,September,16,Night,3,No és causa del  vianant,Taxi,Man,56,Passenger,Desconegut                                                                                                                                            ,Unknown,Unknown,Minor injury: Hospitalization up to 24 hours,429161.14,4581740.42,2.151663481,41.38222359
2023S005467    ,2,Eixample,9,la Nova Esquerra de l'Eixample,54509,Calàbria,0163 0163,Saturday,2023,9,September,16,Night,3,No és causa del  vianant,Taxi,Man,41,Driver,Desconegut                                                                                                                                            ,Unknown,En missió,Minor injury: Hospitalization up to 24 hours,429161.14,4581740.42,2.151663481,41.38222359
2023S005469    ,5,Sarrià-Sant Gervasi,26,Sant Gervasi - Galvany,32700,Balmes,0199 0199,Saturday,2023,9,September,16,Night,4,Creuar per fora pas de vianants,Car,Man,27,Pedestrian,Fora del pas                                                                                                                                          ,Unknown,Unknown,Minor injury: Hospitalization up to 24 hours,429197.14,4583444.59,2.151894676,41.397575629
2023S005470    ,4,Les Corts,19,les Corts,701433,Mig (Ascendent),000190000,Saturday,2023,9,September,16,Night,5,No és causa del  vianant,Car,Man,31,Driver,Desconegut                                                                                                                                            ,Unknown,Unknown,Minor injury: Hospitalization up to 24 hours,427191.1,4581776.77,2.128100585,41.382375016
2023S005471    ,3,Sants-Montjuïc,17,Sants - Badal,701434,Mig (Descendent),000100000,Saturday,2023,9,September,16,Morning,10,No és causa del  vianant,Car,Man,91,Pedestrian,En pas sense regular                                                                                                                                  ,Altres activitats,Unknown,Minor injury: Medical assistance at accident site,427403.45,4580826.79,2.130753804,41.373838105
2023S005472    ,2,Eixample,7,la Dreta de l'Eixample,148307,Gràcia,0072S0072S,Saturday,2023,9,September,16,Morning,12,No és causa del  vianant,Veh. mobilitat personal amb motor,Woman,29,Driver,Desconegut                                                                                                                                            ,Unknown,In itínere,Minor injury: Medical assistance at accident site,430231.17,4582961.67,2.164318684,41.393316559