Case_Number,District_Code,District_Name,Neighborhood_Code,Neighborhood_Name,Street_Code,Street_Name,Postal_Code,Day_of_Week,Year,Month_Code,Month_Name,Day_of_Month,Shift_Description,Hour_of_Day,Pedestrian_Cause_Description,Involved_Vehicle_Type,Gender_Description,Age,Person_Type_Description,Pedestrian_Accident_Location_Description,Pedestrian_Movement_Reason_Description,Driver_Movement_Reason_Description,Victimization_Description,UTM_X_Coordinate,UTM_Y_Coordinate,Longitude,Latitude
2023S005473    ,10,Sant Martí,69,Diagonal Mar i el Front Marítim del Poblenou,700768,Marítim de la Mar Bella,0126 0126,Saturday,2023,9,September,16,Morning,12,Others,Veh. mobilitat personal amb motor,Woman,47,Pedestrian,Altres                                                                                                                                                ,Unknown,Unknown,Minor injury: Hospitalization up to 24 hours,434318.79,4583717.29,2.213127177,41.400466683
2023S005474    ,7,Horta-Guinardó,33,el Baix Guinardó,238400,Padilla,0394U0394U,Saturday,2023,9,September,16,Morning,12,No és causa del  vianant,Ciclomotor,Woman,26,Passenger,Desconegut                                                                                                                                            ,Unknown,Unknown,Minor injury: Hospitalization up to 24 hours,430317.31,4585099.91,2.165102679,41.412582438
2023S005474    ,7,Horta-Guinardó,33,el Baix Guinardó,238400,Padilla,0394U0394U,Saturday,2023,9,September,16,Morning,12,No és causa del  vianant,Ciclomotor,Man,29,Driver,Desconegut                                                                                                                                            ,Unknown,Oci i entreteniment,Minor injury: Hospitalization up to 24 hours,430317.31,4585099.91,2.165102679,41.412582438
2023S005475    ,2,Eixample,8,l'Antiga Esquerra de l'Eixample,169409,Corts Catalanes,0585 0585,Saturday,2023,9,September,16,Morning,13,No és causa del  vianant,Motorcycle,Woman,33,Driver,Desconegut                                                                                                                                            ,Unknown,Oci i entreteniment,Minor injury: Hospitalization up to 24 hours,430197.26,4582210.36,2.163999731,41.386546805
2023S005476    ,9,Sant Andreu,59,el Bon Pastor,131803,Formiga,0001 0001,Saturday,2023,9,September,16,Morning,13,No és causa del  vianant,Motorcycle,Man,55,Driver,Desconegut                                                                                                                                            ,Unknown,Unknown,Minor injury: Hospitalization up to 24 hours,433346.61,4587639.71,2.201065513,41.435714772
2023S005477    ,4,Les Corts,21,Pedralbes,248108,Pearson,0011 0011,Saturday,2023,9,September,16,Afternoon,16,No és causa del  vianant,Car,Man,79,Driver,Desconegut                                                                                                                                            ,Unknown,Oci i entreteniment,Minor injury: Hospitalization up to 24 hours,425633.18,4583036.4,2.109315697,41.393577373
2023S005480    ,5,Sarrià-Sant Gervasi,25,Sant Gervasi - la Bonanova,700650,Carles Riba,0001 0001,Saturday,2023,9,September,16,Afternoon,19,No és causa del  vianant,Motorcycle,Woman,52,Passenger,Desconegut                                                                                                                                            ,Unknown,Unknown,Minor injury: Hospitalization up to 24 hours,426761.43,4584994.2,2.122573057,41.411314015
2023S005481    ,9,Sant Andreu,61,la Sagrera,209900,Meridiana,0320B0320B,Sunday,2023,9,September,17,Night,4,No és causa del  vianant,Motorcycle,Man,26,Driver,Desconegut                                                                                                                                            ,Unknown,Unknown,Minor injury: Hospitalization up to 24 hours,432161.88,4586418.74,2.18702331,41.424618632
2023S005482    ,4,Les Corts,21,Pedralbes,115400,Esplugues,0117 0117,Sunday,2023,9,September,17,Morning,7,No és causa del  vianant,Car,Man,29,Driver,Desconegut                                                                                                                                            ,Unknown,Oci i entreteniment,Minor injury: Hospitalization up to 24 hours,425902.83,4583124.08,2.112530087,41.394391969
2023S005483    ,2,Eixample,8,l'Antiga Esquerra de l'Eixample,70607,Casanova,0146 0146,Sunday,2023,9,September,17,Morning,10,No és causa del  vianant,Motorcycle,Man,27,Driver,Desconegut                                                                                                                                            ,Unknown,Unknown,Minor injury: Hospitalization up to 24 hours,429361.23,4582493.6,2.153968384,41.389024832
2023S005484    ,4,Les Corts,21,Pedralbes,333604,John M. Keynes,0001X0001X,Sunday,2023,9,September,17,Morning,11,No és causa del  vianant,Bicicleta,Woman,52,Driver,Desconegut                                                                                                                                            ,Unknown,Oci i entreteniment,Minor injury: Hospitalization up to 24 hours,426270.62,4582154.02,2.117047205,41.385688877
2023S005486    ,1,Ciutat Vella,4,"Sant Pere, Santa Caterina i la Ribera",207803,Méndez Núñez,0013 0013,Sunday,2023,9,September,17,Afternoon,14,No és causa del  vianant,Bicicleta,Man,35,Driver,Desconegut                                                                                                                                            ,Unknown,Oci i entreteniment,Minor injury: Hospitalization up to 24 hours,431363.19,4582565.31,2.177903212,41.389844122
2023S005487    ,5,Sarrià-Sant Gervasi,22,"Vallvidrera, el Tibidabo i les Planes",314508,Sta Creu Olorda Vallvidrera,0083 0085,Sunday,2023,9,September,17,Morning,11,No és causa del  vianant,Bicicleta,Man,53,Driver,Desconegut                                                                                                                                            ,Unknown,Oci i entreteniment,Serious injury: Hospitalization over 24 hours,424409.21,4584723.1,2.094465853,41.408654462
2023S005488    ,10,Sant Martí,66,el Parc i la Llacuna del Poblenou,68900,Cartagena,0156X0156X,Sunday,2023,9,September,17,Afternoon,14,No és causa del  vianant,Bicicleta,Woman,30,Driver,Desconegut                                                                                                                                            ,Unknown,Oci i entreteniment,Minor injury: Hospitalization up to 24 hours,431941.9,4584043.42,2.184658322,41.403206245
2023S005488    ,10,Sant Martí,66,el Parc i la Llacuna del Poblenou,68900,Cartagena,0156X0156X,Sunday,2023,9,September,17,Afternoon,14,No és causa del  vianant,Veh. mobilitat personal amb motor,Woman,27,Driver,Desconegut                                                                                                                                            ,Unknown,Oci i entreteniment,Minor injury: Refused medical assistance,431941.9,4584043.42,2.184658322,41.403206245
2023S005489    ,2,Eixample,7,la Dreta de l'Eixample,148307,Gràcia,0080 0080,Sunday,2023,9,September,17,Afternoon,20,No és causa del  vianant,Motorcycle,Man,32,Driver,Desconegut                                                                                                                                            ,Unknown,Unknown,Minor injury: Hospitalization up to 24 hours,430097.2,4583030.1,2.16270843,41.393921246
2023S005490    ,5,Sarrià-Sant Gervasi,24,les Tres Torres,28000,Augusta,0336 0336,Sunday,2023,9,September,17,Morning,12,No és causa del  vianant,Car,Woman,65,Passenger,Desconegut                                                                                                                                            ,Unknown,Unknown,Minor injury: Medical assistance at accident site,426858.77,4583667.57,2.123898004,41.399374508
2023S005490    ,5,Sarrià-Sant Gervasi,24,les Tres Torres,28000,Augusta,0336 0336,Sunday,2023,9,September,17,Morning,12,No és causa del  vianant,Car,Man,31,Passenger,Desconegut                                                                                                                                            ,Unknown,Unknown,Minor injury: Medical assistance at accident site,426858.77,4583667.57,2.123898004,41.399374508
2023S005490    ,5,Sarrià-Sant Gervasi,24,les Tres Torres,28000,Augusta,0336 0336,Sunday,2023,9,September,17,Morning,12,No és causa del  vianant,Car,Woman,28,Driver,Desconegut                                                                                                                                            ,Unknown,Oci i entreteniment,Minor injury: Medical assistance at accident site,426858.77,4583667.57,2.123898004,41.399374508
2023S005490    ,5,Sarrià-Sant Gervasi,24,les Tres Torres,28000,Augusta,0336 0336,Sunday,2023,9,September,17,Morning,12,No és causa del  vianant,Car,Man,64,Driver,Desconegut                                                                                                                                            ,Unknown,Oci i entreteniment,Minor injury: Medical assistance at accident site,426858.77,4583667.57,2.123898004,41.399374508
2023S005491    ,2,Eixample,10,Sant Antoni,169409,Corts Catalanes,0484 0484,Sunday,2023,9,September,17,Night,22,No és causa del  vianant,Veh. mobilitat personal amb motor,Woman,31,Driver,Desconegut                                                                                                                                            ,Unknown,Altres activitats,Minor injury: Medical assistance at accident site,429546.58,4581537.58,2.156296347,41.38043054
2023S005492    ,3,Sants-Montjuïc,12,la Marina del Prat Vermell,701498,B-10 (Besòs),001160000,Sunday,2023,9,September,17,Night,23,No és causa del  vianant,Motorcycle,Man,38,Driver,Desconegut                                                                                                                                            ,Unknown,Oci i entreteniment,Serious injury: Hospitalization over 24 hours,430834.74,4579924.77,2.171884497,41.366016231
2023S005493    ,8,Nou Barris,53,la Trinitat Nova,701267,Dalt (Besòs),001520000,Sunday,2023,9,September,17,Night,22,No és causa del  vianant,Car,Woman,34,Passenger,Desconegut                                                                                                                                            ,Unknown,Unknown,Minor injury: Hospitalization up to 24 hours,431921.33,4588853.1,2.183870416,41.446523713
2023S005493    ,8,Nou Barris,53,la Trinitat Nova,701267,Dalt (Besòs),001520000,Sunday,2023,9,September,17,Night,22,No és causa del  vianant,Car,Man,35,Driver,Desconegut                                                                                                                                            ,Unknown,Oci i entreteniment,Minor injury: Hospitalization up to 24 hours,431921.33,4588853.1,2.183870416,41.446523713
2023S005495    ,7,Horta-Guinardó,33,el Baix Guinardó,152905,Guinardó,0058U0058U,Monday,2023,9,September,18,Night,5,No és causa del  vianant,Motorcycle,Man,45,Driver,Desconegut                                                                                                                                            ,Unknown,Unknown,Minor injury: Hospitalization up to 24 hours,430575.51,4585098.61,2.16819195,41.412593087
2023S005496    ,5,Sarrià-Sant Gervasi,23,Sarrià,320908,Sarrià a Vallvidrera,0143 0143,Monday,2023,9,September,18,Night,1,No és causa del  vianant,Car,Woman,21,Passenger,Desconegut                                                                                                                                            ,Unknown,Unknown,Minor injury: Hospitalization up to 24 hours,425786.69,4584456.33,2.110977589,41.406380216
2023S005496    ,5,Sarrià-Sant Gervasi,23,Sarrià,320908,Sarrià a Vallvidrera,0143 0143,Monday,2023,9,September,18,Night,1,No és causa del  vianant,Car,Woman,21,Driver,Desconegut                                                                                                                                            ,Unknown,Oci i entreteniment,Minor injury: Hospitalization up to 24 hours,425786.69,4584456.33,2.110977589,41.406380216
2023S005497    ,5,Sarrià-Sant Gervasi,26,Sant Gervasi - Galvany,175900,Laforja,0021 0023,Monday,2023,9,September,18,Morning,8,Creuar per fora pas de vianants,Motorcycle,Woman,42,Driver,Fora del pas                                                                                                                                          ,Unknown,Unknown,Minor injury: Hospitalization up to 24 hours,428997.67,4583605.83,2.149489844,41.399010261
2023S005498    ,6,Gràcia,31,la Vila de Gràcia,90502,Còrsega,0379 0379,Monday,2023,9,September,18,Morning,9,No és causa del  vianant,Motorcycle,Woman,31,Driver,Desconegut                                                                                                                                            ,Unknown,Oci i entreteniment,Minor injury: Refused medical assistance,430114.83,4583630.43,2.16284997,41.399329751
2023S005499    ,4,Les Corts,21,Pedralbes,701267,Dalt (Besòs),000590000,Monday,2023,9,September,18,Morning,9,No és causa del  vianant,Motorcycle,Man,19,Driver,Desconegut                                                                                                                                            ,Unknown,Unknown,Minor injury: Hospitalization up to 24 hours,425635.67,4582914.9,2.109360405,41.392483308
2023S005500    ,5,Sarrià-Sant Gervasi,24,les Tres Torres,143904,General Mitre,0069X0069X,Monday,2023,9,September,18,Morning,9,No és causa del  vianant,Motorcycle,Woman,58,Driver,Desconegut                                                                                                                                            ,Unknown,Unknown,Minor injury: Hospitalization up to 24 hours,427618.79,4583389.8,2.13302223,41.396941558
2023S005501    ,2,Eixample,10,Sant Antoni,169409,Corts Catalanes,0560 0560,Sunday,2023,9,September,17,Morning,9,No és causa del  vianant,Veh. mobilitat personal amb motor,Man,47,Driver,Desconegut                                                                                                                                            ,Unknown,Unknown,Minor injury: Refused medical assistance,429928.15,4581911.44,2.160815961,41.383831119
2023S005502    ,2,Eixample,10,Sant Antoni,323203,Sepúlveda,0055 0057,Monday,2023,9,September,18,Morning,12,No és causa del  vianant,Motorcycle,Woman,52,Driver,Desconegut                                                                                                                                            ,Unknown,Unknown,Minor injury: Hospitalization up to 24 hours,429410.08,4581210.46,2.154702184,41.377472305
2023S005503    ,5,Sarrià-Sant Gervasi,25,Sant Gervasi - la Bonanova,701268,Dalt (Llobregat),000920000,Monday,2023,9,September,18,Morning,13,No és causa del  vianant,Motorcycle,Man,35,Driver,Desconegut                                                                                                                                            ,Unknown,Unknown,Minor injury: Medical assistance at accident site,427735.9,4585320.62,2.134192335,41.414342194
2023S005504    ,2,Eixample,8,l'Antiga Esquerra de l'Eixample,268003,Provença,0177 0177,Monday,2023,9,September,18,Afternoon,14,No és causa del  vianant,Motorcycle,Man,30,Driver,Desconegut                                                                                                                                            ,Unknown,Unknown,Minor injury: Hospitalization up to 24 hours,429551.72,4582681.47,2.156224727,41.39073363
2023S005505    ,5,Sarrià-Sant Gervasi,26,Sant Gervasi - Galvany,23403,Aribau,0308 0308,Monday,2023,9,September,18,Afternoon,14,Creuar per fora pas de vianants,Furgoneta,Woman,74,Pedestrian,Fora del pas                                                                                                                                          ,Unknown,Unknown,Minor injury: Medical assistance at accident site,428724.98,4583599.0,2.146228863,41.398924607
2023S005506    ,3,Sants-Montjuïc,12,la Marina del Prat Vermell,701265,Litoral (Besòs),0021S0000,Monday,2023,9,September,18,Afternoon,16,No és causa del  vianant,Motorcycle,Woman,59,Passenger,Desconegut                                                                                                                                            ,Unknown,Unknown,Minor injury: Hospitalization up to 24 hours,430855.98,4579978.8,2.172132269,41.366504691
2023S005506    ,3,Sants-Montjuïc,12,la Marina del Prat Vermell,701265,Litoral (Besòs),0021S0000,Monday,2023,9,September,18,Afternoon,16,No és causa del  vianant,Car,Woman,33,Driver,Desconegut                                                                                                                                            ,Unknown,En missió,Minor injury: Hospitalization up to 24 hours,430855.98,4579978.8,2.172132269,41.366504691
2023S005506    ,3,Sants-Montjuïc,12,la Marina del Prat Vermell,701265,Litoral (Besòs),0021S0000,Monday,2023,9,September,18,Afternoon,16,No és causa del  vianant,Motorcycle,Man,56,Driver,Desconegut                                                                                                                                            ,Unknown,Unknown,Minor injury: Hospitalization up to 24 hours,430855.98,4579978.8,2.172132269,41.366504691
2023S005507    ,9,Sant Andreu,61,la Sagrera,209900,Meridiana,0321 0321,Monday,2023,9,September,18,Afternoon,18,No és causa del  vianant,Motorcycle,Man,27,Driver,Desconegut                                                                                                                                            ,Unknown,Oci i entreteniment,Minor injury: Medical assistance at accident site,432096.48,4586521.5,2.186229165,41.42553863
2023S005508    ,4,Les Corts,19,les Corts,278302,Reina Maria Cristina,9997 9997,Monday,2023,9,September,18,Afternoon,18,No és causa del  vianant,Motorcycle,Man,28,Driver,Desconegut                                                                                                                                            ,Unknown,Unknown,Minor injury: Hospitalization up to 24 hours,427182.43,4582398.22,2.127922176,41.387971385
2023S005509    ,9,Sant Andreu,60,Sant Andreu,326609,Sòcrates,0002U0002U,Monday,2023,9,September,18,Afternoon,16,No és causa del  vianant,Motorcycle,Woman,29,Driver,Desconegut                                                                                                                                            ,Unknown,Unknown,Minor injury: Refused medical assistance,432361.78,4587223.74,2.189325264,41.431885874
2023S005510    ,3,Sants-Montjuïc,12,la Marina del Prat Vermell,370305,Número 4 Zona Franca,0072 0072,Monday,2023,9,September,18,Afternoon,18,No és causa del  vianant,Motorcycle,Man,34,Driver,Desconegut                                                                                                                                            ,Unknown,In itínere,Minor injury: Hospitalization up to 24 hours,427235.32,4576058.18,2.129315568,41.330873674
2023S005511    ,8,Nou Barris,49,Canyelles,120807,Favència,0041 0045,Monday,2023,9,September,18,Afternoon,17,No és causa del  vianant,Motorcycle,Woman,47,Driver,Desconegut                                                                                                                                            ,Unknown,Servei de manteniment viari,Minor injury: Hospitalization up to 24 hours,430457.12,4588348.41,2.166401501,41.441852588
2023S005512    ,10,Sant Martí,71,Provençals del Poblenou,322608,Selva de Mar,0167S0167S,Monday,2023,9,September,18,Afternoon,19,No és causa del  vianant,Veh. mobilitat personal amb motor,Man,21,Driver,Desconegut                                                                                                                                            ,Unknown,En missió,Minor injury: Hospitalization up to 24 hours,433372.35,4585277.86,2.201633992,41.41444441
2023S005513    ,8,Nou Barris,55,Ciutat Meridiana,275600,Rasos de Peguera,0070A0070A,Monday,2023,9,September,18,Afternoon,21,No és causa del  vianant,Car,Man,76,Pedestrian,Fora del pas                                                                                                                                          ,Unknown,Unknown,Minor injury: Hospitalization up to 24 hours,431260.37,4590330.45,2.175790218,41.459773268
2023S005515    ,8,Nou Barris,53,la Trinitat Nova,701267,Dalt (Besòs),001550000,Monday,2023,9,September,18,Afternoon,19,No és causa del  vianant,Car,Woman,55,Passenger,Desconegut                                                                                                                                            ,Unknown,Unknown,Minor injury: Hospitalization up to 24 hours,432217.32,4588883.98,2.187410054,41.4468269
2023S005515    ,8,Nou Barris,53,la Trinitat Nova,701267,Dalt (Besòs),001550000,Monday,2023,9,September,18,Afternoon,19,No és causa del  vianant,Car,Woman,49,Driver,Desconegut                                                                                                                                            ,Unknown,Oci i entreteniment,Minor injury: Hospitalization up to 24 hours,432217.32,4588883.98,2.187410054,41.4468269
2023S005516    ,2,Eixample,7,la Dreta de l'Eixample,169409,Corts Catalanes,0680 0680,Monday,2023,9,September,18,Night,23,No és causa del  vianant,Veh. mobilitat personal amb motor,Man,25,Driver,Desconegut                                                                                                                                            ,Unknown,Oci i entreteniment,Minor injury: Hospitalization up to 24 hours,430960.96,4582884.57,2.173056163,41.392685157
2023S005517    ,3,Sants-Montjuïc,14,la Font de la Guatlla,169409,Corts Catalanes,0280 0280,Monday,2023,9,September,18,Afternoon,18,No és causa del  vianant,Bicicleta,Woman,40,Pedestrian,A la vorera / Andana                                                                                                                                  ,Unknown,Unknown,Minor injury: Hospitalization up to 24 hours,428584.78,4580558.49,2.144910451,41.371527371
2023S005518    ,9,Sant Andreu,61,la Sagrera,140407,Garcilaso,0077X0103X,Monday,2023,9,September,18,Afternoon,19,No és causa del  vianant,Veh. mobilitat personal amb motor,Man,16,Driver,Desconegut                                                                                                                                            ,Unknown,Unknown,Minor injury: Hospitalization up to 24 hours,432091.59,4586196.25,2.186207197,41.422608794
2023S005519    ,5,Sarrià-Sant Gervasi,25,Sant Gervasi - la Bonanova,701103,Alfonso Comín,0013 0013,Tuesday,2023,9,September,19,Night,4,No és causa del  vianant,Car,Man,40,Driver,Desconegut                                                                                                                                            ,Unknown,Oci i entreteniment,Minor injury: Hospitalization up to 24 hours,427928.18,4585365.18,2.136487518,41.414760803
2023S005520    ,7,Horta-Guinardó,37,el Carmel,179901,Lisboa,0073 0073,Tuesday,2023,9,September,19,Morning,8,No és causa del  vianant,Motorcycle,Woman,30,Driver,Desconegut                                                                                                                                            ,Unknown,Unknown,Minor injury: Hospitalization up to 24 hours,429439.67,4586783.08,2.154406082,41.427665482
2023S005521    ,10,Sant Martí,64,el Camp de l'Arpa del Clot,297001,Sant Antoni Maria Claret,0276 0276,Tuesday,2023,9,September,19,Morning,9,No és causa del  vianant,Motorcycle,Man,42,Driver,Desconegut                                                                                                                                            ,Unknown,Unknown,Minor injury: Hospitalization up to 24 hours,431338.55,4585168.68,2.177313074,41.413289773
2023S005522    ,-1,Unknown,-1,Unknown,-1,Unknown,Unknown,Tuesday,2023,9,September,19,Morning,9,No és causa del  vianant,Ciclomotor,Man,19,Driver,Desconegut                                                                                                                                            ,Unknown,In itínere,Minor injury: Medical assistance at accident site,425646.25,4582408.4,2.109549151,41.387922468
2023S005523    ,2,Eixample,6,la Sagrada Família,350308,València,0448 0448,Tuesday,2023,9,September,19,Morning,11,No és causa del  vianant,Ciclomotor,Woman,26,Passenger,En pas regulat per semàfor                                                                                                                            ,Unknown,Unknown,Minor injury: Medical assistance at accident site,431276.93,4583999.47,2.176708689,41.402753801
2023S005523    ,2,Eixample,6,la Sagrada Família,350308,València,0448 0448,Tuesday,2023,9,September,19,Morning,11,No és causa del  vianant,Ciclomotor,Man,27,Pedestrian,En pas regulat per semàfor                                                                                                                            ,Unknown,Unknown,Minor injury: Medical assistance at accident site,431276.93,4583999.47,2.176708689,41.402753801
2023S005523    ,2,Eixample,6,la Sagrada Família,350308,València,0448 0448,Tuesday,2023,9,September,19,Morning,11,No és causa del  vianant,Ciclomotor,Man,30,Driver,En pas regulat per semàfor                                                                                                                            ,Unknown,Unknown,Minor injury: Medical assistance at accident site,431276.93,4583999.47,2.176708689,41.402753801
2023S005524    ,-1,Unknown,-1,Unknown,-1,Unknown,Unknown,Tuesday,2023,9,September,19,Morning,11,No és causa del  vianant,Motorcycle,Man,48,Driver,Desconegut                                                                                                                                            ,Unknown,Unknown,Minor injury: Medical assistance at accident site,429578.16,4588089.71,2.155911034,41.439445928
2023S005525    ,6,Gràcia,31,la Vila de Gràcia,208001,Torrent de l'Olla,0179 0181,Tuesday,2023,9,September,19,Morning,12,No és causa del  vianant,Car,Man,39,Driver,Desconegut                                                                                                                                            ,Unknown,En missió,Minor injury: Hospitalization up to 24 hours,429348.59,4584296.23,2.153606762,41.405259371
2023S005525    ,6,Gràcia,31,la Vila de Gràcia,208001,Torrent de l'Olla,0179 0181,Tuesday,2023,9,September,19,Morning,12,No és causa del  vianant,Taxi,Man,48,Driver,Desconegut                                                                                                                                            ,Unknown,Taxi,Minor injury: Hospitalization up to 24 hours,429348.59,4584296.23,2.153606762,41.405259371
2023S005527    ,6,Gràcia,32,el Camp d'en Grassot i Gràcia Nova,321605,Pau Alsina,0120 0120,Tuesday,2023,9,September,19,Morning,12,No és causa del  vianant,Car,Woman,53,Passenger,Desconegut                                                                                                                                            ,Unknown,Unknown,Minor injury: Hospitalization up to 24 hours,429964.62,4584976.8,2.160897336,41.411442957
2023S005527    ,6,Gràcia,32,el Camp d'en Grassot i Gràcia Nova,321605,Pau Alsina,0120 0120,Tuesday,2023,9,September,19,Morning,12,No és causa del  vianant,Motorcycle,Man,52,Driver,Desconegut                                                                                                                                            ,Unknown,Unknown,Minor injury: Hospitalization up to 24 hours,429964.62,4584976.8,2.160897336,41.411442957
2023S005527    ,6,Gràcia,32,el Camp d'en Grassot i Gràcia Nova,321605,Pau Alsina,0120 0120,Tuesday,2023,9,September,19,Morning,12,No és causa del  vianant,Car,Man,35,Driver,Desconegut                                                                                                                                            ,Unknown,In itínere,Minor injury: Hospitalization up to 24 hours,429964.62,4584976.8,2.160897336,41.411442957
2023S005528    ,10,Sant Martí,70,el Besòs i el Maresme,701266,Litoral (Llobregat),000550000,Tuesday,2023,9,September,19,Morning,13,No és causa del  vianant,Motorcycle,Man,28,Driver,Desconegut                                                                                                                                            ,Unknown,Unknown,Minor injury: Hospitalization up to 24 hours,435017.2,4584731.2,2.221372632,41.409655535
2023S005529    ,2,Eixample,7,la Dreta de l'Eixample,169409,Corts Catalanes,0622 0622,Thursday,2023,6,June,29,Afternoon,18,No és causa del  vianant,Taxi,Woman,32,Pedestrian,Fora del pas                                                                                                                                          ,Oci i entreteniment,Unknown,Minor injury: Hospitalization up to 24 hours,430418.29,4582353.68,2.166626622,41.387856804
2023S005530    ,10,Sant Martí,65,el Clot,226400,Las Navas de Tolosa,0289 0289,Tuesday,2023,9,September,19,Afternoon,15,No és causa del  vianant,Motorcycle,Woman,50,Driver,Desconegut                                                                                                                                            ,Unknown,In itínere,Serious injury: Hospitalization over 24 hours,432223.56,4585298.65,2.187886985,41.41453554
2023S005530    ,10,Sant Martí,65,el Clot,226400,Las Navas de Tolosa,0289 0289,Tuesday,2023,9,September,19,Afternoon,15,No és causa del  vianant,Veh. mobilitat personal amb motor,Man,33,Driver,Desconegut                                                                                                                                            ,Unknown,In itínere,Minor injury: Medical assistance at accident site,432223.56,4585298.65,2.187886985,41.41453554
2023S005531    ,8,Nou Barris,50,les Roquetes,7203,Alcántara,0020 0020,Tuesday,2023,9,September,19,Afternoon,14,No és causa del  vianant,Bus,Woman,28,Passenger,Desconegut                                                                                                                                            ,Unknown,Unknown,Minor injury: Hospitalization up to 24 hours,430983.26,4588809.06,2.172646448,41.446046912
2023S005531    ,8,Nou Barris,50,les Roquetes,7203,Alcántara,0020 0020,Tuesday,2023,9,September,19,Afternoon,14,No és causa del  vianant,Bus,Woman,67,Passenger,Desconegut                                                                                                                                            ,Unknown,Unknown,Minor injury: Hospitalization up to 24 hours,430983.26,4588809.06,2.172646448,41.446046912
2023S005532    ,6,Gràcia,31,la Vila de Gràcia,273207,Rabassa,0023 0023,Tuesday,2023,9,September,19,Afternoon,14,No és causa del  vianant,Motorcycle,Man,34,Driver,Desconegut                                                                                                                                            ,Unknown,In itínere,Minor injury: Hospitalization up to 24 hours,429734.86,4584536.83,2.158199642,41.407460242
2023S005533    ,7,Horta-Guinardó,43,Horta,701267,Dalt (Besòs),001220000,Tuesday,2023,9,September,19,Afternoon,17,No és causa del  vianant,Motorcycle,Man,44,Driver,Desconegut                                                                                                                                            ,Unknown,Unknown,Minor injury: Hospitalization up to 24 hours,429136.59,4587872.79,2.150651358,41.437453351
2023S005534    ,2,Eixample,8,l'Antiga Esquerra de l'Eixample,23403,Aribau,0136 0136,Tuesday,2023,9,September,19,Afternoon,16,No és causa del  vianant,Motorcycle,Woman,46,Driver,Desconegut                                                                                                                                            ,Unknown,Unknown,Minor injury: Hospitalization up to 24 hours,429508.15,4582743.1,2.155696453,41.39128489
2023S005535    ,8,Nou Barris,49,Canyelles,120807,Favència,0186A0186A,Monday,2023,4,April,3,Morning,9,No és causa del  vianant,Motorcycle,Man,36,Driver,Desconegut                                                                                                                                            ,Unknown,Unknown,Minor injury: Hospitalization up to 24 hours,430793.35,4588493.95,2.170409306,41.44319248
2023S005536    ,2,Eixample,8,l'Antiga Esquerra de l'Eixample,245802,París,0215 0215,Sunday,2023,9,September,17,Morning,6,No és causa del  vianant,Bicicleta,Man,30,Driver,Desconegut                                                                                                                                            ,Unknown,Unknown,Serious injury: Hospitalization over 24 hours,429448.12,4583131.17,2.154933254,41.394774837
2023S005537    ,2,Eixample,7,la Dreta de l'Eixample,18505,Aragó,0404 0404,Tuesday,2023,9,September,19,Night,22,No és causa del  vianant,Motorcycle,Woman,44,Driver,Desconegut                                                                                                                                            ,Unknown,Unknown,Minor injury: Hospitalization up to 24 hours,431059.11,4583577.72,2.17415112,41.398936572
2023S005538    ,4,Les Corts,20,la Maternitat i Sant Ramon,187207,Madrid,0095 0097,Tuesday,2023,9,September,19,Afternoon,15,No és causa del  vianant,Motorcycle,Man,57,Driver,Desconegut                                                                                                                                            ,Unknown,In itínere,Minor injury: Hospitalization up to 24 hours,427121.59,4581356.73,2.127319897,41.378585583
2023S005542    ,3,Sants-Montjuïc,11,el Poble-sec,261004,Poeta Cabanyes,0001 0001,Wednesday,2023,9,September,20,Morning,9,No és causa del  vianant,Motorcycle,Man,33,Driver,Desconegut                                                                                                                                            ,Unknown,In itínere,Minor injury: Medical assistance at accident site,430316.25,4580904.02,2.165573065,41.374791317
2023S005543    ,2,Eixample,7,la Dreta de l'Eixample,18505,Aragó,0299 0299,Wednesday,2023,9,September,20,Morning,9,No és causa del  vianant,Motorcycle,Woman,44,Driver,Desconegut                                                                                                                                            ,Unknown,In itínere,Minor injury: Hospitalization up to 24 hours,430562.06,4583091.2,2.168261444,41.394511848
2023S005545    ,3,Sants-Montjuïc,16,la Bordeta,160903,Ildefons Cerdà,0004 0006,Monday,2023,9,September,4,Morning,12,No és causa del  vianant,Furgoneta,Man,44,Driver,Desconegut                                                                                                                                            ,Unknown,Unknown,Minor injury: Hospitalization up to 24 hours,427857.18,4579829.6,2.1362977,41.364897589
2023S005547    ,2,Eixample,7,la Dreta de l'Eixample,18505,Aragó,0251 0251,Wednesday,2023,9,September,20,Morning,11,No és causa del  vianant,Motorcycle,Man,53,Driver,Desconegut                                                                                                                                            ,Unknown,En missió,Minor injury: Hospitalization up to 24 hours,430118.0,4582700.08,2.162995311,41.390950672
2023S005548    ,5,Sarrià-Sant Gervasi,26,Sant Gervasi - Galvany,223606,Muntaner,0305 0305,Wednesday,2023,9,September,20,Morning,11,No és causa del  vianant,Motorcycle,Woman,61,Passenger,Desconegut                                                                                                                                            ,Unknown,Unknown,Minor injury: Hospitalization up to 24 hours,428699.55,4583363.25,2.145952459,41.396799039
2023S005548    ,5,Sarrià-Sant Gervasi,26,Sant Gervasi - Galvany,223606,Muntaner,0305 0305,Wednesday,2023,9,September,20,Morning,11,No és causa del  vianant,Motorcycle,Man,60,Driver,Desconegut                                                                                                                                            ,Unknown,En missió,Minor injury: Hospitalization up to 24 hours,428699.55,4583363.25,2.145952459,41.396799039