Case_Number,District_Code,District_Name,Neighborhood_Code,Neighborhood_Name,Street_Code,Street_Name,Postal_Code,Day_of_Week,Year,Month_Code,Month_Name,Day_of_Month,Shift_Description,Hour_of_Day,Pedestrian_Cause_Description,Involved_Vehicle_Type,Gender_Description,Age,Person_Type_Description,Pedestrian_Accident_Location_Description,Pedestrian_Movement_Reason_Description,Driver_Movement_Reason_Description,Victimization_Description,UTM_X_Coordinate,UTM_Y_Coordinate,Longitude,Latitude
2023S006064    ,4,Les Corts,20,la Maternitat i Sant Ramon,144601,Diagonal,0641 0641,Thursday,2023,10,October,12,Afternoon,18,No és causa del  vianant,Motorcycle,Woman,22,Driver,Desconegut                                                                                                                                            ,Unknown,Unknown,Minor injury: Hospitalization up to 24 hours,426384.77,4582244.89,2.118401275,41.386517764
2023S006065    ,2,Eixample,7,la Dreta de l'Eixample,18505,Aragó,0373 0373,Thursday,2023,10,October,12,Afternoon,18,No és causa del  vianant,Furgoneta,Man,53,Driver,Desconegut                                                                                                                                            ,Unknown,Altres activitats,Minor injury: Hospitalization up to 24 hours,430977.58,4583518.03,2.1731827,41.398391964
2023S006065    ,2,Eixample,7,la Dreta de l'Eixample,18505,Aragó,0373 0373,Thursday,2023,10,October,12,Afternoon,18,No és causa del  vianant,Car,Man,71,Driver,Desconegut                                                                                                                                            ,Unknown,Altres activitats,Minor injury: Hospitalization up to 24 hours,430977.58,4583518.03,2.1731827,41.398391964
2023S006065    ,2,Eixample,7,la Dreta de l'Eixample,18505,Aragó,0373 0373,Thursday,2023,10,October,12,Afternoon,18,No és causa del  vianant,Car,Woman,71,Passenger,Desconegut                                                                                                                                            ,Unknown,Unknown,Minor injury: Hospitalization up to 24 hours,430977.58,4583518.03,2.1731827,41.398391964
2023S006066    ,2,Eixample,9,la Nova Esquerra de l'Eixample,331507,Tarragona,0072U0072U,Thursday,2023,10,October,12,Afternoon,19,No és causa del  vianant,Veh. mobilitat personal amb motor,Woman,76,Pedestrian,En pas regulat per semàfor                                                                                                                            ,Unknown,Unknown,Minor injury: Hospitalization up to 24 hours,428866.53,4581079.66,2.148218001,41.376246341
2023S006067    ,6,Gràcia,31,la Vila de Gràcia,206403,Gran de Gràcia,0100 0100,Thursday,2023,10,October,12,Afternoon,18,No és causa del  vianant,Bus,Woman,55,Passenger,Desconegut                                                                                                                                            ,Unknown,Unknown,Minor injury: Hospitalization up to 24 hours,429449.33,4583765.47,2.154873777,41.400487859
2023S006067    ,6,Gràcia,31,la Vila de Gràcia,206403,Gran de Gràcia,0100 0100,Thursday,2023,10,October,12,Afternoon,18,No és causa del  vianant,Ciclomotor,Woman,36,Driver,Desconegut                                                                                                                                            ,Unknown,Unknown,Minor injury: Refused medical assistance,429449.33,4583765.47,2.154873777,41.400487859
2023S006068    ,2,Eixample,6,la Sagrada Família,238400,Padilla,0296B0296B,Thursday,2023,10,October,12,Night,22,No és causa del  vianant,Motorcycle,Man,31,Driver,Desconegut                                                                                                                                            ,Unknown,Oci i entreteniment,Minor injury: Hospitalization up to 24 hours,431087.38,4584563.89,2.174376938,41.407821118
2023S006069    ,2,Eixample,6,la Sagrada Família,238400,Padilla,0296B0296B,Friday,2023,10,October,13,Night,3,No és causa del  vianant,Motorcycle,Man,44,Driver,Desconegut                                                                                                                                            ,Unknown,Unknown,Minor injury: Hospitalization up to 24 hours,429689.26,4584977.01,2.157602951,41.411420794
2023S006070    ,7,Horta-Guinardó,36,la Font d'en Fargues,220404,Montserrat de Casanovas,0042 0042,Friday,2023,10,October,13,Night,4,No és causa del  vianant,Car,Man,19,Driver,Desconegut                                                                                                                                            ,Unknown,Unknown,Minor injury: Hospitalization up to 24 hours,430505.97,4586372.37,2.167213539,41.424059377
2023S006071    ,3,Sants-Montjuïc,12,la Marina del Prat Vermell,370203,Número 3 Zona Franca,0053 0053,Friday,2023,10,October,13,Morning,7,No és causa del  vianant,Motorcycle,Man,44,Driver,Desconegut                                                                                                                                            ,Unknown,Unknown,Minor injury: Hospitalization up to 24 hours,427915.27,4576297.42,2.137411891,41.333089571
2023S006072    ,2,Eixample,7,la Dreta de l'Eixample,359404,Cinc d'Oros,9999 9999,Friday,2023,10,October,13,Morning,9,No és causa del  vianant,Bicicleta,Woman,29,Driver,Desconegut                                                                                                                                            ,Unknown,Unknown,Minor injury: Medical assistance at accident site,429834.22,4583321.69,2.15952922,41.396524584
2023S006072    ,2,Eixample,7,la Dreta de l'Eixample,359404,Cinc d'Oros,9999 9999,Friday,2023,10,October,13,Morning,9,No és causa del  vianant,Veh. mobilitat personal amb motor,Woman,35,Driver,Desconegut                                                                                                                                            ,Unknown,Unknown,Minor injury: Hospitalization up to 24 hours,429834.22,4583321.69,2.15952922,41.396524584
2023S006073    ,2,Eixample,7,la Dreta de l'Eixample,18505,Aragó,0379 0379,Friday,2023,10,October,13,Morning,10,No és causa del  vianant,Motorcycle,Man,41,Driver,Desconegut                                                                                                                                            ,Unknown,Unknown,Minor injury: Hospitalization up to 24 hours,430997.08,4583561.75,2.173410964,41.398787411
2023S006074    ,2,Eixample,7,la Dreta de l'Eixample,335100,Tetuan,9999 9999,Friday,2023,10,October,13,Morning,10,No és causa del  vianant,Motorcycle,Woman,63,Passenger,Desconegut                                                                                                                                            ,Unknown,Unknown,Minor injury: Hospitalization up to 24 hours,431076.53,4583033.4,2.174421483,41.394035543
2023S006074    ,2,Eixample,7,la Dreta de l'Eixample,335100,Tetuan,9999 9999,Friday,2023,10,October,13,Morning,10,No és causa del  vianant,Motorcycle,Man,65,Driver,Desconegut                                                                                                                                            ,Unknown,Oci i entreteniment,Minor injury: Hospitalization up to 24 hours,431076.53,4583033.4,2.174421483,41.394035543
2023S006075    ,8,Nou Barris,45,Porta,7600,Alcúdia,0101 0101,Friday,2023,10,October,13,Afternoon,15,No és causa del  vianant,Car,Man,47,Driver,Desconegut                                                                                                                                            ,Unknown,Unknown,Minor injury: Medical assistance at accident site,431264.28,4587918.05,2.176111757,41.438046043
2023S006076    ,9,Sant Andreu,60,Sant Andreu,339101,Torras i Bages,0149 0151,Friday,2023,10,October,13,Afternoon,19,No és causa del  vianant,Bus,Woman,81,Passenger,Desconegut                                                                                                                                            ,Unknown,Unknown,Minor injury: Hospitalization up to 24 hours,432461.35,4588813.68,2.190339062,41.446214313
2023S006077    ,1,Ciutat Vella,1,el Raval,701266,Litoral (Llobregat),001100000,Friday,2023,10,October,13,Afternoon,19,No és causa del  vianant,Car,Man,58,Passenger,Desconegut                                                                                                                                            ,Unknown,Unknown,Minor injury: Hospitalization up to 24 hours,431213.91,4580892.22,2.176307867,41.374762308
2023S006078    ,2,Eixample,8,l'Antiga Esquerra de l'Eixample,363809,Villarroel,0127 0127,Friday,2023,10,October,13,Afternoon,19,No és causa del  vianant,Ciclomotor,Man,44,Driver,Desconegut                                                                                                                                            ,Unknown,Unknown,Minor injury: Hospitalization up to 24 hours,429451.21,4582209.99,2.155077566,41.386478354
2023S006079    ,3,Sants-Montjuïc,16,la Bordeta,169409,Corts Catalanes,0181X0181X,Friday,2023,10,October,13,Afternoon,21,No és causa del  vianant,Motorcycle,Man,48,Driver,Desconegut                                                                                                                                            ,Unknown,En missió,Minor injury: Hospitalization up to 24 hours,428098.17,4580082.76,2.139148762,41.367199287
2023S006080    ,2,Eixample,7,la Dreta de l'Eixample,289105,Rosselló,0262 0262,Friday,2023,10,October,13,Afternoon,20,No és causa del  vianant,Ciclomotor,Woman,30,Driver,Desconegut                                                                                                                                            ,Unknown,In itínere,Minor injury: Hospitalization up to 24 hours,430216.04,4583527.36,2.164072493,41.398410229
2023S006081    ,2,Eixample,7,la Dreta de l'Eixample,18505,Aragó,0377 0377,Friday,2023,10,October,13,Night,23,No és causa del  vianant,Motorcycle,Woman,54,Driver,Desconegut                                                                                                                                            ,Unknown,Oci i entreteniment,Minor injury: Medical assistance at accident site,430986.11,4583550.99,2.173280973,41.398689557
2023S006082    ,2,Eixample,7,la Dreta de l'Eixample,100800,Diputació,0255 0255,Saturday,2023,10,October,14,Night,2,No és causa del  vianant,Motorcycle,Man,55,Driver,Desconegut                                                                                                                                            ,Unknown,Altres activitats,Minor injury: Hospitalization up to 24 hours,430361.96,4582558.17,2.16592942,41.389693704
2023S006084    ,2,Eixample,7,la Dreta de l'Eixample,176801,Roger de Llúria,0020 0020,Friday,2023,10,October,13,Afternoon,21,No és causa del  vianant,Bus,Woman,46,Passenger,Desconegut                                                                                                                                            ,Unknown,Unknown,Serious injury: Hospitalization over 24 hours,430874.31,4582682.98,2.172042812,41.39086205
2023S006084    ,2,Eixample,7,la Dreta de l'Eixample,176801,Roger de Llúria,0020 0020,Friday,2023,10,October,13,Afternoon,21,No és causa del  vianant,Bus,Woman,75,Passenger,Desconegut                                                                                                                                            ,Unknown,Unknown,Minor injury: Medical assistance at accident site,430874.31,4582682.98,2.172042812,41.39086205
2023S006085    ,1,Ciutat Vella,2,el Barri Gòtic,34308,Rambla,0132 0132,Saturday,2023,10,October,14,Night,5,No és causa del  vianant,Car,Man,45,Driver,Desconegut                                                                                                                                            ,Unknown,Taxi,Minor injury: Medical assistance at accident site,430780.67,4581980.58,2.171003172,41.384527686
2023S006086    ,2,Eixample,8,l'Antiga Esquerra de l'Eixample,169409,Corts Catalanes,0535 0537,Saturday,2023,10,October,14,Morning,10,No és causa del  vianant,Ciclomotor,Woman,33,Passenger,Desconegut                                                                                                                                            ,Unknown,Unknown,Minor injury: Medical assistance at accident site,429834.07,4581818.31,2.15970167,41.382984122
2023S006086    ,2,Eixample,8,l'Antiga Esquerra de l'Eixample,169409,Corts Catalanes,0535 0537,Saturday,2023,10,October,14,Morning,10,No és causa del  vianant,Ciclomotor,Man,24,Driver,Desconegut                                                                                                                                            ,Unknown,Oci i entreteniment,Minor injury: Medical assistance at accident site,429834.07,4581818.31,2.15970167,41.382984122
2023S006087    ,10,Sant Martí,73,la Verneda i la Pau,318906,Santander,0024 0024,Saturday,2023,10,October,14,Morning,12,No és causa del  vianant,Bicicleta,Man,57,Driver,Desconegut                                                                                                                                            ,Unknown,Oci i entreteniment,Minor injury: Hospitalization up to 24 hours,433283.03,4586516.33,2.200428623,41.425591543
2023S006088    ,5,Sarrià-Sant Gervasi,27,el Putxet i el Farró,279600,República Argentina,0063B0063B,Saturday,2023,10,October,14,Afternoon,15,No és causa del  vianant,Motorcycle,Man,39,Driver,Desconegut                                                                                                                                            ,Unknown,Oci i entreteniment,Minor injury: Hospitalization up to 24 hours,428741.96,4584793.21,2.146291302,41.409681905
2023S006088    ,5,Sarrià-Sant Gervasi,27,el Putxet i el Farró,279600,República Argentina,0063B0063B,Saturday,2023,10,October,14,Afternoon,15,No és causa del  vianant,Motorcycle,Man,74,Driver,Desconegut                                                                                                                                            ,Unknown,Oci i entreteniment,Serious injury: Hospitalization over 24 hours,428741.96,4584793.21,2.146291302,41.409681905
2023S006089    ,2,Eixample,8,l'Antiga Esquerra de l'Eixample,268003,Provença,0171 0171,Saturday,2023,10,October,14,Afternoon,17,No és causa del  vianant,Bicicleta,Woman,31,Driver,Desconegut                                                                                                                                            ,Unknown,Unknown,Minor injury: Medical assistance at accident site,429689.86,4582804.72,2.157862571,41.391855795
2023S006090    ,5,Sarrià-Sant Gervasi,25,Sant Gervasi - la Bonanova,101008,Tibidabo,0002 0004,Saturday,2023,10,October,14,Afternoon,20,No és causa del  vianant,Motorcycle,Woman,28,Driver,Desconegut                                                                                                                                            ,Unknown,Oci i entreteniment,Minor injury: Hospitalization up to 24 hours,427961.56,4584846.31,2.136948701,41.410090553
2023S006091    ,2,Eixample,7,la Dreta de l'Eixample,169409,Corts Catalanes,0645 0645,Saturday,2023,10,October,14,Afternoon,18,No és causa del  vianant,Motorcycle,Man,29,Passenger,Desconegut                                                                                                                                            ,Unknown,Unknown,Minor injury: Hospitalization up to 24 hours,430886.26,4582847.07,2.172167,41.392340987
2023S006092    ,2,Eixample,9,la Nova Esquerra de l'Eixample,54509,Calàbria,0137 0137,Saturday,2023,10,October,14,Afternoon,19,No és causa del  vianant,Bicicleta,Woman,7,Pedestrian,En pas regulat per semàfor                                                                                                                            ,Unknown,Unknown,Minor injury: Hospitalization up to 24 hours,429254.77,4581645.09,2.152794287,41.381373228
2023S006094    ,2,Eixample,8,l'Antiga Esquerra de l'Eixample,51205,Buenos Aires,0025 0025,Sunday,2023,10,October,15,Night,3,No és causa del  vianant,Motorcycle,Man,23,Driver,Desconegut                                                                                                                                            ,Unknown,Oci i entreteniment,Minor injury: Medical assistance at accident site,428696.68,4582788.67,2.145985819,41.391623754
2023S006095    ,2,Eixample,5,el Fort Pienc,169409,Corts Catalanes,0753 0753,Sunday,2023,10,October,15,Night,2,No és causa del  vianant,Taxi,Man,28,Passenger,Desconegut                                                                                                                                            ,Unknown,Unknown,Minor injury: Hospitalization up to 24 hours,431843.45,4583785.44,2.183509686,41.40087435
2023S006095    ,2,Eixample,5,el Fort Pienc,169409,Corts Catalanes,0753 0753,Sunday,2023,10,October,15,Night,2,No és causa del  vianant,Taxi,Man,63,Driver,Desconegut                                                                                                                                            ,Unknown,Taxi,Minor injury: Hospitalization up to 24 hours,431843.45,4583785.44,2.183509686,41.40087435
2023S006096    ,2,Eixample,7,la Dreta de l'Eixample,169409,Corts Catalanes,9998 9998,Sunday,2023,10,October,15,Night,5,No és causa del  vianant,Car,Woman,22,Passenger,Desconegut                                                                                                                                            ,Unknown,Unknown,Minor injury: Medical assistance at accident site,430452.15,4582422.95,2.167023614,41.388483628
2023S006096    ,2,Eixample,7,la Dreta de l'Eixample,169409,Corts Catalanes,9998 9998,Sunday,2023,10,October,15,Night,5,No és causa del  vianant,Car,Woman,27,Passenger,Desconegut                                                                                                                                            ,Unknown,Unknown,Minor injury: Medical assistance at accident site,430452.15,4582422.95,2.167023614,41.388483628
2023S006096    ,2,Eixample,7,la Dreta de l'Eixample,169409,Corts Catalanes,9998 9998,Sunday,2023,10,October,15,Night,5,No és causa del  vianant,Car,Man,23,Driver,Desconegut                                                                                                                                            ,Unknown,Oci i entreteniment,Minor injury: Hospitalization up to 24 hours,430452.15,4582422.95,2.167023614,41.388483628
2023S006097    ,9,Sant Andreu,60,Sant Andreu,209900,Meridiana,0600 0602,Sunday,2023,10,October,15,Morning,12,No és causa del  vianant,Motorcycle,Man,32,Driver,Desconegut                                                                                                                                            ,Unknown,In itínere,Minor injury: Medical assistance at accident site,432164.83,4588560.7,2.186818054,41.443910795
2023S006097    ,9,Sant Andreu,60,Sant Andreu,209900,Meridiana,0600 0602,Sunday,2023,10,October,15,Morning,12,No és causa del  vianant,Car,Man,78,Driver,Desconegut                                                                                                                                            ,Unknown,Oci i entreteniment,Minor injury: Hospitalization up to 24 hours,432164.83,4588560.7,2.186818054,41.443910795
2023S006099    ,2,Eixample,6,la Sagrada Família,289105,Rosselló,0360 0360,Sunday,2023,10,October,15,Afternoon,14,No és causa del  vianant,Car,Man,43,Driver,Desconegut                                                                                                                                            ,Unknown,Oci i entreteniment,Minor injury: Hospitalization up to 24 hours,430793.62,4584087.64,2.170917114,41.403506438
2023S006100    ,2,Eixample,9,la Nova Esquerra de l'Eixample,191204,Mallorca,0118 0118,Sunday,2023,10,October,15,Afternoon,17,No és causa del  vianant,Veh. mobilitat personal amb motor,Man,39,Driver,Desconegut                                                                                                                                            ,Unknown,Unknown,Minor injury: Medical assistance at accident site,429260.74,4582212.74,2.152799369,41.386486386
2023S006102    ,5,Sarrià-Sant Gervasi,26,Sant Gervasi - Galvany,315806,Santa Fe de Nou Mèxic,0017 0017,Sunday,2023,10,October,15,Afternoon,19,No és causa del  vianant,Car,Woman,46,Pedestrian,Altres                                                                                                                                                ,Unknown,Unknown,Minor injury: Hospitalization up to 24 hours,427979.3,4583089.44,2.137370069,41.39426872
2023S006103    ,3,Sants-Montjuïc,16,la Bordeta,169409,Corts Catalanes,0181X0181X,Monday,2023,10,October,16,Night,2,No és causa del  vianant,Car,Woman,65,Passenger,Desconegut                                                                                                                                            ,Unknown,Unknown,Minor injury: Hospitalization up to 24 hours,428173.37,4580228.73,2.140030528,41.368520706
2023S006103    ,3,Sants-Montjuïc,16,la Bordeta,169409,Corts Catalanes,0181X0181X,Monday,2023,10,October,16,Night,2,No és causa del  vianant,Car,Man,42,Passenger,Desconegut                                                                                                                                            ,Unknown,Unknown,Minor injury: Refused medical assistance,428173.37,4580228.73,2.140030528,41.368520706
2023S006103    ,3,Sants-Montjuïc,16,la Bordeta,169409,Corts Catalanes,0181X0181X,Monday,2023,10,October,16,Night,2,No és causa del  vianant,Car,Man,34,Driver,Desconegut                                                                                                                                            ,Unknown,Unknown,Minor injury: Hospitalization up to 24 hours,428173.37,4580228.73,2.140030528,41.368520706
2023S006103    ,3,Sants-Montjuïc,16,la Bordeta,169409,Corts Catalanes,0181X0181X,Monday,2023,10,October,16,Night,2,No és causa del  vianant,Car,Man,63,Driver,Desconegut                                                                                                                                            ,Unknown,Oci i entreteniment,Minor injury: Hospitalization up to 24 hours,428173.37,4580228.73,2.140030528,41.368520706
2023S006104    ,5,Sarrià-Sant Gervasi,25,Sant Gervasi - la Bonanova,701629,Isaac Newton,0050 0050,Monday,2023,10,October,16,Night,5,No és causa del  vianant,Car,Man,51,Driver,Desconegut                                                                                                                                            ,Unknown,In itínere,Minor injury: Hospitalization up to 24 hours,427980.49,4585452.25,2.137103003,41.415549698
2023S006104    ,5,Sarrià-Sant Gervasi,25,Sant Gervasi - la Bonanova,701629,Isaac Newton,0050 0050,Monday,2023,10,October,16,Night,5,No és causa del  vianant,Car,Man,54,Driver,Desconegut                                                                                                                                            ,Unknown,In itínere,Death (within 24 hours of accident),427980.49,4585452.25,2.137103003,41.415549698
2023S006105    ,10,Sant Martí,65,el Clot,226400,Las Navas de Tolosa,0283 0287,Monday,2023,10,October,16,Morning,9,No és causa del  vianant,Motorcycle,Man,60,Driver,Desconegut                                                                                                                                            ,Unknown,In itínere,Minor injury: Hospitalization up to 24 hours,432246.65,4585260.16,2.188167558,41.41419082
2023S006106    ,10,Sant Martí,69,Diagonal Mar i el Front Marítim del Poblenou,700892,Garcia Fària,0077X0077X,Monday,2023,10,October,16,Morning,11,No és causa del  vianant,Furgoneta,Man,49,Driver,Desconegut                                                                                                                                            ,Unknown,En missió,Minor injury: Hospitalization up to 24 hours,434507.5,4584218.47,2.215330266,41.404996101
2023S006106    ,10,Sant Martí,69,Diagonal Mar i el Front Marítim del Poblenou,700892,Garcia Fària,0077X0077X,Monday,2023,10,October,16,Morning,11,No és causa del  vianant,Car,Man,30,Driver,Desconegut                                                                                                                                            ,Unknown,Unknown,Minor injury: Hospitalization up to 24 hours,434507.5,4584218.47,2.215330266,41.404996101
2023S006107    ,5,Sarrià-Sant Gervasi,25,Sant Gervasi - la Bonanova,101008,Tibidabo,0050 0050,Monday,2023,10,October,16,Morning,6,No és causa del  vianant,Motorcycle,Man,55,Driver,Desconegut                                                                                                                                            ,Unknown,In itínere,Minor injury: Hospitalization up to 24 hours,427621.97,4585406.98,2.132818907,41.415109743
2023S006108    ,8,Nou Barris,53,la Trinitat Nova,209900,Meridiana,0585X0585X,Monday,2023,10,October,16,Morning,8,No és causa del  vianant,Car,Woman,36,Driver,Desconegut                                                                                                                                            ,Unknown,In itínere,Minor injury: Hospitalization up to 24 hours,432288.3,4588965.24,2.188250599,41.447564774
2023S006109    ,3,Sants-Montjuïc,15,Hostafrancs,169409,Corts Catalanes,0321 0321,Monday,2023,10,October,16,Morning,6,No és causa del  vianant,Motorcycle,Man,42,Driver,Desconegut                                                                                                                                            ,Unknown,In itínere,Minor injury: Hospitalization up to 24 hours,428694.98,4580660.99,2.146215993,41.37246033
2023S006110    ,8,Nou Barris,53,la Trinitat Nova,209900,Meridiana,0595X0595X,Monday,2023,10,October,16,Morning,8,No és causa del  vianant,Bus,Woman,20,Passenger,Desconegut                                                                                                                                            ,Unknown,Unknown,Minor injury: Hospitalization up to 24 hours,432296.48,4589101.93,2.188333186,41.448796583
2023S006110    ,8,Nou Barris,53,la Trinitat Nova,209900,Meridiana,0595X0595X,Monday,2023,10,October,16,Morning,8,No és causa del  vianant,Bus,Woman,26,Passenger,Desconegut                                                                                                                                            ,Unknown,Unknown,Minor injury: Medical assistance at accident site,432296.48,4589101.93,2.188333186,41.448796583
2023S006110    ,8,Nou Barris,53,la Trinitat Nova,209900,Meridiana,0595X0595X,Monday,2023,10,October,16,Morning,8,No és causa del  vianant,Bus,Woman,31,Passenger,Desconegut                                                                                                                                            ,Unknown,Unknown,Minor injury: Hospitalization up to 24 hours,432296.48,4589101.93,2.188333186,41.448796583
2023S006111    ,8,Nou Barris,48,la Guineueta,351901,Valldaura,0150 0152,Monday,2023,10,October,16,Morning,11,No és causa del  vianant,Car,Man,21,Passenger,Desconegut                                                                                                                                            ,Unknown,Unknown,Minor injury: Hospitalization up to 24 hours,430488.98,4588090.72,2.166812511,41.439534436
2023S006111    ,8,Nou Barris,48,la Guineueta,351901,Valldaura,0150 0152,Monday,2023,10,October,16,Morning,11,No és causa del  vianant,Car,Man,52,Driver,Desconegut                                                                                                                                            ,Unknown,Oci i entreteniment,Minor injury: Hospitalization up to 24 hours,430488.98,4588090.72,2.166812511,41.439534436
2023S006112    ,7,Horta-Guinardó,34,Can Baró,188902,Josep Serrano,0073 0073,Sunday,2023,10,October,15,Afternoon,17,No és causa del  vianant,Motorcycle,Woman,29,Passenger,Desconegut                                                                                                                                            ,Unknown,Unknown,Minor injury: Medical assistance at accident site,430158.81,4585645.52,2.163143351,41.417482785
2023S006112    ,7,Horta-Guinardó,34,Can Baró,188902,Josep Serrano,0073 0073,Sunday,2023,10,October,15,Afternoon,17,No és causa del  vianant,Motorcycle,Man,31,Driver,Desconegut                                                                                                                                            ,Unknown,Unknown,Minor injury: Hospitalization up to 24 hours,430158.81,4585645.52,2.163143351,41.417482785
2023S006113    ,4,Les Corts,20,la Maternitat i Sant Ramon,66508,Carles III,0107B0107B,Monday,2023,10,October,16,Morning,6,No és causa del  vianant,Motorcycle,Man,49,Driver,Desconegut                                                                                                                                            ,Unknown,In itínere,Minor injury: Hospitalization up to 24 hours,427067.42,4582366.31,2.126550566,41.38767356
2023S006114    ,1,Ciutat Vella,1,el Raval,111001,Erasme de Janer,0007 0007,Monday,2023,10,October,16,Afternoon,15,Creuar per fora pas de vianants,Veh. mobilitat personal amb motor,Man,59,Pedestrian,Fora del pas                                                                                                                                          ,Unknown,Unknown,Minor injury: Hospitalization up to 24 hours,430341.04,4581483.37,2.165802861,41.380011498
2023S006116    ,2,Eixample,6,la Sagrada Família,238400,Padilla,0290 0292,Monday,2023,10,October,16,Morning,12,Transitar a peu per la calçada,Motorcycle,Man,36,Driver,Fora del pas                                                                                                                                          ,Unknown,Unknown,Minor injury: Hospitalization up to 24 hours,431129.56,4584538.06,2.174884487,41.407592092
2023S006117    ,9,Sant Andreu,59,el Bon Pastor,179504,Lima,0007B0007B,Monday,2023,10,October,16,Morning,12,No és causa del  vianant,Motorcycle,Man,32,Driver,Desconegut                                                                                                                                            ,Unknown,Unknown,Minor injury: Hospitalization up to 24 hours,433477.53,4588069.76,2.202585046,41.439598962
2023S006118    ,2,Eixample,8,l'Antiga Esquerra de l'Eixample,350308,València,0143 0143,Monday,2023,10,October,16,Afternoon,16,No és causa del  vianant,Ciclomotor,Man,50,Driver,Desconegut                                                                                                                                            ,Unknown,In itínere,Minor injury: Hospitalization up to 24 hours,429546.37,4582303.61,2.156204714,41.387329903
2023S006119    ,2,Eixample,8,l'Antiga Esquerra de l'Eixample,191204,Mallorca,0120 0122,Sunday,2023,10,October,1,Afternoon,18,No és causa del  vianant,Ciclomotor,Woman,23,Passenger,Desconegut                                                                                                                                            ,Unknown,Unknown,Minor injury: Hospitalization up to 24 hours,429260.74,4582212.74,2.152799369,41.386486386
2023S006119    ,2,Eixample,8,l'Antiga Esquerra de l'Eixample,191204,Mallorca,0120 0122,Sunday,2023,10,October,1,Afternoon,18,No és causa del  vianant,Ciclomotor,Man,25,Driver,Desconegut                                                                                                                                            ,Unknown,Unknown,Minor injury: Hospitalization up to 24 hours,429260.74,4582212.74,2.152799369,41.386486386
2023S006120    ,5,Sarrià-Sant Gervasi,26,Sant Gervasi - Galvany,55603,Calvet,0017 0017,Monday,2023,10,October,16,Afternoon,19,No és causa del  vianant,Motorcycle,Woman,75,Passenger,Desconegut                                                                                                                                            ,Unknown,Unknown,Minor injury: Medical assistance at accident site,428530.68,4583077.12,2.143966376,41.394206974
2023S006120    ,5,Sarrià-Sant Gervasi,26,Sant Gervasi - Galvany,55603,Calvet,0017 0017,Monday,2023,10,October,16,Afternoon,19,No és causa del  vianant,Motorcycle,Man,65,Driver,Desconegut                                                                                                                                            ,Unknown,Unknown,Minor injury: Medical assistance at accident site,428530.68,4583077.12,2.143966376,41.394206974
2023S006121    ,2,Eixample,7,la Dreta de l'Eixample,305100,Sant Joan,0093 0093,Monday,2023,10,October,16,Afternoon,14,No és causa del  vianant,Veh. mobilitat personal amb motor,Woman,27,Driver,Desconegut                                                                                                                                            ,Unknown,In itínere,Minor injury: Hospitalization up to 24 hours,430739.13,4583531.67,2.170328925,41.3984943
2023S006122    ,8,Nou Barris,46,el Turó de la Peira,119003,Fabra i Puig,0340 0340,Monday,2023,10,October,16,Afternoon,16,No és causa del  vianant,Motorcycle,Man,34,Driver,Desconegut                                                                                                                                            ,Unknown,Unknown,Minor injury: Hospitalization up to 24 hours,430563.69,4587098.35,2.1678208,41.430603005
2023S006123    ,2,Eixample,7,la Dreta de l'Eixample,335100,Tetuan,0035 0035,Monday,2023,10,October,16,Afternoon,18,No és causa del  vianant,Bicicleta,Woman,42,Driver,Desconegut                                                                                                                                            ,Unknown,Unknown,Minor injury: Hospitalization up to 24 hours,431267.0,4583221.11,2.176678318,41.395742501
2023S006124    ,2,Eixample,6,la Sagrada Família,350308,València,0431 0431,Monday,2023,10,October,16,Afternoon,19,No és causa del  vianant,Motorcycle,Man,57,Driver,Desconegut                                                                                                                                            ,Unknown,Oci i entreteniment,Minor injury: Medical assistance at accident site,431238.5,4583947.34,2.176254903,41.402280995
2023S006125    ,2,Eixample,9,la Nova Esquerra de l'Eixample,361406,Viladomat,0140C0140C,Tuesday,2023,10,October,17,Night,0,Creuar per fora pas de vianants,Veh. mobilitat personal amb motor,Man,28,Driver,Fora del pas                                                                                                                                          ,Unknown,In itínere,Minor injury: Hospitalization up to 24 hours,429444.29,4581642.99,2.15506087,41.381370965
2023S006127    ,4,Les Corts,19,les Corts,172403,Joan Güell,0147 0147,Tuesday,2023,10,October,17,Morning,7,No és causa del  vianant,Motorcycle,Man,25,Driver,Desconegut                                                                                                                                            ,Unknown,In itínere,Minor injury: Medical assistance at accident site,427474.78,4581788.02,2.131491601,41.382501977
2023S006128    ,5,Sarrià-Sant Gervasi,23,Sarrià,37350,J. V. Foix,0122 0122,Tuesday,2023,10,October,17,Morning,8,Desobeir el senyal del semàfor,Motorcycle,Woman,87,Pedestrian,En pas regulat per semàfor                                                                                                                            ,Oci i entreteniment,Unknown,Minor injury: Hospitalization up to 24 hours,426095.1,4583797.86,2.114747462,41.400478106
2023S006129    ,7,Horta-Guinardó,43,Horta,351901,Valldaura,0035 0035,Tuesday,2023,10,October,17,Morning,8,No és causa del  vianant,Bicicleta,Man,17,Driver,Desconegut                                                                                                                                            ,Unknown,Estudiant cap a centre d'estudis,Minor injury: Medical assistance at accident site,429617.76,4587883.36,2.156409054,41.437590893
2023S006129    ,7,Horta-Guinardó,43,Horta,351901,Valldaura,0035 0035,Tuesday,2023,10,October,17,Morning,8,No és causa del  vianant,Motorcycle,Man,24,Driver,Desconegut                                                                                                                                            ,Unknown,In itínere,Minor injury: Hospitalization up to 24 hours,429617.76,4587883.36,2.156409054,41.437590893