Case_Number,District_Code,District_Name,Neighborhood_Code,Neighborhood_Name,Street_Code,Street_Name,Postal_Code,Day_of_Week,Year,Month_Code,Month_Name,Day_of_Month,Shift_Description,Hour_of_Day,Pedestrian_Cause_Description,Involved_Vehicle_Type,Gender_Description,Age,Person_Type_Description,Pedestrian_Accident_Location_Description,Pedestrian_Movement_Reason_Description,Driver_Movement_Reason_Description,Victimization_Description,UTM_X_Coordinate,UTM_Y_Coordinate,Longitude,Latitude
2023S006349    ,7,Horta-Guinardó,33,el Baix Guinardó,152905,Guinardó,0030B0030B,Friday,2023,10,October,27,Morning,11,No és causa del  vianant,Taxi,Woman,75,Pedestrian,En pas regulat per semàfor                                                                                                                            ,Unknown,Unknown,Minor injury: Hospitalization up to 24 hours,430243.08,4585019.4,2.164223874,41.41185087
2023S006350    ,5,Sarrià-Sant Gervasi,24,les Tres Torres,103502,Doctor Roux,0027 0027,Friday,2023,10,October,27,Afternoon,14,No és causa del  vianant,Motorcycle,Man,58,Driver,Desconegut                                                                                                                                            ,Unknown,In itínere,Minor injury: Hospitalization up to 24 hours,427563.33,4583223.84,2.132378731,41.395441827
2023S006351    ,5,Sarrià-Sant Gervasi,25,Sant Gervasi - la Bonanova,223606,Muntaner,0523 0523,Friday,2023,10,October,27,Afternoon,15,No és causa del  vianant,Motorcycle,Woman,30,Driver,Desconegut                                                                                                                                            ,Unknown,Unknown,Minor injury: Hospitalization up to 24 hours,427915.92,4584164.45,2.136483945,41.403945226
2023S006352    ,2,Eixample,7,la Dreta de l'Eixample,289105,Rosselló,0248 0248,Friday,2023,10,October,27,Afternoon,15,No és causa del  vianant,Motorcycle,Woman,49,Passenger,Desconegut                                                                                                                                            ,Unknown,Unknown,Minor injury: Hospitalization up to 24 hours,430005.85,4583304.38,2.161584106,41.396383644
2023S006352    ,2,Eixample,7,la Dreta de l'Eixample,289105,Rosselló,0248 0248,Friday,2023,10,October,27,Afternoon,15,No és causa del  vianant,Motorcycle,Man,54,Driver,Desconegut                                                                                                                                            ,Unknown,Unknown,Minor injury: Hospitalization up to 24 hours,430005.85,4583304.38,2.161584106,41.396383644
2023S006353    ,7,Horta-Guinardó,35,el Guinardó,152905,Guinardó,0147 0147,Friday,2023,10,October,27,Afternoon,15,No és causa del  vianant,Motorcycle,Woman,42,Driver,Desconegut                                                                                                                                            ,Unknown,Oci i entreteniment,Minor injury: Hospitalization up to 24 hours,431112.73,4585575.94,2.174564911,41.416938492
2023S006355    ,7,Horta-Guinardó,39,Sant Genís dels Agudells,701267,Dalt (Besòs),001050000,Friday,2023,10,October,27,Afternoon,14,No és causa del  vianant,Motorcycle,Woman,20,Passenger,Desconegut                                                                                                                                            ,Unknown,Unknown,Minor injury: Refused medical assistance,428389.44,4586359.41,2.141888429,41.423756676
2023S006356    ,5,Sarrià-Sant Gervasi,26,Sant Gervasi - Galvany,8501,Alfons XII,0054 0054,Friday,2023,10,October,27,Afternoon,16,No és causa del  vianant,Motorcycle,Man,50,Driver,Desconegut                                                                                                                                            ,Unknown,Unknown,Minor injury: Hospitalization up to 24 hours,428898.83,4583679.86,2.148298869,41.399668283
2023S006357    ,2,Eixample,8,l'Antiga Esquerra de l'Eixample,223606,Muntaner,0132 0132,Saturday,2023,10,October,21,Afternoon,18,No és causa del  vianant,Veh. mobilitat personal amb motor,Woman,33,Driver,Desconegut                                                                                                                                            ,Unknown,In itínere,Minor injury: Hospitalization up to 24 hours,429456.18,4582587.71,2.155092993,41.389880787
2023S006359    ,9,Sant Andreu,59,el Bon Pastor,701497,B-10 (Llobregat),000080000,Friday,2023,10,October,27,Afternoon,15,No és causa del  vianant,Car,Man,64,Driver,Desconegut                                                                                                                                            ,Unknown,Unknown,Minor injury: Hospitalization up to 24 hours,434025.65,4587739.87,2.209181615,41.436672991
2023S006359    ,9,Sant Andreu,59,el Bon Pastor,701497,B-10 (Llobregat),000080000,Friday,2023,10,October,27,Afternoon,15,No és causa del  vianant,Motorcycle,Man,31,Driver,Desconegut                                                                                                                                            ,Unknown,In itínere,Minor injury: Hospitalization up to 24 hours,434025.65,4587739.87,2.209181615,41.436672991
2023S006360    ,5,Sarrià-Sant Gervasi,23,Sarrià,3508,Aigües,0104 0104,Friday,2023,10,October,27,Afternoon,16,No és causa del  vianant,Bicicleta,Man,62,Driver,Desconegut                                                                                                                                            ,Unknown,Oci i entreteniment,Serious injury: Hospitalization over 24 hours,425190.17,4584364.66,2.103852915,41.405499268
2023S006361    ,3,Sants-Montjuïc,16,la Bordeta,160903,Ildefons Cerdà,0007 0007,Friday,2023,10,October,27,Afternoon,16,No és causa del  vianant,Motorcycle,Man,22,Driver,Desconegut                                                                                                                                            ,Unknown,Unknown,Minor injury: Hospitalization up to 24 hours,427718.43,4579750.57,2.134648336,41.364173341
2023S006362    ,1,Ciutat Vella,4,"Sant Pere, Santa Caterina i la Ribera",201400,Picasso,0024 0024,Friday,2023,10,October,27,Afternoon,18,No és causa del  vianant,Car,Woman,63,Passenger,Desconegut                                                                                                                                            ,Unknown,Unknown,Minor injury: Hospitalization up to 24 hours,431869.11,4582242.95,2.183990263,41.386983751
2023S006362    ,1,Ciutat Vella,4,"Sant Pere, Santa Caterina i la Ribera",201400,Picasso,0024 0024,Friday,2023,10,October,27,Afternoon,18,No és causa del  vianant,Taxi,Man,52,Driver,Desconegut                                                                                                                                            ,Unknown,Taxi,Minor injury: Refused medical assistance,431869.11,4582242.95,2.183990263,41.386983751
2023S006362    ,1,Ciutat Vella,4,"Sant Pere, Santa Caterina i la Ribera",201400,Picasso,0024 0024,Friday,2023,10,October,27,Afternoon,18,No és causa del  vianant,Car,Man,33,Driver,Desconegut                                                                                                                                            ,Unknown,Taxi,Minor injury: Refused medical assistance,431869.11,4582242.95,2.183990263,41.386983751
2023S006363    ,2,Eixample,10,Sant Antoni,361406,Viladomat,0101 0101,Friday,2023,10,October,27,Afternoon,20,No és causa del  vianant,Bus,Woman,55,Passenger,Desconegut                                                                                                                                            ,Unknown,Unknown,Minor injury: Hospitalization up to 24 hours,429650.92,4581430.44,2.157556503,41.379474699
2023S006364    ,2,Eixample,10,Sant Antoni,192502,Manso,0064 0064,Friday,2023,10,October,27,Afternoon,19,No és causa del  vianant,Bicicleta,Woman,78,Pedestrian,En pas regulat per semàfor                                                                                                                            ,Unknown,Unknown,Minor injury: Hospitalization up to 24 hours,430025.48,4581238.04,2.16205771,41.37777449
2023S006365    ,2,Eixample,7,la Dreta de l'Eixample,144601,Diagonal,0444 0444,Friday,2023,10,October,27,Afternoon,14,No és causa del  vianant,Bicicleta,Woman,26,Driver,Desconegut                                                                                                                                            ,Unknown,Unknown,Minor injury: Hospitalization up to 24 hours,429899.86,4583369.72,2.160308783,41.396962902
2023S006366    ,4,Les Corts,20,la Maternitat i Sant Ramon,144601,Diagonal,0661 0671,Friday,2023,10,October,27,Afternoon,18,No és causa del  vianant,Motorcycle,Woman,24,Driver,Desconegut                                                                                                                                            ,Unknown,Unknown,Minor injury: Medical assistance at accident site,425650.85,4581916.12,2.109664608,41.383489145
2023S006367    ,2,Eixample,7,la Dreta de l'Eixample,148307,Gràcia,0101 0101,Friday,2023,10,October,27,Night,22,No és causa del  vianant,Car,Woman,19,Passenger,Desconegut                                                                                                                                            ,Unknown,Unknown,Minor injury: Hospitalization up to 24 hours,429914.38,4583230.13,2.160498625,41.395706928
2023S006367    ,2,Eixample,7,la Dreta de l'Eixample,148307,Gràcia,0101 0101,Friday,2023,10,October,27,Night,22,No és causa del  vianant,Car,Woman,7,Passenger,Desconegut                                                                                                                                            ,Unknown,Unknown,Minor injury: Medical assistance at accident site,429914.38,4583230.13,2.160498625,41.395706928
2023S006367    ,2,Eixample,7,la Dreta de l'Eixample,148307,Gràcia,0101 0101,Friday,2023,10,October,27,Night,22,No és causa del  vianant,Car,Man,23,Driver,Desconegut                                                                                                                                            ,Unknown,Oci i entreteniment,Minor injury: Hospitalization up to 24 hours,429914.38,4583230.13,2.160498625,41.395706928
2023S006367    ,2,Eixample,7,la Dreta de l'Eixample,148307,Gràcia,0101 0101,Friday,2023,10,October,27,Night,22,No és causa del  vianant,Car,Man,43,Driver,Desconegut                                                                                                                                            ,Unknown,Oci i entreteniment,Minor injury: Medical assistance at accident site,429914.38,4583230.13,2.160498625,41.395706928
2023S006368    ,2,Eixample,8,l'Antiga Esquerra de l'Eixample,23403,Aribau,0056 0056,Friday,2023,10,October,27,Afternoon,17,No és causa del  vianant,Motorcycle,Woman,30,Driver,Desconegut                                                                                                                                            ,Unknown,Altres activitats,Minor injury: Hospitalization up to 24 hours,429830.93,4582396.05,2.15959717,41.388187366
2023S006368    ,2,Eixample,8,l'Antiga Esquerra de l'Eixample,23403,Aribau,0056 0056,Friday,2023,10,October,27,Afternoon,17,No és causa del  vianant,Motorcycle,Man,30,Driver,Desconegut                                                                                                                                            ,Unknown,Altres activitats,Minor injury: Hospitalization up to 24 hours,429830.93,4582396.05,2.15959717,41.388187366
2023S006368    ,2,Eixample,8,l'Antiga Esquerra de l'Eixample,23403,Aribau,0056 0056,Friday,2023,10,October,27,Afternoon,17,No és causa del  vianant,Motorcycle,Man,43,Driver,Desconegut                                                                                                                                            ,Unknown,Altres activitats,Minor injury: Hospitalization up to 24 hours,429830.93,4582396.05,2.15959717,41.388187366
2023S006369    ,2,Eixample,7,la Dreta de l'Eixample,74506,Catalunya,0016 0016,Friday,2023,10,October,27,Afternoon,21,No és causa del  vianant,Veh. mobilitat personal amb motor,Man,20,Driver,Desconegut                                                                                                                                            ,Unknown,Oci i entreteniment,Minor injury: Hospitalization up to 24 hours,430503.74,4582392.07,2.167644157,41.388209962
2023S006371    ,10,Sant Martí,64,el Camp de l'Arpa del Clot,18505,Aragó,0585 0585,Saturday,2023,10,October,28,Night,2,No és causa del  vianant,Car,Woman,27,Passenger,Desconegut                                                                                                                                            ,Unknown,Unknown,Minor injury: Medical assistance at accident site,432065.9,4584566.42,2.186082923,41.407927246
2023S006371    ,10,Sant Martí,64,el Camp de l'Arpa del Clot,18505,Aragó,0585 0585,Saturday,2023,10,October,28,Night,2,No és causa del  vianant,Car,Woman,30,Driver,Desconegut                                                                                                                                            ,Unknown,Unknown,Minor injury: Medical assistance at accident site,432065.9,4584566.42,2.186082923,41.407927246
2023S006372    ,5,Sarrià-Sant Gervasi,27,el Putxet i el Farró,279600,República Argentina,0223 0223,Saturday,2023,10,October,28,Night,4,No és causa del  vianant,Motorcycle,Woman,51,Driver,Desconegut                                                                                                                                            ,Unknown,Altres activitats,Minor injury: Hospitalization up to 24 hours,428292.74,4585023.42,2.140889781,41.411715341
2023S006373    ,9,Sant Andreu,60,Sant Andreu,201603,Onze de Setembre,0001 0001,Friday,2023,10,October,27,Afternoon,17,No és causa del  vianant,Bus,Woman,62,Passenger,Desconegut                                                                                                                                            ,Unknown,Unknown,Minor injury: Hospitalization up to 24 hours,432911.86,4586996.37,2.195933701,41.429884187
2023S006374    ,8,Nou Barris,49,Canyelles,701268,Dalt (Llobregat),001410000,Saturday,2023,10,October,28,Morning,11,No és causa del  vianant,Motorcycle,Man,27,Driver,Desconegut                                                                                                                                            ,Unknown,Unknown,Minor injury: Hospitalization up to 24 hours,430896.38,4588524.61,2.171639034,41.443477503
2023S006375    ,10,Sant Martí,69,Diagonal Mar i el Front Marítim del Poblenou,701266,Litoral (Llobregat),000650000,Saturday,2023,10,October,28,Morning,12,No és causa del  vianant,Motorcycle,Man,33,Driver,Desconegut                                                                                                                                            ,Unknown,Unknown,Minor injury: Hospitalization up to 24 hours,434371.96,4583978.79,2.213734829,41.402826298
2023S006376    ,4,Les Corts,19,les Corts,231502,Numància,0072 0074,Saturday,2023,10,October,28,Morning,12,No és causa del  vianant,Bicicleta,Man,23,Driver,Desconegut                                                                                                                                            ,Unknown,In itínere,Minor injury: Hospitalization up to 24 hours,428019.84,4581995.13,2.13798506,41.384416316
2023S006377    ,5,Sarrià-Sant Gervasi,26,Sant Gervasi - Galvany,113007,Escoles Pies,0033 0033,Saturday,2023,10,October,28,Morning,12,No és causa del  vianant,Bicicleta,Man,69,Driver,Desconegut                                                                                                                                            ,Unknown,Unknown,Minor injury: Hospitalization up to 24 hours,427646.06,4583469.17,2.133338919,41.397658867
2023S006378    ,10,Sant Martí,73,la Verneda i la Pau,266405,Prim,0135 0137,Saturday,2023,10,October,28,Morning,13,No és causa del  vianant,Motorcycle,Man,55,Driver,Desconegut                                                                                                                                            ,Unknown,Oci i entreteniment,Minor injury: Hospitalization up to 24 hours,433840.49,4585944.54,2.207162101,41.420487719
2023S006379    ,2,Eixample,9,la Nova Esquerra de l'Eixample,54509,Calàbria,0115 0117,Saturday,2023,10,October,28,Morning,13,Desobeir el senyal del semàfor,Veh. mobilitat personal amb motor,Man,64,Pedestrian,En pas regulat per semàfor                                                                                                                            ,Unknown,Unknown,Minor injury: Hospitalization up to 24 hours,429347.93,4581549.1,2.15391952,41.380516868
2023S006379    ,2,Eixample,9,la Nova Esquerra de l'Eixample,54509,Calàbria,0115 0117,Saturday,2023,10,October,28,Morning,13,Desobeir el senyal del semàfor,Veh. mobilitat personal amb motor,Woman,19,Driver,En pas regulat per semàfor                                                                                                                            ,Unknown,In itínere,Minor injury: Hospitalization up to 24 hours,429347.93,4581549.1,2.15391952,41.380516868
2023S006380    ,10,Sant Martí,65,el Clot,209900,Meridiana,0176 0176,Saturday,2023,10,October,28,Morning,12,No és causa del  vianant,Bicicleta,Man,76,Pedestrian,En pas regulat per semàfor                                                                                                                            ,Unknown,Unknown,Minor injury: Hospitalization up to 24 hours,432136.49,4585039.63,2.186874308,41.412195273
2023S006381    ,10,Sant Martí,68,el Poblenou,62609,Icària,0199 0199,Saturday,2023,10,October,28,Afternoon,14,No és causa del  vianant,Veh. mobilitat personal sense motor,Man,32,Driver,Desconegut                                                                                                                                            ,Unknown,Unknown,Minor injury: Hospitalization up to 24 hours,433195.16,4582933.71,2.199772871,41.393316545
2023S006382    ,1,Ciutat Vella,4,"Sant Pere, Santa Caterina i la Ribera",201400,Picasso,0038 0038B,Saturday,2023,10,October,28,Morning,13,No és causa del  vianant,Bus,Man,72,Passenger,Desconegut                                                                                                                                            ,Unknown,Unknown,Minor injury: Hospitalization up to 24 hours,431938.13,4582140.27,2.184827245,41.386064786
2023S006383    ,3,Sants-Montjuïc,11,el Poble-sec,701266,Litoral (Llobregat),001310000,Saturday,2023,10,October,28,Afternoon,17,No és causa del  vianant,Motorcycle,Woman,30,Passenger,Desconegut                                                                                                                                            ,Unknown,Unknown,Minor injury: Hospitalization up to 24 hours,430515.24,4579432.98,2.168121075,41.361559281
2023S006383    ,3,Sants-Montjuïc,11,el Poble-sec,701266,Litoral (Llobregat),001310000,Saturday,2023,10,October,28,Afternoon,17,No és causa del  vianant,Motorcycle,Man,30,Driver,Desconegut                                                                                                                                            ,Unknown,Unknown,Minor injury: Hospitalization up to 24 hours,430515.24,4579432.98,2.168121075,41.361559281
2023S006384    ,3,Sants-Montjuïc,12,la Marina del Prat Vermell,369408,Zona Franca,0002C0002C,Saturday,2023,10,October,28,Afternoon,15,No és causa del  vianant,Motorcycle,Woman,40,Driver,Desconegut                                                                                                                                            ,Unknown,Unknown,Minor injury: Hospitalization up to 24 hours,428622.65,4578214.49,2.145639204,41.350419066
2023S006385    ,3,Sants-Montjuïc,11,el Poble-sec,178400,Lleida,0009 0009,Saturday,2023,10,October,28,Afternoon,14,No és causa del  vianant,Bus,Woman,49,Passenger,Desconegut                                                                                                                                            ,Unknown,Unknown,Minor injury: Hospitalization up to 24 hours,429397.69,4580811.28,2.154600549,41.37387593
2023S006387    ,3,Sants-Montjuïc,11,el Poble-sec,207304,Mèxic,0001 0001,Saturday,2023,10,October,28,Afternoon,17,No és causa del  vianant,Veh. mobilitat personal amb motor,Man,43,Driver,Desconegut                                                                                                                                            ,Unknown,Oci i entreteniment,Minor injury: Hospitalization up to 24 hours,428805.39,4580812.36,2.147518341,41.37383345
2023S006388    ,7,Horta-Guinardó,43,Horta,701080,Estatut,0001X0001X,Saturday,2023,10,October,28,Afternoon,20,No és causa del  vianant,Motorcycle,Woman,28,Passenger,Desconegut                                                                                                                                            ,Unknown,Unknown,Minor injury: Hospitalization up to 24 hours,429579.77,4587063.66,2.156049928,41.430204855
2023S006389    ,2,Eixample,7,la Dreta de l'Eixample,247659,Pau Claris,0134 0134,Saturday,2023,10,October,28,Afternoon,21,No és causa del  vianant,Motorcycle,Man,31,Driver,Desconegut                                                                                                                                            ,Unknown,Unknown,Minor injury: Hospitalization up to 24 hours,430403.06,4582955.17,2.166375326,41.393272917
2023S006390    ,2,Eixample,8,l'Antiga Esquerra de l'Eixample,180208,Londres,0052 0052,Saturday,2023,10,October,28,Afternoon,17,No és causa del  vianant,Motorcycle,Man,29,Driver,Desconegut                                                                                                                                            ,Unknown,Oci i entreteniment,Minor injury: Medical assistance at accident site,428792.93,4582690.14,2.147148575,41.390744861
2023S006391    ,6,Gràcia,28,Vallcarca i els Penitents,352507,Vall d'Hebron,0029 0029,Saturday,2023,10,October,28,Afternoon,18,No és causa del  vianant,Motorcycle,Man,24,Driver,Desconegut                                                                                                                                            ,Unknown,Unknown,Minor injury: Hospitalization up to 24 hours,428085.54,4585613.41,2.138340706,41.417010611
2023S006392    ,8,Nou Barris,46,el Turó de la Peira,250802,Peira,0042 0044,Saturday,2023,10,October,28,Afternoon,21,Creuar per fora pas de vianants,Furgoneta,Man,59,Pedestrian,En pas sense regular                                                                                                                                  ,Altres activitats,Unknown,Minor injury: Medical assistance at accident site,430724.4,4587247.49,2.169726975,41.431960139
2023S006393    ,4,Les Corts,20,la Maternitat i Sant Ramon,144601,Diagonal,0653 0659,Saturday,2023,10,October,28,Afternoon,20,No és causa del  vianant,Motorcycle,Man,40,Driver,Desconegut                                                                                                                                            ,Unknown,In itínere,Minor injury: Hospitalization up to 24 hours,425755.73,4581989.81,2.110909787,41.384162529
2023S006394    ,5,Sarrià-Sant Gervasi,24,les Tres Torres,143904,General Mitre,0038 0038,Sunday,2023,10,October,29,Night,2,No és causa del  vianant,Motorcycle,Man,35,Driver,Desconegut                                                                                                                                            ,Unknown,Oci i entreteniment,Serious injury: Hospitalization over 24 hours,427667.58,4583135.97,2.133636148,41.394659806
2023S006397    ,4,Les Corts,19,les Corts,162002,Josep Tarradellas,0089 0089,Sunday,2023,10,October,29,Night,4,No és causa del  vianant,Motorcycle,Man,42,Driver,Desconegut                                                                                                                                            ,Unknown,Unknown,Minor injury: Medical assistance at accident site,428394.15,4582223.81,2.142434324,41.386509376
2023S006399    ,4,Les Corts,21,Pedralbes,144601,Diagonal,0712 0716,Sunday,2023,10,October,29,Night,2,No és causa del  vianant,Car,Woman,62,Passenger,Desconegut                                                                                                                                            ,Unknown,Unknown,Minor injury: Medical assistance at accident site,425238.83,4581781.81,2.10475403,41.382241273
2023S006402    ,5,Sarrià-Sant Gervasi,25,Sant Gervasi - la Bonanova,44709,Bonanova,0038 0038,Sunday,2023,10,October,29,Morning,11,No és causa del  vianant,Motorcycle,Man,61,Driver,Desconegut                                                                                                                                            ,Unknown,In itínere,Minor injury: Hospitalization up to 24 hours,427323.96,4584218.12,2.129396253,41.404375285
2023S006403    ,2,Eixample,7,la Dreta de l'Eixample,18505,Aragó,0252 0252,Sunday,2023,10,October,29,Morning,12,No és causa del  vianant,Bicicleta,Woman,30,Driver,Desconegut                                                                                                                                            ,Unknown,Unknown,Minor injury: Hospitalization up to 24 hours,430109.98,4582647.64,2.162905446,41.390477664
2023S006404    ,4,Les Corts,21,Pedralbes,144601,Diagonal,0680X0680X,Sunday,2023,10,October,29,Morning,13,No és causa del  vianant,Car,Man,21,Driver,Desconegut                                                                                                                                            ,Unknown,En missió,Minor injury: Hospitalization up to 24 hours,426793.07,4582325.32,2.12327447,41.387279445
2023S006406    ,4,Les Corts,19,les Corts,125006,Fígols,0038 0038,Sunday,2023,10,October,29,Morning,12,No és causa del  vianant,Car,Woman,79,Pedestrian,En pas regulat per semàfor                                                                                                                            ,Unknown,Unknown,Serious injury: Hospitalization over 24 hours,427498.92,4581751.21,2.131784684,41.38217262
2023S006407    ,9,Sant Andreu,60,Sant Andreu,314100,Santa Coloma,0034U0034U,Sunday,2023,10,October,29,Afternoon,14,No és causa del  vianant,Motorcycle,Man,27,Driver,Desconegut                                                                                                                                            ,Unknown,Unknown,Minor injury: Refused medical assistance,432510.99,4588703.22,2.190945617,41.445223615
2023S006408    ,2,Eixample,7,la Dreta de l'Eixample,31300,Bailèn,0140 0144,Sunday,2023,10,October,29,Afternoon,15,No és causa del  vianant,Veh. mobilitat personal amb motor,Man,30,Driver,Desconegut                                                                                                                                            ,Unknown,In itínere,Minor injury: Hospitalization up to 24 hours,430503.69,4583618.92,2.167502693,41.399259807
2023S006409    ,2,Eixample,10,Sant Antoni,54509,Calàbria,0098B0098B,Sunday,2023,10,October,29,Afternoon,16,No és causa del  vianant,Motorcycle,Woman,30,Driver,Desconegut                                                                                                                                            ,Unknown,Unknown,Minor injury: Hospitalization up to 24 hours,429450.52,4581444.1,2.155158537,41.379580174
2023S006410    ,-1,Unknown,-1,Unknown,-1,Unknown,Unknown,Sunday,2023,10,October,29,Morning,13,No és causa del  vianant,Autobús articulat,Woman,59,Passenger,Desconegut                                                                                                                                            ,Unknown,Unknown,Minor injury: Hospitalization up to 24 hours,431946.02,4583922.64,2.184721193,41.402118764
2023S006411    ,1,Ciutat Vella,2,el Barri Gòtic,701266,Litoral (Llobregat),001040000,Sunday,2023,10,October,29,Afternoon,20,No és causa del  vianant,Taxi,Man,40,Driver,Desconegut                                                                                                                                            ,Unknown,Taxi,Minor injury: Hospitalization up to 24 hours,431520.59,4581243.79,2.179935149,41.377954977
2023S006412    ,2,Eixample,6,la Sagrada Família,76807,Sardenya,0360 0360,Sunday,2023,10,October,29,Afternoon,19,No és causa del  vianant,Bicicleta,Woman,32,Driver,Desconegut                                                                                                                                            ,Unknown,Unknown,Minor injury: Hospitalization up to 24 hours,430793.01,4584278.9,2.170887936,41.405229002
2023S006412    ,2,Eixample,6,la Sagrada Família,76807,Sardenya,0360 0360,Sunday,2023,10,October,29,Afternoon,19,No és causa del  vianant,Motorcycle,Man,58,Driver,Desconegut                                                                                                                                            ,Unknown,Unknown,Minor injury: Medical assistance at accident site,430793.01,4584278.9,2.170887936,41.405229002
2023S006413    ,3,Sants-Montjuïc,18,Sants,331507,Tarragona,0185X0185X,Sunday,2023,10,October,29,Afternoon,20,No és causa del  vianant,Bus,Man,61,Driver,Desconegut                                                                                                                                            ,Unknown,Bus urbà,Minor injury: Hospitalization up to 24 hours,428426.74,4581528.37,2.142906267,41.380248698
2023S006414    ,1,Ciutat Vella,1,el Raval,34308,Rambla,0103 0103,Sunday,2023,10,October,29,Afternoon,20,No és causa del  vianant,Motorcycle,Man,39,Driver,Desconegut                                                                                                                                            ,Unknown,In itínere,Minor injury: Hospitalization up to 24 hours,430835.79,4581774.09,2.171685932,41.382672635
2023S006416    ,3,Sants-Montjuïc,15,Hostafrancs,169409,Corts Catalanes,0291 0293,Sunday,2023,10,October,29,Night,23,No és causa del  vianant,Ciclomotor,Man,45,Driver,Desconegut                                                                                                                                            ,Unknown,Unknown,Minor injury: Hospitalization up to 24 hours,428577.56,4580624.28,2.144816371,41.372119278
2023S006417    ,8,Nou Barris,52,la Prosperitat,127205,Flor de Neu,0069 0069,Monday,2023,10,October,30,Night,2,No és causa del  vianant,Motorcycle,Man,36,Driver,Desconegut                                                                                                                                            ,Unknown,Altres activitats,Minor injury: Hospitalization up to 24 hours,431847.97,4588709.27,2.183008509,41.44522206
2023S006418    ,10,Sant Martí,71,Provençals del Poblenou,701414,C-31,020790000,Monday,2023,10,October,30,Morning,7,No és causa del  vianant,Motorcycle,Woman,49,Driver,Desconegut                                                                                                                                            ,Unknown,Unknown,Minor injury: Hospitalization up to 24 hours,433572.11,4585546.33,2.203994526,41.416878994
2023S006419    ,2,Eixample,5,el Fort Pienc,178308,Lepant,0195 0195,Monday,2023,10,October,30,Morning,9,No és causa del  vianant,Motorcycle,Woman,28,Driver,Desconegut                                                                                                                                            ,Unknown,Unknown,Minor injury: Hospitalization up to 24 hours,431648.46,4583800.82,2.181175486,41.400996311
2023S006420    ,2,Eixample,7,la Dreta de l'Eixample,100800,Diputació,0282S0282S,Monday,2023,10,October,30,Morning,12,No és causa del  vianant,Motorcycle,Man,40,Driver,Desconegut                                                                                                                                            ,Unknown,Oci i entreteniment,Minor injury: Medical assistance at accident site,430684.51,4582858.44,2.169752694,41.39242602
2023S006421    ,5,Sarrià-Sant Gervasi,24,les Tres Torres,51500,Buïgas,0001 0001,Monday,2023,10,October,30,Morning,11,No és causa del  vianant,Motorcycle,Woman,18,Driver,Desconegut                                                                                                                                            ,Unknown,Unknown,Serious injury: Hospitalization over 24 hours,427272.31,4583009.38,2.128923667,41.393483993
2023S006422    ,5,Sarrià-Sant Gervasi,25,Sant Gervasi - la Bonanova,302000,Sant Gervasi,0049 0049,Monday,2023,10,October,30,Morning,12,No és causa del  vianant,Bus,Woman,83,Passenger,Desconegut                                                                                                                                            ,Unknown,Unknown,Minor injury: Hospitalization up to 24 hours,427970.87,4584863.31,2.137058057,41.410244499
2023S006423    ,10,Sant Martí,66,el Parc i la Llacuna del Poblenou,29206,Àvila,0061 0065,Monday,2023,10,October,30,Morning,13,No és causa del  vianant,Motorcycle,Woman,32,Driver,Desconegut                                                                                                                                            ,Unknown,In itínere,Minor injury: Medical assistance at accident site,432868.94,4583320.25,2.195828201,41.396770832
2023S006424    ,3,Sants-Montjuïc,15,Hostafrancs,191204,Mallorca,0028U0028U,Sunday,2023,10,October,29,Morning,9,No és causa del  vianant,Bicicleta,Man,29,Driver,Desconegut                                                                                                                                            ,Unknown,Unknown,Minor injury: Hospitalization up to 24 hours,428494.09,4581458.79,2.143719857,41.379628007
2023S006425    ,5,Sarrià-Sant Gervasi,25,Sant Gervasi - la Bonanova,101008,Tibidabo,0031 0031,Monday,2023,10,October,30,Afternoon,15,No és causa del  vianant,Motorcycle,Man,32,Driver,Desconegut                                                                                                                                            ,Unknown,Unknown,Minor injury: Hospitalization up to 24 hours,427782.28,4585202.75,2.134761317,41.413284761
2023S006426    ,1,Ciutat Vella,1,el Raval,701349,Drassanes,0001 0001,Monday,2023,10,October,30,Afternoon,17,No és causa del  vianant,Motorcycle,Man,56,Driver,Desconegut                                                                                                                                            ,Unknown,In itínere,Minor injury: Medical assistance at accident site,431037.93,4580487.16,2.174249749,41.371098973
2023S006427    ,10,Sant Martí,73,la Verneda i la Pau,266405,Prim,0163 0165,Monday,2023,10,October,30,Afternoon,16,No és causa del  vianant,Autobús articulat,Woman,85,Passenger,Desconegut                                                                                                                                            ,Unknown,Unknown,Minor injury: Hospitalization up to 24 hours,433653.97,4586136.52,2.204909198,41.422201441
2023S006428    ,10,Sant Martí,70,el Besòs i el Maresme,701266,Litoral (Llobregat),000520000,Monday,2023,10,October,30,Afternoon,19,No és causa del  vianant,Motorcycle,Man,43,Driver,Desconegut                                                                                                                                            ,Unknown,Oci i entreteniment,Minor injury: Hospitalization up to 24 hours,435085.59,4584918.92,2.222170678,41.411351817
2023S006429    ,5,Sarrià-Sant Gervasi,24,les Tres Torres,701433,Mig (Ascendent),000340000,Monday,2023,10,October,30,Afternoon,18,No és causa del  vianant,Car,Man,58,Driver,Desconegut                                                                                                                                            ,Unknown,Unknown,Minor injury: Medical assistance at accident site,427493.84,4582971.59,2.131577792,41.393163647
2023S006430    ,10,Sant Martí,68,el Poblenou,701266,Litoral (Llobregat),000780000,Monday,2023,10,October,30,Afternoon,18,No és causa del  vianant,Car,Man,45,Driver,Desconegut                                                                                                                                            ,Unknown,Altres activitats,Minor injury: Hospitalization up to 24 hours,433545.58,4582976.4,2.203959431,41.393730092