Case_Number,District_Code,District_Name,Neighborhood_Code,Neighborhood_Name,Street_Code,Street_Name,Postal_Code,Day_of_Week,Year,Month_Code,Month_Name,Day_of_Month,Shift_Description,Hour_of_Day,Pedestrian_Cause_Description,Involved_Vehicle_Type,Gender_Description,Age,Person_Type_Description,Pedestrian_Accident_Location_Description,Pedestrian_Movement_Reason_Description,Driver_Movement_Reason_Description,Victimization_Description,UTM_X_Coordinate,UTM_Y_Coordinate,Longitude,Latitude
2023S006432    ,2,Eixample,6,la Sagrada Família,18505,Aragó,0518 0518,Monday,2023,10,October,30,Afternoon,18,No és causa del  vianant,Motorcycle,Man,8,Passenger,Desconegut                                                                                                                                            ,Unknown,Unknown,Minor injury: Hospitalization up to 24 hours,431781.83,4584277.11,2.182717148,41.405297447
2023S006432    ,2,Eixample,6,la Sagrada Família,18505,Aragó,0518 0518,Monday,2023,10,October,30,Afternoon,18,No és causa del  vianant,Motorcycle,Man,49,Driver,Desconegut                                                                                                                                            ,Unknown,Unknown,Minor injury: Hospitalization up to 24 hours,431781.83,4584277.11,2.182717148,41.405297447
2023S006434    ,10,Sant Martí,68,el Poblenou,29206,Àvila,0076 0076,Monday,2023,10,October,30,Afternoon,18,No és causa del  vianant,Motorcycle,Woman,10,Passenger,Desconegut                                                                                                                                            ,Unknown,Unknown,Minor injury: Hospitalization up to 24 hours,432792.8,4583380.53,2.194910777,41.397307394
2023S006434    ,10,Sant Martí,68,el Poblenou,29206,Àvila,0076 0076,Monday,2023,10,October,30,Afternoon,18,No és causa del  vianant,Motorcycle,Woman,34,Driver,Desconegut                                                                                                                                            ,Unknown,Oci i entreteniment,Minor injury: Hospitalization up to 24 hours,432792.8,4583380.53,2.194910777,41.397307394
2023S006435    ,2,Eixample,7,la Dreta de l'Eixample,357001,Bergara,0014 0014,Monday,2023,10,October,30,Afternoon,16,No és causa del  vianant,Ciclomotor,Woman,25,Driver,Desconegut                                                                                                                                            ,Unknown,Unknown,Minor injury: Hospitalization up to 24 hours,430601.02,4582179.88,2.168831909,41.386307235
2023S006436    ,10,Sant Martí,70,el Besòs i el Maresme,701414,C-31,020850000,Monday,2023,10,October,30,Afternoon,18,No és causa del  vianant,Car,Woman,29,Passenger,Desconegut                                                                                                                                            ,Unknown,Unknown,Minor injury: Refused medical assistance,434078.33,4585946.2,2.210007828,41.420522231
2023S006436    ,10,Sant Martí,70,el Besòs i el Maresme,701414,C-31,020850000,Monday,2023,10,October,30,Afternoon,18,No és causa del  vianant,Car,Man,5,Passenger,Desconegut                                                                                                                                            ,Unknown,Unknown,Minor injury: Refused medical assistance,434078.33,4585946.2,2.210007828,41.420522231
2023S006436    ,10,Sant Martí,70,el Besòs i el Maresme,701414,C-31,020850000,Monday,2023,10,October,30,Afternoon,18,No és causa del  vianant,Car,Man,30,Driver,Desconegut                                                                                                                                            ,Unknown,Unknown,Minor injury: Refused medical assistance,434078.33,4585946.2,2.210007828,41.420522231
2023S006437    ,4,Les Corts,19,les Corts,144601,Diagonal,0485 0485,Tuesday,2023,10,October,31,Morning,7,Desobeir el senyal del semàfor,Motorcycle,Woman,17,Pedestrian,En pas regulat per semàfor                                                                                                                            ,Estudiant cap a centre d'estudis,Unknown,Minor injury: Hospitalization up to 24 hours,428614.3,4582926.6,2.144984276,41.392858727
2023S006438    ,8,Nou Barris,44,Vilapicina i la Torre Llobeta,119003,Fabra i Puig,0297 0297,Monday,2023,10,October,30,Afternoon,14,No és causa del  vianant,Car,Woman,46,Passenger,Desconegut                                                                                                                                            ,Unknown,Unknown,Minor injury: Medical assistance at accident site,430664.81,4587074.55,2.169033673,41.430397388
2023S006438    ,8,Nou Barris,44,Vilapicina i la Torre Llobeta,119003,Fabra i Puig,0297 0297,Monday,2023,10,October,30,Afternoon,14,No és causa del  vianant,Car,Man,57,Driver,Desconegut                                                                                                                                            ,Unknown,Unknown,Minor injury: Medical assistance at accident site,430664.81,4587074.55,2.169033673,41.430397388
2023S006439    ,10,Sant Martí,69,Diagonal Mar i el Front Marítim del Poblenou,701266,Litoral (Llobregat),000700000,Tuesday,2023,10,October,31,Morning,7,No és causa del  vianant,Car,Man,39,Driver,Desconegut                                                                                                                                            ,Unknown,In itínere,Minor injury: Hospitalization up to 24 hours,434020.31,4583616.44,2.209567765,41.399533898
2023S006440    ,10,Sant Martí,71,Provençals del Poblenou,144601,Diagonal,0152 0152,Tuesday,2023,10,October,31,Morning,8,No és causa del  vianant,Veh. mobilitat personal amb motor,Woman,42,Driver,Desconegut                                                                                                                                            ,Unknown,Unknown,Minor injury: Hospitalization up to 24 hours,432974.35,4584304.21,2.196980032,41.405641899
2023S006441    ,10,Sant Martí,71,Provençals del Poblenou,253902,Perú,0230 0232,Tuesday,2023,10,October,31,Morning,12,No és causa del  vianant,Motorcycle,Man,33,Driver,Desconegut                                                                                                                                            ,Unknown,Unknown,Minor injury: Hospitalization up to 24 hours,433596.47,4585275.04,2.204315789,41.414437572
2023S006442    ,2,Eixample,7,la Dreta de l'Eixample,335100,Tetuan,0021 0021,Tuesday,2023,10,October,31,Morning,13,No és causa del  vianant,Bicicleta,Man,5,Pedestrian,En pas regulat per semàfor                                                                                                                            ,Unknown,Unknown,Minor injury: Medical assistance at accident site,431068.55,4583231.96,2.174303422,41.395823228
2023S006444    ,5,Sarrià-Sant Gervasi,27,el Putxet i el Farró,302906,Sant Hermenegild,0032 0032,Tuesday,2023,10,October,31,Morning,10,Desobeir el senyal del semàfor,Motorcycle,Man,48,Driver,En pas regulat per semàfor                                                                                                                            ,Unknown,In itínere,Minor injury: Medical assistance at accident site,428578.82,4584050.2,2.144427311,41.402975417
2023S006445    ,2,Eixample,8,l'Antiga Esquerra de l'Eixample,110304,Enric Granados,0119 0119,Tuesday,2023,10,October,31,Morning,13,No és causa del  vianant,Motorcycle,Man,65,Driver,Desconegut                                                                                                                                            ,Unknown,Unknown,Minor injury: Medical assistance at accident site,429458.0,4582969.11,2.155070314,41.393316086
2023S006445    ,2,Eixample,8,l'Antiga Esquerra de l'Eixample,110304,Enric Granados,0119 0119,Tuesday,2023,10,October,31,Morning,13,No és causa del  vianant,Veh. mobilitat personal amb motor,Woman,33,Driver,Desconegut                                                                                                                                            ,Unknown,Unknown,Minor injury: Refused medical assistance,429458.0,4582969.11,2.155070314,41.393316086
2023S006446    ,3,Sants-Montjuïc,13,la Marina de Port,169409,Corts Catalanes,0134 0138,Tuesday,2023,10,October,31,Morning,13,No és causa del  vianant,Motorcycle,Man,27,Driver,Desconegut                                                                                                                                            ,Unknown,Oci i entreteniment,Minor injury: Hospitalization up to 24 hours,427718.43,4579750.57,2.134648336,41.364173341
2023S006447    ,2,Eixample,7,la Dreta de l'Eixample,74506,Catalunya,0133 0133,Tuesday,2023,10,October,31,Morning,13,Desobeir el senyal del semàfor,Motorcycle,Woman,72,Pedestrian,En pas regulat per semàfor                                                                                                                            ,Unknown,Unknown,Minor injury: Hospitalization up to 24 hours,429677.72,4583184.82,2.157673212,41.395278165
2023S006447    ,2,Eixample,7,la Dreta de l'Eixample,74506,Catalunya,0133 0133,Tuesday,2023,10,October,31,Morning,13,Desobeir el senyal del semàfor,Motorcycle,Man,53,Driver,En pas regulat per semàfor                                                                                                                            ,Unknown,Unknown,Minor injury: Hospitalization up to 24 hours,429677.72,4583184.82,2.157673212,41.395278165
2023S006448    ,4,Les Corts,20,la Maternitat i Sant Ramon,144601,Diagonal,0629B0629B,Monday,2023,10,October,30,Afternoon,17,Desobeir el senyal del semàfor,Bus,Woman,39,Pedestrian,En pas regulat per semàfor                                                                                                                            ,Unknown,Unknown,Minor injury: Hospitalization up to 24 hours,426980.58,4582337.71,2.125515463,41.387408089
2023S006449    ,3,Sants-Montjuïc,11,el Poble-sec,701266,Litoral (Llobregat),001360000,Tuesday,2023,10,October,31,Afternoon,18,No és causa del  vianant,Car,Man,25,Passenger,Desconegut                                                                                                                                            ,Unknown,Unknown,Minor injury: Medical assistance at accident site,430149.5,4579104.0,2.163786661,41.358564582
2023S006449    ,3,Sants-Montjuïc,11,el Poble-sec,701266,Litoral (Llobregat),001360000,Tuesday,2023,10,October,31,Afternoon,18,No és causa del  vianant,Car,Man,54,Driver,Desconegut                                                                                                                                            ,Unknown,In itínere,Minor injury: Refused medical assistance,430149.5,4579104.0,2.163786661,41.358564582
2023S006449    ,3,Sants-Montjuïc,11,el Poble-sec,701266,Litoral (Llobregat),001360000,Tuesday,2023,10,October,31,Afternoon,18,No és causa del  vianant,Car,Man,35,Driver,Desconegut                                                                                                                                            ,Unknown,Oci i entreteniment,Minor injury: Hospitalization up to 24 hours,430149.5,4579104.0,2.163786661,41.358564582
2023S006449    ,3,Sants-Montjuïc,11,el Poble-sec,701266,Litoral (Llobregat),001360000,Tuesday,2023,10,October,31,Afternoon,18,No és causa del  vianant,Taxi,Man,33,Driver,Desconegut                                                                                                                                            ,Unknown,Taxi,Minor injury: Refused medical assistance,430149.5,4579104.0,2.163786661,41.358564582
2023S006450    ,10,Sant Martí,68,el Poblenou,30409,Bac de Roda,0089 0091,Tuesday,2023,10,October,31,Afternoon,14,No és causa del  vianant,Motorcycle,Man,58,Driver,Desconegut                                                                                                                                            ,Unknown,Unknown,Minor injury: Hospitalization up to 24 hours,433669.45,4584377.25,2.205287434,41.406357441
2023S006451    ,5,Sarrià-Sant Gervasi,25,Sant Gervasi - la Bonanova,191703,Mandri,0004 0004,Tuesday,2023,10,October,31,Afternoon,18,No és causa del  vianant,Motorcycle,Man,48,Driver,Desconegut                                                                                                                                            ,Unknown,Unknown,Minor injury: Hospitalization up to 24 hours,427843.38,4583906.46,2.135646963,41.401615103
2023S006453    ,10,Sant Martí,66,el Parc i la Llacuna del Poblenou,197302,Marina,0114 0116,Tuesday,2023,10,October,31,Afternoon,14,No és causa del  vianant,Motorcycle,Man,66,Driver,Desconegut                                                                                                                                            ,Unknown,In itínere,Minor injury: Hospitalization up to 24 hours,432118.05,4583103.43,2.186870951,41.394754921
2023S006454    ,7,Horta-Guinardó,37,el Carmel,148602,Gran Vista,0158 0158,Tuesday,2023,10,October,31,Afternoon,18,No és causa del  vianant,Car,Woman,40,Passenger,Desconegut                                                                                                                                            ,Unknown,Unknown,Minor injury: Hospitalization up to 24 hours,429685.19,4585802.56,2.15745825,41.418855858
2023S006454    ,7,Horta-Guinardó,37,el Carmel,148602,Gran Vista,0158 0158,Tuesday,2023,10,October,31,Afternoon,18,No és causa del  vianant,Car,Man,4,Passenger,Desconegut                                                                                                                                            ,Unknown,Unknown,Minor injury: Hospitalization up to 24 hours,429685.19,4585802.56,2.15745825,41.418855858
2023S006454    ,7,Horta-Guinardó,37,el Carmel,148602,Gran Vista,0158 0158,Tuesday,2023,10,October,31,Afternoon,18,No és causa del  vianant,Car,Man,8,Passenger,Desconegut                                                                                                                                            ,Unknown,Unknown,Minor injury: Hospitalization up to 24 hours,429685.19,4585802.56,2.15745825,41.418855858
2023S006454    ,7,Horta-Guinardó,37,el Carmel,148602,Gran Vista,0158 0158,Tuesday,2023,10,October,31,Afternoon,18,No és causa del  vianant,Car,Man,49,Driver,Desconegut                                                                                                                                            ,Unknown,Unknown,Minor injury: Hospitalization up to 24 hours,429685.19,4585802.56,2.15745825,41.418855858
2023S006455    ,1,Ciutat Vella,1,el Raval,86902,Nou de la Rambla,0108X0108X,Tuesday,2023,10,October,31,Afternoon,19,No és causa del  vianant,Motorcycle,Man,32,Driver,Desconegut                                                                                                                                            ,Unknown,Unknown,Minor injury: Hospitalization up to 24 hours,430686.86,4580920.06,2.170002667,41.374967808
2023S006456    ,5,Sarrià-Sant Gervasi,23,Sarrià,38900,Benet Mateu,0061 0061,Tuesday,2023,10,October,31,Afternoon,20,No és causa del  vianant,Bicicleta,Man,60,Driver,Desconegut                                                                                                                                            ,Unknown,Unknown,Minor injury: Hospitalization up to 24 hours,427018.13,4583156.98,2.125865765,41.394790327
2023S006457    ,4,Les Corts,19,les Corts,66508,Carles III,0116 0120,Tuesday,2023,10,October,31,Afternoon,19,No és causa del  vianant,Bicicleta,Man,62,Driver,Desconegut                                                                                                                                            ,Unknown,Unknown,Minor injury: Hospitalization up to 24 hours,427256.75,4582543.5,2.128793545,41.389286592
2023S006458    ,2,Eixample,8,l'Antiga Esquerra de l'Eixample,268003,Provença,0162 0162,Tuesday,2023,10,October,31,Afternoon,16,No és causa del  vianant,Bicicleta,Man,20,Driver,Desconegut                                                                                                                                            ,Unknown,Unknown,Minor injury: Medical assistance at accident site,429263.55,4582400.41,2.152811049,41.388176913
2023S006458    ,2,Eixample,8,l'Antiga Esquerra de l'Eixample,268003,Provença,0162 0162,Tuesday,2023,10,October,31,Afternoon,16,No és causa del  vianant,Motorcycle,Man,53,Driver,Desconegut                                                                                                                                            ,Unknown,Unknown,Minor injury: Hospitalization up to 24 hours,429263.55,4582400.41,2.152811049,41.388176913
2023S006460    ,2,Eixample,8,l'Antiga Esquerra de l'Eixample,90502,Còrsega,0175 0177,Tuesday,2023,10,October,31,Afternoon,14,No és causa del  vianant,Ciclomotor,Woman,24,Driver,Desconegut                                                                                                                                            ,Unknown,Unknown,Minor injury: Hospitalization up to 24 hours,429039.96,4582574.34,2.150116629,41.389723736
2023S006460    ,2,Eixample,8,l'Antiga Esquerra de l'Eixample,90502,Còrsega,0175 0177,Tuesday,2023,10,October,31,Afternoon,14,No és causa del  vianant,Car,Woman,62,Driver,Desconegut                                                                                                                                            ,Unknown,Unknown,Minor injury: Hospitalization up to 24 hours,429039.96,4582574.34,2.150116629,41.389723736
2023S006461    ,4,Les Corts,19,les Corts,278302,Reina Maria Cristina,9997 9997,Tuesday,2023,10,October,31,Afternoon,14,No és causa del  vianant,Motorcycle,Woman,31,Driver,Desconegut                                                                                                                                            ,Unknown,In itínere,Minor injury: Hospitalization up to 24 hours,427207.0,4582445.17,2.128210374,41.38839647
2023S006462    ,4,Les Corts,19,les Corts,144601,Diagonal,0609 0615,Wednesday,2023,11,November,1,Morning,6,No és causa del  vianant,Ciclomotor,Man,23,Passenger,Desconegut                                                                                                                                            ,Unknown,Unknown,Minor injury: Hospitalization up to 24 hours,427253.12,4582427.17,2.12876411,41.388238526
2023S006462    ,4,Les Corts,19,les Corts,144601,Diagonal,0609 0615,Wednesday,2023,11,November,1,Morning,6,No és causa del  vianant,Ciclomotor,Man,24,Driver,Desconegut                                                                                                                                            ,Unknown,Oci i entreteniment,Minor injury: Hospitalization up to 24 hours,427253.12,4582427.17,2.12876411,41.388238526
2023S006464    ,8,Nou Barris,45,Porta,351901,Valldaura,0276X0276X,Tuesday,2023,10,October,31,Afternoon,21,No és causa del  vianant,Motorcycle,Man,35,Driver,Desconegut                                                                                                                                            ,Unknown,Oci i entreteniment,Minor injury: Hospitalization up to 24 hours,431735.72,4588048.32,2.181739593,41.439259578
2023S006465    ,3,Sants-Montjuïc,18,Sants,312400,Sants,0043 0043,Tuesday,2023,10,October,31,Afternoon,21,Creuar per fora pas de vianants,Motorcycle,Man,24,Driver,Fora del pas                                                                                                                                          ,Unknown,Unknown,Minor injury: Hospitalization up to 24 hours,428050.37,4580976.12,2.138471208,41.375241195
2023S006466    ,2,Eixample,9,la Nova Esquerra de l'Eixample,18505,Aragó,0057 0057,Wednesday,2023,11,November,1,Morning,9,No és causa del  vianant,Furgoneta,Man,32,Passenger,Desconegut                                                                                                                                            ,Unknown,Unknown,Minor injury: Medical assistance at accident site,428970.85,4581553.16,2.14940987,41.380520217
2023S006466    ,2,Eixample,9,la Nova Esquerra de l'Eixample,18505,Aragó,0057 0057,Wednesday,2023,11,November,1,Morning,9,No és causa del  vianant,Car,Woman,14,Passenger,Desconegut                                                                                                                                            ,Unknown,Unknown,Minor injury: Medical assistance at accident site,428970.85,4581553.16,2.14940987,41.380520217
2023S006466    ,2,Eixample,9,la Nova Esquerra de l'Eixample,18505,Aragó,0057 0057,Wednesday,2023,11,November,1,Morning,9,No és causa del  vianant,Car,Woman,40,Passenger,Desconegut                                                                                                                                            ,Unknown,Unknown,Minor injury: Medical assistance at accident site,428970.85,4581553.16,2.14940987,41.380520217
2023S006466    ,2,Eixample,9,la Nova Esquerra de l'Eixample,18505,Aragó,0057 0057,Wednesday,2023,11,November,1,Morning,9,No és causa del  vianant,Furgoneta,Man,60,Driver,Desconegut                                                                                                                                            ,Unknown,Unknown,Minor injury: Medical assistance at accident site,428970.85,4581553.16,2.14940987,41.380520217
2023S006466    ,2,Eixample,9,la Nova Esquerra de l'Eixample,18505,Aragó,0057 0057,Wednesday,2023,11,November,1,Morning,9,No és causa del  vianant,Car,Man,47,Driver,Desconegut                                                                                                                                            ,Unknown,Taxi,Minor injury: Medical assistance at accident site,428970.85,4581553.16,2.14940987,41.380520217
2023S006467    ,10,Sant Martí,66,el Parc i la Llacuna del Poblenou,144601,Diagonal,0280X0280X,Monday,2023,10,October,30,Morning,12,No és causa del  vianant,Ciclomotor,Man,66,Driver,Desconegut                                                                                                                                            ,Unknown,Unknown,Minor injury: Refused medical assistance,432278.76,4584102.02,2.188681418,41.403762501
2023S006468    ,10,Sant Martí,72,Sant Martí de Provençals,115603,Espronceda,0276 0276,Wednesday,2023,11,November,1,Morning,12,No és causa del  vianant,Motorcycle,Man,58,Driver,Desconegut                                                                                                                                            ,Unknown,Oci i entreteniment,Minor injury: Hospitalization up to 24 hours,432695.3,4585200.75,2.193542015,41.413693452
2023S006469    ,10,Sant Martí,69,Diagonal Mar i el Front Marítim del Poblenou,700654,Litoral,0081 0089,Wednesday,2023,11,November,1,Afternoon,14,No és causa del  vianant,Motorcycle,Woman,40,Driver,Desconegut                                                                                                                                            ,Unknown,Unknown,Minor injury: Hospitalization up to 24 hours,434417.83,4583948.44,2.214286835,41.402556688
2023S006469    ,10,Sant Martí,69,Diagonal Mar i el Front Marítim del Poblenou,700654,Litoral,0081 0089,Wednesday,2023,11,November,1,Afternoon,14,No és causa del  vianant,Motorcycle,Man,35,Driver,Desconegut                                                                                                                                            ,Unknown,Unknown,Minor injury: Hospitalization up to 24 hours,434417.83,4583948.44,2.214286835,41.402556688
2023S006470    ,3,Sants-Montjuïc,18,Sants,296406,Sant Antoni,0057X0057X,Wednesday,2023,11,November,1,Morning,11,No és causa del  vianant,Bus,Woman,67,Passenger,Desconegut                                                                                                                                            ,Unknown,Unknown,Minor injury: Hospitalization up to 24 hours,428334.0,4581417.71,2.141810369,41.379243764
2023S006471    ,9,Sant Andreu,61,la Sagrera,97206,Vallès i Ribot,0008 0008,Wednesday,2023,11,November,1,Afternoon,17,No és causa del  vianant,Bicicleta,Woman,28,Driver,Desconegut                                                                                                                                            ,Unknown,Oci i entreteniment,Minor injury: Hospitalization up to 24 hours,432317.88,4586209.49,2.188913493,41.422747149
2023S006472    ,6,Gràcia,32,el Camp d'en Grassot i Gràcia Nova,7906,Ca l'Alegre de Dalt,0036 0038,Tuesday,2023,10,October,31,Afternoon,20,No és causa del  vianant,Motorcycle,Man,34,Driver,Desconegut                                                                                                                                            ,Unknown,Unknown,Minor injury: Hospitalization up to 24 hours,430043.11,4584652.72,2.161873866,41.408530923
2023S006474    ,8,Nou Barris,48,la Guineueta,186601,República,0002B0002B,Wednesday,2023,11,November,1,Night,23,Others,Car,Woman,33,Pedestrian,En pas regulat per semàfor                                                                                                                            ,Oci i entreteniment,Unknown,Minor injury: Hospitalization up to 24 hours,431123.14,4587928.91,2.174421247,41.438131754
2023S006475    ,-1,Unknown,-1,Unknown,-1,Unknown,Unknown,Wednesday,2023,11,November,1,Afternoon,19,No és causa del  vianant,Motorcycle,Man,26,Driver,Desconegut                                                                                                                                            ,Unknown,Oci i entreteniment,Minor injury: Hospitalization up to 24 hours,426623.16,4581757.35,2.12131129,41.382148484
2023S006477    ,10,Sant Martí,70,el Besòs i el Maresme,701266,Litoral (Llobregat),000530000,Thursday,2023,11,November,2,Morning,8,No és causa del  vianant,Motorcycle,Man,27,Driver,Desconegut                                                                                                                                            ,Unknown,In itínere,Serious injury: Hospitalization over 24 hours,435085.59,4584918.92,2.222170678,41.411351817
2023S006478    ,1,Ciutat Vella,1,el Raval,256605,Pintor Fortuny,0001 0003,Thursday,2023,11,November,2,Morning,9,No és causa del  vianant,Bicicleta,Woman,27,Driver,Desconegut                                                                                                                                            ,Unknown,In itínere,Minor injury: Hospitalization up to 24 hours,430749.65,4581873.96,2.170644399,41.38356472
2023S006479    ,2,Eixample,9,la Nova Esquerra de l'Eixample,18505,Aragó,0104 0104,Thursday,2023,11,November,2,Morning,9,No és causa del  vianant,Motorcycle,Woman,27,Driver,Desconegut                                                                                                                                            ,Unknown,In itínere,Minor injury: Medical assistance at accident site,429336.34,4581897.74,2.153740246,41.383655935
2023S006480    ,10,Sant Martí,69,Diagonal Mar i el Front Marítim del Poblenou,701266,Litoral (Llobregat),000650000,Thursday,2023,11,November,2,Morning,8,No és causa del  vianant,Motorcycle,Man,25,Driver,Desconegut                                                                                                                                            ,Unknown,Unknown,Minor injury: Refused medical assistance,434371.96,4583978.79,2.213734829,41.402826298
2023S006481    ,10,Sant Martí,69,Diagonal Mar i el Front Marítim del Poblenou,700654,Litoral,0098 0098,Thursday,2023,11,November,2,Morning,9,No és causa del  vianant,Motorcycle,Man,31,Driver,Desconegut                                                                                                                                            ,Unknown,In itínere,Minor injury: Hospitalization up to 24 hours,434417.83,4583948.44,2.214286835,41.402556688
2023S006481    ,10,Sant Martí,69,Diagonal Mar i el Front Marítim del Poblenou,700654,Litoral,0098 0098,Thursday,2023,11,November,2,Morning,9,No és causa del  vianant,Motorcycle,Man,36,Driver,Desconegut                                                                                                                                            ,Unknown,Oci i entreteniment,Minor injury: Hospitalization up to 24 hours,434417.83,4583948.44,2.214286835,41.402556688
2023S006482    ,5,Sarrià-Sant Gervasi,23,Sarrià,68707,Carroç,0031 0031,Tuesday,2023,10,October,10,Afternoon,14,No és causa del  vianant,Motorcycle,Woman,62,Driver,Desconegut                                                                                                                                            ,Unknown,In itínere,Minor injury: Hospitalization up to 24 hours,425450.27,4584670.26,2.106926717,41.408275836
2023S006483    ,3,Sants-Montjuïc,18,Sants,40300,Berlín,0034 0036,Thursday,2023,11,November,2,Morning,12,No és causa del  vianant,Motorcycle,Man,61,Driver,Desconegut                                                                                                                                            ,Unknown,Unknown,Minor injury: Hospitalization up to 24 hours,428108.47,4581859.44,2.139061078,41.383202135
2023S006483    ,3,Sants-Montjuïc,18,Sants,40300,Berlín,0034 0036,Thursday,2023,11,November,2,Morning,12,No és causa del  vianant,Motorcycle,Man,77,Driver,Desconegut                                                                                                                                            ,Unknown,Oci i entreteniment,Minor injury: Hospitalization up to 24 hours,428108.47,4581859.44,2.139061078,41.383202135
2023S006484    ,1,Ciutat Vella,4,"Sant Pere, Santa Caterina i la Ribera",11200,Almogàvers,0002 0002,Tuesday,2023,10,October,31,Morning,13,No és causa del  vianant,Ciclomotor,Woman,21,Driver,Desconegut                                                                                                                                            ,Unknown,Unknown,Minor injury: Hospitalization up to 24 hours,431736.83,4582736.66,2.182352601,41.39141924
2023S006485    ,6,Gràcia,31,la Vila de Gràcia,208001,Torrent de l'Olla,0037 0037,Thursday,2023,11,November,2,Morning,13,No és causa del  vianant,Motorcycle,Man,41,Driver,Desconegut                                                                                                                                            ,Unknown,Oci i entreteniment,Minor injury: Hospitalization up to 24 hours,429883.69,4583657.9,2.160081979,41.39955703
2023S006486    ,-1,Unknown,-1,Unknown,-1,Unknown,Unknown,Thursday,2023,11,November,2,Afternoon,14,No és causa del  vianant,Bicicleta,Woman,60,Pedestrian,En pas regulat per semàfor                                                                                                                            ,Unknown,Unknown,Minor injury: Hospitalization up to 24 hours,426883.33,4583690.92,2.124188957,41.399587047
2023S006487    ,1,Ciutat Vella,1,el Raval,701349,Drassanes,0001 0001,Thursday,2023,11,November,2,Afternoon,15,No és causa del  vianant,Car,Woman,30,Passenger,Desconegut                                                                                                                                            ,Unknown,Unknown,Minor injury: Hospitalization up to 24 hours,431214.13,4580892.36,2.176310481,41.374763588
2023S006487    ,1,Ciutat Vella,1,el Raval,701349,Drassanes,0001 0001,Thursday,2023,11,November,2,Afternoon,15,No és causa del  vianant,Car,Man,32,Driver,Desconegut                                                                                                                                            ,Unknown,Oci i entreteniment,Minor injury: Refused medical assistance,431214.13,4580892.36,2.176310481,41.374763588
2023S006489    ,10,Sant Martí,69,Diagonal Mar i el Front Marítim del Poblenou,186703,Llull,0362X0372X,Thursday,2023,11,November,2,Afternoon,15,No és causa del  vianant,Car,Woman,27,Passenger,Desconegut                                                                                                                                            ,Unknown,Unknown,Minor injury: Hospitalization up to 24 hours,434268.17,4584668.01,2.212418352,41.409025456
2023S006489    ,10,Sant Martí,69,Diagonal Mar i el Front Marítim del Poblenou,186703,Llull,0362X0372X,Thursday,2023,11,November,2,Afternoon,15,No és causa del  vianant,Car,Man,28,Driver,Desconegut                                                                                                                                            ,Unknown,Unknown,Minor injury: Hospitalization up to 24 hours,434268.17,4584668.01,2.212418352,41.409025456
2023S006490    ,9,Sant Andreu,59,el Bon Pastor,295709,Sant Adrià,0137 0139,Thursday,2023,11,November,2,Afternoon,19,No és causa del  vianant,Car,Woman,32,Pedestrian,En pas sense regular                                                                                                                                  ,In itinere,Unknown,Minor injury: Hospitalization up to 24 hours,433778.71,4587716.11,2.206228692,41.436438654
2023S006491    ,1,Ciutat Vella,1,el Raval,296508,Sant Antoni,0104 0104,Thursday,2023,11,November,2,Afternoon,18,No és causa del  vianant,Autobús articulat,Woman,67,Passenger,Desconegut                                                                                                                                            ,Unknown,Unknown,Minor injury: Hospitalization up to 24 hours,430208.64,4582046.49,2.164154715,41.385071867
2023S006492    ,4,Les Corts,21,Pedralbes,701267,Dalt (Besòs),000520000,Thursday,2023,11,November,2,Afternoon,19,No és causa del  vianant,Motorcycle,Man,39,Driver,Desconegut                                                                                                                                            ,Unknown,Unknown,Minor injury: Hospitalization up to 24 hours,425327.79,4582270.67,2.105757561,41.386652481
2023S006494    ,7,Horta-Guinardó,43,Horta,97807,Dante Alighieri,0053 0053,Thursday,2023,11,November,2,Night,22,No és causa del  vianant,Motorcycle,Woman,54,Driver,Desconegut                                                                                                                                            ,Unknown,Oci i entreteniment,Minor injury: Refused medical assistance,429867.28,4586835.89,2.159517079,41.42817859
2023S006495    ,2,Eixample,9,la Nova Esquerra de l'Eixample,169409,Corts Catalanes,0491 0491,Thursday,2023,11,November,2,Night,23,No és causa del  vianant,Veh. mobilitat personal amb motor,Woman,29,Driver,Desconegut                                                                                                                                            ,Unknown,Unknown,Serious injury: Hospitalization over 24 hours,429554.17,4581580.3,2.15638214,41.38081597
2023S006496    ,9,Sant Andreu,60,Sant Andreu,354604,Bascònia,0081 0081,Thursday,2023,11,November,2,Afternoon,16,No és causa del  vianant,Motorcycle,Woman,49,Driver,Desconegut                                                                                                                                            ,Unknown,Unknown,Minor injury: Hospitalization up to 24 hours,432174.37,4587732.73,2.187025248,41.436454362
2023S006497    ,2,Eixample,8,l'Antiga Esquerra de l'Eixample,32700,Balmes,0079B0079B,Friday,2023,11,November,3,Morning,8,No és causa del  vianant,Motorcycle,Man,51,Driver,Desconegut                                                                                                                                            ,Unknown,Unknown,Minor injury: Hospitalization up to 24 hours,429929.89,4582678.07,2.160748048,41.39073606
2023S006498    ,9,Sant Andreu,57,la Trinitat Vella,701268,Dalt (Llobregat),001600000,Friday,2023,11,November,3,Morning,10,No és causa del  vianant,Motorcycle,Man,41,Driver,Desconegut                                                                                                                                            ,Unknown,Unknown,Minor injury: Hospitalization up to 24 hours,432719.94,4588904.37,2.193424358,41.447052854