Case_Number,District_Code,District_Name,Neighborhood_Code,Neighborhood_Name,Street_Code,Street_Name,Postal_Code,Day_of_Week,Year,Month_Code,Month_Name,Day_of_Month,Shift_Description,Hour_of_Day,Pedestrian_Cause_Description,Involved_Vehicle_Type,Gender_Description,Age,Person_Type_Description,Pedestrian_Accident_Location_Description,Pedestrian_Movement_Reason_Description,Driver_Movement_Reason_Description,Victimization_Description,UTM_X_Coordinate,UTM_Y_Coordinate,Longitude,Latitude
2023S006499    ,1,Ciutat Vella,3,la Barceloneta,197903,Marítim de la Barceloneta,0014 0014,Friday,2023,11,November,3,Morning,9,No és causa del  vianant,Bicicleta,Man,72,Driver,Desconegut                                                                                                                                            ,Unknown,Unknown,Minor injury: Hospitalization up to 24 hours,432534.07,4581338.0,2.19204363,41.378889165
2023S006500    ,6,Gràcia,32,el Camp d'en Grassot i Gràcia Nova,90502,Còrsega,0439 0441,Friday,2023,11,November,3,Morning,11,Desobeir el senyal del semàfor,Motorcycle,Man,41,Driver,Desconegut                                                                                                                                            ,Unknown,Unknown,Minor injury: Hospitalization up to 24 hours,430411.16,4583904.05,2.16636309,41.401819871
2023S006501    ,2,Eixample,10,Sant Antoni,349706,Comte d'Urgell,0014 0014,Friday,2023,11,November,3,Morning,11,No és causa del  vianant,Furgoneta,Woman,78,Pedestrian,En pas regulat per semàfor                                                                                                                            ,Unknown,Unknown,Minor injury: Hospitalization up to 24 hours,430029.45,4581426.92,2.162083363,41.379476019
2023S006503    ,3,Sants-Montjuïc,15,Hostafrancs,108700,Elisi,0031U0031U,Friday,2023,11,November,3,Morning,11,No és causa del  vianant,Motorcycle,Man,45,Driver,Desconegut                                                                                                                                            ,Unknown,Unknown,Minor injury: Hospitalization up to 24 hours,428585.98,4581366.46,2.144829559,41.378804588
2023S006505    ,7,Horta-Guinardó,43,Horta,701268,Dalt (Llobregat),001250000,Friday,2023,11,November,3,Morning,11,No és causa del  vianant,Car,Woman,96,Passenger,Desconegut                                                                                                                                            ,Unknown,Unknown,Minor injury: Hospitalization up to 24 hours,429398.22,4587988.75,2.153769143,41.438520813
2023S006506    ,6,Gràcia,32,el Camp d'en Grassot i Gràcia Nova,56504,Camèlies,0042 0042,Friday,2023,11,November,3,Morning,12,No és causa del  vianant,Veh. mobilitat personal amb motor,Man,19,Driver,Desconegut                                                                                                                                            ,Unknown,Oci i entreteniment,Minor injury: Hospitalization up to 24 hours,429927.96,4585014.77,2.160454342,41.411781742
2023S006507    ,6,Gràcia,32,el Camp d'en Grassot i Gràcia Nova,268105,Providència,0126 0126,Friday,2023,11,November,3,Morning,11,No és causa del  vianant,Taxi,Man,63,Pedestrian,En pas sense regular                                                                                                                                  ,Unknown,Unknown,Minor injury: Hospitalization up to 24 hours,429987.84,4584711.0,2.161205907,41.409051016
2023S006510    ,1,Ciutat Vella,4,"Sant Pere, Santa Caterina i la Ribera",201400,Picasso,0024 0024,Friday,2023,11,November,3,Morning,13,No és causa del  vianant,Motorcycle,Man,37,Driver,Desconegut                                                                                                                                            ,Unknown,Unknown,Minor injury: Hospitalization up to 24 hours,431869.11,4582242.95,2.183990263,41.386983751
2023S006511    ,2,Eixample,6,la Sagrada Família,178308,Lepant,0224 0224,Friday,2023,11,November,3,Afternoon,14,No és causa del  vianant,Veh. mobilitat personal amb motor,Woman,52,Driver,Desconegut                                                                                                                                            ,Unknown,In itínere,Minor injury: Hospitalization up to 24 hours,431557.65,4583899.32,2.180078076,41.401875741
2023S006512    ,2,Eixample,8,l'Antiga Esquerra de l'Eixample,289105,Rosselló,0142 0142,Friday,2023,11,November,3,Afternoon,14,No és causa del  vianant,Motorcycle,Woman,25,Driver,Desconegut                                                                                                                                            ,Unknown,In itínere,Minor injury: Hospitalization up to 24 hours,429361.44,4582684.36,2.153948637,41.390742961
2023S006513    ,3,Sants-Montjuïc,12,la Marina del Prat Vermell,230601,Mare de Déu de Port,0103B0103B,Friday,2023,11,November,3,Afternoon,15,No és causa del  vianant,Motorcycle,Man,50,Driver,Desconegut                                                                                                                                            ,Unknown,Unknown,Minor injury: Hospitalization up to 24 hours,429174.59,4578380.27,2.15221698,41.351960949
2023S006514    ,2,Eixample,5,el Fort Pienc,197302,Marina,0212 0212,Friday,2023,11,November,3,Afternoon,14,No és causa del  vianant,Motorcycle,Man,44,Driver,Desconegut                                                                                                                                            ,Unknown,Oci i entreteniment,Minor injury: Hospitalization up to 24 hours,431452.23,4583798.16,2.178828488,41.400955638
2023S006515    ,3,Sants-Montjuïc,12,la Marina del Prat Vermell,701265,Litoral (Besòs),001250000,Friday,2023,11,November,3,Afternoon,17,No és causa del  vianant,Motorcycle,Man,31,Driver,Desconegut                                                                                                                                            ,Unknown,In itínere,Minor injury: Medical assistance at accident site,430613.07,4579536.42,2.169278766,41.362499379
2023S006516    ,8,Nou Barris,49,Canyelles,701267,Dalt (Besòs),001330000,Friday,2023,11,November,3,Afternoon,16,No és causa del  vianant,Motorcycle,Man,56,Driver,Desconegut                                                                                                                                            ,Unknown,Oci i entreteniment,Minor injury: Hospitalization up to 24 hours,430193.41,4588185.01,2.163263932,41.440358012
2023S006517    ,3,Sants-Montjuïc,12,la Marina del Prat Vermell,701483,Transversal 2,0013 0013,Friday,2023,11,November,3,Afternoon,14,No és causa del  vianant,"Camió rígid <= 3,5 tones",Man,57,Pedestrian,Fora del pas                                                                                                                                          ,Unknown,Unknown,Minor injury: Hospitalization up to 24 hours,426173.15,4576467.9,2.116573923,41.33446724
2023S006518    ,6,Gràcia,28,Vallcarca i els Penitents,158107,Vallcarca,0010 0010,Friday,2023,11,November,3,Afternoon,16,No és causa del  vianant,Motorcycle,Woman,49,Driver,Desconegut                                                                                                                                            ,Unknown,Unknown,Minor injury: Medical assistance at accident site,428999.48,4584614.21,2.149393149,41.408092522
2023S006519    ,3,Sants-Montjuïc,11,el Poble-sec,198702,Francesc Ferrer i Guàrdia,0001 0005,Friday,2023,11,November,3,Afternoon,15,No és causa del  vianant,Motorcycle,Man,54,Driver,Desconegut                                                                                                                                            ,Unknown,Unknown,Minor injury: Hospitalization up to 24 hours,429128.42,4580567.28,2.151409448,41.37165462
2023S006520    ,2,Eixample,6,la Sagrada Família,90502,Còrsega,0571 0571,Friday,2023,11,November,3,Afternoon,18,No és causa del  vianant,Veh. mobilitat personal amb motor,Man,18,Driver,Desconegut                                                                                                                                            ,Unknown,Altres activitats,Minor injury: Medical assistance at accident site,431016.47,4584514.42,2.173534269,41.407369472
2023S006521    ,7,Horta-Guinardó,40,Montbau,701267,Dalt (Besòs),001070000,Friday,2023,11,November,3,Afternoon,20,No és causa del  vianant,Motorcycle,Man,54,Driver,Desconegut                                                                                                                                            ,Unknown,In itínere,Minor injury: Hospitalization up to 24 hours,428441.28,4586554.86,2.142485606,41.425521633
2023S006522    ,3,Sants-Montjuïc,12,la Marina del Prat Vermell,370407,Número 5 Zona Franca,0022 0022,Friday,2023,11,November,3,Afternoon,19,No és causa del  vianant,Motorcycle,Man,26,Driver,Desconegut                                                                                                                                            ,Unknown,In itínere,Minor injury: Hospitalization up to 24 hours,427046.0,4575468.09,2.127124275,41.325541793
2023S006523    ,2,Eixample,7,la Dreta de l'Eixample,144601,Diagonal,0371 0371,Friday,2023,11,November,3,Afternoon,19,No és causa del  vianant,Motorcycle,Man,27,Driver,Desconegut                                                                                                                                            ,Unknown,Oci i entreteniment,Minor injury: Hospitalization up to 24 hours,429996.53,4583374.37,2.161464532,41.397013209
2023S006524    ,7,Horta-Guinardó,43,Horta,701268,Dalt (Llobregat),001300000,Friday,2023,11,November,3,Night,23,No és causa del  vianant,Motorcycle,Man,45,Driver,Desconegut                                                                                                                                            ,Unknown,Oci i entreteniment,Minor injury: Medical assistance at accident site,429782.41,4588099.56,2.158354551,41.43955254
2023S006525    ,9,Sant Andreu,61,la Sagrera,39709,Berenguer de Palou,0039 0041,Saturday,2023,11,November,4,Night,2,No és causa del  vianant,Car,Man,28,Passenger,Desconegut                                                                                                                                            ,Unknown,Unknown,Minor injury: Hospitalization up to 24 hours,432554.05,4586337.91,2.191725172,41.423923661
2023S006525    ,9,Sant Andreu,61,la Sagrera,39709,Berenguer de Palou,0039 0041,Saturday,2023,11,November,4,Night,2,No és causa del  vianant,Motorcycle,Man,31,Driver,Desconegut                                                                                                                                            ,Unknown,Oci i entreteniment,Minor injury: Medical assistance at accident site,432554.05,4586337.91,2.191725172,41.423923661
2023S006525    ,9,Sant Andreu,61,la Sagrera,39709,Berenguer de Palou,0039 0041,Saturday,2023,11,November,4,Night,2,No és causa del  vianant,Car,Woman,32,Driver,Desconegut                                                                                                                                            ,Unknown,Oci i entreteniment,Minor injury: Medical assistance at accident site,432554.05,4586337.91,2.191725172,41.423923661
2023S006526    ,3,Sants-Montjuïc,16,la Bordeta,89707,Constitució,0033X0033X,Saturday,2023,11,November,4,Night,2,No és causa del  vianant,Motorcycle,Man,41,Driver,Desconegut                                                                                                                                            ,Unknown,Oci i entreteniment,Minor injury: Hospitalization up to 24 hours,427949.35,4580391.97,2.13733276,41.36997092
2023S006527    ,4,Les Corts,19,les Corts,278302,Reina Maria Cristina,9997 9997,Saturday,2023,11,November,4,Night,5,No és causa del  vianant,Taxi,Woman,39,Passenger,Desconegut                                                                                                                                            ,Unknown,Unknown,Minor injury: Hospitalization up to 24 hours,427207.0,4582445.17,2.128210374,41.38839647
2023S006527    ,4,Les Corts,19,les Corts,278302,Reina Maria Cristina,9997 9997,Saturday,2023,11,November,4,Night,5,No és causa del  vianant,Taxi,Woman,8,Passenger,Desconegut                                                                                                                                            ,Unknown,Unknown,Minor injury: Hospitalization up to 24 hours,427207.0,4582445.17,2.128210374,41.38839647
2023S006527    ,4,Les Corts,19,les Corts,278302,Reina Maria Cristina,9997 9997,Saturday,2023,11,November,4,Night,5,No és causa del  vianant,Taxi,Man,39,Passenger,Desconegut                                                                                                                                            ,Unknown,Unknown,Minor injury: Hospitalization up to 24 hours,427207.0,4582445.17,2.128210374,41.38839647
2023S006527    ,4,Les Corts,19,les Corts,278302,Reina Maria Cristina,9997 9997,Saturday,2023,11,November,4,Night,5,No és causa del  vianant,Taxi,Man,4,Passenger,Desconegut                                                                                                                                            ,Unknown,Unknown,Minor injury: Hospitalization up to 24 hours,427207.0,4582445.17,2.128210374,41.38839647
2023S006527    ,4,Les Corts,19,les Corts,278302,Reina Maria Cristina,9997 9997,Saturday,2023,11,November,4,Night,5,No és causa del  vianant,Car,Man,45,Driver,Desconegut                                                                                                                                            ,Unknown,En missió,Minor injury: Hospitalization up to 24 hours,427207.0,4582445.17,2.128210374,41.38839647
2023S006527    ,4,Les Corts,19,les Corts,278302,Reina Maria Cristina,9997 9997,Saturday,2023,11,November,4,Night,5,No és causa del  vianant,Taxi,Man,55,Driver,Desconegut                                                                                                                                            ,Unknown,Taxi,Minor injury: Hospitalization up to 24 hours,427207.0,4582445.17,2.128210374,41.38839647
2023S006528    ,4,Les Corts,19,les Corts,343903,Corts,0183 0183,Friday,2023,11,November,3,Afternoon,14,No és causa del  vianant,Motorcycle,Woman,37,Driver,Desconegut                                                                                                                                            ,Unknown,Unknown,Minor injury: Medical assistance at accident site,427274.86,4581827.27,2.129096158,41.38283743
2023S006529    ,8,Nou Barris,53,la Trinitat Nova,701267,Dalt (Besòs),001550000,Friday,2023,11,November,3,Afternoon,19,No és causa del  vianant,Car,Woman,52,Passenger,Desconegut                                                                                                                                            ,Unknown,Unknown,Minor injury: Hospitalization up to 24 hours,432217.32,4588883.98,2.187410054,41.4468269
2023S006529    ,8,Nou Barris,53,la Trinitat Nova,701267,Dalt (Besòs),001550000,Friday,2023,11,November,3,Afternoon,19,No és causa del  vianant,Car,Woman,80,Passenger,Desconegut                                                                                                                                            ,Unknown,Unknown,Minor injury: Hospitalization up to 24 hours,432217.32,4588883.98,2.187410054,41.4468269
2023S006529    ,8,Nou Barris,53,la Trinitat Nova,701267,Dalt (Besòs),001550000,Friday,2023,11,November,3,Afternoon,19,No és causa del  vianant,Car,Woman,48,Driver,Desconegut                                                                                                                                            ,Unknown,Unknown,Minor injury: Hospitalization up to 24 hours,432217.32,4588883.98,2.187410054,41.4468269
2023S006529    ,8,Nou Barris,53,la Trinitat Nova,701267,Dalt (Besòs),001550000,Friday,2023,11,November,3,Afternoon,19,No és causa del  vianant,Car,Man,22,Driver,Desconegut                                                                                                                                            ,Unknown,Unknown,Minor injury: Hospitalization up to 24 hours,432217.32,4588883.98,2.187410054,41.4468269
2023S006529    ,8,Nou Barris,53,la Trinitat Nova,701267,Dalt (Besòs),001550000,Friday,2023,11,November,3,Afternoon,19,No és causa del  vianant,Car,Man,47,Driver,Desconegut                                                                                                                                            ,Unknown,Unknown,Minor injury: Hospitalization up to 24 hours,432217.32,4588883.98,2.187410054,41.4468269
2023S006530    ,2,Eixample,9,la Nova Esquerra de l'Eixample,162002,Josep Tarradellas,0062 0062,Friday,2023,11,November,3,Afternoon,19,No és causa del  vianant,Ciclomotor,Man,53,Driver,Desconegut                                                                                                                                            ,Unknown,Unknown,Minor injury: Hospitalization up to 24 hours,428409.41,4582129.0,2.142628031,41.385656815
2023S006531    ,3,Sants-Montjuïc,18,Sants,231502,Numància,0039 0041,Tuesday,2023,10,October,31,Morning,9,No és causa del  vianant,Car,Woman,41,Driver,Desconegut                                                                                                                                            ,Unknown,Oci i entreteniment,Minor injury: Hospitalization up to 24 hours,428138.43,4581805.31,2.13942578,41.382717284
2023S006532    ,9,Sant Andreu,63,Navas,121402,Felip II,0049 0049,Saturday,2023,11,November,4,Morning,10,No és causa del  vianant,Veh. mobilitat personal amb motor,Woman,69,Pedestrian,En pas regulat per semàfor                                                                                                                            ,Unknown,Unknown,Minor injury: Hospitalization up to 24 hours,432327.94,4585764.31,2.189083714,41.418738399
2023S006533    ,7,Horta-Guinardó,41,la Vall d'Hebron,701268,Dalt (Llobregat),001100000,Saturday,2023,11,November,4,Morning,12,No és causa del  vianant,Car,Woman,30,Passenger,Desconegut                                                                                                                                            ,Unknown,Unknown,Minor injury: Refused medical assistance,428543.18,4586839.61,2.143671306,41.428095331
2023S006533    ,7,Horta-Guinardó,41,la Vall d'Hebron,701268,Dalt (Llobregat),001100000,Saturday,2023,11,November,4,Morning,12,No és causa del  vianant,Car,Man,32,Driver,Desconegut                                                                                                                                            ,Unknown,Unknown,Minor injury: Refused medical assistance,428543.18,4586839.61,2.143671306,41.428095331
2023S006535    ,6,Gràcia,30,la Salut,344000,Dalt,0060 0060,Saturday,2023,11,November,4,Afternoon,15,No és causa del  vianant,Motorcycle,Man,35,Driver,Desconegut                                                                                                                                            ,Unknown,En missió,Minor injury: Medical assistance at accident site,429512.89,4584781.74,2.155515652,41.409646612
2023S006536    ,2,Eixample,7,la Dreta de l'Eixample,144601,Diagonal,0353 0353,Saturday,2023,11,November,4,Afternoon,15,No és causa del  vianant,Motorcycle,Woman,40,Driver,Desconegut                                                                                                                                            ,Unknown,Oci i entreteniment,Minor injury: Hospitalization up to 24 hours,430278.77,4583465.06,2.164830013,41.397854559
2023S006537    ,2,Eixample,9,la Nova Esquerra de l'Eixample,191204,Mallorca,0083 0085,Saturday,2023,11,November,4,Afternoon,18,No és causa del  vianant,Motorcycle,Man,40,Driver,Desconegut                                                                                                                                            ,Unknown,Oci i entreteniment,Minor injury: Hospitalization up to 24 hours,429111.09,4582080.84,2.151025111,41.385285227
2023S006538    ,2,Eixample,6,la Sagrada Família,289105,Rosselló,0356 0358,Saturday,2023,11,November,4,Afternoon,17,No és causa del  vianant,Motorcycle,Man,47,Driver,Desconegut                                                                                                                                            ,Unknown,Oci i entreteniment,Minor injury: Hospitalization up to 24 hours,430793.62,4584087.64,2.170917114,41.403506438
2023S006539    ,2,Eixample,8,l'Antiga Esquerra de l'Eixample,100800,Diputació,0189 0189,Saturday,2023,11,November,4,Afternoon,20,Desobeir el senyal del semàfor,Bicicleta,Woman,54,Pedestrian,En pas regulat per semàfor                                                                                                                            ,Unknown,Unknown,Minor injury: Medical assistance at accident site,429887.54,4582093.8,2.160309201,41.385470037
2023S006539    ,2,Eixample,8,l'Antiga Esquerra de l'Eixample,100800,Diputació,0189 0189,Saturday,2023,11,November,4,Afternoon,20,Desobeir el senyal del semàfor,Bicicleta,Man,38,Driver,En pas regulat per semàfor                                                                                                                            ,Unknown,Unknown,Minor injury: Hospitalization up to 24 hours,429887.54,4582093.8,2.160309201,41.385470037
2023S006540    ,2,Eixample,7,la Dreta de l'Eixample,71600,Casp,0047 0047,Saturday,2023,11,November,4,Afternoon,15,No és causa del  vianant,Ciclomotor,Man,49,Driver,Desconegut                                                                                                                                            ,Unknown,Oci i entreteniment,Minor injury: Hospitalization up to 24 hours,431085.84,4582832.69,2.174555689,41.392228606
2023S006541    ,3,Sants-Montjuïc,17,Sants - Badal,166003,Jaume Roig,0045 0045,Saturday,2023,11,November,4,Afternoon,19,No és causa del  vianant,Bus,Woman,32,Passenger,Desconegut                                                                                                                                            ,Unknown,Unknown,Minor injury: Medical assistance at accident site,426948.76,4581205.82,2.125271446,41.377210716
2023S006541    ,3,Sants-Montjuïc,17,Sants - Badal,166003,Jaume Roig,0045 0045,Saturday,2023,11,November,4,Afternoon,19,No és causa del  vianant,Bus,Woman,34,Passenger,Desconegut                                                                                                                                            ,Unknown,Unknown,Minor injury: Hospitalization up to 24 hours,426948.76,4581205.82,2.125271446,41.377210716
2023S006542    ,10,Sant Martí,65,el Clot,18505,Aragó,0647 0649,Sunday,2023,11,November,5,Night,2,No és causa del  vianant,Motorcycle,Man,46,Driver,Desconegut                                                                                                                                            ,Unknown,Oci i entreteniment,Minor injury: Medical assistance at accident site,432452.27,4585012.66,2.190655333,41.41197898
2023S006543    ,5,Sarrià-Sant Gervasi,24,les Tres Torres,357103,Vergós,0045 0045,Sunday,2023,11,November,5,Night,0,No és causa del  vianant,Motorcycle,Woman,45,Driver,Desconegut                                                                                                                                            ,Unknown,Unknown,Minor injury: Medical assistance at accident site,427047.2,4583369.73,2.126187818,41.396709116
2023S006544    ,7,Horta-Guinardó,41,la Vall d'Hebron,701268,Dalt (Llobregat),001130000,Saturday,2023,11,November,4,Night,23,No és causa del  vianant,Car,Man,38,Driver,Desconegut                                                                                                                                            ,Unknown,Oci i entreteniment,Minor injury: Hospitalization up to 24 hours,428677.38,4587217.83,2.145232607,41.431513732
2023S006546    ,2,Eixample,8,l'Antiga Esquerra de l'Eixample,245802,París,0169 0169,Thursday,2023,11,November,2,Night,22,No és causa del  vianant,Motorcycle,Man,57,Driver,Desconegut                                                                                                                                            ,Unknown,Unknown,Minor injury: Medical assistance at accident site,429173.98,4582876.38,2.151684146,41.392455923
2023S006547    ,10,Sant Martí,68,el Poblenou,701265,Litoral (Besòs),000760000,Sunday,2023,11,November,5,Morning,6,No és causa del  vianant,Car,Woman,25,Passenger,Desconegut                                                                                                                                            ,Unknown,Unknown,Minor injury: Refused medical assistance,433600.12,4582986.31,2.204610681,41.393823857
2023S006547    ,10,Sant Martí,68,el Poblenou,701265,Litoral (Besòs),000760000,Sunday,2023,11,November,5,Morning,6,No és causa del  vianant,Car,Man,66,Driver,Desconegut                                                                                                                                            ,Unknown,Oci i entreteniment,Minor injury: Refused medical assistance,433600.12,4582986.31,2.204610681,41.393823857
2023S006547    ,10,Sant Martí,68,el Poblenou,701265,Litoral (Besòs),000760000,Sunday,2023,11,November,5,Morning,6,No és causa del  vianant,Car,Man,35,Driver,Desconegut                                                                                                                                            ,Unknown,Taxi,Minor injury: Hospitalization up to 24 hours,433600.12,4582986.31,2.204610681,41.393823857
2023S006548    ,3,Sants-Montjuïc,13,la Marina de Port,169409,Corts Catalanes,0134 0138,Sunday,2023,11,November,5,Night,0,No és causa del  vianant,Car,Woman,40,Passenger,Desconegut                                                                                                                                            ,Unknown,Unknown,Minor injury: Hospitalization up to 24 hours,427857.18,4579829.6,2.1362977,41.364897589
2023S006548    ,3,Sants-Montjuïc,13,la Marina de Port,169409,Corts Catalanes,0134 0138,Sunday,2023,11,November,5,Night,0,No és causa del  vianant,Car,Woman,43,Passenger,Desconegut                                                                                                                                            ,Unknown,Unknown,Minor injury: Hospitalization up to 24 hours,427857.18,4579829.6,2.1362977,41.364897589
2023S006548    ,3,Sants-Montjuïc,13,la Marina de Port,169409,Corts Catalanes,0134 0138,Sunday,2023,11,November,5,Night,0,No és causa del  vianant,Car,Man,39,Passenger,Desconegut                                                                                                                                            ,Unknown,Unknown,Minor injury: Hospitalization up to 24 hours,427857.18,4579829.6,2.1362977,41.364897589
2023S006548    ,3,Sants-Montjuïc,13,la Marina de Port,169409,Corts Catalanes,0134 0138,Sunday,2023,11,November,5,Night,0,No és causa del  vianant,Car,Woman,46,Driver,Desconegut                                                                                                                                            ,Unknown,Oci i entreteniment,Minor injury: Hospitalization up to 24 hours,427857.18,4579829.6,2.1362977,41.364897589
2023S006552    ,4,Les Corts,20,la Maternitat i Sant Ramon,282252,Blanca,0001 0003,Sunday,2023,11,November,5,Afternoon,14,Desobeir el senyal del semàfor,Veh. mobilitat personal amb motor,Woman,76,Pedestrian,En pas regulat per semàfor                                                                                                                            ,Oci i entreteniment,Unknown,Minor injury: Hospitalization up to 24 hours,426626.85,4581292.09,2.121411776,41.377958412
2023S006552    ,4,Les Corts,20,la Maternitat i Sant Ramon,282252,Blanca,0001 0003,Sunday,2023,11,November,5,Afternoon,14,Desobeir el senyal del semàfor,Veh. mobilitat personal amb motor,Woman,46,Driver,En pas regulat per semàfor                                                                                                                            ,Unknown,Oci i entreteniment,Minor injury: Hospitalization up to 24 hours,426626.85,4581292.09,2.121411776,41.377958412
2023S006553    ,8,Nou Barris,49,Canyelles,701267,Dalt (Besòs),001400000,Sunday,2023,11,November,5,Morning,13,No és causa del  vianant,Motorcycle,Man,17,Passenger,Desconegut                                                                                                                                            ,Unknown,Unknown,Minor injury: Hospitalization up to 24 hours,430808.39,4588463.43,2.170592827,41.442918895
2023S006553    ,8,Nou Barris,49,Canyelles,701267,Dalt (Besòs),001400000,Sunday,2023,11,November,5,Morning,13,No és causa del  vianant,Motorcycle,Man,17,Driver,Desconegut                                                                                                                                            ,Unknown,Oci i entreteniment,Minor injury: Hospitalization up to 24 hours,430808.39,4588463.43,2.170592827,41.442918895
2023S006554    ,8,Nou Barris,45,Porta,256401,Pintor Alsamora,0001 0001,Sunday,2023,11,November,5,Afternoon,14,No és causa del  vianant,Car,Woman,35,Passenger,Desconegut                                                                                                                                            ,Unknown,Unknown,Minor injury: Hospitalization up to 24 hours,431788.2,4587509.78,2.182428552,41.4344136
2023S006554    ,8,Nou Barris,45,Porta,256401,Pintor Alsamora,0001 0001,Sunday,2023,11,November,5,Afternoon,14,No és causa del  vianant,Car,Man,35,Driver,Desconegut                                                                                                                                            ,Unknown,Oci i entreteniment,Minor injury: Refused medical assistance,431788.2,4587509.78,2.182428552,41.4344136
2023S006555    ,10,Sant Martí,67,la Vila Olímpica del Poblenou,367504,Doctor Trueta,0022 0030,Sunday,2023,11,November,5,Afternoon,17,No és causa del  vianant,Motorcycle,Woman,39,Driver,Desconegut                                                                                                                                            ,Unknown,Oci i entreteniment,Minor injury: Medical assistance at accident site,432592.28,4582626.29,2.19259629,41.390497358
2023S006556    ,10,Sant Martí,65,el Clot,161101,Independència,0265 0265,Sunday,2023,11,November,5,Afternoon,18,Desobeir el senyal del semàfor,Motorcycle,Man,55,Pedestrian,En pas regulat per semàfor                                                                                                                            ,Unknown,Unknown,Minor injury: Hospitalization up to 24 hours,431961.38,4584443.97,2.184846297,41.40681553
2023S006556    ,10,Sant Martí,65,el Clot,161101,Independència,0265 0265,Sunday,2023,11,November,5,Afternoon,18,Desobeir el senyal del semàfor,Motorcycle,Man,35,Driver,En pas regulat per semàfor                                                                                                                            ,Unknown,Unknown,Minor injury: Medical assistance at accident site,431961.38,4584443.97,2.184846297,41.40681553
2023S006558    ,2,Eixample,8,l'Antiga Esquerra de l'Eixample,245802,París,0130 0130,Sunday,2023,11,November,5,Afternoon,17,No és causa del  vianant,Motorcycle,Woman,65,Passenger,Desconegut                                                                                                                                            ,Unknown,Unknown,Minor injury: Medical assistance at accident site,428983.64,4582689.63,2.149429527,41.390757138
2023S006558    ,2,Eixample,8,l'Antiga Esquerra de l'Eixample,245802,París,0130 0130,Sunday,2023,11,November,5,Afternoon,17,No és causa del  vianant,Motorcycle,Man,64,Driver,Desconegut                                                                                                                                            ,Unknown,Oci i entreteniment,Minor injury: Medical assistance at accident site,428983.64,4582689.63,2.149429527,41.390757138
2023S006559    ,2,Eixample,5,el Fort Pienc,169409,Corts Catalanes,0753B0753B,Sunday,2023,11,November,5,Afternoon,21,No és causa del  vianant,Car,Man,22,Passenger,Desconegut                                                                                                                                            ,Unknown,Unknown,Minor injury: Hospitalization up to 24 hours,431843.45,4583785.44,2.183509686,41.40087435
2023S006559    ,2,Eixample,5,el Fort Pienc,169409,Corts Catalanes,0753B0753B,Sunday,2023,11,November,5,Afternoon,21,No és causa del  vianant,Car,Man,22,Driver,Desconegut                                                                                                                                            ,Unknown,Unknown,Minor injury: Hospitalization up to 24 hours,431843.45,4583785.44,2.183509686,41.40087435
2023S006560    ,1,Ciutat Vella,2,el Barri Gòtic,34308,Rambla,0074 0074,Monday,2023,11,November,6,Night,3,No és causa del  vianant,Veh. mobilitat personal amb motor,Man,37,Driver,Desconegut                                                                                                                                            ,Unknown,Oci i entreteniment,Minor injury: Hospitalization up to 24 hours,431001.46,4581584.33,2.173688733,41.380977753
2023S006562    ,5,Sarrià-Sant Gervasi,25,Sant Gervasi - la Bonanova,128503,Folgueroles,0013 0013,Monday,2023,11,November,6,Morning,7,No és causa del  vianant,Motorcycle,Man,69,Driver,Desconegut                                                                                                                                            ,Unknown,In itínere,Minor injury: Hospitalization up to 24 hours,427845.45,4584650.51,2.135582977,41.408316643
2023S006563    ,9,Sant Andreu,59,el Bon Pastor,701265,Litoral (Besòs),000080000,Monday,2023,11,November,6,Morning,8,No és causa del  vianant,Motorcycle,Man,26,Driver,Desconegut                                                                                                                                            ,Unknown,In itínere,Minor injury: Medical assistance at accident site,433694.47,4588647.61,2.205118172,41.444821434
2023S006564    ,10,Sant Martí,70,el Besòs i el Maresme,310201,Sant Ramon de Penyafort,0001X0001X,Monday,2023,11,November,6,Morning,7,No és causa del  vianant,Ciclomotor,Man,29,Driver,Desconegut                                                                                                                                            ,Unknown,In itínere,Minor injury: Hospitalization up to 24 hours,434942.85,4585182.09,2.220434622,41.413710581
2023S006565    ,9,Sant Andreu,57,la Trinitat Vella,701497,B-10 (Llobregat),000020000,Monday,2023,11,November,6,Morning,9,No és causa del  vianant,Motorcycle,Man,24,Driver,Desconegut                                                                                                                                            ,Unknown,Unknown,Minor injury: Hospitalization up to 24 hours,432733.6,4589151.61,2.193560321,41.449280805
2023S006566    ,10,Sant Martí,66,el Parc i la Llacuna del Poblenou,330107,Tànger,0031 0033,Monday,2023,11,November,6,Morning,11,No és causa del  vianant,Furgoneta,Man,39,Driver,Desconegut                                                                                                                                            ,Unknown,En missió,Minor injury: Hospitalization up to 24 hours,432348.34,4583709.18,2.189557698,41.400230163
2023S006567    ,7,Horta-Guinardó,37,el Carmel,324002,Serrallonga,0016 0016,Monday,2023,11,November,6,Morning,11,No és causa del  vianant,Motorcycle,Woman,46,Passenger,Desconegut                                                                                                                                            ,Unknown,Unknown,Minor injury: Medical assistance at accident site,429456.07,4586738.45,2.154607548,41.427264958
2023S006567    ,7,Horta-Guinardó,37,el Carmel,324002,Serrallonga,0016 0016,Monday,2023,11,November,6,Morning,11,No és causa del  vianant,Motorcycle,Man,51,Driver,Desconegut                                                                                                                                            ,Unknown,Unknown,Minor injury: Medical assistance at accident site,429456.07,4586738.45,2.154607548,41.427264958