Case_Number,District_Code,District_Name,Neighborhood_Code,Neighborhood_Name,Street_Code,Street_Name,Postal_Code,Day_of_Week,Year,Month_Code,Month_Name,Day_of_Month,Shift_Description,Hour_of_Day,Pedestrian_Cause_Description,Involved_Vehicle_Type,Gender_Description,Age,Person_Type_Description,Pedestrian_Accident_Location_Description,Pedestrian_Movement_Reason_Description,Driver_Movement_Reason_Description,Victimization_Description,UTM_X_Coordinate,UTM_Y_Coordinate,Longitude,Latitude
2023S006707    ,3,Sants-Montjuïc,12,la Marina del Prat Vermell,180,A Zona Franca,0048X0048X,Sunday,2023,11,November,12,Morning,6,No és causa del  vianant,"Camió rígid <= 3,5 tones",Man,43,Driver,Desconegut                                                                                                                                            ,Unknown,Transport professional de mercaderies,Minor injury: Medical assistance at accident site,428020.43,4576283.26,2.138670171,41.33297144
2023S006708    ,1,Ciutat Vella,3,la Barceloneta,132908,Ramon Trias Fargas,0008S0008S,Sunday,2023,11,November,12,Morning,6,No és causa del  vianant,Car,Man,42,Driver,Desconegut                                                                                                                                            ,Unknown,Unknown,Minor injury: Hospitalization up to 24 hours,432872.32,4582231.56,2.195989364,41.386965556
2023S006711    ,9,Sant Andreu,61,la Sagrera,292507,Gran de la Sagrera,0098 0100,Sunday,2023,11,November,12,Morning,11,No és causa del  vianant,Taxi,Woman,89,Passenger,Desconegut                                                                                                                                            ,Unknown,Unknown,Minor injury: Hospitalization up to 24 hours,432500.73,4586340.68,2.191086824,41.423944129
2023S006712    ,1,Ciutat Vella,4,"Sant Pere, Santa Caterina i la Ribera",232902,Urquinaona,0009 0009,Sunday,2023,11,November,12,Morning,12,No és causa del  vianant,Bicicleta,Woman,31,Driver,Desconegut                                                                                                                                            ,Unknown,Unknown,Minor injury: Hospitalization up to 24 hours,431013.3,4582469.71,2.17372945,41.388953131
2023S006713    ,9,Sant Andreu,60,Sant Andreu,295709,Sant Adrià,0031 0035,Sunday,2023,11,November,12,Morning,13,Creuar per fora pas de vianants,Veh. mobilitat personal amb motor,Man,80,Pedestrian,Fora del pas                                                                                                                                          ,Unknown,Unknown,Minor injury: Hospitalization up to 24 hours,432689.96,4587514.73,2.193220393,41.434534314
2023S006714    ,2,Eixample,8,l'Antiga Esquerra de l'Eixample,350308,València,0200 0200,Sunday,2023,11,November,12,Afternoon,15,No és causa del  vianant,Motorcycle,Woman,38,Driver,Desconegut                                                                                                                                            ,Unknown,Unknown,Minor injury: Hospitalization up to 24 hours,429697.75,4582438.53,2.157999462,41.388558334
2023S006715    ,8,Nou Barris,49,Canyelles,701267,Dalt (Besòs),001330000,Sunday,2023,11,November,12,Afternoon,14,No és causa del  vianant,Motorcycle,Woman,34,Driver,Desconegut                                                                                                                                            ,Unknown,Unknown,Minor injury: Hospitalization up to 24 hours,430175.9,4588166.18,2.16305653,41.440186894
2023S006716    ,10,Sant Martí,64,el Camp de l'Arpa del Clot,18505,Aragó,0605 0605,Sunday,2023,11,November,12,Afternoon,14,No és causa del  vianant,Veh. mobilitat personal amb motor,Woman,71,Pedestrian,En pas regulat per semàfor                                                                                                                            ,Unknown,Unknown,Minor injury: Hospitalization up to 24 hours,432131.07,4584631.66,2.186855248,41.408520352
2023S006717    ,7,Horta-Guinardó,39,Sant Genís dels Agudells,148409,Sant Cugat,0152 0152,Sunday,2023,11,November,12,Afternoon,17,No és causa del  vianant,Motorcycle,Man,23,Driver,Desconegut                                                                                                                                            ,Unknown,Oci i entreteniment,Minor injury: Hospitalization up to 24 hours,427396.04,4586617.84,2.129970345,41.425995028
2023S006718    ,7,Horta-Guinardó,39,Sant Genís dels Agudells,148409,Sant Cugat,000110000,Sunday,2023,11,November,12,Afternoon,18,No és causa del  vianant,Motorcycle,Man,25,Driver,Desconegut                                                                                                                                            ,Unknown,Unknown,Minor injury: Hospitalization up to 24 hours,427897.44,4586372.26,2.135999612,41.423828381
2023S006719    ,8,Nou Barris,49,Canyelles,701267,Dalt (Besòs),001330000,Sunday,2023,11,November,12,Afternoon,21,No és causa del  vianant,Car,Woman,32,Passenger,Desconegut                                                                                                                                            ,Unknown,Unknown,Minor injury: Medical assistance at accident site,430337.72,4588274.45,2.164980883,41.441176103
2023S006719    ,8,Nou Barris,49,Canyelles,701267,Dalt (Besòs),001330000,Sunday,2023,11,November,12,Afternoon,21,No és causa del  vianant,Car,Woman,57,Passenger,Desconegut                                                                                                                                            ,Unknown,Unknown,Minor injury: Hospitalization up to 24 hours,430337.72,4588274.45,2.164980883,41.441176103
2023S006719    ,8,Nou Barris,49,Canyelles,701267,Dalt (Besòs),001330000,Sunday,2023,11,November,12,Afternoon,21,No és causa del  vianant,Car,Man,67,Passenger,Desconegut                                                                                                                                            ,Unknown,Unknown,Minor injury: Medical assistance at accident site,430337.72,4588274.45,2.164980883,41.441176103
2023S006719    ,8,Nou Barris,49,Canyelles,701267,Dalt (Besòs),001330000,Sunday,2023,11,November,12,Afternoon,21,No és causa del  vianant,Car,Woman,37,Driver,Desconegut                                                                                                                                            ,Unknown,Unknown,Minor injury: Medical assistance at accident site,430337.72,4588274.45,2.164980883,41.441176103
2023S006720    ,1,Ciutat Vella,4,"Sant Pere, Santa Caterina i la Ribera",240707,Palau,0001 0001,Sunday,2023,11,November,12,Afternoon,21,No és causa del  vianant,Veh. mobilitat personal amb motor,Man,15,Driver,Desconegut                                                                                                                                            ,Unknown,Unknown,Minor injury: Hospitalization up to 24 hours,431752.93,4581805.54,2.182650117,41.383034263
2023S006722    ,9,Sant Andreu,59,el Bon Pastor,123306,Ferran Junoy,0030 0042,Sunday,2023,11,November,12,Night,22,No és causa del  vianant,Car,Woman,33,Passenger,Desconegut                                                                                                                                            ,Unknown,Unknown,Minor injury: Refused medical assistance,433134.78,4588203.71,2.198467796,41.440776921
2023S006722    ,9,Sant Andreu,59,el Bon Pastor,123306,Ferran Junoy,0030 0042,Sunday,2023,11,November,12,Night,22,No és causa del  vianant,Ciclomotor,Man,30,Driver,Desconegut                                                                                                                                            ,Unknown,Unknown,Minor injury: Hospitalization up to 24 hours,433134.78,4588203.71,2.198467796,41.440776921
2023S006722    ,9,Sant Andreu,59,el Bon Pastor,123306,Ferran Junoy,0030 0042,Sunday,2023,11,November,12,Night,22,No és causa del  vianant,Car,Man,25,Driver,Desconegut                                                                                                                                            ,Unknown,Oci i entreteniment,Minor injury: Refused medical assistance,433134.78,4588203.71,2.198467796,41.440776921
2023S006724    ,2,Eixample,10,Sant Antoni,349706,Comte d'Urgell,0002 0002,Sunday,2023,11,November,12,Night,23,No és causa del  vianant,Motorcycle,Man,30,Driver,Desconegut                                                                                                                                            ,Unknown,In itínere,Minor injury: Hospitalization up to 24 hours,430089.53,4581389.56,2.162806111,41.379144755
2023S006726    ,1,Ciutat Vella,3,la Barceloneta,701266,Litoral (Llobregat),000990000,Saturday,2023,11,November,11,Morning,10,No és causa del  vianant,Bicicleta,Man,68,Driver,Desconegut                                                                                                                                            ,Unknown,Unknown,Minor injury: Medical assistance at accident site,432177.35,4581332.41,2.187778614,41.378808812
2023S006727    ,2,Eixample,7,la Dreta de l'Eixample,268003,Provença,0352 0352,Monday,2023,11,November,13,Morning,10,No és causa del  vianant,Bicicleta,Woman,35,Driver,Desconegut                                                                                                                                            ,Unknown,Altres activitats,Minor injury: Medical assistance at accident site,430503.69,4583618.92,2.167502693,41.399259807
2023S006727    ,2,Eixample,7,la Dreta de l'Eixample,268003,Provença,0352 0352,Monday,2023,11,November,13,Morning,10,No és causa del  vianant,Bicicleta,Woman,41,Driver,Desconegut                                                                                                                                            ,Unknown,Altres activitats,Minor injury: Medical assistance at accident site,430503.69,4583618.92,2.167502693,41.399259807
2023S006728    ,4,Les Corts,20,la Maternitat i Sant Ramon,65200,Cardenal Reig,0028 0028,Monday,2023,11,November,13,Morning,11,No és causa del  vianant,Motorcycle,Man,48,Driver,Desconegut                                                                                                                                            ,Unknown,En missió,Minor injury: Refused medical assistance,426195.52,4581305.88,2.11625244,41.378043146
2023S006729    ,5,Sarrià-Sant Gervasi,26,Sant Gervasi - Galvany,143904,General Mitre,0104 0106,Monday,2023,11,November,13,Morning,11,No és causa del  vianant,Motorcycle,Man,22,Driver,Desconegut                                                                                                                                            ,Unknown,Unknown,Minor injury: Hospitalization up to 24 hours,427885.76,4583831.86,2.136162802,41.400947016
2023S006730    ,7,Horta-Guinardó,43,Horta,185700,Llobregós,0026 0026,Friday,2023,9,September,29,Morning,11,No és causa del  vianant,Car,Man,53,Driver,Desconegut                                                                                                                                            ,Unknown,Unknown,Minor injury: Hospitalization up to 24 hours,430098.83,4586747.59,2.162298232,41.4274035
2023S006731    ,2,Eixample,10,Sant Antoni,323203,Sepúlveda,0091 0091,Monday,2023,11,November,13,Morning,12,No és causa del  vianant,Motorcycle,Man,66,Driver,Desconegut                                                                                                                                            ,Unknown,Altres activitats,Minor injury: Medical assistance at accident site,429650.92,4581430.44,2.157556503,41.379474699
2023S006732    ,7,Horta-Guinardó,41,la Vall d'Hebron,700823,Coll i Alentorn,0010 0012,Monday,2023,11,November,13,Morning,13,No és causa del  vianant,Veh. mobilitat personal amb motor,Man,15,Driver,Desconegut                                                                                                                                            ,Unknown,Unknown,Minor injury: Hospitalization up to 24 hours,428502.76,4586462.1,2.143232272,41.42469166
2023S006733    ,3,Sants-Montjuïc,14,la Font de la Guatlla,169409,Corts Catalanes,0302 0302,Monday,2023,11,November,13,Afternoon,14,No és causa del  vianant,Motorcycle,Man,41,Driver,Desconegut                                                                                                                                            ,Unknown,Unknown,Minor injury: Hospitalization up to 24 hours,428694.98,4580660.99,2.146215993,41.37246033
2023S006734    ,5,Sarrià-Sant Gervasi,27,el Putxet i el Farró,302000,Sant Gervasi,0042 0042,Tuesday,2023,9,September,26,Morning,13,No és causa del  vianant,Motorcycle,Man,38,Driver,Desconegut                                                                                                                                            ,Unknown,Unknown,Minor injury: Hospitalization up to 24 hours,427970.87,4584863.31,2.137058057,41.410244499
2023S006735    ,2,Eixample,8,l'Antiga Esquerra de l'Eixample,18505,Aragó,0183 0183,Monday,2023,11,November,13,Afternoon,15,No és causa del  vianant,Motorcycle,Man,22,Driver,Desconegut                                                                                                                                            ,Unknown,Unknown,Minor injury: Hospitalization up to 24 hours,429735.29,4582301.52,2.158464328,41.387327612
2023S006736    ,7,Horta-Guinardó,39,Sant Genís dels Agudells,93001,Costa Pacheco,0010 0010,Monday,2023,11,November,13,Afternoon,14,No és causa del  vianant,Motorcycle,Man,27,Driver,Desconegut                                                                                                                                            ,Unknown,Unknown,Minor injury: Refused medical assistance,427602.44,4586885.87,2.132408101,41.428427691
2023S006737    ,1,Ciutat Vella,4,"Sant Pere, Santa Caterina i la Ribera",177101,Laietana,0048 0048,Monday,2023,11,November,13,Afternoon,15,No és causa del  vianant,Bicicleta,Man,20,Driver,Desconegut                                                                                                                                            ,Unknown,Oci i entreteniment,Minor injury: Medical assistance at accident site,431147.83,4582212.5,2.175367646,41.386648049
2023S006738    ,3,Sants-Montjuïc,12,la Marina del Prat Vermell,701265,Litoral (Besòs),001490000,Monday,2023,11,November,13,Afternoon,18,No és causa del  vianant,Motorcycle,Man,37,Driver,Desconegut                                                                                                                                            ,Unknown,Unknown,Minor injury: Hospitalization up to 24 hours,428568.96,4577976.12,2.145025537,41.348267377
2023S006739    ,3,Sants-Montjuïc,12,la Marina del Prat Vermell,180,A Zona Franca,9999 9999,Monday,2023,11,November,13,Afternoon,18,No és causa del  vianant,Furgoneta,Woman,23,Passenger,Desconegut                                                                                                                                            ,Unknown,Unknown,Minor injury: Hospitalization up to 24 hours,428494.0,4577865.99,2.144142579,41.347268814
2023S006739    ,3,Sants-Montjuïc,12,la Marina del Prat Vermell,180,A Zona Franca,9999 9999,Monday,2023,11,November,13,Afternoon,18,No és causa del  vianant,Furgoneta,Man,23,Passenger,Desconegut                                                                                                                                            ,Unknown,Unknown,Minor injury: Hospitalization up to 24 hours,428494.0,4577865.99,2.144142579,41.347268814
2023S006739    ,3,Sants-Montjuïc,12,la Marina del Prat Vermell,180,A Zona Franca,9999 9999,Monday,2023,11,November,13,Afternoon,18,No és causa del  vianant,Car,Woman,48,Passenger,Desconegut                                                                                                                                            ,Unknown,Unknown,Minor injury: Hospitalization up to 24 hours,428494.0,4577865.99,2.144142579,41.347268814
2023S006739    ,3,Sants-Montjuïc,12,la Marina del Prat Vermell,180,A Zona Franca,9999 9999,Monday,2023,11,November,13,Afternoon,18,No és causa del  vianant,Car,Man,7,Passenger,Desconegut                                                                                                                                            ,Unknown,Unknown,Minor injury: Medical assistance at accident site,428494.0,4577865.99,2.144142579,41.347268814
2023S006739    ,3,Sants-Montjuïc,12,la Marina del Prat Vermell,180,A Zona Franca,9999 9999,Monday,2023,11,November,13,Afternoon,18,No és causa del  vianant,Car,Man,52,Driver,Desconegut                                                                                                                                            ,Unknown,Unknown,Minor injury: Hospitalization up to 24 hours,428494.0,4577865.99,2.144142579,41.347268814
2023S006741    ,5,Sarrià-Sant Gervasi,26,Sant Gervasi - Galvany,344101,Gràcia,0028 0028,Monday,2023,11,November,13,Afternoon,18,No és causa del  vianant,Motorcycle,Man,34,Driver,Desconegut                                                                                                                                            ,Unknown,Unknown,Minor injury: Refused medical assistance,428816.46,4583117.38,2.147379751,41.394594941
2023S006742    ,2,Eixample,10,Sant Antoni,169409,Corts Catalanes,0540 0542,Tuesday,2023,11,November,14,Night,5,No és causa del  vianant,Motorcycle,Man,64,Driver,Desconegut                                                                                                                                            ,Unknown,In itínere,Minor injury: Hospitalization up to 24 hours,429834.07,4581818.31,2.15970167,41.382984122
2023S006744    ,7,Horta-Guinardó,43,Horta,194406,Maragall,0421 0421,Tuesday,2023,11,November,14,Morning,9,No és causa del  vianant,Motorcycle,Man,30,Driver,Desconegut                                                                                                                                            ,Unknown,In itínere,Minor injury: Hospitalization up to 24 hours,430103.93,4586981.1,2.16233225,41.429507079
2023S006745    ,3,Sants-Montjuïc,13,la Marina de Port,369408,Zona Franca,0155B0155B,Tuesday,2023,11,November,14,Morning,10,No és causa del  vianant,Motorcycle,Man,64,Driver,Desconegut                                                                                                                                            ,Unknown,En missió,Minor injury: Hospitalization up to 24 hours,428121.58,4579179.13,2.139535787,41.359062685
2023S006747    ,5,Sarrià-Sant Gervasi,25,Sant Gervasi - la Bonanova,169500,Josep Balari,0008 0008,Tuesday,2023,11,November,14,Morning,12,No és causa del  vianant,Car,Woman,83,Pedestrian,En pas sense regular                                                                                                                                  ,Unknown,Unknown,Minor injury: Hospitalization up to 24 hours,427721.75,4583892.88,2.134193653,41.401481863
2023S006748    ,3,Sants-Montjuïc,16,la Bordeta,30602,Badal,0001 0015,Tuesday,2023,11,November,14,Morning,10,No és causa del  vianant,Bus,Woman,72,Passenger,Desconegut                                                                                                                                            ,Unknown,Unknown,Minor injury: Hospitalization up to 24 hours,427711.55,4579792.08,2.134561135,41.364546589
2023S006749    ,2,Eixample,7,la Dreta de l'Eixample,191204,Mallorca,0231 0231,Tuesday,2023,11,November,14,Morning,11,No és causa del  vianant,Motorcycle,Man,28,Driver,Desconegut                                                                                                                                            ,Unknown,Unknown,Minor injury: Hospitalization up to 24 hours,429836.05,4582774.51,2.15961454,41.391596478
2023S006750    ,3,Sants-Montjuïc,12,la Marina del Prat Vermell,106861,E Zona Franca,0038 0038,Tuesday,2023,11,November,14,Morning,13,No és causa del  vianant,Car,Man,67,Driver,Desconegut                                                                                                                                            ,Unknown,Unknown,Minor injury: Medical assistance at accident site,427010.97,4576069.69,2.126633431,41.330957045
2023S006751    ,9,Sant Andreu,59,el Bon Pastor,295709,Sant Adrià,0064 0064,Tuesday,2023,11,November,14,Afternoon,14,No és causa del  vianant,Motorcycle,Man,29,Driver,Desconegut                                                                                                                                            ,Unknown,En missió,Minor injury: Hospitalization up to 24 hours,432972.86,4587604.01,2.196596284,41.435362106
2023S006752    ,1,Ciutat Vella,1,el Raval,198804,Paral·lel,0036 0036,Tuesday,2023,11,November,14,Afternoon,14,No és causa del  vianant,Motorcycle,Man,29,Driver,Desconegut                                                                                                                                            ,Unknown,Unknown,Minor injury: Medical assistance at accident site,430955.38,4580894.89,2.173216279,41.374764205
2023S006753    ,2,Eixample,7,la Dreta de l'Eixample,350308,València,0237 0237,Tuesday,2023,11,November,14,Afternoon,14,Desobeir el senyal del semàfor,Motorcycle,Man,59,Pedestrian,En pas regulat per semàfor                                                                                                                            ,Oci i entreteniment,Unknown,Minor injury: Hospitalization up to 24 hours,430061.22,4582806.77,2.162303891,41.391906656
2023S006754    ,2,Eixample,6,la Sagrada Família,350308,València,0459 0461,Tuesday,2023,11,November,14,Afternoon,14,No és causa del  vianant,Motorcycle,Woman,40,Passenger,Desconegut                                                                                                                                            ,Unknown,Unknown,Minor injury: Hospitalization up to 24 hours,431336.76,4584073.84,2.177415952,41.403428744
2023S006754    ,2,Eixample,6,la Sagrada Família,350308,València,0459 0461,Tuesday,2023,11,November,14,Afternoon,14,No és causa del  vianant,Motorcycle,Man,47,Driver,Desconegut                                                                                                                                            ,Unknown,Unknown,Minor injury: Hospitalization up to 24 hours,431336.76,4584073.84,2.177415952,41.403428744
2023S006755    ,10,Sant Martí,64,el Camp de l'Arpa del Clot,161101,Independència,0287 0287,Tuesday,2023,11,November,14,Afternoon,15,No és causa del  vianant,Veh. mobilitat personal amb motor,Man,25,Driver,Desconegut                                                                                                                                            ,Unknown,Unknown,Minor injury: Hospitalization up to 24 hours,431785.15,4584594.16,2.182721108,41.408153302
2023S006756    ,4,Les Corts,21,Pedralbes,114509,Espasa,0001 0001,Tuesday,2023,11,November,14,Afternoon,15,No és causa del  vianant,Motorcycle,Man,27,Driver,Desconegut                                                                                                                                            ,Unknown,Oci i entreteniment,Minor injury: Hospitalization up to 24 hours,426097.09,4583334.48,2.114827855,41.396304833
2023S006757    ,2,Eixample,7,la Dreta de l'Eixample,18505,Aragó,0377 0377,Tuesday,2023,11,November,14,Afternoon,16,No és causa del  vianant,Motorcycle,Man,47,Driver,Desconegut                                                                                                                                            ,Unknown,In itínere,Minor injury: Hospitalization up to 24 hours,431022.73,4583542.25,2.173720001,41.398613983
2023S006757    ,2,Eixample,7,la Dreta de l'Eixample,18505,Aragó,0377 0377,Tuesday,2023,11,November,14,Afternoon,16,No és causa del  vianant,Motorcycle,Man,49,Driver,Desconegut                                                                                                                                            ,Unknown,In itínere,Minor injury: Hospitalization up to 24 hours,431022.73,4583542.25,2.173720001,41.398613983
2023S006758    ,2,Eixample,8,l'Antiga Esquerra de l'Eixample,363809,Villarroel,0201 0203,Tuesday,2023,11,November,14,Morning,10,No és causa del  vianant,Car,Woman,25,Pedestrian,En pas regulat per semàfor                                                                                                                            ,En missió,Unknown,Minor injury: Hospitalization up to 24 hours,429076.18,4582593.91,2.150547521,41.389903192
2023S006759    ,5,Sarrià-Sant Gervasi,26,Sant Gervasi - Galvany,223606,Muntaner,0265 0265,Tuesday,2023,11,November,14,Afternoon,18,No és causa del  vianant,Bus,Woman,50,Passenger,Desconegut                                                                                                                                            ,Unknown,Unknown,Minor injury: Hospitalization up to 24 hours,428846.82,4583196.89,2.14773353,41.395313747
2023S006760    ,3,Sants-Montjuïc,12,la Marina del Prat Vermell,701265,Litoral (Besòs),001270000,Tuesday,2023,11,November,14,Afternoon,18,No és causa del  vianant,Motorcycle,Man,33,Driver,Desconegut                                                                                                                                            ,Unknown,Unknown,Minor injury: Hospitalization up to 24 hours,430380.57,4579288.87,2.166527682,41.36024968
2023S006760    ,3,Sants-Montjuïc,12,la Marina del Prat Vermell,701265,Litoral (Besòs),001270000,Tuesday,2023,11,November,14,Afternoon,18,No és causa del  vianant,Car,Man,42,Driver,Desconegut                                                                                                                                            ,Unknown,Unknown,Minor injury: Refused medical assistance,430380.57,4579288.87,2.166527682,41.36024968
2023S006761    ,2,Eixample,10,Sant Antoni,308709,Sant Pau,0055 0057,Tuesday,2023,11,November,14,Afternoon,18,No és causa del  vianant,Motorcycle,Man,30,Driver,Desconegut                                                                                                                                            ,Unknown,Oci i entreteniment,Minor injury: Medical assistance at accident site,430241.22,4581209.27,2.164640772,41.377534109
2023S006762    ,8,Nou Barris,50,les Roquetes,120807,Favència,0167 0167,Tuesday,2023,11,November,14,Afternoon,18,No és causa del  vianant,Motorcycle,Man,11,Passenger,Desconegut                                                                                                                                            ,Unknown,Unknown,Minor injury: Hospitalization up to 24 hours,431034.18,4588634.22,2.173275946,41.444476574
2023S006763    ,3,Sants-Montjuïc,13,la Marina de Port,124706,Ferrocarrils Catalans,0071 0073,Tuesday,2023,11,November,14,Afternoon,21,No és causa del  vianant,Motorcycle,Man,37,Driver,Desconegut                                                                                                                                            ,Unknown,Altres activitats,Minor injury: Hospitalization up to 24 hours,428361.22,4579328.35,2.142382856,41.36042803
2023S006764    ,10,Sant Martí,73,la Verneda i la Pau,153205,Guipúscoa,0108 0108,Tuesday,2023,11,November,14,Afternoon,18,No és causa del  vianant,Ciclomotor,Woman,9,Passenger,Desconegut                                                                                                                                            ,Unknown,Unknown,Minor injury: Hospitalization up to 24 hours,433366.06,4585856.75,2.201494928,41.41965779
2023S006764    ,10,Sant Martí,73,la Verneda i la Pau,153205,Guipúscoa,0108 0108,Tuesday,2023,11,November,14,Afternoon,18,No és causa del  vianant,Ciclomotor,Woman,37,Driver,Desconegut                                                                                                                                            ,Unknown,Unknown,Minor injury: Refused medical assistance,433366.06,4585856.75,2.201494928,41.41965779
2023S006765    ,9,Sant Andreu,60,Sant Andreu,35800,Bartrina,0001 0003,Tuesday,2023,11,November,14,Afternoon,20,No és causa del  vianant,Furgoneta,Man,53,Pedestrian,En pas regulat per semàfor                                                                                                                            ,Unknown,Unknown,Minor injury: Hospitalization up to 24 hours,432041.6,4588093.72,2.185395566,41.439694442
2023S006765    ,9,Sant Andreu,60,Sant Andreu,35800,Bartrina,0001 0003,Tuesday,2023,11,November,14,Afternoon,20,No és causa del  vianant,Tot terreny,Man,9,Passenger,En pas regulat per semàfor                                                                                                                            ,Unknown,Unknown,Minor injury: Refused medical assistance,432041.6,4588093.72,2.185395566,41.439694442
2023S006765    ,9,Sant Andreu,60,Sant Andreu,35800,Bartrina,0001 0003,Tuesday,2023,11,November,14,Afternoon,20,No és causa del  vianant,Tot terreny,Woman,47,Driver,En pas regulat per semàfor                                                                                                                            ,Unknown,Unknown,Minor injury: Refused medical assistance,432041.6,4588093.72,2.185395566,41.439694442
2023S006766    ,7,Horta-Guinardó,43,Horta,235503,Porto,0014 0014,Tuesday,2023,11,November,14,Night,23,No és causa del  vianant,Car,Woman,16,Passenger,Desconegut                                                                                                                                            ,Unknown,Unknown,Minor injury: Hospitalization up to 24 hours,429493.73,4587108.15,2.155015073,41.430598006
2023S006766    ,7,Horta-Guinardó,43,Horta,235503,Porto,0014 0014,Tuesday,2023,11,November,14,Night,23,No és causa del  vianant,Car,Woman,50,Driver,Desconegut                                                                                                                                            ,Unknown,Oci i entreteniment,Minor injury: Hospitalization up to 24 hours,429493.73,4587108.15,2.155015073,41.430598006
2023S006767    ,3,Sants-Montjuïc,18,Sants,312400,Sants,0100X0110X,Tuesday,2023,11,November,14,Night,23,No és causa del  vianant,Bicicleta,Woman,19,Driver,Desconegut                                                                                                                                            ,Unknown,Oci i entreteniment,Minor injury: Medical assistance at accident site,427762.26,4580997.85,2.135023649,41.375411085
2023S006767    ,3,Sants-Montjuïc,18,Sants,312400,Sants,0100X0110X,Tuesday,2023,11,November,14,Night,23,No és causa del  vianant,Motorcycle,Man,31,Driver,Desconegut                                                                                                                                            ,Unknown,Oci i entreteniment,Minor injury: Medical assistance at accident site,427762.26,4580997.85,2.135023649,41.375411085
2023S006768    ,2,Eixample,7,la Dreta de l'Eixample,278459,Reina Victòria,9998 9998,Wednesday,2023,11,November,15,Night,1,No és causa del  vianant,Bus,Man,39,Passenger,Desconegut                                                                                                                                            ,Unknown,Unknown,Minor injury: Hospitalization up to 24 hours,430531.07,4582463.6,2.167962805,41.388856573
2023S006769    ,10,Sant Martí,71,Provençals del Poblenou,322608,Selva de Mar,0093 0093,Wednesday,2023,11,November,15,Morning,8,No és causa del  vianant,Motorcycle,Woman,45,Driver,Desconegut                                                                                                                                            ,Unknown,Unknown,Minor injury: Hospitalization up to 24 hours,433729.37,4584896.59,2.205947351,41.411039949
2023S006770    ,2,Eixample,9,la Nova Esquerra de l'Eixample,191204,Mallorca,0027 0031,Wednesday,2023,11,November,15,Morning,8,No és causa del  vianant,Motorcycle,Man,46,Driver,Desconegut                                                                                                                                            ,Unknown,Oci i entreteniment,Minor injury: Hospitalization up to 24 hours,428829.24,4581803.94,2.147687009,41.382766386
2023S006771    ,5,Sarrià-Sant Gervasi,24,les Tres Torres,701434,Mig (Descendent),000370000,Wednesday,2023,11,November,15,Morning,8,No és causa del  vianant,Bicicleta,Man,29,Driver,Desconegut                                                                                                                                            ,Unknown,In itínere,Minor injury: Hospitalization up to 24 hours,427734.56,4583219.96,2.134427246,41.395422295
2023S006772    ,5,Sarrià-Sant Gervasi,23,Sarrià,106103,Sarrià,0011 0011,Wednesday,2023,11,November,15,Morning,10,Desobeir el senyal del semàfor,Motorcycle,Woman,19,Pedestrian,En pas regulat per semàfor                                                                                                                            ,Unknown,Unknown,Minor injury: Medical assistance at accident site,426695.79,4583756.77,2.121937712,41.400163044
2023S006772    ,5,Sarrià-Sant Gervasi,23,Sarrià,106103,Sarrià,0011 0011,Wednesday,2023,11,November,15,Morning,10,Desobeir el senyal del semàfor,Motorcycle,Man,30,Driver,En pas regulat per semàfor                                                                                                                            ,Unknown,Unknown,Minor injury: Medical assistance at accident site,426695.79,4583756.77,2.121937712,41.400163044
2023S006776    ,2,Eixample,7,la Dreta de l'Eixample,191204,Mallorca,0268 0268,Wednesday,2023,11,November,15,Morning,12,No és causa del  vianant,Furgoneta,Man,23,Passenger,Desconegut                                                                                                                                            ,Unknown,Unknown,Minor injury: Hospitalization up to 24 hours,430158.27,4583078.12,2.163433324,41.394359055
2023S006776    ,2,Eixample,7,la Dreta de l'Eixample,191204,Mallorca,0268 0268,Wednesday,2023,11,November,15,Morning,12,No és causa del  vianant,Furgoneta,Man,33,Driver,Desconegut                                                                                                                                            ,Unknown,In itínere,Minor injury: Medical assistance at accident site,430158.27,4583078.12,2.163433324,41.394359055
2023S006777    ,3,Sants-Montjuïc,18,Sants,210808,Miquel Àngel,0101B0101B,Tuesday,2023,11,November,14,Afternoon,16,No és causa del  vianant,Motorcycle,Woman,31,Driver,Desconegut                                                                                                                                            ,Unknown,Unknown,Minor injury: Hospitalization up to 24 hours,427334.3,4581216.56,2.129880237,41.377342373
2023S006778    ,1,Ciutat Vella,4,"Sant Pere, Santa Caterina i la Ribera",198203,Marquès de l'Argentera,0002 0002,Wednesday,2023,11,November,15,Morning,12,No és causa del  vianant,Bus,Woman,81,Passenger,Desconegut                                                                                                                                            ,Unknown,Unknown,Minor injury: Medical assistance at accident site,431887.26,4581842.36,2.184252388,41.383377281
2023S006779    ,2,Eixample,9,la Nova Esquerra de l'Eixample,184402,Llança,0037 0037,Wednesday,2023,11,November,15,Morning,13,Creuar per fora pas de vianants,Bicicleta,Woman,23,Driver,Desconegut                                                                                                                                            ,Unknown,Oci i entreteniment,Minor injury: Hospitalization up to 24 hours,428613.8,4581520.7,2.145144047,41.380196244
2023S006780    ,3,Sants-Montjuïc,11,el Poble-sec,701349,Drassanes,0002X0002X,Wednesday,2023,11,November,15,Morning,13,No és causa del  vianant,Motorcycle,Man,55,Driver,Desconegut                                                                                                                                            ,Unknown,In itínere,Minor injury: Hospitalization up to 24 hours,431213.91,4580892.22,2.176307867,41.374762308