Case_Number,District_Code,District_Name,Neighborhood_Code,Neighborhood_Name,Street_Code,Street_Name,Postal_Code,Day_of_Week,Year,Month_Code,Month_Name,Day_of_Month,Shift_Description,Hour_of_Day,Pedestrian_Cause_Description,Involved_Vehicle_Type,Gender_Description,Age,Person_Type_Description,Pedestrian_Accident_Location_Description,Pedestrian_Movement_Reason_Description,Driver_Movement_Reason_Description,Victimization_Description,UTM_X_Coordinate,UTM_Y_Coordinate,Longitude,Latitude
2023S006854    ,8,Nou Barris,46,el Turó de la Peira,103003,Doctor Pi i Molist,0021 0023,Saturday,2023,11,November,18,Afternoon,19,No és causa del  vianant,Autobús articulat,Woman,39,Passenger,Desconegut                                                                                                                                            ,Unknown,Unknown,Minor injury: Medical assistance at accident site,431088.5,4587213.27,2.174088297,41.431683272
2023S006854    ,8,Nou Barris,46,el Turó de la Peira,103003,Doctor Pi i Molist,0021 0023,Saturday,2023,11,November,18,Afternoon,19,No és causa del  vianant,Autobús articulat,Woman,75,Passenger,Desconegut                                                                                                                                            ,Unknown,Unknown,Minor injury: Medical assistance at accident site,431088.5,4587213.27,2.174088297,41.431683272
2023S006854    ,8,Nou Barris,46,el Turó de la Peira,103003,Doctor Pi i Molist,0021 0023,Saturday,2023,11,November,18,Afternoon,19,No és causa del  vianant,Autobús articulat,Woman,79,Passenger,Desconegut                                                                                                                                            ,Unknown,Unknown,Minor injury: Medical assistance at accident site,431088.5,4587213.27,2.174088297,41.431683272
2023S006854    ,8,Nou Barris,46,el Turó de la Peira,103003,Doctor Pi i Molist,0021 0023,Saturday,2023,11,November,18,Afternoon,19,No és causa del  vianant,Autobús articulat,Man,63,Passenger,Desconegut                                                                                                                                            ,Unknown,Unknown,Minor injury: Medical assistance at accident site,431088.5,4587213.27,2.174088297,41.431683272
2023S006854    ,8,Nou Barris,46,el Turó de la Peira,103003,Doctor Pi i Molist,0021 0023,Saturday,2023,11,November,18,Afternoon,19,No és causa del  vianant,Autobús articulat,Man,75,Passenger,Desconegut                                                                                                                                            ,Unknown,Unknown,Minor injury: Medical assistance at accident site,431088.5,4587213.27,2.174088297,41.431683272
2023S006855    ,2,Eixample,8,l'Antiga Esquerra de l'Eixample,245802,París,0147 0147,Saturday,2023,11,November,18,Afternoon,18,No és causa del  vianant,Motorcycle,Man,25,Driver,Desconegut                                                                                                                                            ,Unknown,Oci i entreteniment,Minor injury: Medical assistance at accident site,429045.25,4582766.46,2.150157378,41.39145456
2023S006856    ,10,Sant Martí,69,Diagonal Mar i el Front Marítim del Poblenou,270901,Pujades,0323 0323,Saturday,2023,11,November,18,Afternoon,17,Transitar a peu per la calçada,Bicicleta,Woman,34,Pedestrian,En pas regulat per semàfor                                                                                                                            ,Unknown,Unknown,Minor injury: Hospitalization up to 24 hours,433940.1,4584505.75,2.208511197,41.407537109
2023S006856    ,10,Sant Martí,69,Diagonal Mar i el Front Marítim del Poblenou,270901,Pujades,0323 0323,Saturday,2023,11,November,18,Afternoon,17,Transitar a peu per la calçada,Bicicleta,Man,40,Driver,En pas regulat per semàfor                                                                                                                            ,Unknown,Oci i entreteniment,Minor injury: Medical assistance at accident site,433940.1,4584505.75,2.208511197,41.407537109
2023S006857    ,2,Eixample,10,Sant Antoni,323203,Sepúlveda,0096 0096,Saturday,2023,11,November,18,Afternoon,21,Creuar per fora pas de vianants,Motorcycle,Woman,22,Pedestrian,Fora del pas                                                                                                                                          ,Oci i entreteniment,Unknown,Serious injury: Hospitalization over 24 hours,429629.64,4581394.65,2.157306196,41.379150488
2023S006857    ,2,Eixample,10,Sant Antoni,323203,Sepúlveda,0096 0096,Saturday,2023,11,November,18,Afternoon,21,Transitar a peu per la calçada,Motorcycle,Woman,22,Pedestrian,Fora del pas                                                                                                                                          ,Oci i entreteniment,Unknown,Serious injury: Hospitalization over 24 hours,429629.64,4581394.65,2.157306196,41.379150488
2023S006858    ,5,Sarrià-Sant Gervasi,22,"Vallvidrera, el Tibidabo i les Planes",314406,Santa Creu Olorda a Sarrià,0421 0421,Saturday,2023,11,November,18,Afternoon,17,No és causa del  vianant,Motorcycle,Man,57,Driver,Desconegut                                                                                                                                            ,Unknown,Unknown,Minor injury: Hospitalization up to 24 hours,421374.02,4585561.38,2.058046803,41.415913029
2023S006859    ,2,Eixample,7,la Dreta de l'Eixample,169409,Corts Catalanes,0702 0702,Saturday,2023,11,November,18,Afternoon,18,No és causa del  vianant,Motorcycle,Man,32,Driver,Desconegut                                                                                                                                            ,Unknown,Altres activitats,Minor injury: Hospitalization up to 24 hours,431076.53,4583033.4,2.174421483,41.394035543
2023S006860    ,6,Gràcia,28,Vallcarca i els Penitents,158107,Vallcarca,0012 0012,Saturday,2023,11,November,18,Afternoon,14,No és causa del  vianant,Motorcycle,Woman,45,Driver,Desconegut                                                                                                                                            ,Unknown,In itínere,Minor injury: Hospitalization up to 24 hours,428951.81,4584623.71,2.148821748,41.40817387
2023S006861    ,9,Sant Andreu,60,Sant Andreu,314100,Santa Coloma,0001 0001,Saturday,2023,11,November,18,Afternoon,21,No és causa del  vianant,Motorcycle,Man,59,Driver,Desconegut                                                                                                                                            ,Unknown,Oci i entreteniment,Minor injury: Hospitalization up to 24 hours,432164.83,4588560.7,2.186818054,41.443910795
2023S006862    ,6,Gràcia,32,el Camp d'en Grassot i Gràcia Nova,321605,Pau Alsina,0012B0012B,Saturday,2023,11,November,18,Afternoon,20,No és causa del  vianant,Car,Woman,33,Driver,Desconegut                                                                                                                                            ,Unknown,Altres activitats,Minor injury: Hospitalization up to 24 hours,430343.39,4584487.83,2.1654852,41.407071908
2023S006863    ,5,Sarrià-Sant Gervasi,26,Sant Gervasi - Galvany,144601,Diagonal,0624 0624,Sunday,2023,11,November,19,Night,1,No és causa del  vianant,Ciclomotor,Man,20,Driver,Desconegut                                                                                                                                            ,Unknown,Unknown,Minor injury: Medical assistance at accident site,428169.16,4582827.42,2.139672006,41.391925795
2023S006864    ,2,Eixample,9,la Nova Esquerra de l'Eixample,54509,Calàbria,0182S0182S,Saturday,2023,11,November,18,Afternoon,19,No és causa del  vianant,Furgoneta,Man,51,Driver,Desconegut                                                                                                                                            ,Unknown,Oci i entreteniment,Minor injury: Hospitalization up to 24 hours,429040.89,4581825.33,2.150215529,41.382977743
2023S006864    ,2,Eixample,9,la Nova Esquerra de l'Eixample,54509,Calàbria,0182S0182S,Saturday,2023,11,November,18,Afternoon,19,No és causa del  vianant,Veh. mobilitat personal amb motor,Man,35,Driver,Desconegut                                                                                                                                            ,Unknown,Oci i entreteniment,Minor injury: Medical assistance at accident site,429040.89,4581825.33,2.150215529,41.382977743
2023S006865    ,2,Eixample,8,l'Antiga Esquerra de l'Eixample,700154,Gall,0001 0001X,Saturday,2023,11,November,18,Night,22,No és causa del  vianant,Motorcycle,Man,36,Driver,Desconegut                                                                                                                                            ,Unknown,Altres activitats,Minor injury: Hospitalization up to 24 hours,429547.01,4582200.0,2.156224424,41.386396778
2023S006867    ,-1,Unknown,-1,Unknown,-1,Unknown,Unknown,Sunday,2023,11,November,19,Morning,7,No és causa del  vianant,Ciclomotor,Woman,44,Driver,Desconegut                                                                                                                                            ,Unknown,Unknown,Minor injury: Hospitalization up to 24 hours,433835.76,4586344.61,2.207061705,41.424090651
2023S006869    ,7,Horta-Guinardó,33,el Baix Guinardó,297001,Sant Antoni Maria Claret,0107 0107,Sunday,2023,11,November,19,Morning,11,No és causa del  vianant,Motorcycle,Man,43,Driver,Desconegut                                                                                                                                            ,Unknown,Oci i entreteniment,Serious injury: Hospitalization over 24 hours,430794.31,4584636.71,2.170862548,41.40845179
2023S006870    ,8,Nou Barris,44,Vilapicina i la Torre Llobeta,209900,Meridiana,0365B0365B,Sunday,2023,11,November,19,Afternoon,14,No és causa del  vianant,Motorcycle,Woman,50,Passenger,Desconegut                                                                                                                                            ,Unknown,Unknown,Minor injury: Medical assistance at accident site,431926.84,4586869.18,2.184159998,41.428655703
2023S006870    ,8,Nou Barris,44,Vilapicina i la Torre Llobeta,209900,Meridiana,0365B0365B,Sunday,2023,11,November,19,Afternoon,14,No és causa del  vianant,Motorcycle,Man,50,Driver,Desconegut                                                                                                                                            ,Unknown,Unknown,Minor injury: Medical assistance at accident site,431926.84,4586869.18,2.184159998,41.428655703
2023S006871    ,2,Eixample,5,el Fort Pienc,28305,Ausiàs Marc,0073 0075,Sunday,2023,11,November,19,Afternoon,16,No és causa del  vianant,Motorcycle,Woman,23,Passenger,Desconegut                                                                                                                                            ,Unknown,Unknown,Minor injury: Medical assistance at accident site,431465.75,4583017.28,2.179078651,41.393923636
2023S006871    ,2,Eixample,5,el Fort Pienc,28305,Ausiàs Marc,0073 0075,Sunday,2023,11,November,19,Afternoon,16,No és causa del  vianant,Motorcycle,Man,58,Driver,Desconegut                                                                                                                                            ,Unknown,Oci i entreteniment,Minor injury: Hospitalization up to 24 hours,431465.75,4583017.28,2.179078651,41.393923636
2023S006872    ,7,Horta-Guinardó,33,el Baix Guinardó,265402,Praga,0036 0038,Sunday,2023,11,November,19,Morning,13,No és causa del  vianant,Tot terreny,Woman,29,Passenger,Desconegut                                                                                                                                            ,Unknown,Unknown,Minor injury: Medical assistance at accident site,430146.63,4585262.21,2.163041905,41.414029391
2023S006872    ,7,Horta-Guinardó,33,el Baix Guinardó,265402,Praga,0036 0038,Sunday,2023,11,November,19,Morning,13,No és causa del  vianant,Tot terreny,Woman,58,Passenger,Desconegut                                                                                                                                            ,Unknown,Unknown,Minor injury: Medical assistance at accident site,430146.63,4585262.21,2.163041905,41.414029391
2023S006872    ,7,Horta-Guinardó,33,el Baix Guinardó,265402,Praga,0036 0038,Sunday,2023,11,November,19,Morning,13,No és causa del  vianant,Tot terreny,Man,60,Driver,Desconegut                                                                                                                                            ,Unknown,Unknown,Minor injury: Medical assistance at accident site,430146.63,4585262.21,2.163041905,41.414029391
2023S006873    ,8,Nou Barris,44,Vilapicina i la Torre Llobeta,24304,Arnau d'Oms,0004 0010,Sunday,2023,11,November,19,Afternoon,19,Desobeir el senyal del semàfor,Autobús articulat,Woman,71,Passenger,Desconegut                                                                                                                                            ,Unknown,Unknown,Minor injury: Hospitalization up to 24 hours,431353.65,4586877.33,2.177299677,41.428680298
2023S006874    ,3,Sants-Montjuïc,11,el Poble-sec,198804,Paral·lel,0103 0103,Sunday,2023,11,November,19,Afternoon,15,No és causa del  vianant,Car,Woman,45,Passenger,Desconegut                                                                                                                                            ,Unknown,Unknown,Minor injury: Hospitalization up to 24 hours,430106.78,4580907.16,2.163068043,41.374801422
2023S006875    ,2,Eixample,9,la Nova Esquerra de l'Eixample,110803,Entença,0137B0137B,Monday,2023,11,November,20,Night,1,No és causa del  vianant,Motorcycle,Man,40,Driver,Desconegut                                                                                                                                            ,Unknown,Oci i entreteniment,Minor injury: Medical assistance at accident site,428800.22,4581712.72,2.147350697,41.38194223
2023S006875    ,2,Eixample,9,la Nova Esquerra de l'Eixample,110803,Entença,0137B0137B,Monday,2023,11,November,20,Night,1,No és causa del  vianant,Motorcycle,Man,43,Driver,Desconegut                                                                                                                                            ,Unknown,Oci i entreteniment,Minor injury: Medical assistance at accident site,428800.22,4581712.72,2.147350697,41.38194223
2023S006876    ,10,Sant Martí,68,el Poblenou,701266,Litoral (Llobregat),000740000,Monday,2023,11,November,20,Morning,7,No és causa del  vianant,Motorcycle,Man,63,Driver,Desconegut                                                                                                                                            ,Unknown,In itínere,Minor injury: Hospitalization up to 24 hours,433762.35,4583188.31,2.206528964,41.39565661
2023S006877    ,3,Sants-Montjuïc,13,la Marina de Port,137300,Foneria,0042 0042,Monday,2023,11,November,20,Morning,7,No és causa del  vianant,Motorcycle,Man,30,Driver,Desconegut                                                                                                                                            ,Unknown,Unknown,Minor injury: Hospitalization up to 24 hours,428187.44,4579403.42,2.140296523,41.361088672
2023S006878    ,10,Sant Martí,73,la Verneda i la Pau,343200,Trajana,0052U0052U,Monday,2023,11,November,20,Morning,7,Creuar per fora pas de vianants,Car,Woman,54,Pedestrian,Fora del pas                                                                                                                                          ,Unknown,Unknown,Minor injury: Hospitalization up to 24 hours,433246.74,4586856.97,2.199956724,41.428656571
2023S006879    ,5,Sarrià-Sant Gervasi,26,Sant Gervasi - Galvany,175900,Laforja,0146 0146,Monday,2023,11,November,20,Morning,10,No és causa del  vianant,Furgoneta,Woman,50,Pedestrian,En pas sense regular                                                                                                                                  ,En missió,Unknown,Minor injury: Hospitalization up to 24 hours,428450.39,4583173.29,2.142994689,41.395065998
2023S006881    ,9,Sant Andreu,57,la Trinitat Vella,701267,Dalt (Besòs),0001S0000,Monday,2023,11,November,20,Morning,10,No és causa del  vianant,Car,Woman,57,Driver,Desconegut                                                                                                                                            ,Unknown,Oci i entreteniment,Minor injury: Hospitalization up to 24 hours,432518.24,4588881.27,2.191012497,41.44682786
2023S006882    ,10,Sant Martí,64,el Camp de l'Arpa del Clot,161101,Independència,0319 0319,Monday,2023,11,November,20,Morning,12,No és causa del  vianant,Motorcycle,Woman,58,Driver,Desconegut                                                                                                                                            ,Unknown,Unknown,Minor injury: Hospitalization up to 24 hours,431679.97,4584702.51,2.181450569,41.409120239
2023S006883    ,4,Les Corts,20,la Maternitat i Sant Ramon,66508,Carles III,0061B0061B,Monday,2023,11,November,20,Morning,9,No és causa del  vianant,Bus,Woman,80,Passenger,Desconegut                                                                                                                                            ,Unknown,Unknown,Minor injury: Hospitalization up to 24 hours,427129.68,4581928.9,2.127347795,41.383739628
2023S006884    ,10,Sant Martí,68,el Poblenou,270901,Pujades,0135 0135,Monday,2023,11,November,20,Morning,13,No és causa del  vianant,Car,Woman,66,Pedestrian,En pas regulat per semàfor                                                                                                                            ,Unknown,Unknown,Minor injury: Hospitalization up to 24 hours,433080.25,4583662.49,2.198317886,41.399870923
2023S006885    ,9,Sant Andreu,59,el Bon Pastor,701265,Litoral (Besòs),000150000,Monday,2023,11,November,20,Morning,12,No és causa del  vianant,Furgoneta,Man,6,Passenger,Desconegut                                                                                                                                            ,Unknown,Unknown,Minor injury: Medical assistance at accident site,433863.66,4588355.65,2.207175377,41.442205804
2023S006885    ,9,Sant Andreu,59,el Bon Pastor,701265,Litoral (Besòs),000150000,Monday,2023,11,November,20,Morning,12,No és causa del  vianant,Furgoneta,Man,7,Passenger,Desconegut                                                                                                                                            ,Unknown,Unknown,Minor injury: Medical assistance at accident site,433863.66,4588355.65,2.207175377,41.442205804
2023S006885    ,9,Sant Andreu,59,el Bon Pastor,701265,Litoral (Besòs),000150000,Monday,2023,11,November,20,Morning,12,No és causa del  vianant,Furgoneta,Woman,41,Driver,Desconegut                                                                                                                                            ,Unknown,Unknown,Minor injury: Medical assistance at accident site,433863.66,4588355.65,2.207175377,41.442205804
2023S006885    ,9,Sant Andreu,59,el Bon Pastor,701265,Litoral (Besòs),000150000,Monday,2023,11,November,20,Morning,12,No és causa del  vianant,Car,Woman,39,Driver,Desconegut                                                                                                                                            ,Unknown,Unknown,Minor injury: Medical assistance at accident site,433863.66,4588355.65,2.207175377,41.442205804
2023S006886    ,3,Sants-Montjuïc,12,la Marina del Prat Vermell,701819,28 del BZ,0062 0062,Friday,2023,11,November,17,Morning,9,No és causa del  vianant,Car,Man,45,Driver,Desconegut                                                                                                                                            ,Unknown,In itínere,Minor injury: Refused medical assistance,427265.97,4576644.81,2.129611526,41.336160036
2023S006886    ,3,Sants-Montjuïc,12,la Marina del Prat Vermell,701819,28 del BZ,0062 0062,Friday,2023,11,November,17,Morning,9,No és causa del  vianant,Tractor camió,Man,50,Driver,Desconegut                                                                                                                                            ,Unknown,Transport professional de mercaderies,Minor injury: Refused medical assistance,427265.97,4576644.81,2.129611526,41.336160036
2023S006888    ,8,Nou Barris,44,Vilapicina i la Torre Llobeta,45701,Quinze,0068 0068,Monday,2023,11,November,20,Afternoon,14,No és causa del  vianant,Motorcycle,Woman,25,Driver,Desconegut                                                                                                                                            ,Unknown,Oci i entreteniment,Minor injury: Medical assistance at accident site,431122.09,4586910.29,2.174524831,41.428957323
2023S006889    ,5,Sarrià-Sant Gervasi,25,Sant Gervasi - la Bonanova,113007,Escoles Pies,0101B0101B,Monday,2023,11,November,20,Afternoon,17,No és causa del  vianant,Car,Woman,13,Pedestrian,En pas regulat per semàfor                                                                                                                            ,Oci i entreteniment,Unknown,Minor injury: Hospitalization up to 24 hours,427201.39,4584126.42,2.127941051,41.403538286
2023S006890    ,3,Sants-Montjuïc,12,la Marina del Prat Vermell,701266,Litoral (Llobregat),001500000,Monday,2023,11,November,20,Afternoon,17,No és causa del  vianant,Motorcycle,Man,39,Driver,Desconegut                                                                                                                                            ,Unknown,Unknown,Minor injury: Hospitalization up to 24 hours,428987.7,4578250.53,2.14999829,41.350775953
2023S006891    ,2,Eixample,8,l'Antiga Esquerra de l'Eixample,320704,Sarrià,0018 0018,Monday,2023,11,November,20,Afternoon,19,No és causa del  vianant,Motorcycle,Man,51,Driver,Desconegut                                                                                                                                            ,Unknown,Altres activitats,Minor injury: Hospitalization up to 24 hours,428543.51,4582642.56,2.144171129,41.390294193
2023S006892    ,5,Sarrià-Sant Gervasi,25,Sant Gervasi - la Bonanova,701103,Alfonso Comín,0011 0012,Monday,2023,11,November,20,Afternoon,19,No és causa del  vianant,Bus,Woman,69,Passenger,Desconegut                                                                                                                                            ,Unknown,Unknown,Minor injury: Hospitalization up to 24 hours,427991.72,4585305.07,2.137254893,41.414225117
2023S006893    ,5,Sarrià-Sant Gervasi,26,Sant Gervasi - Galvany,32700,Balmes,0339 0339,Sunday,2023,11,November,19,Night,0,No és causa del  vianant,Motorcycle,Woman,30,Driver,Desconegut                                                                                                                                            ,Unknown,Oci i entreteniment,Minor injury: Hospitalization up to 24 hours,428450.9,4584096.03,2.142891682,41.403376809
2023S006894    ,2,Eixample,7,la Dreta de l'Eixample,144601,Diagonal,0390 0390,Monday,2023,11,November,20,Afternoon,18,No és causa del  vianant,Maquinària d'obres i serveis,Man,65,Pedestrian,Desconegut                                                                                                                                            ,Unknown,Unknown,Minor injury: Hospitalization up to 24 hours,430562.8,4583557.35,2.16821681,41.398710376
2023S006895    ,2,Eixample,7,la Dreta de l'Eixample,309406,Sant Pere,0056 0056,Monday,2023,11,November,20,Afternoon,20,No és causa del  vianant,Car,Man,56,Pedestrian,Fora del pas                                                                                                                                          ,Unknown,Unknown,Minor injury: Hospitalization up to 24 hours,431334.72,4582648.88,2.177553234,41.390594382
2023S006896    ,2,Eixample,8,l'Antiga Esquerra de l'Eixample,144601,Diagonal,0409 0409,Monday,2023,11,November,20,Afternoon,19,No és causa del  vianant,Motorcycle,Man,25,Passenger,Desconegut                                                                                                                                            ,Unknown,Unknown,Minor injury: Hospitalization up to 24 hours,429430.09,4583191.25,2.154710596,41.395314373
2023S006896    ,2,Eixample,8,l'Antiga Esquerra de l'Eixample,144601,Diagonal,0409 0409,Monday,2023,11,November,20,Afternoon,19,No és causa del  vianant,Motorcycle,Man,25,Driver,Desconegut                                                                                                                                            ,Unknown,Unknown,Minor injury: Hospitalization up to 24 hours,429430.09,4583191.25,2.154710596,41.395314373
2023S006899    ,4,Les Corts,20,la Maternitat i Sant Ramon,144601,Diagonal,0653 0659,Monday,2023,11,November,20,Night,23,No és causa del  vianant,Motorcycle,Man,30,Driver,Desconegut                                                                                                                                            ,Unknown,Oci i entreteniment,Minor injury: Hospitalization up to 24 hours,425650.85,4581916.12,2.109664608,41.383489145
2023S006900    ,10,Sant Martí,68,el Poblenou,701265,Litoral (Besòs),0023E0000,Tuesday,2023,11,November,21,Morning,6,No és causa del  vianant,Motorcycle,Man,34,Driver,Desconegut                                                                                                                                            ,Unknown,In itínere,Minor injury: Hospitalization up to 24 hours,433545.58,4582976.4,2.203959431,41.393730092
2023S006900    ,10,Sant Martí,68,el Poblenou,701265,Litoral (Besòs),0023E0000,Tuesday,2023,11,November,21,Morning,6,No és causa del  vianant,Motorcycle,Man,58,Driver,Desconegut                                                                                                                                            ,Unknown,In itínere,Minor injury: Hospitalization up to 24 hours,433545.58,4582976.4,2.203959431,41.393730092
2023S006901    ,7,Horta-Guinardó,35,el Guinardó,194406,Maragall,0059 0061,Monday,2023,11,November,13,Afternoon,18,No és causa del  vianant,Motorcycle,Man,24,Driver,Desconegut                                                                                                                                            ,Unknown,Oci i entreteniment,Minor injury: Hospitalization up to 24 hours,431583.89,4585533.26,2.180207124,41.416594363
2023S006902    ,7,Horta-Guinardó,33,el Baix Guinardó,297001,Sant Antoni Maria Claret,0163 0165,Tuesday,2023,11,November,21,Morning,9,No és causa del  vianant,Motorcycle,Man,25,Passenger,Desconegut                                                                                                                                            ,Unknown,Unknown,Minor injury: Hospitalization up to 24 hours,431087.05,4584936.71,2.174330508,41.411178957
2023S006902    ,7,Horta-Guinardó,33,el Baix Guinardó,297001,Sant Antoni Maria Claret,0163 0165,Tuesday,2023,11,November,21,Morning,9,No és causa del  vianant,Motorcycle,Man,30,Driver,Desconegut                                                                                                                                            ,Unknown,Unknown,Minor injury: Hospitalization up to 24 hours,431087.05,4584936.71,2.174330508,41.411178957
2023S006903    ,5,Sarrià-Sant Gervasi,26,Sant Gervasi - Galvany,28000,Augusta,0093 0093,Tuesday,2023,11,November,21,Morning,9,No és causa del  vianant,Bicicleta,Woman,46,Driver,Desconegut                                                                                                                                            ,Unknown,Unknown,Minor injury: Hospitalization up to 24 hours,429042.34,4583824.89,2.149998476,41.400987199
2023S006904    ,2,Eixample,5,el Fort Pienc,100800,Diputació,0415 0419,Tuesday,2023,11,November,21,Morning,10,No és causa del  vianant,Bicicleta,Man,16,Driver,Desconegut                                                                                                                                            ,Unknown,Estudiant cap a centre d'estudis,Minor injury: Hospitalization up to 24 hours,431355.12,4583511.92,2.177699335,41.398369271
2023S006905    ,5,Sarrià-Sant Gervasi,25,Sant Gervasi - la Bonanova,95007,Quatre Camins,0014 0014,Tuesday,2023,11,November,21,Morning,8,No és causa del  vianant,Motorcycle,Woman,33,Driver,Desconegut                                                                                                                                            ,Unknown,Unknown,Minor injury: Hospitalization up to 24 hours,427329.24,4584728.49,2.129398099,41.408972447
2023S006906    ,7,Horta-Guinardó,43,Horta,701267,Dalt (Besòs),001250000,Tuesday,2023,11,November,21,Morning,7,No és causa del  vianant,Motorcycle,Woman,28,Driver,Desconegut                                                                                                                                            ,Unknown,In itínere,Minor injury: Hospitalization up to 24 hours,429406.66,4587966.87,2.153872717,41.438324492
2023S006907    ,7,Horta-Guinardó,43,Horta,69109,Cartellà,0192 0192,Tuesday,2023,11,November,21,Morning,8,No és causa del  vianant,Motorcycle,Man,40,Driver,Desconegut                                                                                                                                            ,Unknown,Unknown,Minor injury: Hospitalization up to 24 hours,430185.5,4587100.25,2.163294642,41.430587315
2023S006908    ,7,Horta-Guinardó,40,Montbau,260806,Poesia,0000B0000B,Tuesday,2023,11,November,21,Morning,8,No és causa del  vianant,Motorcycle,Woman,38,Driver,Desconegut                                                                                                                                            ,Unknown,Unknown,Minor injury: Refused medical assistance,428650.0,4587250.62,2.144901065,41.431806624
2023S006908    ,7,Horta-Guinardó,40,Montbau,260806,Poesia,0000B0000B,Tuesday,2023,11,November,21,Morning,8,No és causa del  vianant,Motorcycle,Man,63,Driver,Desconegut                                                                                                                                            ,Unknown,In itínere,Minor injury: Refused medical assistance,428650.0,4587250.62,2.144901065,41.431806624
2023S006909    ,7,Horta-Guinardó,43,Horta,69109,Cartellà,0192 0192,Tuesday,2023,11,November,21,Morning,10,No és causa del  vianant,Bicicleta,Man,26,Driver,Desconegut                                                                                                                                            ,Unknown,In itínere,Minor injury: Hospitalization up to 24 hours,430185.5,4587100.25,2.163294642,41.430587315
2023S006910    ,1,Ciutat Vella,4,"Sant Pere, Santa Caterina i la Ribera",177101,Laietana,0042 0042,Tuesday,2023,11,November,21,Morning,10,Transitar a peu per la calçada,Bicicleta,Man,26,Driver,Fora del pas                                                                                                                                          ,Unknown,Oci i entreteniment,Minor injury: Hospitalization up to 24 hours,431210.9,4582148.33,2.176129212,41.386075487
2023S006911    ,10,Sant Martí,69,Diagonal Mar i el Front Marítim del Poblenou,700756,Marítim del Bogatell,0080 0080,Tuesday,2023,11,November,21,Morning,12,Others,Bicicleta,Man,64,Driver,Desconegut                                                                                                                                            ,Unknown,Oci i entreteniment,Minor injury: Hospitalization up to 24 hours,433835.34,4583010.35,2.207421459,41.394059778
2023S006913    ,5,Sarrià-Sant Gervasi,26,Sant Gervasi - Galvany,23403,Aribau,0203 0203,Tuesday,2023,11,November,21,Morning,9,No és causa del  vianant,Motorcycle,Man,61,Driver,Desconegut                                                                                                                                            ,Unknown,Unknown,Serious injury: Hospitalization over 24 hours,428981.3,4583264.73,2.149334064,41.395936651
2023S006914    ,3,Sants-Montjuïc,12,la Marina del Prat Vermell,700121,Longitudinal 7,0124 0124,Tuesday,2023,11,November,21,Afternoon,15,No és causa del  vianant,Veh. mobilitat personal amb motor,Man,49,Driver,Desconegut                                                                                                                                            ,Unknown,En missió,Minor injury: Hospitalization up to 24 hours,426299.7,4575657.4,2.118184521,41.327178927
2023S006915    ,10,Sant Martí,69,Diagonal Mar i el Front Marítim del Poblenou,701266,Litoral (Llobregat),000680000,Tuesday,2023,11,November,21,Afternoon,16,No és causa del  vianant,Motorcycle,Man,63,Driver,Desconegut                                                                                                                                            ,Unknown,Unknown,Minor injury: Medical assistance at accident site,434156.16,4583766.36,2.211176461,41.400895335
2023S006916    ,5,Sarrià-Sant Gervasi,26,Sant Gervasi - Galvany,55603,Calvet,0064 0064,Tuesday,2023,11,November,21,Morning,9,No és causa del  vianant,Motorcycle,Man,37,Driver,Desconegut                                                                                                                                            ,Unknown,In itínere,Minor injury: Hospitalization up to 24 hours,428342.09,4583316.19,2.141682417,41.396343396
2023S006917    ,5,Sarrià-Sant Gervasi,24,les Tres Torres,28000,Augusta,0279 0279,Tuesday,2023,11,November,21,Morning,10,No és causa del  vianant,Motorcycle,Man,36,Driver,Desconegut                                                                                                                                            ,Unknown,In itínere,Minor injury: Hospitalization up to 24 hours,427412.18,4583501.77,2.130537519,41.397931393
2023S006918    ,10,Sant Martí,68,el Poblenou,75702,Carmen Amaya,0065 0065,Tuesday,2023,11,November,21,Afternoon,16,No és causa del  vianant,Car,Woman,54,Passenger,Desconegut                                                                                                                                            ,Unknown,Unknown,Minor injury: Hospitalization up to 24 hours,433342.66,4583056.86,2.201523501,41.394437973
2023S006919    ,5,Sarrià-Sant Gervasi,26,Sant Gervasi - Galvany,223606,Muntaner,0305 0305,Tuesday,2023,11,November,21,Afternoon,16,No és causa del  vianant,Motorcycle,Woman,57,Passenger,Desconegut                                                                                                                                            ,Unknown,Unknown,Minor injury: Medical assistance at accident site,428683.59,4583364.92,2.145761363,41.396812664
2023S006920    ,10,Sant Martí,68,el Poblenou,332000,Taulat,0083 0083,Tuesday,2023,11,November,21,Afternoon,16,No és causa del  vianant,Veh. mobilitat personal amb motor,Man,26,Driver,Desconegut                                                                                                                                            ,Unknown,Unknown,Minor injury: Hospitalization up to 24 hours,433601.31,4583509.54,2.204567506,41.398536563
2023S006921    ,7,Horta-Guinardó,35,el Guinardó,141807,Garrotxa,0053 0053,Tuesday,2023,11,November,21,Afternoon,18,No és causa del  vianant,Car,Woman,79,Pedestrian,En pas regulat per semàfor                                                                                                                            ,Oci i entreteniment,Unknown,Minor injury: Hospitalization up to 24 hours,431564.82,4585812.81,2.179947307,41.419110554
2023S006922    ,2,Eixample,8,l'Antiga Esquerra de l'Eixample,223606,Muntaner,0183 0183,Tuesday,2023,11,November,21,Afternoon,19,No és causa del  vianant,Motorcycle,Man,46,Driver,Desconegut                                                                                                                                            ,Unknown,In itínere,Minor injury: Hospitalization up to 24 hours,429173.98,4582876.38,2.151684146,41.392455923