Case_Number,District_Code,District_Name,Neighborhood_Code,Neighborhood_Name,Street_Code,Street_Name,Postal_Code,Day_of_Week,Year,Month_Code,Month_Name,Day_of_Month,Shift_Description,Hour_of_Day,Pedestrian_Cause_Description,Involved_Vehicle_Type,Gender_Description,Age,Person_Type_Description,Pedestrian_Accident_Location_Description,Pedestrian_Movement_Reason_Description,Driver_Movement_Reason_Description,Victimization_Description,UTM_X_Coordinate,UTM_Y_Coordinate,Longitude,Latitude
2023S006923    ,4,Les Corts,21,Pedralbes,144601,Diagonal,0668 0668,Tuesday,2023,11,November,21,Afternoon,21,Transitar a peu per la calçada,Taxi,Man,25,Pedestrian,Fora del pas                                                                                                                                          ,Unknown,Unknown,Minor injury: Hospitalization up to 24 hours,427051.08,4582458.22,2.126344076,41.388499873
2023S006924    ,7,Horta-Guinardó,39,Sant Genís dels Agudells,93001,Costa Pacheco,0002 0004,Tuesday,2023,11,November,21,Afternoon,16,No és causa del  vianant,Motorcycle,Woman,62,Driver,Desconegut                                                                                                                                            ,Unknown,In itínere,Minor injury: Hospitalization up to 24 hours,427635.06,4586885.06,2.132798557,41.428423337
2023S006925    ,3,Sants-Montjuïc,13,la Marina de Port,369408,Zona Franca,0178 0180,Tuesday,2023,11,November,21,Afternoon,16,No és causa del  vianant,Motorcycle,Woman,48,Driver,Desconegut                                                                                                                                            ,Unknown,In itínere,Minor injury: Hospitalization up to 24 hours,428092.79,4579322.2,2.139174659,41.360348698
2023S006926    ,6,Gràcia,28,Vallcarca i els Penitents,352507,Vall d'Hebron,0036 0038,Wednesday,2023,11,November,22,Morning,6,No és causa del  vianant,Motorcycle,Man,51,Driver,Desconegut                                                                                                                                            ,Unknown,In itínere,Minor injury: Hospitalization up to 24 hours,427869.96,4585406.47,2.135786027,41.415127459
2023S006927    ,8,Nou Barris,45,Porta,356905,Verdum,0018B0020,Wednesday,2023,11,November,22,Morning,10,No és causa del  vianant,Bus,Woman,80,Passenger,Desconegut                                                                                                                                            ,Unknown,Unknown,Minor injury: Medical assistance at accident site,431054.56,4587796.31,2.173615566,41.436931586
2023S006928    ,2,Eixample,10,Sant Antoni,192502,Manso,0064 0064,Wednesday,2023,11,November,22,Morning,10,Desobeir el senyal del semàfor,Autobús articulat,Man,53,Pedestrian,En pas regulat per semàfor                                                                                                                            ,En missió,Unknown,Minor injury: Hospitalization up to 24 hours,430025.48,4581238.04,2.16205771,41.37777449
2023S006929    ,4,Les Corts,20,la Maternitat i Sant Ramon,343903,Corts,0161 0161,Wednesday,2023,11,November,22,Morning,11,No és causa del  vianant,Car,Woman,40,Passenger,Desconegut                                                                                                                                            ,Unknown,Unknown,Minor injury: Hospitalization up to 24 hours,427111.79,4581724.6,2.127158443,41.381897957
2023S006930    ,-1,Unknown,-1,Unknown,-1,Unknown,Unknown,Wednesday,2023,11,November,22,Afternoon,14,No és causa del  vianant,Ciclomotor,Man,39,Driver,Desconegut                                                                                                                                            ,Unknown,In itínere,Minor injury: Hospitalization up to 24 hours,428025.74,4578463.72,2.138475007,41.352610654
2023S006931    ,2,Eixample,7,la Dreta de l'Eixample,191204,Mallorca,0231 0231,Wednesday,2023,11,November,15,Afternoon,20,No és causa del  vianant,Motorcycle,Woman,28,Driver,Desconegut                                                                                                                                            ,Unknown,Oci i entreteniment,Minor injury: Hospitalization up to 24 hours,429836.05,4582774.51,2.15961454,41.391596478
2023S006932    ,2,Eixample,10,Sant Antoni,349706,Comte d'Urgell,0036 0036,Wednesday,2023,11,November,22,Morning,10,No és causa del  vianant,Motorcycle,Man,58,Driver,Desconegut                                                                                                                                            ,Unknown,Unknown,Minor injury: Refused medical assistance,429925.79,4581557.42,2.160828701,41.380642366
2023S006933    ,2,Eixample,7,la Dreta de l'Eixample,18505,Aragó,0258 0258,Thursday,2023,10,October,5,Afternoon,14,No és causa del  vianant,Ciclomotor,Man,19,Passenger,Desconegut                                                                                                                                            ,Unknown,Unknown,Minor injury: Refused medical assistance,430155.92,4582713.39,2.163447302,41.391073846
2023S006933    ,2,Eixample,7,la Dreta de l'Eixample,18505,Aragó,0258 0258,Thursday,2023,10,October,5,Afternoon,14,No és causa del  vianant,Ciclomotor,Man,23,Driver,Desconegut                                                                                                                                            ,Unknown,Unknown,Minor injury: Refused medical assistance,430155.92,4582713.39,2.163447302,41.391073846
2023S006933    ,2,Eixample,7,la Dreta de l'Eixample,18505,Aragó,0258 0258,Thursday,2023,10,October,5,Afternoon,14,No és causa del  vianant,Motorcycle,Man,35,Driver,Desconegut                                                                                                                                            ,Unknown,In itínere,Minor injury: Refused medical assistance,430155.92,4582713.39,2.163447302,41.391073846
2023S006934    ,9,Sant Andreu,61,la Sagrera,39709,Berenguer de Palou,0037 0037,Wednesday,2023,11,November,22,Morning,12,No és causa del  vianant,Veh. mobilitat personal sense motor,Woman,26,Driver,Desconegut                                                                                                                                            ,Unknown,Oci i entreteniment,Minor injury: Hospitalization up to 24 hours,432547.94,4586327.83,2.191653184,41.423832361
2023S006935    ,3,Sants-Montjuïc,11,el Poble-sec,701266,Litoral (Llobregat),001310000,Wednesday,2023,11,November,22,Afternoon,14,No és causa del  vianant,Motorcycle,Man,43,Driver,Desconegut                                                                                                                                            ,Unknown,Unknown,Minor injury: Medical assistance at accident site,430515.24,4579432.98,2.168121075,41.361559281
2023S006936    ,9,Sant Andreu,60,Sant Andreu,701767,Teresa Boronat i Fabra,0032 0032,Wednesday,2023,11,November,22,Afternoon,15,No és causa del  vianant,Bus,Man,53,Passenger,Desconegut                                                                                                                                            ,Unknown,Unknown,Minor injury: Hospitalization up to 24 hours,432483.54,4588714.69,2.190615754,41.445324612
2023S006937    ,3,Sants-Montjuïc,16,la Bordeta,244901,Parcerisa,0050 0050,Wednesday,2023,11,November,22,Afternoon,19,No és causa del  vianant,Bicicleta,Man,45,Driver,Desconegut                                                                                                                                            ,Unknown,Unknown,Minor injury: Medical assistance at accident site,427810.45,4579885.77,2.135732343,41.365399302
2023S006937    ,3,Sants-Montjuïc,16,la Bordeta,244901,Parcerisa,0050 0050,Wednesday,2023,11,November,22,Afternoon,19,No és causa del  vianant,Motorcycle,Man,27,Driver,Desconegut                                                                                                                                            ,Unknown,In itínere,Minor injury: Medical assistance at accident site,427810.45,4579885.77,2.135732343,41.365399302
2023S006938    ,2,Eixample,8,l'Antiga Esquerra de l'Eixample,32700,Balmes,0017 0017,Wednesday,2023,11,November,22,Afternoon,19,No és causa del  vianant,Ciclomotor,Man,25,Driver,Desconegut                                                                                                                                            ,Unknown,Unknown,Minor injury: Hospitalization up to 24 hours,430311.08,4582286.33,2.165352193,41.387240918
2023S006939    ,4,Les Corts,19,les Corts,55807,Francesc Macià,0007 0007,Wednesday,2023,11,November,22,Afternoon,16,No és causa del  vianant,Motorcycle,Man,35,Driver,Desconegut                                                                                                                                            ,Unknown,Unknown,Minor injury: Refused medical assistance,428593.14,4582856.08,2.144739513,41.3922217
2023S006940    ,2,Eixample,7,la Dreta de l'Eixample,335100,Tetuan,0026 0026,Wednesday,2023,11,November,22,Afternoon,14,No és causa del  vianant,Bus,Woman,83,Passenger,Desconegut                                                                                                                                            ,Unknown,Unknown,Minor injury: Hospitalization up to 24 hours,431153.92,4583200.61,2.1753281,41.395548185
2023S006941    ,5,Sarrià-Sant Gervasi,25,Sant Gervasi - la Bonanova,701103,Alfonso Comín,0015 0015,Monday,2023,11,November,20,Night,22,No és causa del  vianant,Motorcycle,Woman,27,Passenger,Desconegut                                                                                                                                            ,Unknown,Unknown,Minor injury: Refused medical assistance,427991.72,4585305.07,2.137254893,41.414225117
2023S006941    ,5,Sarrià-Sant Gervasi,25,Sant Gervasi - la Bonanova,701103,Alfonso Comín,0015 0015,Monday,2023,11,November,20,Night,22,No és causa del  vianant,Motorcycle,Man,30,Driver,Desconegut                                                                                                                                            ,Unknown,Oci i entreteniment,Minor injury: Refused medical assistance,427991.72,4585305.07,2.137254893,41.414225117
2023S006942    ,7,Horta-Guinardó,35,el Guinardó,297001,Sant Antoni Maria Claret,0173 0173,Wednesday,2023,11,November,22,Afternoon,19,No és causa del  vianant,Motorcycle,Man,62,Driver,Desconegut                                                                                                                                            ,Unknown,Unknown,Minor injury: Hospitalization up to 24 hours,431373.14,4585218.56,2.177721255,41.413741982
2023S006942    ,7,Horta-Guinardó,35,el Guinardó,297001,Sant Antoni Maria Claret,0173 0173,Wednesday,2023,11,November,22,Afternoon,19,No és causa del  vianant,Motorcycle,Man,69,Driver,Desconegut                                                                                                                                            ,Unknown,Unknown,Minor injury: Hospitalization up to 24 hours,431373.14,4585218.56,2.177721255,41.413741982
2023S006943    ,8,Nou Barris,48,la Guineueta,351901,Valldaura,0180 0182,Wednesday,2023,11,November,22,Afternoon,20,No és causa del  vianant,Ciclomotor,Man,21,Driver,Desconegut                                                                                                                                            ,Unknown,Altres activitats,Minor injury: Hospitalization up to 24 hours,430711.55,4587998.09,2.169487084,41.438719401
2023S006944    ,2,Eixample,7,la Dreta de l'Eixample,144601,Diagonal,9996 9996,Thursday,2023,11,November,23,Night,2,No és causa del  vianant,Car,Man,47,Driver,Desconegut                                                                                                                                            ,Unknown,Taxi,Minor injury: Hospitalization up to 24 hours,429461.64,4583158.92,2.155091729,41.395025958
2023S006945    ,2,Eixample,8,l'Antiga Esquerra de l'Eixample,70607,Casanova,0148 0148,Thursday,2023,11,November,23,Night,3,No és causa del  vianant,Car,Man,36,Passenger,Desconegut                                                                                                                                            ,Unknown,Unknown,Minor injury: Refused medical assistance,429361.23,4582493.6,2.153968384,41.389024832
2023S006945    ,2,Eixample,8,l'Antiga Esquerra de l'Eixample,70607,Casanova,0148 0148,Thursday,2023,11,November,23,Night,3,No és causa del  vianant,Car,Man,35,Driver,Desconegut                                                                                                                                            ,Unknown,Oci i entreteniment,Minor injury: Hospitalization up to 24 hours,429361.23,4582493.6,2.153968384,41.389024832
2023S006946    ,2,Eixample,9,la Nova Esquerra de l'Eixample,54509,Calàbria,0105 0111,Wednesday,2023,11,November,22,Night,22,No és causa del  vianant,Bicicleta,Man,26,Driver,Desconegut                                                                                                                                            ,Unknown,Unknown,Minor injury: Hospitalization up to 24 hours,429386.36,4581495.84,2.154385281,41.380040548
2023S006947    ,8,Nou Barris,49,Canyelles,701267,Dalt (Besòs),001400000,Thursday,2023,11,November,23,Morning,7,No és causa del  vianant,Motorcycle,Man,33,Driver,Desconegut                                                                                                                                            ,Unknown,In itínere,Minor injury: Hospitalization up to 24 hours,430785.04,4588472.05,2.170312348,41.442994518
2023S006948    ,3,Sants-Montjuïc,11,el Poble-sec,701266,Litoral (Llobregat),0014S0000,Thursday,2023,11,November,23,Morning,8,No és causa del  vianant,Motorcycle,Man,37,Driver,Desconegut                                                                                                                                            ,Unknown,In itínere,Minor injury: Hospitalization up to 24 hours,429275.46,4578334.55,2.153428002,41.351558031
2023S006950    ,2,Eixample,8,l'Antiga Esquerra de l'Eixample,18505,Aragó,0148 0150,Thursday,2023,11,November,23,Morning,9,No és causa del  vianant,Motorcycle,Man,40,Driver,Desconegut                                                                                                                                            ,Unknown,Unknown,Minor injury: Refused medical assistance,429564.42,4582120.73,2.156441855,41.385684345
2023S006952    ,2,Eixample,7,la Dreta de l'Eixample,148307,Gràcia,0102 0102,Thursday,2023,11,November,23,Morning,11,No és causa del  vianant,Bus,Woman,70,Passenger,Desconegut                                                                                                                                            ,Unknown,Unknown,Minor injury: Medical assistance at accident site,429973.45,4583213.48,2.161207085,41.395562116
2023S006953    ,3,Sants-Montjuïc,16,la Bordeta,160903,Ildefons Cerdà,0007 0007,Thursday,2023,11,November,23,Morning,12,No és causa del  vianant,Motorcycle,Man,65,Driver,Desconegut                                                                                                                                            ,Unknown,Unknown,Minor injury: Hospitalization up to 24 hours,427810.45,4579885.77,2.135732343,41.365399302
2023S006954    ,2,Eixample,6,la Sagrada Família,178308,Lepant,0312 0312,Thursday,2023,11,November,23,Morning,10,No és causa del  vianant,Furgoneta,Woman,46,Pedestrian,En pas regulat per semàfor                                                                                                                            ,Oci i entreteniment,Unknown,Minor injury: Hospitalization up to 24 hours,431119.63,4584363.15,2.174785611,41.406015883
2023S006955    ,7,Horta-Guinardó,40,Montbau,701267,Dalt (Besòs),001160000,Thursday,2023,11,November,23,Morning,13,No és causa del  vianant,Car,Woman,21,Passenger,Desconegut                                                                                                                                            ,Unknown,Unknown,Minor injury: Hospitalization up to 24 hours,428744.95,4587406.84,2.146018955,41.433222065
2023S006955    ,7,Horta-Guinardó,40,Montbau,701267,Dalt (Besòs),001160000,Thursday,2023,11,November,23,Morning,13,No és causa del  vianant,Car,Man,54,Driver,Desconegut                                                                                                                                            ,Unknown,Unknown,Minor injury: Hospitalization up to 24 hours,428744.95,4587406.84,2.146018955,41.433222065
2023S006956    ,10,Sant Martí,64,el Camp de l'Arpa del Clot,209900,Meridiana,0119B0119B,Thursday,2023,11,November,23,Morning,11,No és causa del  vianant,Bicicleta,Woman,31,Driver,Desconegut                                                                                                                                            ,Unknown,In itínere,Minor injury: Hospitalization up to 24 hours,432131.07,4584631.66,2.186855248,41.408520352
2023S006958    ,2,Eixample,10,Sant Antoni,169409,Corts Catalanes,0394 0394,Thursday,2023,11,November,23,Afternoon,16,No és causa del  vianant,Autobús articulat,Man,81,Passenger,Desconegut                                                                                                                                            ,Unknown,Unknown,Minor injury: Hospitalization up to 24 hours,429126.11,4581088.8,2.151320822,41.376351579
2023S006958    ,2,Eixample,10,Sant Antoni,169409,Corts Catalanes,0394 0394,Thursday,2023,11,November,23,Afternoon,16,No és causa del  vianant,Autobús articulat,Man,83,Passenger,Desconegut                                                                                                                                            ,Unknown,Unknown,Minor injury: Hospitalization up to 24 hours,429126.11,4581088.8,2.151320822,41.376351579
2023S006959    ,2,Eixample,10,Sant Antoni,127704,Floridablanca,0082 0082,Thursday,2023,11,November,23,Afternoon,15,No és causa del  vianant,Motorcycle,Woman,30,Driver,Desconegut                                                                                                                                            ,Unknown,Unknown,Minor injury: Hospitalization up to 24 hours,429744.27,4581335.47,2.158683795,41.378627494
2023S006960    ,3,Sants-Montjuïc,13,la Marina de Port,212406,Mineria,0037 0037,Thursday,2023,11,November,23,Morning,13,Desobeir el senyal del semàfor,Motorcycle,Woman,35,Pedestrian,Fora del pas                                                                                                                                          ,Unknown,Unknown,Minor injury: Hospitalization up to 24 hours,428075.06,4579847.72,2.138900357,41.365080296
2023S006960    ,3,Sants-Montjuïc,13,la Marina de Port,212406,Mineria,0037 0037,Thursday,2023,11,November,23,Morning,13,Desobeir el senyal del semàfor,Motorcycle,Man,28,Driver,Fora del pas                                                                                                                                          ,Unknown,Unknown,Minor injury: Refused medical assistance,428075.06,4579847.72,2.138900357,41.365080296
2023S006962    ,8,Nou Barris,53,la Trinitat Nova,291300,S'Agaró,0001 0001,Thursday,2023,11,November,23,Afternoon,16,No és causa del  vianant,Motorcycle,Man,61,Driver,Desconegut                                                                                                                                            ,Unknown,In itínere,Minor injury: Hospitalization up to 24 hours,432164.4,4588928.97,2.186771524,41.447227636
2023S006963    ,4,Les Corts,19,les Corts,231502,Numància,0149 0151,Thursday,2023,11,November,23,Afternoon,17,No és causa del  vianant,Motorcycle,Man,47,Driver,Desconegut                                                                                                                                            ,Unknown,In itínere,Minor injury: Hospitalization up to 24 hours,427677.6,4582405.23,2.133843297,41.388079219
2023S006964    ,10,Sant Martí,71,Provençals del Poblenou,253902,Perú,0234 0238,Thursday,2023,11,November,23,Afternoon,14,No és causa del  vianant,Motorcycle,Man,31,Driver,Desconegut                                                                                                                                            ,Unknown,Oci i entreteniment,Minor injury: Hospitalization up to 24 hours,433622.91,4585345.43,2.204624403,41.415073742
2023S006965    ,5,Sarrià-Sant Gervasi,27,el Putxet i el Farró,302906,Sant Hermenegild,0032 0032,Thursday,2023,11,November,23,Afternoon,17,Creuar per fora pas de vianants,Car,Man,37,Pedestrian,Fora del pas                                                                                                                                          ,In itinere,Unknown,Minor injury: Medical assistance at accident site,428576.44,4584035.47,2.14440058,41.402842538
2023S006966    ,5,Sarrià-Sant Gervasi,27,el Putxet i el Farró,32700,Balmes,0446 0446,Thursday,2023,11,November,23,Afternoon,20,No és causa del  vianant,Motorcycle,Man,20,Driver,Desconegut                                                                                                                                            ,Unknown,Unknown,Minor injury: Hospitalization up to 24 hours,428034.65,4584686.76,2.1378421,41.408660102
2023S006967    ,8,Nou Barris,45,Porta,289852,Rosselló i Porcel,0019 0019,Thursday,2023,11,November,23,Afternoon,20,No és causa del  vianant,Bus,Woman,33,Passenger,Desconegut                                                                                                                                            ,Unknown,Unknown,Minor injury: Hospitalization up to 24 hours,431632.62,4587818.17,2.180531644,41.437177923
2023S006967    ,8,Nou Barris,45,Porta,289852,Rosselló i Porcel,0019 0019,Thursday,2023,11,November,23,Afternoon,20,No és causa del  vianant,Bus,Woman,39,Passenger,Desconegut                                                                                                                                            ,Unknown,Unknown,Minor injury: Hospitalization up to 24 hours,431632.62,4587818.17,2.180531644,41.437177923
2023S006967    ,8,Nou Barris,45,Porta,289852,Rosselló i Porcel,0019 0019,Thursday,2023,11,November,23,Afternoon,20,No és causa del  vianant,Bus,Woman,44,Passenger,Desconegut                                                                                                                                            ,Unknown,Unknown,Minor injury: Hospitalization up to 24 hours,431632.62,4587818.17,2.180531644,41.437177923
2023S006967    ,8,Nou Barris,45,Porta,289852,Rosselló i Porcel,0019 0019,Thursday,2023,11,November,23,Afternoon,20,No és causa del  vianant,Bus,Woman,56,Passenger,Desconegut                                                                                                                                            ,Unknown,Unknown,Minor injury: Medical assistance at accident site,431632.62,4587818.17,2.180531644,41.437177923
2023S006967    ,8,Nou Barris,45,Porta,289852,Rosselló i Porcel,0019 0019,Thursday,2023,11,November,23,Afternoon,20,No és causa del  vianant,Bus,Woman,6,Passenger,Desconegut                                                                                                                                            ,Unknown,Unknown,Minor injury: Medical assistance at accident site,431632.62,4587818.17,2.180531644,41.437177923
2023S006968    ,2,Eixample,7,la Dreta de l'Eixample,100800,Diputació,0270 0270,Thursday,2023,11,November,23,Afternoon,20,No és causa del  vianant,Motorcycle,Woman,53,Driver,Desconegut                                                                                                                                            ,Unknown,Altres activitats,Minor injury: Hospitalization up to 24 hours,430590.23,4582764.01,2.168635898,41.391567383
2023S006969    ,2,Eixample,7,la Dreta de l'Eixample,335100,Tetuan,0004 0004,Thursday,2023,11,November,23,Night,23,No és causa del  vianant,Bicicleta,Man,20,Driver,Desconegut                                                                                                                                            ,Unknown,Oci i entreteniment,Minor injury: Medical assistance at accident site,431275.84,4583019.17,2.176806984,41.393924444
2023S006969    ,2,Eixample,7,la Dreta de l'Eixample,335100,Tetuan,0004 0004,Thursday,2023,11,November,23,Night,23,No és causa del  vianant,Veh. mobilitat personal amb motor,Woman,27,Driver,Desconegut                                                                                                                                            ,Unknown,Oci i entreteniment,Minor injury: Hospitalization up to 24 hours,431275.84,4583019.17,2.176806984,41.393924444
2023S006970    ,3,Sants-Montjuïc,11,el Poble-sec,701266,Litoral (Llobregat),001240000,Thursday,2023,11,November,23,Afternoon,19,No és causa del  vianant,Motorcycle,Man,46,Driver,Desconegut                                                                                                                                            ,Unknown,Oci i entreteniment,Minor injury: Hospitalization up to 24 hours,430634.28,4579558.39,2.169529815,41.362699086
2023S006971    ,3,Sants-Montjuïc,13,la Marina de Port,700796,Jocs del 92,0007 0007,Thursday,2023,11,November,23,Night,23,No és causa del  vianant,Car,Man,21,Driver,Desconegut                                                                                                                                            ,Unknown,Oci i entreteniment,Minor injury: Medical assistance at accident site,428882.1,4579482.41,2.148591616,41.361861802
2023S006972    ,6,Gràcia,28,Vallcarca i els Penitents,41802,Betània,0011 0011,Thursday,2023,11,November,23,Afternoon,20,No és causa del  vianant,Motorcycle,Woman,36,Passenger,Desconegut                                                                                                                                            ,Unknown,Unknown,Minor injury: Hospitalization up to 24 hours,428292.71,4585805.75,2.140796638,41.418761461
2023S006972    ,6,Gràcia,28,Vallcarca i els Penitents,41802,Betània,0011 0011,Thursday,2023,11,November,23,Afternoon,20,No és causa del  vianant,Motorcycle,Woman,25,Driver,Desconegut                                                                                                                                            ,Unknown,Unknown,Minor injury: Hospitalization up to 24 hours,428292.71,4585805.75,2.140796638,41.418761461
2023S006972    ,6,Gràcia,28,Vallcarca i els Penitents,41802,Betània,0011 0011,Thursday,2023,11,November,23,Afternoon,20,No és causa del  vianant,Motorcycle,Woman,35,Driver,Desconegut                                                                                                                                            ,Unknown,Unknown,Minor injury: Hospitalization up to 24 hours,428292.71,4585805.75,2.140796638,41.418761461
2023S006973    ,3,Sants-Montjuïc,13,la Marina de Port,137300,Foneria,0042B0042B,Friday,2023,11,November,24,Morning,6,No és causa del  vianant,Motorcycle,Man,58,Driver,Desconegut                                                                                                                                            ,Unknown,In itínere,Minor injury: Hospitalization up to 24 hours,428152.27,4579392.2,2.139877412,41.360984477
2023S006974    ,4,Les Corts,20,la Maternitat i Sant Ramon,65200,Cardenal Reig,0002 0002,Friday,2023,11,November,24,Morning,8,No és causa del  vianant,Veh. mobilitat personal amb motor,Man,25,Driver,Desconegut                                                                                                                                            ,Unknown,Unknown,Minor injury: Refused medical assistance,425973.82,4581070.27,2.113630238,41.375900729
2023S006975    ,9,Sant Andreu,59,el Bon Pastor,18902,Arbeca,0021 0021,Friday,2023,11,November,24,Morning,9,No és causa del  vianant,Motorcycle,Woman,22,Driver,Desconegut                                                                                                                                            ,Unknown,En missió,Minor injury: Hospitalization up to 24 hours,433925.28,4588192.74,2.207930773,41.440743599
2023S006976    ,8,Nou Barris,44,Vilapicina i la Torre Llobeta,111704,Escòcia,0001 0001,Friday,2023,11,November,24,Morning,11,No és causa del  vianant,Veh. mobilitat personal amb motor,Man,55,Pedestrian,En pas regulat per semàfor                                                                                                                            ,Oci i entreteniment,Unknown,Minor injury: Hospitalization up to 24 hours,431926.84,4586869.18,2.184159998,41.428655703
2023S006977    ,2,Eixample,7,la Dreta de l'Eixample,350308,València,0289 0291,Wednesday,2023,11,November,22,Afternoon,17,No és causa del  vianant,Motorcycle,Man,44,Driver,Desconegut                                                                                                                                            ,Unknown,Unknown,Minor injury: Hospitalization up to 24 hours,430467.91,4583193.81,2.167123551,41.395427884
2023S006977    ,2,Eixample,7,la Dreta de l'Eixample,350308,València,0289 0291,Wednesday,2023,11,November,22,Afternoon,17,No és causa del  vianant,Motorcycle,Man,50,Driver,Desconegut                                                                                                                                            ,Unknown,Unknown,Minor injury: Refused medical assistance,430467.91,4583193.81,2.167123551,41.395427884
2023S006978    ,6,Gràcia,30,la Salut,344000,Dalt,0031 0031,Friday,2023,11,November,24,Morning,8,No és causa del  vianant,Ciclomotor,Man,34,Driver,Desconegut                                                                                                                                            ,Unknown,En missió,Minor injury: Hospitalization up to 24 hours,429295.93,4584702.88,2.152929273,41.408917284
2023S006979    ,5,Sarrià-Sant Gervasi,24,les Tres Torres,28000,Augusta,0286 0290,Friday,2023,11,November,24,Morning,12,No és causa del  vianant,Car,Woman,54,Pedestrian,En pas regulat per semàfor                                                                                                                            ,Unknown,Unknown,Minor injury: Hospitalization up to 24 hours,427378.39,4583485.71,2.130135276,41.397783694
2023S006980    ,3,Sants-Montjuïc,18,Sants,296406,Sant Antoni,0036 0040,Thursday,2023,11,November,23,Afternoon,16,No és causa del  vianant,Veh. mobilitat personal amb motor,Man,41,Driver,Desconegut                                                                                                                                            ,Unknown,In itínere,Minor injury: Hospitalization up to 24 hours,428147.51,4581360.91,2.139587084,41.378715546
2023S006981    ,10,Sant Martí,66,el Parc i la Llacuna del Poblenou,146902,Glòries Catalanes,0036 0036,Friday,2023,11,November,24,Morning,13,No és causa del  vianant,Motorcycle,Man,29,Driver,Desconegut                                                                                                                                            ,Unknown,Oci i entreteniment,Minor injury: Hospitalization up to 24 hours,432311.78,4584204.78,2.189064922,41.404690813
2023S006982    ,10,Sant Martí,68,el Poblenou,701265,Litoral (Besòs),000790000,Friday,2023,11,November,24,Afternoon,14,No és causa del  vianant,Motorcycle,Man,41,Driver,Desconegut                                                                                                                                            ,Unknown,Unknown,Minor injury: Hospitalization up to 24 hours,433415.38,4582820.98,2.202419243,41.392319486
2023S006983    ,4,Les Corts,21,Pedralbes,144601,Diagonal,0688 0692,Friday,2023,11,November,24,Afternoon,16,No és causa del  vianant,Motorcycle,Man,56,Driver,Desconegut                                                                                                                                            ,Unknown,Unknown,Serious injury: Hospitalization over 24 hours,426384.77,4582244.89,2.118401275,41.386517764
2023S006984    ,9,Sant Andreu,61,la Sagrera,140407,Garcilaso,0041 0047,Friday,2023,11,November,24,Afternoon,14,No és causa del  vianant,Motorcycle,Man,29,Driver,Desconegut                                                                                                                                            ,Unknown,Unknown,Minor injury: Medical assistance at accident site,432283.29,4586198.44,2.188500828,41.422644709
2023S006985    ,4,Les Corts,21,Pedralbes,701267,Dalt (Besòs),000560000,Friday,2023,11,November,24,Afternoon,15,No és causa del  vianant,Motorcycle,Man,23,Driver,Desconegut                                                                                                                                            ,Unknown,In itínere,Minor injury: Hospitalization up to 24 hours,425500.9,4582637.99,2.107782607,41.389976826
2023S006986    ,6,Gràcia,32,el Camp d'en Grassot i Gràcia Nova,90502,Còrsega,0489 0489,Friday,2023,11,November,24,Afternoon,17,No és causa del  vianant,Motorcycle,Man,51,Driver,Desconegut                                                                                                                                            ,Unknown,En missió,Minor injury: Hospitalization up to 24 hours,430603.22,4584092.49,2.168638915,41.403533698
2023S006987    ,3,Sants-Montjuïc,13,la Marina de Port,109906,Energia,0009 0009,Friday,2023,11,November,24,Afternoon,15,No és causa del  vianant,Motorcycle,Man,54,Driver,Desconegut                                                                                                                                            ,Unknown,In itínere,Minor injury: Hospitalization up to 24 hours,428052.23,4578831.14,2.138748054,41.355922256
2023S006988    ,6,Gràcia,32,el Camp d'en Grassot i Gràcia Nova,7906,Ca l'Alegre de Dalt,0090 0090,Friday,2023,11,November,24,Afternoon,20,No és causa del  vianant,Motorcycle,Man,53,Driver,Desconegut                                                                                                                                            ,Unknown,En missió,Minor injury: Refused medical assistance,429825.66,4584944.76,2.15923856,41.411142257
2023S006989    ,4,Les Corts,21,Pedralbes,336001,Til·lers,0002X0002X,Friday,2023,11,November,24,Afternoon,20,No és causa del  vianant,Motorcycle,Woman,33,Driver,Desconegut                                                                                                                                            ,Unknown,Unknown,Minor injury: Hospitalization up to 24 hours,426486.53,4582585.53,2.119576877,41.389595076
2023S006990    ,2,Eixample,6,la Sagrada Família,68900,Cartagena,0205 0205,Friday,2023,11,November,24,Afternoon,19,No és causa del  vianant,Bicicleta,Woman,28,Driver,Desconegut                                                                                                                                            ,Unknown,In itínere,Minor injury: Medical assistance at accident site,431683.82,4584308.87,2.18154109,41.405575172
2023S006991    ,10,Sant Martí,65,el Clot,18505,Aragó,0659X0659X,Friday,2023,11,November,24,Afternoon,19,No és causa del  vianant,Veh. mobilitat personal amb motor,Woman,28,Driver,Desconegut                                                                                                                                            ,Unknown,Unknown,Minor injury: Medical assistance at accident site,432504.38,4585011.18,2.191278943,41.41197003
2023S006992    ,5,Sarrià-Sant Gervasi,25,Sant Gervasi - la Bonanova,44709,Bonanova,0078 0078,Friday,2023,11,November,24,Night,22,No és causa del  vianant,Car,Woman,14,Passenger,Desconegut                                                                                                                                            ,Unknown,Unknown,Minor injury: Medical assistance at accident site,427027.05,4584015.62,2.125868911,41.402524544