Case_Number,District_Code,District_Name,Neighborhood_Code,Neighborhood_Name,Street_Code,Street_Name,Postal_Code,Day_of_Week,Year,Month_Code,Month_Name,Day_of_Month,Shift_Description,Hour_of_Day,Pedestrian_Cause_Description,Involved_Vehicle_Type,Gender_Description,Age,Person_Type_Description,Pedestrian_Accident_Location_Description,Pedestrian_Movement_Reason_Description,Driver_Movement_Reason_Description,Victimization_Description,UTM_X_Coordinate,UTM_Y_Coordinate,Longitude,Latitude
2023S006992    ,5,Sarrià-Sant Gervasi,25,Sant Gervasi - la Bonanova,44709,Bonanova,0078 0078,Friday,2023,11,November,24,Night,22,No és causa del  vianant,Car,Man,53,Driver,Desconegut                                                                                                                                            ,Unknown,Oci i entreteniment,Minor injury: Medical assistance at accident site,427027.05,4584015.62,2.125868911,41.402524544
2023S006993    ,3,Sants-Montjuïc,15,Hostafrancs,108700,Elisi,0031U0031U,Saturday,2023,11,November,25,Night,2,No és causa del  vianant,Ciclomotor,Woman,25,Driver,Desconegut                                                                                                                                            ,Unknown,Oci i entreteniment,Minor injury: Medical assistance at accident site,428585.98,4581366.46,2.144829559,41.378804588
2023S006994    ,7,Horta-Guinardó,39,Sant Genís dels Agudells,148409,Sant Cugat,0094 0094,Saturday,2023,11,November,25,Night,2,No és causa del  vianant,Car,Woman,35,Driver,Desconegut                                                                                                                                            ,Unknown,Oci i entreteniment,Minor injury: Hospitalization up to 24 hours,427916.32,4586441.1,2.136217319,41.424450088
2023S006995    ,3,Sants-Montjuïc,15,Hostafrancs,169409,Corts Catalanes,0333 0333,Friday,2023,11,November,24,Afternoon,21,No és causa del  vianant,Bus,Woman,35,Passenger,Desconegut                                                                                                                                            ,Unknown,Unknown,Minor injury: Hospitalization up to 24 hours,428689.7,4580738.02,2.146143796,41.373153646
2023S006996    ,10,Sant Martí,68,el Poblenou,115603,Espronceda,0119 0119,Saturday,2023,11,November,25,Night,2,No és causa del  vianant,Car,Man,47,Pedestrian,En pas regulat per semàfor                                                                                                                            ,Unknown,Unknown,Minor injury: Hospitalization up to 24 hours,433559.11,4584317.78,2.203973965,41.405812692
2023S006998    ,1,Ciutat Vella,4,"Sant Pere, Santa Caterina i la Ribera",163504,Isabel II,0002 0002,Saturday,2023,11,November,25,Morning,8,No és causa del  vianant,Motorcycle,Man,28,Driver,Desconegut                                                                                                                                            ,Unknown,Unknown,Minor injury: Hospitalization up to 24 hours,431713.95,4581617.07,2.182205218,41.381333454
2023S006999    ,2,Eixample,8,l'Antiga Esquerra de l'Eixample,18505,Aragó,0192 0192,Saturday,2023,11,November,25,Morning,12,No és causa del  vianant,Bicicleta,Man,26,Driver,Desconegut                                                                                                                                            ,Unknown,Unknown,Minor injury: Refused medical assistance,429735.29,4582301.52,2.158464328,41.387327612
2023S007000    ,9,Sant Andreu,59,el Bon Pastor,264308,Potosí,0034 0034,Saturday,2023,11,November,25,Morning,13,No és causa del  vianant,Motorcycle,Man,56,Driver,Desconegut                                                                                                                                            ,Unknown,Unknown,Minor injury: Hospitalization up to 24 hours,433678.56,4588474.89,2.204946702,41.443264483
2023S007001    ,10,Sant Martí,64,el Camp de l'Arpa del Clot,18505,Aragó,0585 0585,Saturday,2023,11,November,25,Morning,13,No és causa del  vianant,Motorcycle,Man,59,Driver,Desconegut                                                                                                                                            ,Unknown,Unknown,Minor injury: Medical assistance at accident site,432040.82,4584577.64,2.185781623,41.40802618
2023S007002    ,5,Sarrià-Sant Gervasi,23,Sarrià,46704,Borràs,0006 0006,Saturday,2023,11,November,25,Afternoon,14,No és causa del  vianant,Motorcycle,Man,35,Driver,Desconegut                                                                                                                                            ,Unknown,Unknown,Minor injury: Hospitalization up to 24 hours,426302.76,4584187.91,2.117183914,41.404010182
2023S007003    ,2,Eixample,8,l'Antiga Esquerra de l'Eixample,363809,Villarroel,0115 0115,Saturday,2023,11,November,25,Afternoon,14,No és causa del  vianant,Motorcycle,Man,70,Driver,Desconegut                                                                                                                                            ,Unknown,Oci i entreteniment,Minor injury: Hospitalization up to 24 hours,429544.56,4582114.92,2.156205024,41.385630276
2023S007005    ,2,Eixample,7,la Dreta de l'Eixample,89004,Consell de Cent,0327 0327,Saturday,2023,11,November,25,Afternoon,15,No és causa del  vianant,Car,Man,83,Pedestrian,En zona peatonal                                                                                                                                      ,Unknown,Unknown,Minor injury: Hospitalization up to 24 hours,430173.04,4582561.66,2.163669561,41.38970875
2023S007007    ,1,Ciutat Vella,4,"Sant Pere, Santa Caterina i la Ribera",201400,Picasso,0042 0044,Saturday,2023,11,November,25,Afternoon,18,No és causa del  vianant,Motorcycle,Woman,36,Passenger,Desconegut                                                                                                                                            ,Unknown,Unknown,Minor injury: Hospitalization up to 24 hours,431975.78,4582101.43,2.185281874,41.385718151
2023S007008    ,9,Sant Andreu,59,el Bon Pastor,701265,Litoral (Besòs),000180000,Saturday,2023,11,November,25,Afternoon,19,No és causa del  vianant,Car,Woman,67,Passenger,Desconegut                                                                                                                                            ,Unknown,Unknown,Minor injury: Medical assistance at accident site,433925.28,4588192.74,2.207930773,41.440743599
2023S007009    ,8,Nou Barris,49,Canyelles,701267,Dalt (Besòs),001400000,Saturday,2023,11,November,25,Afternoon,17,No és causa del  vianant,Motorcycle,Woman,26,Driver,Desconegut                                                                                                                                            ,Unknown,Unknown,Minor injury: Hospitalization up to 24 hours,430808.39,4588463.43,2.170592827,41.442918895
2023S007010    ,6,Gràcia,31,la Vila de Gràcia,112004,Escorial,0017 0017,Saturday,2023,11,November,25,Morning,7,No és causa del  vianant,Taxi,Woman,64,Pedestrian,En pas sense regular                                                                                                                                  ,Oci i entreteniment,Unknown,Minor injury: Hospitalization up to 24 hours,430034.75,4584441.25,2.161798314,41.40662556
2023S007012    ,2,Eixample,7,la Dreta de l'Eixample,349309,Universitat,0002 0002,Saturday,2023,11,November,25,Afternoon,17,No és causa del  vianant,Motorcycle,Man,31,Driver,Desconegut                                                                                                                                            ,Unknown,In itínere,Minor injury: Hospitalization up to 24 hours,430317.75,4582155.6,2.165447007,41.386064051
2023S007013    ,10,Sant Martí,65,el Clot,42306,Bilbao,0227 0229,Saturday,2023,11,November,25,Afternoon,19,No és causa del  vianant,Car,Woman,52,Passenger,Desconegut                                                                                                                                            ,Unknown,Unknown,Minor injury: Hospitalization up to 24 hours,432617.54,4584880.7,2.192647332,41.410804335
2023S007013    ,10,Sant Martí,65,el Clot,42306,Bilbao,0227 0229,Saturday,2023,11,November,25,Afternoon,19,No és causa del  vianant,Car,Woman,56,Passenger,Desconegut                                                                                                                                            ,Unknown,Unknown,Minor injury: Hospitalization up to 24 hours,432617.54,4584880.7,2.192647332,41.410804335
2023S007014    ,8,Nou Barris,44,Vilapicina i la Torre Llobeta,119003,Fabra i Puig,0095 0095,Saturday,2023,11,November,25,Afternoon,19,No és causa del  vianant,Car,Woman,62,Passenger,Desconegut                                                                                                                                            ,Unknown,Unknown,Minor injury: Refused medical assistance,431870.03,4587039.84,2.183460905,41.430187961
2023S007014    ,8,Nou Barris,44,Vilapicina i la Torre Llobeta,119003,Fabra i Puig,0095 0095,Saturday,2023,11,November,25,Afternoon,19,No és causa del  vianant,Car,Man,38,Passenger,Desconegut                                                                                                                                            ,Unknown,Unknown,Minor injury: Refused medical assistance,431870.03,4587039.84,2.183460905,41.430187961
2023S007014    ,8,Nou Barris,44,Vilapicina i la Torre Llobeta,119003,Fabra i Puig,0095 0095,Saturday,2023,11,November,25,Afternoon,19,No és causa del  vianant,Car,Man,43,Passenger,Desconegut                                                                                                                                            ,Unknown,Unknown,Minor injury: Refused medical assistance,431870.03,4587039.84,2.183460905,41.430187961
2023S007014    ,8,Nou Barris,44,Vilapicina i la Torre Llobeta,119003,Fabra i Puig,0095 0095,Saturday,2023,11,November,25,Afternoon,19,No és causa del  vianant,Bus,Woman,50,Driver,Desconegut                                                                                                                                            ,Unknown,En missió,Minor injury: Refused medical assistance,431870.03,4587039.84,2.183460905,41.430187961
2023S007014    ,8,Nou Barris,44,Vilapicina i la Torre Llobeta,119003,Fabra i Puig,0095 0095,Saturday,2023,11,November,25,Afternoon,19,No és causa del  vianant,Car,Woman,42,Driver,Desconegut                                                                                                                                            ,Unknown,Oci i entreteniment,Minor injury: Refused medical assistance,431870.03,4587039.84,2.183460905,41.430187961
2023S007015    ,9,Sant Andreu,57,la Trinitat Vella,701268,Dalt (Llobregat),001600000,Saturday,2023,11,November,25,Afternoon,20,No és causa del  vianant,Motorcycle,Man,28,Driver,Desconegut                                                                                                                                            ,Unknown,Oci i entreteniment,Minor injury: Hospitalization up to 24 hours,432746.62,4589002.94,2.193732748,41.447942877
2023S007016    ,5,Sarrià-Sant Gervasi,23,Sarrià,144408,General Vives,0002 0002,Saturday,2023,11,November,25,Afternoon,19,No és causa del  vianant,Motorcycle,Woman,21,Passenger,Desconegut                                                                                                                                            ,Unknown,Unknown,Minor injury: Hospitalization up to 24 hours,426127.78,4583994.27,2.115114389,41.402250086
2023S007016    ,5,Sarrià-Sant Gervasi,23,Sarrià,144408,General Vives,0002 0002,Saturday,2023,11,November,25,Afternoon,19,No és causa del  vianant,Motorcycle,Man,21,Driver,Desconegut                                                                                                                                            ,Unknown,Oci i entreteniment,Minor injury: Hospitalization up to 24 hours,426127.78,4583994.27,2.115114389,41.402250086
2023S007017    ,1,Ciutat Vella,3,la Barceloneta,197903,Marítim de la Barceloneta,0037 0037,Sunday,2023,11,November,26,Night,5,No és causa del  vianant,Car,Man,41,Driver,Desconegut                                                                                                                                            ,Unknown,Altres activitats,Minor injury: Refused medical assistance,432802.19,4581840.92,2.195194,41.383441297
2023S007017    ,1,Ciutat Vella,3,la Barceloneta,197903,Marítim de la Barceloneta,0037 0037,Sunday,2023,11,November,26,Night,5,No és causa del  vianant,Taxi,Man,31,Passenger,Desconegut                                                                                                                                            ,Unknown,Unknown,Minor injury: Medical assistance at accident site,432802.19,4581840.92,2.195194,41.383441297
2023S007017    ,1,Ciutat Vella,3,la Barceloneta,197903,Marítim de la Barceloneta,0037 0037,Sunday,2023,11,November,26,Night,5,No és causa del  vianant,Taxi,Man,32,Passenger,Desconegut                                                                                                                                            ,Unknown,Unknown,Minor injury: Refused medical assistance,432802.19,4581840.92,2.195194,41.383441297
2023S007017    ,1,Ciutat Vella,3,la Barceloneta,197903,Marítim de la Barceloneta,0037 0037,Sunday,2023,11,November,26,Night,5,No és causa del  vianant,Taxi,Man,22,Driver,Desconegut                                                                                                                                            ,Unknown,Taxi,Minor injury: Refused medical assistance,432802.19,4581840.92,2.195194,41.383441297
2023S007018    ,2,Eixample,7,la Dreta de l'Eixample,335100,Tetuan,0005 0005,Sunday,2023,11,November,26,Night,5,No és causa del  vianant,Veh. mobilitat personal amb motor,Man,37,Driver,Desconegut                                                                                                                                            ,Unknown,In itínere,Minor injury: Hospitalization up to 24 hours,431235.15,4583025.3,2.176319608,41.393976174
2023S007019    ,10,Sant Martí,73,la Verneda i la Pau,153205,Guipúscoa,0154 0154,Friday,2023,11,November,24,Afternoon,18,No és causa del  vianant,Motorcycle,Man,48,Driver,Desconegut                                                                                                                                            ,Unknown,In itínere,Minor injury: Hospitalization up to 24 hours,433722.45,4586174.92,2.205724414,41.422552954
2023S007020    ,2,Eixample,7,la Dreta de l'Eixample,169409,Corts Catalanes,0595 0599,Sunday,2023,11,November,26,Morning,11,No és causa del  vianant,Motorcycle,Woman,24,Driver,Desconegut                                                                                                                                            ,Unknown,Unknown,Minor injury: Medical assistance at accident site,430380.51,4582386.85,2.166170976,41.388152285
2023S007021    ,4,Les Corts,21,Pedralbes,144601,Diagonal,0680X0680X,Sunday,2023,11,November,26,Afternoon,15,No és causa del  vianant,Bus,Man,41,Passenger,Desconegut                                                                                                                                            ,Unknown,Unknown,Minor injury: Medical assistance at accident site,426879.75,4582417.88,2.124299923,41.388120983
2023S007022    ,3,Sants-Montjuïc,13,la Marina de Port,169409,Corts Catalanes,0170 0184,Sunday,2023,11,November,26,Afternoon,16,No és causa del  vianant,Bus,Woman,62,Passenger,Desconegut                                                                                                                                            ,Unknown,Unknown,Minor injury: Hospitalization up to 24 hours,428098.17,4580082.76,2.139148762,41.367199287
2023S007023    ,2,Eixample,5,el Fort Pienc,362409,Vilanova,0001 0001,Sunday,2023,11,November,26,Afternoon,16,Others,Veh. mobilitat personal amb motor,Man,55,Driver,En pas regulat per semàfor                                                                                                                            ,Unknown,Oci i entreteniment,Minor injury: Hospitalization up to 24 hours,431582.27,4582754.76,2.180501983,41.391569121
2023S007026    ,2,Eixample,7,la Dreta de l'Eixample,247659,Pau Claris,0185 0185,Sunday,2023,11,November,26,Afternoon,18,No és causa del  vianant,Motorcycle,Man,31,Driver,Desconegut                                                                                                                                            ,Unknown,Oci i entreteniment,Minor injury: Hospitalization up to 24 hours,430028.14,4583341.24,2.161846456,41.396717571
2023S007029    ,2,Eixample,8,l'Antiga Esquerra de l'Eixample,32700,Balmes,0045 0047,Sunday,2023,11,November,26,Afternoon,20,No és causa del  vianant,Motorcycle,Man,30,Driver,Desconegut                                                                                                                                            ,Unknown,Altres activitats,Minor injury: Hospitalization up to 24 hours,430077.64,4582511.47,2.162534387,41.389248413
2023S007030    ,7,Horta-Guinardó,43,Horta,700651,Estatut de Catalunya,0070X0070X,Sunday,2023,11,November,26,Afternoon,20,No és causa del  vianant,Motorcycle,Woman,30,Passenger,Desconegut                                                                                                                                            ,Unknown,Unknown,Minor injury: Hospitalization up to 24 hours,429290.04,4587811.32,2.152495134,41.436913251
2023S007031    ,4,Les Corts,19,les Corts,231502,Numància,0170 0170,Sunday,2023,11,November,26,Afternoon,17,No és causa del  vianant,Veh. mobilitat personal amb motor,Woman,28,Driver,Desconegut                                                                                                                                            ,Unknown,In itínere,Minor injury: Hospitalization up to 24 hours,427575.97,4582577.49,2.13260725,41.389621548
2023S007031    ,4,Les Corts,19,les Corts,231502,Numància,0170 0170,Sunday,2023,11,November,26,Afternoon,17,No és causa del  vianant,Motorcycle,Man,28,Driver,Desconegut                                                                                                                                            ,Unknown,Oci i entreteniment,Minor injury: Hospitalization up to 24 hours,427575.97,4582577.49,2.13260725,41.389621548
2023S007032    ,5,Sarrià-Sant Gervasi,24,les Tres Torres,701434,Mig (Descendent),000370000,Sunday,2023,11,November,26,Afternoon,21,No és causa del  vianant,Motorcycle,Man,44,Driver,Desconegut                                                                                                                                            ,Unknown,In itínere,Minor injury: Hospitalization up to 24 hours,427678.99,4583241.88,2.133759964,41.395614721
2023S007033    ,5,Sarrià-Sant Gervasi,25,Sant Gervasi - la Bonanova,701629,Isaac Newton,0040U0040U,Sunday,2023,11,November,26,Night,22,No és causa del  vianant,Car,Man,48,Driver,Desconegut                                                                                                                                            ,Unknown,In itínere,Minor injury: Hospitalization up to 24 hours,427700.96,4585357.3,2.133769917,41.414669411
2023S007035    ,4,Les Corts,21,Pedralbes,701268,Dalt (Llobregat),0010S0000,Monday,2023,11,November,27,Morning,7,No és causa del  vianant,Car,Woman,31,Driver,Desconegut                                                                                                                                            ,Unknown,In itínere,Minor injury: Hospitalization up to 24 hours,425597.77,4582819.56,2.108918832,41.391621116
2023S007035    ,4,Les Corts,21,Pedralbes,701268,Dalt (Llobregat),0010S0000,Monday,2023,11,November,27,Morning,7,No és causa del  vianant,Car,Woman,61,Driver,Desconegut                                                                                                                                            ,Unknown,In itínere,Minor injury: Hospitalization up to 24 hours,425597.77,4582819.56,2.108918832,41.391621116
2023S007037    ,9,Sant Andreu,59,el Bon Pastor,131803,Formiga,0001 0001,Monday,2023,11,November,27,Morning,8,No és causa del  vianant,Motorcycle,Woman,54,Driver,Desconegut                                                                                                                                            ,Unknown,In itínere,Minor injury: Hospitalization up to 24 hours,433346.61,4587639.71,2.201065513,41.435714772
2023S007038    ,4,Les Corts,19,les Corts,162002,Josep Tarradellas,0129 0129,Monday,2023,11,November,27,Morning,9,No és causa del  vianant,Bicicleta,Man,46,Pedestrian,En pas sense regular                                                                                                                                  ,Unknown,Unknown,Minor injury: Medical assistance at accident site,428456.16,4582583.9,2.143133364,41.389758095
2023S007039    ,2,Eixample,9,la Nova Esquerra de l'Eixample,169409,Corts Catalanes,0433 0433,Sunday,2023,11,November,26,Night,23,No és causa del  vianant,Bicicleta,Man,26,Driver,Desconegut                                                                                                                                            ,Unknown,Oci i entreteniment,Minor injury: Hospitalization up to 24 hours,429275.87,4581307.9,2.153085979,41.378338124
2023S007040    ,2,Eixample,7,la Dreta de l'Eixample,169409,Corts Catalanes,0638 0638,Monday,2023,11,November,27,Morning,8,No és causa del  vianant,Motorcycle,Man,33,Driver,Desconegut                                                                                                                                            ,Unknown,Unknown,Minor injury: Hospitalization up to 24 hours,430649.04,4582579.25,2.169360445,41.389908383
2023S007041    ,2,Eixample,9,la Nova Esquerra de l'Eixample,245802,París,0113 0115,Monday,2023,11,November,27,Morning,10,No és causa del  vianant,Motorcycle,Man,44,Driver,Desconegut                                                                                                                                            ,Unknown,In itínere,Minor injury: Hospitalization up to 24 hours,428836.5,4582561.93,2.147684743,41.389593978
2023S007042    ,10,Sant Martí,67,la Vila Olímpica del Poblenou,76807,Sardenya,0048 0054,Monday,2023,11,November,27,Morning,11,No és causa del  vianant,Motorcycle,Woman,25,Driver,Desconegut                                                                                                                                            ,Unknown,Unknown,Minor injury: Medical assistance at accident site,432371.49,4582680.73,2.18994954,41.39096914
2023S007043    ,2,Eixample,6,la Sagrada Família,18505,Aragó,0458 0464,Monday,2023,11,November,27,Afternoon,14,No és causa del  vianant,Motorcycle,Woman,33,Passenger,Desconegut                                                                                                                                            ,Unknown,Unknown,Minor injury: Refused medical assistance,431463.86,4583995.65,2.178945234,41.402735362
2023S007043    ,2,Eixample,6,la Sagrada Família,18505,Aragó,0458 0464,Monday,2023,11,November,27,Afternoon,14,No és causa del  vianant,Ciclomotor,Woman,21,Driver,Desconegut                                                                                                                                            ,Unknown,In itínere,Minor injury: Refused medical assistance,431463.86,4583995.65,2.178945234,41.402735362
2023S007044    ,7,Horta-Guinardó,43,Horta,97807,Dante Alighieri,0054 0054,Monday,2023,11,November,27,Morning,9,No és causa del  vianant,Car,Woman,61,Passenger,Desconegut                                                                                                                                            ,Unknown,Unknown,Minor injury: Medical assistance at accident site,429870.39,4586830.87,2.159554878,41.428133648
2023S007044    ,7,Horta-Guinardó,43,Horta,97807,Dante Alighieri,0054 0054,Monday,2023,11,November,27,Morning,9,No és causa del  vianant,Furgoneta,Man,43,Driver,Desconegut                                                                                                                                            ,Unknown,Oci i entreteniment,Minor injury: Hospitalization up to 24 hours,429870.39,4586830.87,2.159554878,41.428133648
2023S007045    ,2,Eixample,5,el Fort Pienc,178308,Lepant,0197 0197,Sunday,2023,11,November,26,Afternoon,21,No és causa del  vianant,Car,Woman,16,Passenger,Desconegut                                                                                                                                            ,Unknown,Unknown,Minor injury: Hospitalization up to 24 hours,431635.33,4583832.59,2.181014835,41.401281337
2023S007045    ,2,Eixample,5,el Fort Pienc,178308,Lepant,0197 0197,Sunday,2023,11,November,26,Afternoon,21,No és causa del  vianant,Car,Woman,53,Passenger,Desconegut                                                                                                                                            ,Unknown,Unknown,Minor injury: Hospitalization up to 24 hours,431635.33,4583832.59,2.181014835,41.401281337
2023S007046    ,5,Sarrià-Sant Gervasi,25,Sant Gervasi - la Bonanova,80203,Ciutat de Balaguer,0013 0013,Monday,2023,11,November,27,Afternoon,14,No és causa del  vianant,Motorcycle,Man,59,Driver,Desconegut                                                                                                                                            ,Unknown,Oci i entreteniment,Minor injury: Hospitalization up to 24 hours,427902.94,4583999.14,2.136348373,41.402455181
2023S007047    ,2,Eixample,10,Sant Antoni,361406,Viladomat,0101 0101,Monday,2023,11,November,27,Morning,13,No és causa del  vianant,Bus,Woman,32,Passenger,Desconegut                                                                                                                                            ,Unknown,Unknown,Minor injury: Hospitalization up to 24 hours,429650.92,4581430.44,2.157556503,41.379474699
2023S007047    ,2,Eixample,10,Sant Antoni,361406,Viladomat,0101 0101,Monday,2023,11,November,27,Morning,13,No és causa del  vianant,Bus,Woman,63,Passenger,Desconegut                                                                                                                                            ,Unknown,Unknown,Minor injury: Hospitalization up to 24 hours,429650.92,4581430.44,2.157556503,41.379474699
2023S007047    ,2,Eixample,10,Sant Antoni,361406,Viladomat,0101 0101,Monday,2023,11,November,27,Morning,13,No és causa del  vianant,Bus,Woman,78,Passenger,Desconegut                                                                                                                                            ,Unknown,Unknown,Minor injury: Hospitalization up to 24 hours,429650.92,4581430.44,2.157556503,41.379474699
2023S007048    ,6,Gràcia,31,la Vila de Gràcia,253006,Pérez Galdós,0042 0042,Thursday,2023,11,November,23,Night,23,No és causa del  vianant,Veh. mobilitat personal amb motor,Man,31,Pedestrian,A la vorera / Andana                                                                                                                                  ,Unknown,Unknown,Minor injury: Hospitalization up to 24 hours,429138.14,4584450.64,2.151071129,41.406631551
2023S007049    ,5,Sarrià-Sant Gervasi,25,Sant Gervasi - la Bonanova,271303,Pujol,0001 0001,Friday,2023,11,November,24,Afternoon,18,Others,Car,Woman,72,Pedestrian,A la vorera / Andana                                                                                                                                  ,Unknown,Unknown,Minor injury: Refused medical assistance,427960.27,4584216.55,2.137008273,41.404418447
2023S007050    ,2,Eixample,7,la Dreta de l'Eixample,49509,Bruc,0141 0141,Monday,2023,11,November,27,Afternoon,19,Others,Bus,Man,32,Pedestrian,Altres                                                                                                                                                ,Oci i entreteniment,Unknown,Minor injury: Medical assistance at accident site,430233.4,4583497.63,2.164283571,41.398143968
2023S007051    ,2,Eixample,7,la Dreta de l'Eixample,305100,Sant Joan,0052 0052,Monday,2023,11,November,27,Afternoon,17,No és causa del  vianant,Motorcycle,Woman,37,Driver,Desconegut                                                                                                                                            ,Unknown,Oci i entreteniment,Minor injury: Hospitalization up to 24 hours,431068.55,4583231.96,2.174303422,41.395823228
2023S007052    ,7,Horta-Guinardó,38,la Teixonera,701268,Dalt (Llobregat),001050000,Monday,2023,11,November,27,Afternoon,20,No és causa del  vianant,Bus,Man,63,Passenger,Desconegut                                                                                                                                            ,Unknown,Unknown,Minor injury: Hospitalization up to 24 hours,428380.2,4586368.62,2.141776772,41.423838803
2023S007053    ,9,Sant Andreu,61,la Sagrera,209900,Meridiana,0279 0285,Monday,2023,11,November,27,Afternoon,20,No és causa del  vianant,Bus,Woman,78,Passenger,Desconegut                                                                                                                                            ,Unknown,Unknown,Minor injury: Hospitalization up to 24 hours,432125.67,4586209.56,2.186613502,41.422731555
2023S007054    ,1,Ciutat Vella,2,el Barri Gòtic,18006,Antonio López,9999 9999,Monday,2023,11,November,27,Afternoon,21,No és causa del  vianant,Ciclomotor,Woman,52,Driver,Desconegut                                                                                                                                            ,Unknown,Oci i entreteniment,Minor injury: Hospitalization up to 24 hours,431694.26,4581581.69,2.181973748,41.381013124
2023S007055    ,7,Horta-Guinardó,43,Horta,157308,Horta a Cerdanyola,001160000,Monday,2023,11,November,27,Night,22,No és causa del  vianant,Motorcycle,Woman,39,Driver,Desconegut                                                                                                                                            ,Unknown,Unknown,Minor injury: Hospitalization up to 24 hours,429359.09,4587764.57,2.153327026,41.436498274
2023S007056    ,2,Eixample,9,la Nova Esquerra de l'Eixample,169409,Corts Catalanes,0523 0523,Monday,2023,11,November,27,Morning,12,No és causa del  vianant,Autobús articulat,Man,67,Passenger,Desconegut                                                                                                                                            ,Unknown,Unknown,Minor injury: Hospitalization up to 24 hours,429737.74,4581724.85,2.15856054,41.382133946
2023S007057    ,3,Sants-Montjuïc,12,la Marina del Prat Vermell,370203,Número 3 Zona Franca,0069 0075,Tuesday,2023,11,November,28,Night,5,No és causa del  vianant,Car,Man,48,Driver,Desconegut                                                                                                                                            ,Unknown,In itínere,Minor injury: Hospitalization up to 24 hours,427265.97,4576644.81,2.129611526,41.336160036
2023S007058    ,8,Nou Barris,48,la Guineueta,75101,Caçador,0004X0004X,Tuesday,2023,11,November,28,Morning,7,No és causa del  vianant,Furgoneta,Woman,34,Pedestrian,En pas regulat per semàfor                                                                                                                            ,In itinere,Unknown,Minor injury: Hospitalization up to 24 hours,430471.16,4588315.38,2.166573355,41.441556316
2023S007059    ,7,Horta-Guinardó,33,el Baix Guinardó,297001,Sant Antoni Maria Claret,0109 0109,Tuesday,2023,11,November,28,Morning,8,No és causa del  vianant,Motorcycle,Man,59,Driver,Desconegut                                                                                                                                            ,Unknown,Oci i entreteniment,Minor injury: Hospitalization up to 24 hours,430807.89,4584665.36,2.171021733,41.408711001
2023S007060    ,6,Gràcia,31,la Vila de Gràcia,344101,Gràcia,0169 0169,Monday,2023,11,November,27,Morning,12,No és causa del  vianant,Ciclomotor,Woman,46,Driver,Desconegut                                                                                                                                            ,Unknown,Unknown,Minor injury: Medical assistance at accident site,429710.59,4583870.26,2.157986748,41.401454561
2023S007061    ,2,Eixample,7,la Dreta de l'Eixample,148307,Gràcia,0102 0102,Tuesday,2023,11,November,28,Morning,8,No és causa del  vianant,Motorcycle,Man,55,Driver,Desconegut                                                                                                                                            ,Unknown,In itínere,Minor injury: Hospitalization up to 24 hours,429914.38,4583230.13,2.160498625,41.395706928
2023S007062    ,9,Sant Andreu,60,Sant Andreu,322007,Segre,0084B0084B,Friday,2023,11,November,24,Afternoon,15,No és causa del  vianant,Car,Woman,29,Pedestrian,En pas sense regular                                                                                                                                  ,Unknown,Unknown,Minor injury: Hospitalization up to 24 hours,432784.99,4587161.24,2.194397063,41.431358506
2023S007063    ,5,Sarrià-Sant Gervasi,26,Sant Gervasi - Galvany,223606,Muntaner,0363 0365,Tuesday,2023,11,November,28,Morning,8,No és causa del  vianant,Motorcycle,Man,33,Driver,Desconegut                                                                                                                                            ,Unknown,In itínere,Minor injury: Hospitalization up to 24 hours,428473.45,4583594.92,2.143220672,41.398865512
2023S007063    ,5,Sarrià-Sant Gervasi,26,Sant Gervasi - Galvany,223606,Muntaner,0363 0365,Tuesday,2023,11,November,28,Morning,8,No és causa del  vianant,Motorcycle,Man,50,Driver,Desconegut                                                                                                                                            ,Unknown,In itínere,Minor injury: Medical assistance at accident site,428473.45,4583594.92,2.143220672,41.398865512
2023S007064    ,2,Eixample,10,Sant Antoni,329902,Tamarit,0185 0185,Tuesday,2023,11,November,28,Morning,8,No és causa del  vianant,Autobús articulat,Man,75,Passenger,Desconegut                                                                                                                                            ,Unknown,Unknown,Minor injury: Hospitalization up to 24 hours,430068.5,4581482.33,2.162543925,41.379978477
2023S007065    ,3,Sants-Montjuïc,12,la Marina del Prat Vermell,106861,E Zona Franca,0038 0038,Tuesday,2023,11,November,28,Afternoon,14,No és causa del  vianant,Motorcycle,Man,32,Driver,Desconegut                                                                                                                                            ,Unknown,In itínere,Minor injury: Hospitalization up to 24 hours,427033.56,4576155.26,2.126893075,41.331729793
2023S007066    ,4,Les Corts,19,les Corts,162002,Josep Tarradellas,0139S0139S,Tuesday,2023,11,November,28,Morning,13,No és causa del  vianant,Motorcycle,Woman,62,Driver,Desconegut                                                                                                                                            ,Unknown,In itínere,Minor injury: Hospitalization up to 24 hours,428499.73,4582666.13,2.143644741,41.390502587
2023S007067    ,3,Sants-Montjuïc,12,la Marina del Prat Vermell,701266,Litoral (Llobregat),001570000,Tuesday,2023,11,November,28,Afternoon,14,No és causa del  vianant,Car,Woman,14,Passenger,Desconegut                                                                                                                                            ,Unknown,Unknown,Minor injury: Hospitalization up to 24 hours,428123.24,4577763.57,2.139723381,41.346313334
2023S007067    ,3,Sants-Montjuïc,12,la Marina del Prat Vermell,701266,Litoral (Llobregat),001570000,Tuesday,2023,11,November,28,Afternoon,14,No és causa del  vianant,Car,Man,53,Driver,Desconegut                                                                                                                                            ,Unknown,Oci i entreteniment,Minor injury: Hospitalization up to 24 hours,428123.24,4577763.57,2.139723381,41.346313334