Case_Number,District_Code,District_Name,Neighborhood_Code,Neighborhood_Name,Street_Code,Street_Name,Postal_Code,Day_of_Week,Year,Month_Code,Month_Name,Day_of_Month,Shift_Description,Hour_of_Day,Pedestrian_Cause_Description,Involved_Vehicle_Type,Gender_Description,Age,Person_Type_Description,Pedestrian_Accident_Location_Description,Pedestrian_Movement_Reason_Description,Driver_Movement_Reason_Description,Victimization_Description,UTM_X_Coordinate,UTM_Y_Coordinate,Longitude,Latitude
2023S007068    ,2,Eixample,10,Sant Antoni,198804,Paral·lel,0182 0182,Tuesday,2023,11,November,28,Afternoon,16,No és causa del  vianant,Motorcycle,Man,52,Driver,Desconegut                                                                                                                                            ,Unknown,Unknown,Minor injury: Hospitalization up to 24 hours,429362.65,4580936.13,2.154167022,41.374997338
2023S007069    ,4,Les Corts,19,les Corts,162002,Josep Tarradellas,0129 0129,Tuesday,2023,11,November,28,Afternoon,16,No és causa del  vianant,Motorcycle,Woman,36,Driver,Desconegut                                                                                                                                            ,Unknown,In itínere,Minor injury: Hospitalization up to 24 hours,428456.16,4582583.9,2.143133364,41.389758095
2023S007071    ,5,Sarrià-Sant Gervasi,27,el Putxet i el Farró,143904,General Mitre,0170 0170,Tuesday,2023,11,November,28,Afternoon,16,No és causa del  vianant,Motorcycle,Woman,51,Driver,Desconegut                                                                                                                                            ,Unknown,In itínere,Minor injury: Hospitalization up to 24 hours,428354.05,4584235.63,2.141716601,41.404625502
2023S007072    ,2,Eixample,7,la Dreta de l'Eixample,144601,Diagonal,0422 0422,Tuesday,2023,11,November,28,Afternoon,17,No és causa del  vianant,Motorcycle,Man,28,Driver,Desconegut                                                                                                                                            ,Unknown,In itínere,Minor injury: Hospitalization up to 24 hours,430134.59,4583421.81,2.163110418,41.397452499
2023S007073    ,2,Eixample,7,la Dreta de l'Eixample,268003,Provença,0270 0272,Tuesday,2023,11,November,28,Afternoon,20,No és causa del  vianant,Motorcycle,Man,28,Driver,Desconegut                                                                                                                                            ,Unknown,In itínere,Minor injury: Hospitalization up to 24 hours,429868.7,4582996.42,2.159979329,41.393597996
2023S007074    ,5,Sarrià-Sant Gervasi,24,les Tres Torres,288805,Rosari,0035 0035,Tuesday,2023,11,November,28,Afternoon,20,No és causa del  vianant,Motorcycle,Man,23,Passenger,Desconegut                                                                                                                                            ,Unknown,Unknown,Minor injury: Hospitalization up to 24 hours,427431.98,4583408.61,2.130785524,41.397094127
2023S007076    ,2,Eixample,7,la Dreta de l'Eixample,289105,Rosselló,0258 0258,Tuesday,2023,11,November,28,Afternoon,20,No és causa del  vianant,Motorcycle,Man,35,Driver,Desconegut                                                                                                                                            ,Unknown,En missió,Minor injury: Hospitalization up to 24 hours,430134.59,4583421.81,2.163110418,41.397452499
2023S007077    ,2,Eixample,7,la Dreta de l'Eixample,359404,Cinc d'Oros,9999 9999,Tuesday,2023,11,November,28,Afternoon,21,No és causa del  vianant,Autobús articulat,Woman,46,Passenger,Desconegut                                                                                                                                            ,Unknown,Unknown,Minor injury: Hospitalization up to 24 hours,429834.22,4583321.69,2.15952922,41.396524584
2023S007078    ,2,Eixample,7,la Dreta de l'Eixample,144601,Diagonal,0377 0377,Tuesday,2023,11,November,28,Afternoon,20,No és causa del  vianant,Motorcycle,Man,40,Driver,Desconegut                                                                                                                                            ,Unknown,Unknown,Minor injury: Medical assistance at accident site,429964.09,4583338.39,2.161080675,41.396686323
2023S007079    ,2,Eixample,7,la Dreta de l'Eixample,100800,Diputació,0282S0282S,Tuesday,2023,11,November,28,Afternoon,19,No és causa del  vianant,Motorcycle,Woman,55,Driver,Desconegut                                                                                                                                            ,Unknown,In itínere,Minor injury: Hospitalization up to 24 hours,430684.51,4582858.44,2.169752694,41.39242602
2023S007080    ,5,Sarrià-Sant Gervasi,26,Sant Gervasi - Galvany,144601,Diagonal,0602 0602,Tuesday,2023,11,November,28,Afternoon,20,No és causa del  vianant,Veh. mobilitat personal amb motor,Man,50,Driver,Desconegut                                                                                                                                            ,Unknown,Unknown,Minor injury: Hospitalization up to 24 hours,428614.3,4582926.6,2.144984276,41.392858727
2023S007081    ,3,Sants-Montjuïc,11,el Poble-sec,114000,Espanya,9999 9999,Wednesday,2023,11,November,29,Morning,7,No és causa del  vianant,Car,Woman,49,Pedestrian,A la vorera / Andana                                                                                                                                  ,Unknown,Unknown,Serious injury: Hospitalization over 24 hours,428974.33,4580977.98,2.149518925,41.37534007
2023S007081    ,3,Sants-Montjuïc,11,el Poble-sec,114000,Espanya,9999 9999,Wednesday,2023,11,November,29,Morning,7,No és causa del  vianant,Car,Woman,54,Pedestrian,A la vorera / Andana                                                                                                                                  ,Unknown,Unknown,Serious injury: Hospitalization over 24 hours,428974.33,4580977.98,2.149518925,41.37534007
2023S007081    ,3,Sants-Montjuïc,11,el Poble-sec,114000,Espanya,9999 9999,Wednesday,2023,11,November,29,Morning,7,No és causa del  vianant,Car,Man,47,Pedestrian,A la vorera / Andana                                                                                                                                  ,Unknown,Unknown,Serious injury: Hospitalization over 24 hours,428974.33,4580977.98,2.149518925,41.37534007
2023S007082    ,5,Sarrià-Sant Gervasi,25,Sant Gervasi - la Bonanova,302000,Sant Gervasi,0040 0040,Wednesday,2023,11,November,29,Morning,6,No és causa del  vianant,Tricicle,Man,59,Driver,Desconegut                                                                                                                                            ,Unknown,In itínere,Serious injury: Hospitalization over 24 hours,427970.87,4584863.31,2.137058057,41.410244499
2023S007083    ,2,Eixample,10,Sant Antoni,114000,Espanya,0001 0001,Wednesday,2023,11,November,29,Morning,6,No és causa del  vianant,Veh. mobilitat personal amb motor,Woman,45,Driver,Desconegut                                                                                                                                            ,Unknown,In itínere,Minor injury: Hospitalization up to 24 hours,428989.31,4580940.29,2.149702461,41.375001931
2023S007084    ,2,Eixample,6,la Sagrada Família,90502,Còrsega,0578 0578,Wednesday,2023,11,November,29,Morning,10,No és causa del  vianant,Motorcycle,Man,25,Driver,Desconegut                                                                                                                                            ,Unknown,In itínere,Minor injury: Refused medical assistance,431115.48,4584580.07,2.174711261,41.407969256
2023S007085    ,7,Horta-Guinardó,38,la Teixonera,22400,Arenys,0089 0093,Wednesday,2023,11,November,29,Morning,10,No és causa del  vianant,Motorcycle,Woman,65,Pedestrian,Fora del pas                                                                                                                                          ,Unknown,Unknown,Minor injury: Hospitalization up to 24 hours,428710.2,4586249.28,2.145739649,41.422793324
2023S007086    ,2,Eixample,8,l'Antiga Esquerra de l'Eixample,289105,Rosselló,0209 0209,Wednesday,2023,11,November,29,Morning,9,No és causa del  vianant,Motorcycle,Man,38,Driver,Desconegut                                                                                                                                            ,Unknown,Unknown,Minor injury: Hospitalization up to 24 hours,429601.2,4582904.42,2.156790581,41.392745999
2023S007087    ,3,Sants-Montjuïc,12,la Marina del Prat Vermell,700127,Major de Mercabarna,0069 0069,Wednesday,2023,11,November,29,Morning,7,No és causa del  vianant,Altres vehicles amb motor,Man,45,Pedestrian,En pas sense senyalitzar                                                                                                                              ,Unknown,Unknown,Minor injury: Hospitalization up to 24 hours,426097.79,4576076.61,2.115721029,41.330936114
2023S007088    ,3,Sants-Montjuïc,17,Sants - Badal,50905,Ventura Plaja,0001 0001,Wednesday,2023,11,November,29,Morning,7,No és causa del  vianant,Motorcycle,Woman,40,Driver,Desconegut                                                                                                                                            ,Unknown,In itínere,Minor injury: Hospitalization up to 24 hours,427139.42,4580976.03,2.127578891,41.37515838
2023S007089    ,10,Sant Martí,66,el Parc i la Llacuna del Poblenou,4908,Àlaba,0058 0058,Wednesday,2023,11,November,29,Morning,10,No és causa del  vianant,Motorcycle,Woman,30,Driver,Desconegut                                                                                                                                            ,Unknown,Unknown,Minor injury: Hospitalization up to 24 hours,432757.91,4583223.32,2.194510914,41.395888526
2023S007090    ,7,Horta-Guinardó,42,la Clota,701080,Estatut,0003X0003X,Wednesday,2023,11,November,29,Morning,10,No és causa del  vianant,Car,Woman,48,Passenger,Desconegut                                                                                                                                            ,Unknown,Unknown,Minor injury: Hospitalization up to 24 hours,429493.73,4587108.15,2.155015073,41.430598006
2023S007092    ,2,Eixample,8,l'Antiga Esquerra de l'Eixample,110304,Enric Granados,0095 0095,Wednesday,2023,11,November,29,Morning,10,No és causa del  vianant,Bicicleta,Woman,55,Driver,Desconegut                                                                                                                                            ,Unknown,In itínere,Serious injury: Hospitalization over 24 hours,429553.08,4582871.6,2.156218866,41.392446185
2023S007093    ,5,Sarrià-Sant Gervasi,25,Sant Gervasi - la Bonanova,95007,Quatre Camins,0001 0001,Wednesday,2023,11,November,29,Morning,12,No és causa del  vianant,Motorcycle,Man,23,Passenger,Desconegut                                                                                                                                            ,Unknown,Unknown,Minor injury: Hospitalization up to 24 hours,427247.15,4584644.34,2.128426155,41.408207115
2023S007093    ,5,Sarrià-Sant Gervasi,25,Sant Gervasi - la Bonanova,95007,Quatre Camins,0001 0001,Wednesday,2023,11,November,29,Morning,12,No és causa del  vianant,Motorcycle,Man,25,Driver,Desconegut                                                                                                                                            ,Unknown,Unknown,Minor injury: Hospitalization up to 24 hours,427247.15,4584644.34,2.128426155,41.408207115
2023S007094    ,10,Sant Martí,68,el Poblenou,242906,Pallars,0146 0146,Wednesday,2023,11,November,29,Afternoon,14,No és causa del  vianant,Motorcycle,Man,37,Driver,Desconegut                                                                                                                                            ,Unknown,Oci i entreteniment,Minor injury: Medical assistance at accident site,432784.91,4583579.09,2.194794346,41.399095112
2023S007094    ,10,Sant Martí,68,el Poblenou,242906,Pallars,0146 0146,Wednesday,2023,11,November,29,Afternoon,14,No és causa del  vianant,Car,Man,40,Driver,Desconegut                                                                                                                                            ,Unknown,Oci i entreteniment,Minor injury: Hospitalization up to 24 hours,432784.91,4583579.09,2.194794346,41.399095112
2023S007095    ,2,Eixample,10,Sant Antoni,362001,Vilamarí,0017 0017,Wednesday,2023,11,November,29,Morning,8,No és causa del  vianant,Veh. mobilitat personal amb motor,Woman,35,Driver,Desconegut                                                                                                                                            ,Unknown,Unknown,Minor injury: Hospitalization up to 24 hours,429308.27,4581018.37,2.153507197,41.37573327
2023S007097    ,5,Sarrià-Sant Gervasi,26,Sant Gervasi - Galvany,28000,Augusta,0081 0085,Wednesday,2023,11,November,29,Afternoon,15,No és causa del  vianant,Motorcycle,Woman,45,Driver,Desconegut                                                                                                                                            ,Unknown,Unknown,Minor injury: Hospitalization up to 24 hours,429107.55,4583806.39,2.150780678,41.400826332
2023S007098    ,3,Sants-Montjuïc,12,la Marina del Prat Vermell,701265,Litoral (Besòs),001460000,Thursday,2023,4,April,13,Afternoon,14,No és causa del  vianant,Motorcycle,Man,47,Driver,Desconegut                                                                                                                                            ,Unknown,Oci i entreteniment,Minor injury: Refused medical assistance,428915.66,4578173.61,2.149146232,41.350076799
2023S007099    ,5,Sarrià-Sant Gervasi,26,Sant Gervasi - Galvany,223606,Muntaner,0224 0224,Wednesday,2023,11,November,29,Morning,8,No és causa del  vianant,Motorcycle,Man,20,Driver,Desconegut                                                                                                                                            ,Unknown,Unknown,Minor injury: Hospitalization up to 24 hours,429001.92,4583052.43,2.149605603,41.394026363
2023S007100    ,4,Les Corts,21,Pedralbes,701267,Dalt (Besòs),000480000,Wednesday,2023,11,November,29,Morning,13,No és causa del  vianant,Car,Woman,21,Driver,Desconegut                                                                                                                                            ,Unknown,In itínere,Minor injury: Hospitalization up to 24 hours,425098.69,4581932.44,2.103059564,41.383584888
2023S007100    ,4,Les Corts,21,Pedralbes,701267,Dalt (Besòs),000480000,Wednesday,2023,11,November,29,Morning,13,No és causa del  vianant,Car,Woman,45,Driver,Desconegut                                                                                                                                            ,Unknown,In itínere,Minor injury: Hospitalization up to 24 hours,425098.69,4581932.44,2.103059564,41.383584888
2023S007101    ,2,Eixample,7,la Dreta de l'Eixample,148307,Gràcia,0089 0089,Wednesday,2023,11,November,29,Afternoon,16,No és causa del  vianant,Bus,Woman,61,Passenger,Desconegut                                                                                                                                            ,Unknown,Unknown,Minor injury: Hospitalization up to 24 hours,429958.79,4583136.89,2.161040601,41.394871018
2023S007102    ,2,Eixample,5,el Fort Pienc,18505,Aragó,0410 0410,Wednesday,2023,11,November,29,Afternoon,14,No és causa del  vianant,Motorcycle,Man,32,Driver,Desconegut                                                                                                                                            ,Unknown,In itínere,Minor injury: Hospitalization up to 24 hours,431071.21,4583612.42,2.174291902,41.399250142
2023S007102    ,2,Eixample,5,el Fort Pienc,18505,Aragó,0410 0410,Wednesday,2023,11,November,29,Afternoon,14,No és causa del  vianant,Veh. mobilitat personal amb motor,Man,30,Driver,Desconegut                                                                                                                                            ,Unknown,Oci i entreteniment,Minor injury: Medical assistance at accident site,431071.21,4583612.42,2.174291902,41.399250142
2023S007103    ,5,Sarrià-Sant Gervasi,26,Sant Gervasi - Galvany,143507,Pau Casals,0024 0024,Wednesday,2023,11,November,29,Afternoon,19,No és causa del  vianant,Car,Woman,48,Pedestrian,En pas sense regular                                                                                                                                  ,Unknown,Unknown,Serious injury: Hospitalization over 24 hours,428359.75,4583041.56,2.141926156,41.393871482
2023S007104    ,10,Sant Martí,64,el Camp de l'Arpa del Clot,194406,Maragall,0043 0043,Wednesday,2023,11,November,29,Afternoon,17,No és causa del  vianant,Motorcycle,Woman,37,Driver,Desconegut                                                                                                                                            ,Unknown,In itínere,Minor injury: Hospitalization up to 24 hours,431615.94,4585394.06,2.180606342,41.415343363
2023S007105    ,7,Horta-Guinardó,43,Horta,349105,Universal,0075 0075,Wednesday,2023,11,November,29,Afternoon,18,No és causa del  vianant,Car,Man,44,Driver,Desconegut                                                                                                                                            ,Unknown,Unknown,Minor injury: Medical assistance at accident site,429881.69,4588003.65,2.159553969,41.438697399
2023S007106    ,7,Horta-Guinardó,41,la Vall d'Hebron,352507,Vall d'Hebron,0240 0240,Wednesday,2023,11,November,29,Afternoon,17,No és causa del  vianant,Autobús articulat,Woman,74,Passenger,Desconegut                                                                                                                                            ,Unknown,Unknown,Minor injury: Hospitalization up to 24 hours,428886.53,4587640.87,2.147685803,41.435342429
2023S007108    ,10,Sant Martí,71,Provençals del Poblenou,200600,Marroc,0004X0004X,Wednesday,2023,11,November,29,Afternoon,18,No és causa del  vianant,Motorcycle,Man,31,Driver,Desconegut                                                                                                                                            ,Unknown,Unknown,Minor injury: Hospitalization up to 24 hours,433090.05,4584419.2,2.198351418,41.406687227
2023S007109    ,5,Sarrià-Sant Gervasi,25,Sant Gervasi - la Bonanova,701629,Isaac Newton,0028B0028B,Wednesday,2023,11,November,29,Afternoon,18,No és causa del  vianant,Motorcycle,Man,24,Driver,Desconegut                                                                                                                                            ,Unknown,Oci i entreteniment,Minor injury: Hospitalization up to 24 hours,427504.46,4585298.73,2.131425947,41.414124185
2023S007110    ,2,Eixample,6,la Sagrada Família,350308,València,0392 0392,Wednesday,2023,11,November,29,Afternoon,18,No és causa del  vianant,Motorcycle,Man,35,Driver,Desconegut                                                                                                                                            ,Unknown,Unknown,Minor injury: Refused medical assistance,431074.8,4583801.69,2.174313284,41.400955146
2023S007111    ,10,Sant Martí,71,Provençals del Poblenou,94300,Cristóbal de Moura,0021 0021,Wednesday,2023,11,November,29,Afternoon,17,No és causa del  vianant,Motorcycle,Woman,25,Driver,Desconegut                                                                                                                                            ,Unknown,Unknown,Minor injury: Hospitalization up to 24 hours,433470.11,4584602.06,2.202877994,41.408365763
2023S007112    ,1,Ciutat Vella,1,el Raval,269108,Portal de la Pau,0001 0001,Wednesday,2023,11,November,29,Afternoon,17,No és causa del  vianant,Veh. mobilitat personal amb motor,Man,38,Driver,Desconegut                                                                                                                                            ,Unknown,Altres activitats,Minor injury: Hospitalization up to 24 hours,431292.13,4580896.4,2.177242682,41.374806642
2023S007113    ,4,Les Corts,19,les Corts,144601,Diagonal,0579 0587,Wednesday,2023,11,November,29,Afternoon,17,No és causa del  vianant,Motorcycle,Woman,23,Driver,Desconegut                                                                                                                                            ,Unknown,Oci i entreteniment,Minor injury: Hospitalization up to 24 hours,427575.97,4582577.49,2.13260725,41.389621548
2023S007114    ,10,Sant Martí,64,el Camp de l'Arpa del Clot,90502,Còrsega,0707 0707,Wednesday,2023,11,November,29,Afternoon,21,No és causa del  vianant,Bicicleta,Man,40,Driver,Desconegut                                                                                                                                            ,Unknown,En missió,Minor injury: Hospitalization up to 24 hours,431624.31,4585111.67,2.18073842,41.412800679
2023S007115    ,9,Sant Andreu,59,el Bon Pastor,701321,São Paulo,0033 0033,Wednesday,2023,11,November,29,Afternoon,21,No és causa del  vianant,Car,Man,31,Pedestrian,En pas regulat per semàfor                                                                                                                            ,Unknown,Unknown,Minor injury: Hospitalization up to 24 hours,433293.16,4588028.53,2.200382853,41.439212312
2023S007117    ,3,Sants-Montjuïc,17,Sants - Badal,282252,Blanca,0067 0067,Wednesday,2023,11,November,29,Afternoon,20,No és causa del  vianant,Veh. mobilitat personal amb motor,Woman,48,Pedestrian,En pas regulat per semàfor                                                                                                                            ,Oci i entreteniment,Unknown,Minor injury: Hospitalization up to 24 hours,426920.18,4580755.27,2.124984049,41.37315019
2023S007118    ,2,Eixample,7,la Dreta de l'Eixample,100800,Diputació,0282S0282S,Wednesday,2023,11,November,29,Night,22,No és causa del  vianant,Motorcycle,Woman,48,Driver,Desconegut                                                                                                                                            ,Unknown,Oci i entreteniment,Minor injury: Refused medical assistance,430684.51,4582858.44,2.169752694,41.39242602
2023S007118    ,2,Eixample,7,la Dreta de l'Eixample,100800,Diputació,0282S0282S,Wednesday,2023,11,November,29,Night,22,No és causa del  vianant,Car,Man,54,Driver,Desconegut                                                                                                                                            ,Unknown,Oci i entreteniment,Minor injury: Refused medical assistance,430684.51,4582858.44,2.169752694,41.39242602
2023S007119    ,2,Eixample,7,la Dreta de l'Eixample,247659,Pau Claris,9999 9999,Wednesday,2023,11,November,29,Afternoon,21,No és causa del  vianant,Bicicleta,Man,30,Driver,Desconegut                                                                                                                                            ,Unknown,En missió,Minor injury: Hospitalization up to 24 hours,430028.14,4583341.24,2.161846456,41.396717571
2023S007119    ,2,Eixample,7,la Dreta de l'Eixample,247659,Pau Claris,9999 9999,Wednesday,2023,11,November,29,Afternoon,21,No és causa del  vianant,Motorcycle,Man,33,Driver,Desconegut                                                                                                                                            ,Unknown,In itínere,Minor injury: Hospitalization up to 24 hours,430028.14,4583341.24,2.161846456,41.396717571
2023S007120    ,4,Les Corts,19,les Corts,162002,Josep Tarradellas,0139S0139S,Thursday,2023,11,November,30,Night,0,No és causa del  vianant,Motorcycle,Man,18,Driver,Desconegut                                                                                                                                            ,Unknown,In itínere,Minor injury: Hospitalization up to 24 hours,428499.73,4582666.13,2.143644741,41.390502587
2023S007121    ,10,Sant Martí,71,Provençals del Poblenou,701414,C-31,020710000,Wednesday,2023,11,November,29,Night,22,No és causa del  vianant,Motorcycle,Man,38,Driver,Desconegut                                                                                                                                            ,Unknown,En missió,Minor injury: Refused medical assistance,433081.87,4584996.69,2.198189661,41.411887841
2023S007122    ,7,Horta-Guinardó,43,Horta,701267,Dalt (Besòs),001290000,Thursday,2023,11,November,30,Morning,7,No és causa del  vianant,Motorcycle,Woman,34,Driver,Desconegut                                                                                                                                            ,Unknown,Estudiant cap a centre d'estudis,Minor injury: Hospitalization up to 24 hours,429689.7,4588056.11,2.157249965,41.439153087
2023S007122    ,7,Horta-Guinardó,43,Horta,701267,Dalt (Besòs),001290000,Thursday,2023,11,November,30,Morning,7,No és causa del  vianant,Motorcycle,Man,34,Driver,Desconegut                                                                                                                                            ,Unknown,In itínere,Minor injury: Medical assistance at accident site,429689.7,4588056.11,2.157249965,41.439153087
2023S007123    ,5,Sarrià-Sant Gervasi,26,Sant Gervasi - Galvany,70607,Casanova,0250 0250,Thursday,2023,11,November,30,Morning,9,No és causa del  vianant,Veh. mobilitat personal amb motor,Man,40,Driver,Desconegut                                                                                                                                            ,Unknown,In itínere,Minor injury: Hospitalization up to 24 hours,428860.06,4583006.33,2.14791429,41.393598614
2023S007124    ,2,Eixample,8,l'Antiga Esquerra de l'Eixample,18505,Aragó,0205 0205,Thursday,2023,11,November,30,Morning,9,No és causa del  vianant,Motorcycle,Man,36,Driver,Desconegut                                                                                                                                            ,Unknown,Unknown,Minor injury: Refused medical assistance,429830.93,4582396.05,2.15959717,41.388187366
2023S007125    ,6,Gràcia,28,Vallcarca i els Penitents,158107,Vallcarca,0169 0203,Thursday,2023,11,November,30,Morning,8,No és causa del  vianant,Motorcycle,Man,46,Driver,Desconegut                                                                                                                                            ,Unknown,En missió,Minor injury: Hospitalization up to 24 hours,428379.67,4585475.09,2.141876298,41.415791103
2023S007126    ,2,Eixample,7,la Dreta de l'Eixample,350308,València,0323 0323,Thursday,2023,11,November,30,Morning,10,No és causa del  vianant,Veh. mobilitat personal amb motor,Man,35,Driver,Desconegut                                                                                                                                            ,Unknown,Altres activitats,Minor injury: Refused medical assistance,430595.65,4583334.94,2.168635254,41.396710038
2023S007126    ,2,Eixample,7,la Dreta de l'Eixample,350308,València,0323 0323,Thursday,2023,11,November,30,Morning,10,No és causa del  vianant,Bicicleta,Woman,25,Driver,Desconegut                                                                                                                                            ,Unknown,Oci i entreteniment,Minor injury: Refused medical assistance,430595.65,4583334.94,2.168635254,41.396710038
2023S007127    ,4,Les Corts,19,les Corts,144601,Diagonal,0529 0531,Thursday,2023,11,November,30,Morning,12,No és causa del  vianant,Car,Woman,56,Passenger,Desconegut                                                                                                                                            ,Unknown,Unknown,Minor injury: Refused medical assistance,428106.42,4582716.0,2.138934857,41.390916668
2023S007127    ,4,Les Corts,19,les Corts,144601,Diagonal,0529 0531,Thursday,2023,11,November,30,Morning,12,No és causa del  vianant,Car,Woman,59,Passenger,Desconegut                                                                                                                                            ,Unknown,Unknown,Minor injury: Medical assistance at accident site,428106.42,4582716.0,2.138934857,41.390916668
2023S007127    ,4,Les Corts,19,les Corts,144601,Diagonal,0529 0531,Thursday,2023,11,November,30,Morning,12,No és causa del  vianant,"Camió rígid <= 3,5 tones",Woman,55,Driver,Desconegut                                                                                                                                            ,Unknown,Unknown,Minor injury: Refused medical assistance,428106.42,4582716.0,2.138934857,41.390916668
2023S007127    ,4,Les Corts,19,les Corts,144601,Diagonal,0529 0531,Thursday,2023,11,November,30,Morning,12,No és causa del  vianant,Car,Man,55,Driver,Desconegut                                                                                                                                            ,Unknown,Unknown,Minor injury: Hospitalization up to 24 hours,428106.42,4582716.0,2.138934857,41.390916668
2023S007127    ,4,Les Corts,19,les Corts,144601,Diagonal,0529 0531,Thursday,2023,11,November,30,Morning,12,No és causa del  vianant,Car,Man,56,Driver,Desconegut                                                                                                                                            ,Unknown,Unknown,Minor injury: Refused medical assistance,428106.42,4582716.0,2.138934857,41.390916668
2023S007127    ,4,Les Corts,19,les Corts,144601,Diagonal,0529 0531,Thursday,2023,11,November,30,Morning,12,No és causa del  vianant,Car,Man,73,Driver,Desconegut                                                                                                                                            ,Unknown,Unknown,Minor injury: Refused medical assistance,428106.42,4582716.0,2.138934857,41.390916668
2023S007128    ,6,Gràcia,29,el Coll,126406,Flandes,0002 0002,Thursday,2023,11,November,30,Morning,8,No és causa del  vianant,Bus,Woman,48,Passenger,Desconegut                                                                                                                                            ,Unknown,Unknown,Minor injury: Hospitalization up to 24 hours,428790.99,4585463.77,2.146798905,41.415725722
2023S007128    ,6,Gràcia,29,el Coll,126406,Flandes,0002 0002,Thursday,2023,11,November,30,Morning,8,No és causa del  vianant,Bus,Man,54,Driver,Desconegut                                                                                                                                            ,Unknown,En missió,Minor injury: Medical assistance at accident site,428790.99,4585463.77,2.146798905,41.415725722
2023S007129    ,5,Sarrià-Sant Gervasi,25,Sant Gervasi - la Bonanova,701268,Dalt (Llobregat),000920000,Thursday,2023,11,November,30,Morning,8,No és causa del  vianant,Bicicleta,Man,36,Driver,Desconegut                                                                                                                                            ,Unknown,In itínere,Minor injury: Medical assistance at accident site,427714.16,4585334.95,2.133930518,41.414469302
2023S007130    ,2,Eixample,9,la Nova Esquerra de l'Eixample,191204,Mallorca,0109 0111,Thursday,2023,11,November,30,Morning,8,No és causa del  vianant,Veh. mobilitat personal amb motor,Man,16,Driver,Desconegut                                                                                                                                            ,Unknown,Estudiant cap a centre d'estudis,Minor injury: Hospitalization up to 24 hours,429260.74,4582212.74,2.152799369,41.386486386
2023S007131    ,10,Sant Martí,69,Diagonal Mar i el Front Marítim del Poblenou,322608,Selva de Mar,0013 0013,Thursday,2023,11,November,30,Morning,9,No és causa del  vianant,Motorcycle,Man,78,Driver,Desconegut                                                                                                                                            ,Unknown,Unknown,Minor injury: Hospitalization up to 24 hours,434223.9,4584407.27,2.211917083,41.40667341
2023S007132    ,2,Eixample,8,l'Antiga Esquerra de l'Eixample,18505,Aragó,0151 0151,Thursday,2023,11,November,30,Morning,12,No és causa del  vianant,Ciclomotor,Man,30,Driver,Desconegut                                                                                                                                            ,Unknown,Unknown,Minor injury: Refused medical assistance,429447.81,4582020.17,2.155059021,41.38476841
2023S007134    ,3,Sants-Montjuïc,12,la Marina del Prat Vermell,180,A Zona Franca,0097 0103,Thursday,2023,11,November,23,Morning,13,No és causa del  vianant,Motorcycle,Man,43,Driver,Desconegut                                                                                                                                            ,Unknown,In itínere,Minor injury: Hospitalization up to 24 hours,428543.09,4577414.4,2.144782487,41.343205834
2023S007134    ,3,Sants-Montjuïc,12,la Marina del Prat Vermell,180,A Zona Franca,0097 0103,Thursday,2023,11,November,23,Morning,13,No és causa del  vianant,Car,Man,40,Driver,Desconegut                                                                                                                                            ,Unknown,In itínere,Minor injury: Hospitalization up to 24 hours,428543.09,4577414.4,2.144782487,41.343205834
2023S007135    ,6,Gràcia,31,la Vila de Gràcia,206403,Gran de Gràcia,0039 0039,Thursday,2023,11,November,30,Afternoon,14,No és causa del  vianant,Motorcycle,Woman,55,Driver,Desconegut                                                                                                                                            ,Unknown,In itínere,Minor injury: Hospitalization up to 24 hours,429591.06,4583600.96,2.156588268,41.399018606
2023S007136    ,4,Les Corts,20,la Maternitat i Sant Ramon,66508,Carles III,0001 0005,Thursday,2023,11,November,30,Afternoon,14,No és causa del  vianant,Motorcycle,Man,41,Driver,Desconegut                                                                                                                                            ,Unknown,In itínere,Minor injury: Hospitalization up to 24 hours,427269.91,4581441.24,2.129083318,41.37936016
2023S007137    ,10,Sant Martí,73,la Verneda i la Pau,318906,Santander,0063 0063,Thursday,2023,11,November,30,Morning,9,No és causa del  vianant,Motorcycle,Man,59,Driver,Desconegut                                                                                                                                            ,Unknown,Unknown,Minor injury: Hospitalization up to 24 hours,433501.25,4586845.07,2.203003786,41.428570514
2023S007138    ,5,Sarrià-Sant Gervasi,26,Sant Gervasi - Galvany,292802,Sagués,0001 0003,Thursday,2023,11,November,30,Afternoon,14,Transitar a peu per la calçada,Furgoneta,Man,28,Pedestrian,Fora del pas                                                                                                                                          ,Oci i entreteniment,Unknown,Minor injury: Hospitalization up to 24 hours,428657.76,4583025.18,2.145492455,41.393750459
2023S007139    ,2,Eixample,8,l'Antiga Esquerra de l'Eixample,245802,París,0149 0149,Thursday,2023,11,November,30,Afternoon,16,No és causa del  vianant,Veh. mobilitat personal amb motor,Man,26,Driver,Desconegut                                                                                                                                            ,Unknown,Unknown,Minor injury: Medical assistance at accident site,429078.41,4582782.78,2.150552064,41.391604474
2023S007140    ,2,Eixample,8,l'Antiga Esquerra de l'Eixample,18505,Aragó,0215X0215X,Thursday,2023,11,November,30,Afternoon,16,No és causa del  vianant,Motorcycle,Woman,37,Driver,Desconegut                                                                                                                                            ,Unknown,Unknown,Minor injury: Hospitalization up to 24 hours,429865.51,4582453.05,2.160004129,41.388703764