Case_Number,District_Code,District_Name,Neighborhood_Code,Neighborhood_Name,Street_Code,Street_Name,Postal_Code,Day_of_Week,Year,Month_Code,Month_Name,Day_of_Month,Shift_Description,Hour_of_Day,Pedestrian_Cause_Description,Involved_Vehicle_Type,Gender_Description,Age,Person_Type_Description,Pedestrian_Accident_Location_Description,Pedestrian_Movement_Reason_Description,Driver_Movement_Reason_Description,Victimization_Description,UTM_X_Coordinate,UTM_Y_Coordinate,Longitude,Latitude
2023S007215    ,7,Horta-Guinardó,35,el Guinardó,340009,Torre Vélez,0010 0010,Monday,2023,12,December,4,Morning,10,No és causa del  vianant,Motorcycle,Man,65,Driver,Desconegut                                                                                                                                            ,Unknown,Unknown,Minor injury: Refused medical assistance,431350.33,4585459.48,2.177420994,41.41590992
2023S007216    ,4,Les Corts,21,Pedralbes,193108,Manuel Girona,0032X0032X,Monday,2023,12,December,4,Morning,12,No és causa del  vianant,Car,Woman,35,Pedestrian,En pas regulat per semàfor                                                                                                                            ,En missió,Unknown,Minor injury: Hospitalization up to 24 hours,426801.39,4582725.74,2.123325559,41.39088662
2023S007217    ,10,Sant Martí,65,el Clot,18505,Aragó,0611 0611,Monday,2023,12,December,4,Morning,12,No és causa del  vianant,Car,Man,25,Driver,Desconegut                                                                                                                                            ,Unknown,Unknown,Minor injury: Hospitalization up to 24 hours,432197.25,4584738.26,2.187635034,41.409486055
2023S007218    ,2,Eixample,7,la Dreta de l'Eixample,289105,Rosselló,0307 0307,Monday,2023,12,December,4,Afternoon,14,No és causa del  vianant,Motorcycle,Woman,44,Driver,Desconegut                                                                                                                                            ,Unknown,In itínere,Minor injury: Hospitalization up to 24 hours,430314.8,4583622.34,2.165242869,41.399274253
2023S007219    ,2,Eixample,8,l'Antiga Esquerra de l'Eixample,363809,Villarroel,0115 0115,Monday,2023,12,December,4,Afternoon,15,No és causa del  vianant,Veh. mobilitat personal amb motor,Man,27,Driver,Desconegut                                                                                                                                            ,Unknown,In itínere,Minor injury: Refused medical assistance,429544.56,4582114.92,2.156205024,41.385630276
2023S007220    ,2,Eixample,7,la Dreta de l'Eixample,74506,Catalunya,0112 0112,Monday,2023,12,December,4,Afternoon,18,No és causa del  vianant,Motorcycle,Man,31,Driver,Desconegut                                                                                                                                            ,Unknown,Oci i entreteniment,Minor injury: Hospitalization up to 24 hours,429774.77,4583089.18,2.158845112,41.394425253
2023S007221    ,3,Sants-Montjuïc,11,el Poble-sec,234001,Olímpic,0002 0002,Monday,2023,12,December,4,Afternoon,18,No és causa del  vianant,Motorcycle,Man,29,Driver,Desconegut                                                                                                                                            ,Unknown,Oci i entreteniment,Minor injury: Hospitalization up to 24 hours,429222.1,4579399.62,2.152665888,41.361146115
2023S007222    ,5,Sarrià-Sant Gervasi,26,Sant Gervasi - Galvany,144601,Diagonal,0624 0624,Monday,2023,12,December,4,Afternoon,19,No és causa del  vianant,Car,Man,12,Passenger,Desconegut                                                                                                                                            ,Unknown,Unknown,Minor injury: Medical assistance at accident site,428169.16,4582827.42,2.139672006,41.391925795
2023S007222    ,5,Sarrià-Sant Gervasi,26,Sant Gervasi - Galvany,144601,Diagonal,0624 0624,Monday,2023,12,December,4,Afternoon,19,No és causa del  vianant,Motorcycle,Man,27,Driver,Desconegut                                                                                                                                            ,Unknown,Unknown,Minor injury: Hospitalization up to 24 hours,428169.16,4582827.42,2.139672006,41.391925795
2023S007223    ,6,Gràcia,31,la Vila de Gràcia,178909,Llibertat,0046 0046,Monday,2023,12,December,4,Afternoon,21,No és causa del  vianant,Motorcycle,Man,24,Driver,Desconegut                                                                                                                                            ,Unknown,Altres activitats,Serious injury: Hospitalization over 24 hours,430063.3,4583747.04,2.16222011,41.400375535
2023S007224    ,2,Eixample,9,la Nova Esquerra de l'Eixample,162002,Josep Tarradellas,0046 0046,Monday,2023,12,December,4,Afternoon,21,No és causa del  vianant,Motorcycle,Woman,41,Driver,Desconegut                                                                                                                                            ,Unknown,Unknown,Minor injury: Hospitalization up to 24 hours,428399.56,4581952.56,2.142531097,41.384066807
2023S007225    ,9,Sant Andreu,58,Baró de Viver,314100,Santa Coloma,0090 0090,Tuesday,2023,12,December,5,Night,0,No és causa del  vianant,Maquinària d'obres i serveis,Woman,40,Passenger,Desconegut                                                                                                                                            ,Unknown,Unknown,Minor injury: Hospitalization up to 24 hours,433109.23,4588763.66,2.19809994,41.445818079
2023S007225    ,9,Sant Andreu,58,Baró de Viver,314100,Santa Coloma,0090 0090,Tuesday,2023,12,December,5,Night,0,No és causa del  vianant,Maquinària d'obres i serveis,Man,62,Passenger,Desconegut                                                                                                                                            ,Unknown,Unknown,Minor injury: Hospitalization up to 24 hours,433109.23,4588763.66,2.19809994,41.445818079
2023S007225    ,9,Sant Andreu,58,Baró de Viver,314100,Santa Coloma,0090 0090,Tuesday,2023,12,December,5,Night,0,No és causa del  vianant,Maquinària d'obres i serveis,Woman,30,Driver,Desconegut                                                                                                                                            ,Unknown,En missió,Minor injury: Hospitalization up to 24 hours,433109.23,4588763.66,2.19809994,41.445818079
2023S007226    ,6,Gràcia,28,Vallcarca i els Penitents,158107,Vallcarca,0066 0066,Tuesday,2023,12,December,5,Morning,6,No és causa del  vianant,Veh. mobilitat personal amb motor,Woman,46,Driver,Desconegut                                                                                                                                            ,Unknown,Unknown,Minor injury: Hospitalization up to 24 hours,428815.59,4584861.05,2.147164187,41.410299441
2023S007226    ,6,Gràcia,28,Vallcarca i els Penitents,158107,Vallcarca,0066 0066,Tuesday,2023,12,December,5,Morning,6,No és causa del  vianant,Bicicleta,Man,52,Driver,Desconegut                                                                                                                                            ,Unknown,In itínere,Minor injury: Refused medical assistance,428815.59,4584861.05,2.147164187,41.410299441
2023S007227    ,2,Eixample,9,la Nova Esquerra de l'Eixample,289105,Rosselló,0090 0092,Tuesday,2023,12,December,5,Morning,8,No és causa del  vianant,Motorcycle,Man,34,Driver,Desconegut                                                                                                                                            ,Unknown,In itínere,Minor injury: Hospitalization up to 24 hours,429022.74,4582340.24,2.149938125,41.387613759
2023S007228    ,10,Sant Martí,70,el Besòs i el Maresme,701414,C-31,020840000,Tuesday,2023,12,December,5,Morning,9,No és causa del  vianant,Motorcycle,Man,50,Driver,Desconegut                                                                                                                                            ,Unknown,Unknown,Minor injury: Hospitalization up to 24 hours,433942.83,4585841.27,2.20839795,41.419566019
2023S007229    ,3,Sants-Montjuïc,13,la Marina de Port,169409,Corts Catalanes,0128 0132,Tuesday,2023,12,December,5,Morning,9,No és causa del  vianant,Bus,Woman,67,Passenger,Desconegut                                                                                                                                            ,Unknown,Unknown,Minor injury: Hospitalization up to 24 hours,427768.32,4579740.74,2.135245947,41.364089285
2023S007230    ,8,Nou Barris,46,el Turó de la Peira,103003,Doctor Pi i Molist,0071 0073,Tuesday,2023,12,December,5,Morning,8,No és causa del  vianant,Veh. mobilitat personal amb motor,Woman,11,Passenger,Desconegut                                                                                                                                            ,Unknown,Unknown,Minor injury: Hospitalization up to 24 hours,430992.73,4587449.92,2.172915126,41.433806465
2023S007231    ,6,Gràcia,30,la Salut,344000,Dalt,0098U0098U,Tuesday,2023,12,December,5,Morning,10,No és causa del  vianant,Car,Man,31,Passenger,Desconegut                                                                                                                                            ,Unknown,Unknown,Minor injury: Hospitalization up to 24 hours,429688.64,4584955.16,2.157598074,41.411223945
2023S007232    ,2,Eixample,10,Sant Antoni,169409,Corts Catalanes,0428 0428,Friday,2023,12,December,1,Morning,9,No és causa del  vianant,Motorcycle,Woman,52,Pedestrian,A la vorera / Andana                                                                                                                                  ,Unknown,Unknown,Minor injury: Refused medical assistance,429260.06,4581256.4,2.152902942,41.37787289
2023S007233    ,6,Gràcia,28,Vallcarca i els Penitents,701267,Dalt (Besòs),000990000,Tuesday,2023,12,December,5,Morning,13,No és causa del  vianant,Car,Woman,22,Driver,Desconegut                                                                                                                                            ,Unknown,Unknown,Minor injury: Hospitalization up to 24 hours,428175.88,4585794.94,2.139400038,41.41865366
2023S007233    ,6,Gràcia,28,Vallcarca i els Penitents,701267,Dalt (Besòs),000990000,Tuesday,2023,12,December,5,Morning,13,No és causa del  vianant,Car,Woman,23,Driver,Desconegut                                                                                                                                            ,Unknown,Unknown,Minor injury: Hospitalization up to 24 hours,428175.88,4585794.94,2.139400038,41.41865366
2023S007235    ,10,Sant Martí,64,el Camp de l'Arpa del Clot,161101,Independència,0281 0281,Tuesday,2023,12,December,5,Afternoon,14,No és causa del  vianant,Ciclomotor,Man,71,Pedestrian,En pas regulat per semàfor                                                                                                                            ,Unknown,Unknown,Minor injury: Hospitalization up to 24 hours,431842.11,4584552.4,2.183407244,41.407782017
2023S007236    ,2,Eixample,10,Sant Antoni,169409,Corts Catalanes,0544 0544,Tuesday,2023,12,December,5,Afternoon,16,No és causa del  vianant,Bicicleta,Woman,44,Driver,Desconegut                                                                                                                                            ,Unknown,Oci i entreteniment,Minor injury: Medical assistance at accident site,429877.3,4581824.18,2.160217962,41.383040763
2023S007237    ,10,Sant Martí,70,el Besòs i el Maresme,701414,C-31,020850000,Tuesday,2023,12,December,5,Afternoon,18,No és causa del  vianant,Car,Woman,39,Driver,Desconegut                                                                                                                                            ,Unknown,Unknown,Minor injury: Hospitalization up to 24 hours,434078.33,4585946.2,2.210007828,41.420522231
2023S007238    ,2,Eixample,8,l'Antiga Esquerra de l'Eixample,23403,Aribau,0013 0013,Tuesday,2023,12,December,5,Afternoon,15,No és causa del  vianant,Motorcycle,Man,24,Driver,Desconegut                                                                                                                                            ,Unknown,Unknown,Minor injury: Hospitalization up to 24 hours,430018.62,4582204.72,2.161863977,41.386480478
2023S007239    ,2,Eixample,7,la Dreta de l'Eixample,169409,Corts Catalanes,0604 0604,Tuesday,2023,12,December,5,Afternoon,19,No és causa del  vianant,Veh. mobilitat personal amb motor,Woman,31,Passenger,Desconegut                                                                                                                                            ,Unknown,Unknown,Minor injury: Hospitalization up to 24 hours,430311.08,4582286.33,2.165352193,41.387240918
2023S007239    ,2,Eixample,7,la Dreta de l'Eixample,169409,Corts Catalanes,0604 0604,Tuesday,2023,12,December,5,Afternoon,19,No és causa del  vianant,Veh. mobilitat personal amb motor,Woman,32,Driver,Desconegut                                                                                                                                            ,Unknown,Unknown,Minor injury: Hospitalization up to 24 hours,430311.08,4582286.33,2.165352193,41.387240918
2023S007241    ,8,Nou Barris,53,la Trinitat Nova,120807,Favència,0263 0263,Tuesday,2023,12,December,5,Afternoon,19,No és causa del  vianant,Bus,Woman,71,Passenger,Desconegut                                                                                                                                            ,Unknown,Unknown,Minor injury: Hospitalization up to 24 hours,431676.17,4588859.06,2.180935092,41.446556551
2023S007242    ,9,Sant Andreu,59,el Bon Pastor,701265,Litoral (Besòs),000180000,Tuesday,2023,12,December,5,Afternoon,16,No és causa del  vianant,Motorcycle,Man,32,Driver,Desconegut                                                                                                                                            ,Unknown,In itínere,Minor injury: Medical assistance at accident site,433925.28,4588192.74,2.207930773,41.440743599
2023S007243    ,6,Gràcia,31,la Vila de Gràcia,206403,Gran de Gràcia,0241 0241,Tuesday,2023,12,December,5,Afternoon,21,No és causa del  vianant,Motorcycle,Man,52,Driver,Desconegut                                                                                                                                            ,Unknown,Unknown,Minor injury: Hospitalization up to 24 hours,429103.59,4584311.78,2.150674084,41.405377843
2023S007243    ,6,Gràcia,31,la Vila de Gràcia,206403,Gran de Gràcia,0241 0241,Tuesday,2023,12,December,5,Afternoon,21,No és causa del  vianant,Motorcycle,Man,56,Driver,Desconegut                                                                                                                                            ,Unknown,Unknown,Minor injury: Refused medical assistance,429103.59,4584311.78,2.150674084,41.405377843
2023S007244    ,2,Eixample,6,la Sagrada Família,350308,València,0546 0548,Tuesday,2023,12,December,5,Night,22,No és causa del  vianant,Motorcycle,Woman,29,Driver,Desconegut                                                                                                                                            ,Unknown,In itínere,Minor injury: Medical assistance at accident site,431715.15,4584411.86,2.181904259,41.406505435
2023S007245    ,4,Les Corts,19,les Corts,162002,Josep Tarradellas,0139S0139S,Wednesday,2023,12,December,6,Morning,9,No és causa del  vianant,Motorcycle,Woman,29,Driver,Desconegut                                                                                                                                            ,Unknown,Oci i entreteniment,Minor injury: Hospitalization up to 24 hours,428499.73,4582666.13,2.143644741,41.390502587
2023S007245    ,4,Les Corts,19,les Corts,162002,Josep Tarradellas,0139S0139S,Wednesday,2023,12,December,6,Morning,9,No és causa del  vianant,Motorcycle,Woman,50,Driver,Desconegut                                                                                                                                            ,Unknown,Oci i entreteniment,Minor injury: Medical assistance at accident site,428499.73,4582666.13,2.143644741,41.390502587
2023S007246    ,3,Sants-Montjuïc,12,la Marina del Prat Vermell,701705,Tallers Ferroviaris,0000 0000,Wednesday,2023,12,December,6,Morning,9,No és causa del  vianant,Motorcycle,Woman,37,Driver,Desconegut                                                                                                                                            ,Unknown,Unknown,Minor injury: Hospitalization up to 24 hours,426159.36,4577236.12,2.116315684,41.341385064
2023S007247    ,9,Sant Andreu,61,la Sagrera,209900,Meridiana,0261 0261,Wednesday,2023,12,December,6,Morning,11,Creuar per fora pas de vianants,Bicicleta,Man,55,Pedestrian,Fora del pas                                                                                                                                          ,Unknown,Unknown,Minor injury: Hospitalization up to 24 hours,432112.04,4586089.41,2.186463902,41.42164825
2023S007247    ,9,Sant Andreu,61,la Sagrera,209900,Meridiana,0261 0261,Wednesday,2023,12,December,6,Morning,11,Creuar per fora pas de vianants,Bicicleta,Man,70,Driver,Fora del pas                                                                                                                                          ,Unknown,Oci i entreteniment,Serious injury: Hospitalization over 24 hours,432112.04,4586089.41,2.186463902,41.42164825
2023S007248    ,5,Sarrià-Sant Gervasi,26,Sant Gervasi - Galvany,144601,Diagonal,0538 0538,Wednesday,2023,12,December,6,Afternoon,14,No és causa del  vianant,Motorcycle,Man,23,Driver,Desconegut                                                                                                                                            ,Unknown,Oci i entreteniment,Minor injury: Hospitalization up to 24 hours,429144.63,4583098.78,2.151307076,41.394456414
2023S007249    ,7,Horta-Guinardó,37,el Carmel,97807,Dante Alighieri,0099 0099,Wednesday,2023,12,December,6,Afternoon,14,No és causa del  vianant,Bicicleta,Man,87,Pedestrian,En pas sense regular                                                                                                                                  ,Unknown,Unknown,Minor injury: Hospitalization up to 24 hours,429604.11,4586742.26,2.156378658,41.427312268
2023S007250    ,7,Horta-Guinardó,43,Horta,351901,Valldaura,0062 0064,Wednesday,2023,12,December,6,Afternoon,15,No és causa del  vianant,Motorcycle,Woman,42,Driver,Desconegut                                                                                                                                            ,Unknown,Oci i entreteniment,Minor injury: Medical assistance at accident site,429807.89,4587974.58,2.158674048,41.438429126
2023S007251    ,5,Sarrià-Sant Gervasi,26,Sant Gervasi - Galvany,28000,Augusta,0093 0093,Wednesday,2023,12,December,6,Afternoon,16,No és causa del  vianant,Veh. mobilitat personal sense motor,Woman,31,Driver,Desconegut                                                                                                                                            ,Unknown,Oci i entreteniment,Minor injury: Medical assistance at accident site,429042.34,4583824.89,2.149998476,41.400987199
2023S007252    ,3,Sants-Montjuïc,11,el Poble-sec,114000,Espanya,9999 9999,Wednesday,2023,12,December,6,Afternoon,16,No és causa del  vianant,Bus,Man,79,Passenger,Desconegut                                                                                                                                            ,Unknown,Unknown,Minor injury: Hospitalization up to 24 hours,428974.33,4580977.98,2.149518925,41.37534007
2023S007253    ,9,Sant Andreu,62,el Congrés i els Indians,194406,Maragall,0140 0140,Wednesday,2023,12,December,6,Afternoon,18,No és causa del  vianant,Motorcycle,Man,41,Driver,Desconegut                                                                                                                                            ,Unknown,Oci i entreteniment,Minor injury: Hospitalization up to 24 hours,431457.6,4586212.43,2.178619071,41.422700653
2023S007255    ,1,Ciutat Vella,4,"Sant Pere, Santa Caterina i la Ribera",240707,Palau,9999 9999,Wednesday,2023,12,December,6,Afternoon,17,No és causa del  vianant,Motorcycle,Woman,24,Driver,Desconegut                                                                                                                                            ,Unknown,Unknown,Minor injury: Hospitalization up to 24 hours,431803.6,4581754.35,2.183261829,41.382577507
2023S007256    ,3,Sants-Montjuïc,13,la Marina de Port,137300,Foneria,0033 0035,Wednesday,2023,12,December,6,Afternoon,19,No és causa del  vianant,Ciclomotor,Man,7,Passenger,Desconegut                                                                                                                                            ,Unknown,Unknown,Minor injury: Medical assistance at accident site,428095.8,4579376.71,2.139204177,41.36083992
2023S007256    ,3,Sants-Montjuïc,13,la Marina de Port,137300,Foneria,0033 0035,Wednesday,2023,12,December,6,Afternoon,19,No és causa del  vianant,Ciclomotor,Woman,32,Driver,Desconegut                                                                                                                                            ,Unknown,Unknown,Minor injury: Hospitalization up to 24 hours,428095.8,4579376.71,2.139204177,41.36083992
2023S007257    ,8,Nou Barris,52,la Prosperitat,70709,Enric Casanovas,0049 0049,Wednesday,2023,12,December,6,Afternoon,20,No és causa del  vianant,Motorcycle,Man,42,Driver,Desconegut                                                                                                                                            ,Unknown,Oci i entreteniment,Minor injury: Hospitalization up to 24 hours,431545.55,4588224.44,2.179443482,41.440829628
2023S007259    ,1,Ciutat Vella,2,el Barri Gòtic,303705,Sant Jaume,0003 0003,Wednesday,2023,12,December,6,Night,23,No és causa del  vianant,Maquinària d'obres i serveis,Man,26,Pedestrian,En zona peatonal                                                                                                                                      ,Altres activitats,Unknown,Minor injury: Hospitalization up to 24 hours,431292.97,4581751.42,2.177155741,41.382507647
2023S007260    ,2,Eixample,9,la Nova Esquerra de l'Eixample,18505,Aragó,0119 0119,Wednesday,2023,12,December,6,Afternoon,21,No és causa del  vianant,Motorcycle,Man,36,Driver,Desconegut                                                                                                                                            ,Unknown,Unknown,Minor injury: Medical assistance at accident site,429273.96,4581866.71,2.152997885,41.383370974
2023S007261    ,2,Eixample,7,la Dreta de l'Eixample,100800,Diputació,0348 0348,Thursday,2023,12,December,7,Night,1,No és causa del  vianant,Motorcycle,Man,33,Driver,Desconegut                                                                                                                                            ,Unknown,Oci i entreteniment,Minor injury: Medical assistance at accident site,431164.61,4583326.2,2.175441678,41.396680252
2023S007262    ,7,Horta-Guinardó,43,Horta,154300,Hedilla,0022 0024,Thursday,2023,12,December,7,Morning,8,No és causa del  vianant,Car,Woman,80,Pedestrian,En pas sense regular                                                                                                                                  ,Oci i entreteniment,Unknown,Minor injury: Hospitalization up to 24 hours,430112.32,4587618.17,2.16235895,41.435245651
2023S007263    ,7,Horta-Guinardó,37,el Carmel,85900,Conca de Tremp,0070 0070,Thursday,2023,12,December,7,Morning,8,No és causa del  vianant,Bus,Man,85,Passenger,Desconegut                                                                                                                                            ,Unknown,Unknown,Minor injury: Hospitalization up to 24 hours,429675.16,4586067.63,2.1573074,41.421242364
2023S007265    ,7,Horta-Guinardó,35,el Guinardó,365702,Mare de Déu de Montserrat,0271 0271,Thursday,2023,12,December,7,Morning,10,No és causa del  vianant,Autobús articulat,Woman,69,Passenger,Desconegut                                                                                                                                            ,Unknown,Unknown,Minor injury: Hospitalization up to 24 hours,431284.48,4586466.4,2.176518648,41.424973277
2023S007266    ,10,Sant Martí,65,el Clot,18505,Aragó,0644X0644X,Thursday,2023,12,December,7,Morning,11,No és causa del  vianant,Car,Man,75,Pedestrian,En pas regulat per semàfor                                                                                                                            ,Unknown,Unknown,Minor injury: Hospitalization up to 24 hours,432593.64,4585051.33,2.192342377,41.412339145
2023S007267    ,10,Sant Martí,71,Provençals del Poblenou,169409,Corts Catalanes,1002 1002,Thursday,2023,12,December,7,Morning,9,Desobeir el senyal del semàfor,Bicicleta,Man,72,Driver,En pas regulat per semàfor                                                                                                                            ,Unknown,Unknown,Serious injury: Hospitalization over 24 hours,433081.87,4584996.69,2.198189661,41.411887841
2023S007268    ,4,Les Corts,19,les Corts,162002,Josep Tarradellas,0139S0139S,Thursday,2023,12,December,7,Morning,12,No és causa del  vianant,Motorcycle,Man,55,Driver,Desconegut                                                                                                                                            ,Unknown,Unknown,Minor injury: Hospitalization up to 24 hours,428499.73,4582666.13,2.143644741,41.390502587
2023S007269    ,5,Sarrià-Sant Gervasi,26,Sant Gervasi - Galvany,196900,Marià Cubí,0053 0053,Thursday,2023,12,December,7,Morning,13,No és causa del  vianant,Bicicleta,Man,0,Driver,Desconegut                                                                                                                                            ,Unknown,Unknown,Minor injury: Hospitalization up to 24 hours,429021.33,4583530.77,2.149781658,41.398336313
2023S007269    ,5,Sarrià-Sant Gervasi,26,Sant Gervasi - Galvany,196900,Marià Cubí,0053 0053,Thursday,2023,12,December,7,Morning,13,No és causa del  vianant,Veh. mobilitat personal amb motor,Woman,40,Driver,Desconegut                                                                                                                                            ,Unknown,In itínere,Minor injury: Medical assistance at accident site,429021.33,4583530.77,2.149781658,41.398336313
2023S007271    ,3,Sants-Montjuïc,12,la Marina del Prat Vermell,230601,Mare de Déu de Port,0038I0038I,Thursday,2023,12,December,7,Afternoon,15,No és causa del  vianant,Autocaravana,Woman,39,Driver,Desconegut                                                                                                                                            ,Unknown,Oci i entreteniment,Minor injury: Hospitalization up to 24 hours,429399.37,4578430.49,2.154897912,41.352433013
2023S007272    ,9,Sant Andreu,59,el Bon Pastor,318906,Santander,0071 0071,Thursday,2023,12,December,7,Afternoon,16,No és causa del  vianant,Motorcycle,Man,45,Driver,Desconegut                                                                                                                                            ,Unknown,Oci i entreteniment,Minor injury: Hospitalization up to 24 hours,433642.7,4587107.97,2.204667658,41.430950083
2023S007273    ,8,Nou Barris,48,la Guineueta,351901,Valldaura,0133 0133,Thursday,2023,12,December,7,Afternoon,15,No és causa del  vianant,Autobús articulat,Woman,61,Passenger,Desconegut                                                                                                                                            ,Unknown,Unknown,Minor injury: Hospitalization up to 24 hours,430295.88,4588116.99,2.164498264,41.43975429
2023S007274    ,10,Sant Martí,71,Provençals del Poblenou,253902,Perú,0040 0044,Thursday,2023,12,December,7,Afternoon,17,No és causa del  vianant,Bicicleta,Man,22,Driver,Desconegut                                                                                                                                            ,Unknown,In itínere,Minor injury: Hospitalization up to 24 hours,432709.25,4584421.07,2.193795673,41.406672265
2023S007275    ,5,Sarrià-Sant Gervasi,26,Sant Gervasi - Galvany,223606,Muntaner,0255 0259,Thursday,2023,12,December,7,Afternoon,19,Desobeir el senyal del semàfor,Autobús articulat,Woman,55,Pedestrian,En pas regulat per semàfor                                                                                                                            ,Unknown,Unknown,Minor injury: Hospitalization up to 24 hours,428876.65,4583180.87,2.148092205,41.395172101
2023S007276    ,2,Eixample,8,l'Antiga Esquerra de l'Eixample,18505,Aragó,0174 0176,Thursday,2023,12,December,7,Afternoon,19,No és causa del  vianant,Motorcycle,Man,63,Driver,Desconegut                                                                                                                                            ,Unknown,Altres activitats,Minor injury: Hospitalization up to 24 hours,429679.92,4582226.57,2.15781084,41.386647721
2023S007276    ,2,Eixample,8,l'Antiga Esquerra de l'Eixample,18505,Aragó,0174 0176,Thursday,2023,12,December,7,Afternoon,19,No és causa del  vianant,Motorcycle,Woman,67,Passenger,Desconegut                                                                                                                                            ,Unknown,Unknown,Minor injury: Hospitalization up to 24 hours,429679.92,4582226.57,2.15781084,41.386647721
2023S007277    ,1,Ciutat Vella,1,el Raval,308505,Sant Pau,0033B0033B,Thursday,2023,12,December,7,Afternoon,18,No és causa del  vianant,"Camió rígid > 3,5 tones",Woman,40,Pedestrian,Altres                                                                                                                                                ,Unknown,Unknown,Minor injury: Hospitalization up to 24 hours,430863.32,4581368.02,2.172061506,41.379017646
2023S007278    ,2,Eixample,8,l'Antiga Esquerra de l'Eixample,100800,Diputació,0166 0166,Thursday,2023,12,December,7,Afternoon,21,No és causa del  vianant,Motorcycle,Woman,34,Driver,Desconegut                                                                                                                                            ,Unknown,Unknown,Minor injury: Hospitalization up to 24 hours,429731.21,4581923.32,2.158459423,41.383920931
2023S007279    ,2,Eixample,10,Sant Antoni,169409,Corts Catalanes,0428 0428,Thursday,2023,12,December,7,Night,23,No és causa del  vianant,Bicicleta,Man,33,Driver,Desconegut                                                                                                                                            ,Unknown,Unknown,Minor injury: Hospitalization up to 24 hours,429260.06,4581256.4,2.152902942,41.37787289
2023S007279    ,2,Eixample,10,Sant Antoni,169409,Corts Catalanes,0428 0428,Thursday,2023,12,December,7,Night,23,No és causa del  vianant,Bicicleta,Man,35,Driver,Desconegut                                                                                                                                            ,Unknown,Unknown,Minor injury: Hospitalization up to 24 hours,429260.06,4581256.4,2.152902942,41.37787289
2023S007280    ,10,Sant Martí,64,el Camp de l'Arpa del Clot,297001,Sant Antoni Maria Claret,0352 0354,Friday,2023,12,December,8,Night,1,No és causa del  vianant,Motorcycle,Man,16,Passenger,Desconegut                                                                                                                                            ,Unknown,Unknown,Minor injury: Medical assistance at accident site,431646.49,4585469.73,2.180963306,41.416027499
2023S007280    ,10,Sant Martí,64,el Camp de l'Arpa del Clot,297001,Sant Antoni Maria Claret,0352 0354,Friday,2023,12,December,8,Night,1,No és causa del  vianant,Motorcycle,Man,45,Driver,Desconegut                                                                                                                                            ,Unknown,En missió,Minor injury: Hospitalization up to 24 hours,431646.49,4585469.73,2.180963306,41.416027499
2023S007281    ,5,Sarrià-Sant Gervasi,24,les Tres Torres,701434,Mig (Descendent),000370000,Friday,2023,12,December,8,Night,2,No és causa del  vianant,Motorcycle,Man,43,Driver,Desconegut                                                                                                                                            ,Unknown,Oci i entreteniment,Minor injury: Hospitalization up to 24 hours,427678.99,4583241.88,2.133759964,41.395614721
2023S007283    ,8,Nou Barris,45,Porta,256401,Pintor Alsamora,0001 0001,Friday,2023,12,December,8,Morning,6,No és causa del  vianant,Veh. mobilitat personal amb motor,Man,37,Driver,Desconegut                                                                                                                                            ,Unknown,In itínere,Minor injury: Hospitalization up to 24 hours,431890.58,4587477.65,2.183657471,41.434132911
2023S007285    ,5,Sarrià-Sant Gervasi,26,Sant Gervasi - Galvany,13909,Amigó,0037 0037,Friday,2023,12,December,8,Morning,11,No és causa del  vianant,Motorcycle,Man,45,Driver,Desconegut                                                                                                                                            ,Unknown,Oci i entreteniment,Minor injury: Hospitalization up to 24 hours,428580.93,4583190.96,2.144553964,41.395236755
2023S007286    ,2,Eixample,7,la Dreta de l'Eixample,169409,Corts Catalanes,0604 0604,Friday,2023,12,December,8,Morning,9,No és causa del  vianant,Autobús articulat,Man,81,Passenger,Desconegut                                                                                                                                            ,Unknown,Unknown,Minor injury: Hospitalization up to 24 hours,430311.08,4582286.33,2.165352193,41.387240918
2023S007287    ,5,Sarrià-Sant Gervasi,26,Sant Gervasi - Galvany,143904,General Mitre,0050 0050,Friday,2023,12,December,8,Morning,12,No és causa del  vianant,Motorcycle,Woman,22,Passenger,Desconegut                                                                                                                                            ,Unknown,Unknown,Minor injury: Hospitalization up to 24 hours,427637.31,4583325.79,2.133251403,41.396366714
2023S007287    ,5,Sarrià-Sant Gervasi,26,Sant Gervasi - Galvany,143904,General Mitre,0050 0050,Friday,2023,12,December,8,Morning,12,No és causa del  vianant,Motorcycle,Man,23,Driver,Desconegut                                                                                                                                            ,Unknown,Unknown,Minor injury: Hospitalization up to 24 hours,427637.31,4583325.79,2.133251403,41.396366714
2023S007288    ,1,Ciutat Vella,2,el Barri Gòtic,269108,Portal de la Pau,0007 0007,Friday,2023,12,December,8,Morning,13,No és causa del  vianant,Motorcycle,Woman,27,Driver,Desconegut                                                                                                                                            ,Unknown,Unknown,Minor injury: Hospitalization up to 24 hours,431303.96,4580950.67,2.177377982,41.375296448
2023S007289    ,1,Ciutat Vella,3,la Barceloneta,153307,Guitert,0056 0056,Friday,2023,12,December,8,Afternoon,15,No és causa del  vianant,Car,Woman,34,Pedestrian,Fora del pas                                                                                                                                          ,Unknown,Unknown,Minor injury: Medical assistance at accident site,432445.44,4581247.03,2.190993941,41.37806238
2023S007291    ,3,Sants-Montjuïc,15,Hostafrancs,202901,Masnou,0037 0041,Friday,2023,12,December,8,Afternoon,17,No és causa del  vianant,Bicicleta,Woman,52,Pedestrian,A la vorera / Andana                                                                                                                                  ,Unknown,Unknown,Minor injury: Hospitalization up to 24 hours,428248.57,4581061.56,2.140830993,41.376028429