Case_Number,District_Code,District_Name,Neighborhood_Code,Neighborhood_Name,Street_Code,Street_Name,Postal_Code,Day_of_Week,Year,Month_Code,Month_Name,Day_of_Month,Shift_Description,Hour_of_Day,Pedestrian_Cause_Description,Involved_Vehicle_Type,Gender_Description,Age,Person_Type_Description,Pedestrian_Accident_Location_Description,Pedestrian_Movement_Reason_Description,Driver_Movement_Reason_Description,Victimization_Description,UTM_X_Coordinate,UTM_Y_Coordinate,Longitude,Latitude
2023S007498    ,3,Sants-Montjuïc,16,la Bordeta,169409,Corts Catalanes,0185 0185,Monday,2023,12,December,18,Morning,13,No és causa del  vianant,Car,Woman,34,Driver,Desconegut                                                                                                                                            ,Unknown,Unknown,Minor injury: Hospitalization up to 24 hours,428246.71,4580227.58,2.140907511,41.368516893
2023S007499    ,4,Les Corts,19,les Corts,231502,Numància,0048 0050,Sunday,2023,12,December,17,Afternoon,18,No és causa del  vianant,Motorcycle,Man,56,Driver,Desconegut                                                                                                                                            ,Unknown,Unknown,Minor injury: Hospitalization up to 24 hours,428108.47,4581859.44,2.139061078,41.383202135
2023S007500    ,3,Sants-Montjuïc,18,Sants,231502,Numància,0033 0037,Sunday,2023,12,December,17,Afternoon,19,No és causa del  vianant,Motorcycle,Woman,45,Driver,Desconegut                                                                                                                                            ,Unknown,Unknown,Minor injury: Hospitalization up to 24 hours,428156.24,4581784.6,2.139641218,41.382532348
2023S007501    ,7,Horta-Guinardó,33,el Baix Guinardó,76807,Sardenya,0506 0506,Sunday,2023,12,December,17,Afternoon,21,No és causa del  vianant,Bicicleta,Man,23,Driver,Desconegut                                                                                                                                            ,Unknown,Unknown,Minor injury: Hospitalization up to 24 hours,430199.12,4584910.23,2.163710541,41.410863796
2023S007502    ,8,Nou Barris,45,Porta,351901,Valldaura,0276 0278,Sunday,2023,12,December,17,Afternoon,20,Creuar per fora pas de vianants,Car,Woman,14,Pedestrian,Fora del pas                                                                                                                                          ,Unknown,Unknown,Minor injury: Hospitalization up to 24 hours,431806.24,4588046.08,2.182583901,41.439245399
2023S007503    ,5,Sarrià-Sant Gervasi,23,Sarrià,701267,Dalt (Besòs),000700000,Monday,2023,12,December,18,Afternoon,14,No és causa del  vianant,Car,Woman,47,Passenger,Desconegut                                                                                                                                            ,Unknown,Unknown,Minor injury: Medical assistance at accident site,426062.63,4583917.33,2.114344467,41.401551131
2023S007503    ,5,Sarrià-Sant Gervasi,23,Sarrià,701267,Dalt (Besòs),000700000,Monday,2023,12,December,18,Afternoon,14,No és causa del  vianant,Car,Man,52,Driver,Desconegut                                                                                                                                            ,Unknown,Unknown,Minor injury: Medical assistance at accident site,426062.63,4583917.33,2.114344467,41.401551131
2023S007504    ,6,Gràcia,31,la Vila de Gràcia,28000,Augusta,0010 0010,Monday,2023,12,December,18,Morning,9,No és causa del  vianant,Veh. mobilitat personal amb motor,Woman,56,Driver,Desconegut                                                                                                                                            ,Unknown,In itínere,Minor injury: Hospitalization up to 24 hours,429476.61,4583336.28,2.155250115,41.396624691
2023S007505    ,5,Sarrià-Sant Gervasi,25,Sant Gervasi - la Bonanova,701353,Josep M. Lladó,0001 0001,Monday,2023,12,December,18,Morning,9,No és causa del  vianant,Motorcycle,Man,43,Driver,Desconegut                                                                                                                                            ,Unknown,Oci i entreteniment,Minor injury: Hospitalization up to 24 hours,427018.54,4584886.84,2.125662,41.410370471
2023S007506    ,8,Nou Barris,45,Porta,119003,Fabra i Puig,0136 0136,Monday,2023,12,December,18,Morning,10,Others,Bus,Woman,80,Passenger,Desconegut                                                                                                                                            ,Unknown,Unknown,Minor injury: Hospitalization up to 24 hours,431680.2,4587059.0,2.181186977,41.430344395
2023S007507    ,2,Eixample,10,Sant Antoni,362001,Vilamarí,0024 0024,Monday,2023,12,December,18,Afternoon,19,No és causa del  vianant,Bicicleta,Man,48,Driver,Desconegut                                                                                                                                            ,Unknown,Unknown,Minor injury: Hospitalization up to 24 hours,429269.66,4581057.55,2.153040952,41.376082757
2023S007508    ,5,Sarrià-Sant Gervasi,26,Sant Gervasi - Galvany,55603,Calvet,0048 0048,Monday,2023,12,December,18,Afternoon,19,No és causa del  vianant,Motorcycle,Woman,25,Driver,Desconegut                                                                                                                                            ,Unknown,Unknown,Minor injury: Medical assistance at accident site,428450.39,4583173.29,2.142994689,41.395065998
2023S007509    ,10,Sant Martí,71,Provençals del Poblenou,253902,Perú,0044X0044X,Monday,2023,12,December,18,Morning,8,No és causa del  vianant,Motorcycle,Man,37,Driver,Desconegut                                                                                                                                            ,Unknown,Altres activitats,Minor injury: Hospitalization up to 24 hours,432709.25,4584421.07,2.193795673,41.406672265
2023S007510    ,10,Sant Martí,64,el Camp de l'Arpa del Clot,134801,Freser,0098 0098,Monday,2023,12,December,18,Afternoon,19,No és causa del  vianant,Motorcycle,Woman,50,Driver,Desconegut                                                                                                                                            ,Unknown,In itínere,Minor injury: Medical assistance at accident site,431636.67,4585075.67,2.180890367,41.41247749
2023S007513    ,6,Gràcia,32,el Camp d'en Grassot i Gràcia Nova,76807,Sardenya,0353 0353,Monday,2023,12,December,18,Afternoon,18,No és causa del  vianant,Motorcycle,Man,44,Driver,Desconegut                                                                                                                                            ,Unknown,Unknown,Minor injury: Hospitalization up to 24 hours,430731.19,4584327.9,2.170142789,41.405665001
2023S007514    ,6,Gràcia,28,Vallcarca i els Penitents,120104,Farigola,0045 0047,Monday,2023,12,December,18,Afternoon,20,Others,Bus,Woman,60,Passenger,Desconegut                                                                                                                                            ,Unknown,Unknown,Minor injury: Hospitalization up to 24 hours,428777.65,4585183.63,2.146672296,41.413201429
2023S007515    ,3,Sants-Montjuïc,12,la Marina del Prat Vermell,370305,Número 4 Zona Franca,0047 0047,Monday,2023,12,December,18,Afternoon,20,No és causa del  vianant,Car,Man,57,Passenger,Desconegut                                                                                                                                            ,Unknown,Unknown,Minor injury: Hospitalization up to 24 hours,427786.24,4575792.95,2.135930054,41.3285344
2023S007516    ,10,Sant Martí,70,el Besòs i el Maresme,701266,Litoral (Llobregat),000580000,Tuesday,2023,12,December,19,Morning,6,No és causa del  vianant,Motorcycle,Man,58,Driver,Desconegut                                                                                                                                            ,Unknown,Unknown,Minor injury: Hospitalization up to 24 hours,434981.22,4584639.26,2.220952063,41.408824541
2023S007517    ,2,Eixample,8,l'Antiga Esquerra de l'Eixample,191204,Mallorca,0150 0150,Tuesday,2023,12,December,19,Morning,8,No és causa del  vianant,Motorcycle,Woman,39,Driver,Desconegut                                                                                                                                            ,Unknown,Oci i entreteniment,Minor injury: Hospitalization up to 24 hours,429418.24,4582351.88,2.154666729,41.387753416
2023S007518    ,4,Les Corts,21,Pedralbes,144601,Diagonal,0672B0672B,Tuesday,2023,12,December,19,Morning,9,No és causa del  vianant,Motorcycle,Woman,30,Driver,Desconegut                                                                                                                                            ,Unknown,Unknown,Minor injury: Medical assistance at accident site,426998.27,4582457.09,2.12571263,41.388484902
2023S007519    ,10,Sant Martí,66,el Parc i la Llacuna del Poblenou,270901,Pujades,0027 0027,Tuesday,2023,12,December,19,Morning,7,No és causa del  vianant,Bus,Woman,24,Passenger,Desconegut                                                                                                                                            ,Unknown,Unknown,Minor injury: Hospitalization up to 24 hours,432405.38,4583010.31,2.190318066,41.39394043
2023S007521    ,9,Sant Andreu,60,Sant Andreu,339101,Torras i Bages,0108B0108B,Monday,2023,12,December,18,Afternoon,20,No és causa del  vianant,Motorcycle,Man,25,Driver,Desconegut                                                                                                                                            ,Unknown,Unknown,Minor injury: Hospitalization up to 24 hours,432482.11,4588344.28,2.190640062,41.441988336
2023S007522    ,10,Sant Martí,64,el Camp de l'Arpa del Clot,297001,Sant Antoni Maria Claret,0356 0356,Tuesday,2023,12,December,19,Morning,12,No és causa del  vianant,Motorcycle,Man,45,Driver,Desconegut                                                                                                                                            ,Unknown,In itínere,Minor injury: Medical assistance at accident site,431646.49,4585469.73,2.180963306,41.416027499
2023S007523    ,6,Gràcia,32,el Camp d'en Grassot i Gràcia Nova,76807,Sardenya,0383 0383,Tuesday,2023,12,December,19,Morning,10,No és causa del  vianant,Motorcycle,Woman,44,Driver,Desconegut                                                                                                                                            ,Unknown,Unknown,Minor injury: Hospitalization up to 24 hours,430654.34,4584406.29,2.169214461,41.406364405
2023S007524    ,7,Horta-Guinardó,35,el Guinardó,310008,Sant Quintí,0055 0055,Saturday,2023,12,December,2,Morning,10,No és causa del  vianant,Unknown,Woman,59,Pedestrian,Desconegut                                                                                                                                            ,Unknown,Unknown,Minor injury: Hospitalization up to 24 hours,431214.09,4585366.03,2.175801555,41.41505659
2023S007525    ,7,Horta-Guinardó,35,el Guinardó,310008,Sant Quintí,0055 0055,Saturday,2023,12,December,2,Morning,10,No és causa del  vianant,Car,Woman,59,Pedestrian,En pas sense regular                                                                                                                                  ,Unknown,Unknown,Minor injury: Refused medical assistance,431214.09,4585366.03,2.175801555,41.41505659
2023S007526    ,3,Sants-Montjuïc,16,la Bordeta,169409,Corts Catalanes,0111 0119,Monday,2023,12,December,18,Morning,9,No és causa del  vianant,Motorcycle,Woman,47,Driver,Desconegut                                                                                                                                            ,Unknown,In itínere,Minor injury: Medical assistance at accident site,427647.52,4579751.26,2.133800518,41.364173182
2023S007527    ,6,Gràcia,31,la Vila de Gràcia,28000,Augusta,0002 0002,Tuesday,2023,12,December,19,Morning,10,No és causa del  vianant,Bus,Man,87,Passenger,Desconegut                                                                                                                                            ,Unknown,Unknown,Minor injury: Hospitalization up to 24 hours,429511.59,4583263.86,2.155676949,41.395975498
2023S007530    ,2,Eixample,7,la Dreta de l'Eixample,305100,Sant Joan,0051 0051,Tuesday,2023,12,December,19,Morning,8,No és causa del  vianant,Bicicleta,Man,20,Driver,Desconegut                                                                                                                                            ,Unknown,Unknown,Minor injury: Hospitalization up to 24 hours,430974.79,4583328.33,2.173170966,41.396683156
2023S007530    ,2,Eixample,7,la Dreta de l'Eixample,305100,Sant Joan,0051 0051,Tuesday,2023,12,December,19,Morning,8,No és causa del  vianant,Motorcycle,Woman,52,Driver,Desconegut                                                                                                                                            ,Unknown,Unknown,Minor injury: Hospitalization up to 24 hours,430974.79,4583328.33,2.173170966,41.396683156
2023S007531    ,3,Sants-Montjuïc,12,la Marina del Prat Vermell,700130,Longitudinal 10,0049 0049,Tuesday,2023,12,December,19,Morning,13,No és causa del  vianant,Motorcycle,Man,54,Driver,Desconegut                                                                                                                                            ,Unknown,Unknown,Minor injury: Hospitalization up to 24 hours,425856.1,4576381.43,2.112795864,41.333659313
2023S007534    ,4,Les Corts,19,les Corts,144601,Diagonal,0579 0587,Tuesday,2023,12,December,19,Morning,13,No és causa del  vianant,Motorcycle,Man,56,Driver,Desconegut                                                                                                                                            ,Unknown,In itínere,Minor injury: Medical assistance at accident site,427575.97,4582577.49,2.13260725,41.389621548
2023S007535    ,9,Sant Andreu,59,el Bon Pastor,701177,Monterrey,0001 0001,Tuesday,2023,12,December,19,Morning,12,No és causa del  vianant,Motorcycle,Man,49,Driver,Desconegut                                                                                                                                            ,Unknown,Unknown,Minor injury: Hospitalization up to 24 hours,433767.29,4588494.32,2.206006652,41.443446813
2023S007536    ,2,Eixample,6,la Sagrada Família,350308,València,0401 0403,Tuesday,2023,12,December,19,Morning,13,No és causa del  vianant,Altres vehicles amb motor,Man,57,Driver,Desconegut                                                                                                                                            ,Unknown,En missió,Minor injury: Medical assistance at accident site,431106.97,4583849.53,2.174692653,41.401388785
2023S007537    ,10,Sant Martí,64,el Camp de l'Arpa del Clot,209900,Meridiana,0155 0155,Tuesday,2023,12,December,19,Afternoon,15,No és causa del  vianant,Furgoneta,Man,43,Driver,Desconegut                                                                                                                                            ,Unknown,Transport professional de mercaderies,Minor injury: Medical assistance at accident site,432136.49,4585039.63,2.186874308,41.412195273
2023S007538    ,2,Eixample,7,la Dreta de l'Eixample,268003,Provença,0303 0305,Monday,2023,12,December,18,Morning,9,No és causa del  vianant,Motorcycle,Man,73,Driver,Desconegut                                                                                                                                            ,Unknown,Altres activitats,Minor injury: Hospitalization up to 24 hours,430296.36,4583402.18,2.165047656,41.397289745
2023S007539    ,-1,Unknown,-1,Unknown,-1,Unknown,Unknown,Tuesday,2023,12,December,19,Afternoon,14,No és causa del  vianant,Motorcycle,Woman,27,Driver,Desconegut                                                                                                                                            ,Unknown,Oci i entreteniment,Minor injury: Medical assistance at accident site,426465.56,4581445.06,2.11946457,41.379321419
2023S007540    ,2,Eixample,9,la Nova Esquerra de l'Eixample,362001,Vilamarí,0061 0061,Tuesday,2023,12,December,19,Afternoon,18,No és causa del  vianant,Motorcycle,Woman,48,Driver,Desconegut                                                                                                                                            ,Unknown,In itínere,Minor injury: Hospitalization up to 24 hours,428969.53,4581364.79,2.149416175,41.378823515
2023S007541    ,5,Sarrià-Sant Gervasi,26,Sant Gervasi - Galvany,28000,Augusta,0089 0091,Tuesday,2023,12,December,19,Afternoon,17,No és causa del  vianant,Bicicleta,Woman,47,Driver,Desconegut                                                                                                                                            ,Unknown,Altres activitats,Minor injury: Medical assistance at accident site,429042.34,4583824.89,2.149998476,41.400987199
2023S007542    ,2,Eixample,8,l'Antiga Esquerra de l'Eixample,245802,París,0169 0169,Tuesday,2023,12,December,19,Afternoon,19,No és causa del  vianant,Motorcycle,Man,27,Driver,Desconegut                                                                                                                                            ,Unknown,In itínere,Minor injury: Hospitalization up to 24 hours,429173.98,4582876.38,2.151684146,41.392455923
2023S007543    ,2,Eixample,9,la Nova Esquerra de l'Eixample,110803,Entença,0118 0118,Tuesday,2023,12,December,19,Afternoon,20,No és causa del  vianant,Taxi,Man,35,Driver,Desconegut                                                                                                                                            ,Unknown,Unknown,Minor injury: Medical assistance at accident site,428928.48,4581613.01,2.148896181,41.381055522
2023S007544    ,9,Sant Andreu,63,Navas,297001,Sant Antoni Maria Claret,0337B0337B,Tuesday,2023,12,December,19,Afternoon,19,No és causa del  vianant,Motorcycle,Man,42,Driver,Desconegut                                                                                                                                            ,Unknown,Unknown,Minor injury: Hospitalization up to 24 hours,432076.84,4585912.18,2.186062622,41.420049019
2023S007545    ,5,Sarrià-Sant Gervasi,25,Sant Gervasi - la Bonanova,701267,Dalt (Besòs),000860000,Tuesday,2023,12,December,19,Afternoon,21,No és causa del  vianant,Motorcycle,Man,36,Driver,Desconegut                                                                                                                                            ,Unknown,Oci i entreteniment,Minor injury: Hospitalization up to 24 hours,427128.56,4584966.81,2.126968592,41.411100713
2023S007546    ,5,Sarrià-Sant Gervasi,25,Sant Gervasi - la Bonanova,302000,Sant Gervasi,0039 0039,Tuesday,2023,12,December,19,Afternoon,16,Creuar per fora pas de vianants,Ciclomotor,Man,82,Pedestrian,Fora del pas                                                                                                                                          ,Unknown,Unknown,Minor injury: Hospitalization up to 24 hours,427839.23,4584825.17,2.135487727,41.409889174
2023S007547    ,10,Sant Martí,64,el Camp de l'Arpa del Clot,161407,Indústria,0327 0327,Wednesday,2023,12,December,20,Night,2,No és causa del  vianant,Car,Man,22,Passenger,Desconegut                                                                                                                                            ,Unknown,Unknown,Minor injury: Hospitalization up to 24 hours,431936.0,4585592.05,2.184413448,41.417153784
2023S007547    ,10,Sant Martí,64,el Camp de l'Arpa del Clot,161407,Indústria,0327 0327,Wednesday,2023,12,December,20,Night,2,No és causa del  vianant,Car,Man,46,Driver,Desconegut                                                                                                                                            ,Unknown,En missió,Minor injury: Hospitalization up to 24 hours,431936.0,4585592.05,2.184413448,41.417153784
2023S007548    ,8,Nou Barris,45,Porta,113404,Escultor Ordóñez,0022 0022,Tuesday,2023,12,December,19,Afternoon,15,No és causa del  vianant,Car,Woman,30,Pedestrian,En pas sense regular                                                                                                                                  ,Unknown,Unknown,Minor injury: Hospitalization up to 24 hours,431107.47,4587327.51,2.174302294,41.432713819
2023S007549    ,9,Sant Andreu,60,Sant Andreu,314100,Santa Coloma,0033 0035,Tuesday,2023,12,December,19,Afternoon,16,No és causa del  vianant,Bicicleta,Man,37,Driver,Desconegut                                                                                                                                            ,Unknown,Unknown,Minor injury: Hospitalization up to 24 hours,432483.54,4588714.69,2.190615754,41.445324612
2023S007550    ,8,Nou Barris,53,la Trinitat Nova,120807,Favència,0381X0381X,Wednesday,2023,12,December,20,Morning,7,No és causa del  vianant,Motorcycle,Woman,46,Driver,Desconegut                                                                                                                                            ,Unknown,In itínere,Minor injury: Medical assistance at accident site,432218.56,4588908.54,2.187422139,41.447048208
2023S007550    ,8,Nou Barris,53,la Trinitat Nova,120807,Favència,0381X0381X,Wednesday,2023,12,December,20,Morning,7,No és causa del  vianant,Motorcycle,Man,20,Driver,Desconegut                                                                                                                                            ,Unknown,In itínere,Minor injury: Hospitalization up to 24 hours,432218.56,4588908.54,2.187422139,41.447048208
2023S007551    ,2,Eixample,8,l'Antiga Esquerra de l'Eixample,32700,Balmes,0061 0061,Tuesday,2023,12,December,19,Night,22,No és causa del  vianant,Motorcycle,Woman,25,Passenger,Desconegut                                                                                                                                            ,Unknown,Unknown,Minor injury: Hospitalization up to 24 hours,430022.75,4582583.06,2.16186964,41.389888424
2023S007552    ,6,Gràcia,32,el Camp d'en Grassot i Gràcia Nova,225500,Nàpols,0281 0281,Wednesday,2023,12,December,20,Morning,8,No és causa del  vianant,Motorcycle,Man,36,Driver,Desconegut                                                                                                                                            ,Unknown,In itínere,Minor injury: Hospitalization up to 24 hours,430652.76,4584057.21,2.169235577,41.40322022
2023S007553    ,3,Sants-Montjuïc,12,la Marina del Prat Vermell,701265,Litoral (Besòs),001550000,Wednesday,2023,12,December,20,Morning,10,No és causa del  vianant,Motorcycle,Man,29,Driver,Desconegut                                                                                                                                            ,Unknown,In itínere,Minor injury: Hospitalization up to 24 hours,429359.74,4578350.94,2.154433479,41.351713051
2023S007554    ,6,Gràcia,28,Vallcarca i els Penitents,358300,Vallcarca,0001X0001X,Wednesday,2023,12,December,20,Morning,10,No és causa del  vianant,Motorcycle,Man,48,Driver,Desconegut                                                                                                                                            ,Unknown,En missió,Minor injury: Hospitalization up to 24 hours,428545.12,4585124.64,2.143897252,41.412649478
2023S007555    ,9,Sant Andreu,61,la Sagrera,292507,Gran de la Sagrera,0053X0053X,Wednesday,2023,12,December,20,Morning,11,No és causa del  vianant,Car,Woman,79,Pedestrian,En pas regulat per semàfor                                                                                                                            ,Oci i entreteniment,Unknown,Serious injury: Hospitalization over 24 hours,432509.33,4586052.21,2.191221947,41.421346692
2023S007555    ,9,Sant Andreu,61,la Sagrera,292507,Gran de la Sagrera,0053X0053X,Wednesday,2023,12,December,20,Morning,11,No és causa del  vianant,Car,Man,85,Pedestrian,En pas regulat per semàfor                                                                                                                            ,Oci i entreteniment,Unknown,Minor injury: Hospitalization up to 24 hours,432509.33,4586052.21,2.191221947,41.421346692
2023S007556    ,3,Sants-Montjuïc,11,el Poble-sec,198804,Paral·lel,0099 0099,Wednesday,2023,12,December,20,Morning,9,No és causa del  vianant,Veh. mobilitat personal amb motor,Man,42,Pedestrian,En pas regulat per semàfor                                                                                                                            ,Unknown,Unknown,Minor injury: Hospitalization up to 24 hours,430165.02,4580906.14,2.163764544,41.374797294
2023S007557    ,10,Sant Martí,64,el Camp de l'Arpa del Clot,297001,Sant Antoni Maria Claret,0278 0280,Wednesday,2023,12,December,20,Morning,8,No és causa del  vianant,Motorcycle,Woman,34,Driver,Desconegut                                                                                                                                            ,Unknown,In itínere,Minor injury: Medical assistance at accident site,431349.6,4585179.44,2.177444057,41.413387629
2023S007558    ,4,Les Corts,21,Pedralbes,278302,Reina Maria Cristina,0001 0001,Wednesday,2023,12,December,20,Morning,11,No és causa del  vianant,Motorcycle,Woman,69,Driver,Desconegut                                                                                                                                            ,Unknown,Oci i entreteniment,Minor injury: Medical assistance at accident site,427092.14,4582471.6,2.126833523,41.388624106
2023S007559    ,1,Ciutat Vella,3,la Barceloneta,257506,Pinzón,0006 0012,Wednesday,2023,12,December,20,Morning,12,No és causa del  vianant,Bicicleta,Woman,25,Driver,Desconegut                                                                                                                                            ,Unknown,Unknown,Minor injury: Hospitalization up to 24 hours,432379.59,4581815.17,2.190143088,41.383173943
2023S007560    ,7,Horta-Guinardó,33,el Baix Guinardó,186102,Llorens i Barba,0001 0003,Wednesday,2023,12,December,20,Morning,10,No és causa del  vianant,Motorcycle,Man,43,Driver,Desconegut                                                                                                                                            ,Unknown,Unknown,Minor injury: Hospitalization up to 24 hours,430596.75,4584883.22,2.168470787,41.410654979
2023S007560    ,7,Horta-Guinardó,33,el Baix Guinardó,186102,Llorens i Barba,0001 0003,Wednesday,2023,12,December,20,Morning,10,No és causa del  vianant,Motorcycle,Man,31,Driver,Desconegut                                                                                                                                            ,Unknown,Oci i entreteniment,Serious injury: Hospitalization over 24 hours,430596.75,4584883.22,2.168470787,41.410654979
2023S007561    ,9,Sant Andreu,58,Baró de Viver,701498,B-10 (Besòs),000040000,Wednesday,2023,12,December,20,Morning,13,No és causa del  vianant,Motorcycle,Man,40,Driver,Desconegut                                                                                                                                            ,Unknown,Unknown,Minor injury: Medical assistance at accident site,433320.41,4589051.71,2.200596002,41.44843003
2023S007562    ,3,Sants-Montjuïc,12,la Marina del Prat Vermell,106861,E Zona Franca,0042 0044,Wednesday,2023,12,December,20,Morning,13,No és causa del  vianant,Furgoneta,Man,26,Driver,Desconegut                                                                                                                                            ,Unknown,En missió,Minor injury: Hospitalization up to 24 hours,427033.56,4576155.26,2.126893075,41.331729793
2023S007563    ,2,Eixample,9,la Nova Esquerra de l'Eixample,331507,Tarragona,0074 0076,Wednesday,2023,12,December,20,Afternoon,15,No és causa del  vianant,Motorcycle,Woman,34,Driver,Desconegut                                                                                                                                            ,Unknown,Unknown,Minor injury: Hospitalization up to 24 hours,428769.74,4581177.12,2.147049191,41.377115564
2023S007564    ,3,Sants-Montjuïc,17,Sants - Badal,30602,Badal,0153 0153,Wednesday,2023,12,December,20,Afternoon,16,No és causa del  vianant,Motorcycle,Woman,34,Driver,Desconegut                                                                                                                                            ,Unknown,Altres activitats,Minor injury: Hospitalization up to 24 hours,427402.43,4580868.81,2.130736573,41.374216472
2023S007565    ,2,Eixample,7,la Dreta de l'Eixample,49509,Bruc,0101 0101,Wednesday,2023,12,December,20,Afternoon,14,No és causa del  vianant,Motorcycle,Man,37,Driver,Desconegut                                                                                                                                            ,Unknown,In itínere,Minor injury: Hospitalization up to 24 hours,430499.78,4583238.78,2.167499581,41.395835671
2023S007566    ,10,Sant Martí,71,Provençals del Poblenou,200600,Marroc,0057 0057,Wednesday,2023,12,December,20,Afternoon,15,No és causa del  vianant,Car,Woman,45,Pedestrian,En pas regulat per semàfor                                                                                                                            ,Oci i entreteniment,Unknown,Minor injury: Hospitalization up to 24 hours,433279.17,4584604.95,2.200593385,41.408375957
2023S007567    ,2,Eixample,6,la Sagrada Família,289105,Rosselló,0458B0458B,Saturday,2023,12,December,30,Afternoon,16,No és causa del  vianant,Motorcycle,Man,36,Passenger,Desconegut                                                                                                                                            ,Unknown,Unknown,Minor injury: Hospitalization up to 24 hours,431274.06,4584558.52,2.176610842,41.407788743
2023S007568    ,4,Les Corts,21,Pedralbes,359200,Pedralbes,9999 9999,Wednesday,2023,12,December,20,Afternoon,18,No és causa del  vianant,Car,Man,10,Passenger,Desconegut                                                                                                                                            ,Unknown,Unknown,Minor injury: Refused medical assistance,425980.87,4583143.77,2.113461081,41.394576499
2023S007568    ,4,Les Corts,21,Pedralbes,359200,Pedralbes,9999 9999,Wednesday,2023,12,December,20,Afternoon,18,No és causa del  vianant,Car,Man,42,Passenger,Desconegut                                                                                                                                            ,Unknown,Unknown,Minor injury: Hospitalization up to 24 hours,425980.87,4583143.77,2.113461081,41.394576499
2023S007568    ,4,Les Corts,21,Pedralbes,359200,Pedralbes,9999 9999,Wednesday,2023,12,December,20,Afternoon,18,No és causa del  vianant,Car,Woman,51,Driver,Desconegut                                                                                                                                            ,Unknown,Unknown,Minor injury: Hospitalization up to 24 hours,425980.87,4583143.77,2.113461081,41.394576499
2023S007568    ,4,Les Corts,21,Pedralbes,359200,Pedralbes,9999 9999,Wednesday,2023,12,December,20,Afternoon,18,No és causa del  vianant,Car,Woman,68,Driver,Desconegut                                                                                                                                            ,Unknown,Unknown,Minor injury: Hospitalization up to 24 hours,425980.87,4583143.77,2.113461081,41.394576499
2023S007569    ,5,Sarrià-Sant Gervasi,26,Sant Gervasi - Galvany,55807,Francesc Macià,0001 0001,Wednesday,2023,12,December,20,Afternoon,17,No és causa del  vianant,Motorcycle,Man,25,Driver,Desconegut                                                                                                                                            ,Unknown,Oci i entreteniment,Minor injury: Medical assistance at accident site,428612.49,4582961.18,2.144958549,41.393170016
2023S007570    ,7,Horta-Guinardó,33,el Baix Guinardó,152905,Guinardó,0090V0090V,Monday,2023,12,December,18,Afternoon,17,No és causa del  vianant,Motorcycle,Man,40,Driver,Desconegut                                                                                                                                            ,Unknown,In itínere,Minor injury: Hospitalization up to 24 hours,430765.4,4585196.94,2.17045255,41.413495102
2023S007571    ,2,Eixample,9,la Nova Esquerra de l'Eixample,18505,Aragó,0008 0008,Wednesday,2023,12,December,20,Afternoon,21,No és causa del  vianant,Veh. mobilitat personal amb motor,Man,25,Driver,Desconegut                                                                                                                                            ,Unknown,In itínere,Minor injury: Hospitalization up to 24 hours,428930.62,4581499.01,2.148935148,41.380028952
2023S007572    ,8,Nou Barris,50,les Roquetes,267816,Nou Barris,0001 0001,Wednesday,2023,12,December,20,Afternoon,20,No és causa del  vianant,Car,Man,79,Pedestrian,A la vorera / Andana                                                                                                                                  ,Oci i entreteniment,Unknown,Minor injury: Hospitalization up to 24 hours,431602.49,4588970.87,2.180040447,41.447557304
2023S007574    ,10,Sant Martí,64,el Camp de l'Arpa del Clot,18505,Aragó,0607 0607,Wednesday,2023,12,December,20,Afternoon,15,No és causa del  vianant,Ciclomotor,Woman,22,Passenger,Desconegut                                                                                                                                            ,Unknown,Unknown,Minor injury: Hospitalization up to 24 hours,432087.83,4584617.84,2.186339504,41.408392225
2023S007574    ,10,Sant Martí,64,el Camp de l'Arpa del Clot,18505,Aragó,0607 0607,Wednesday,2023,12,December,20,Afternoon,15,No és causa del  vianant,Ciclomotor,Man,24,Driver,Desconegut                                                                                                                                            ,Unknown,Unknown,Minor injury: Hospitalization up to 24 hours,432087.83,4584617.84,2.186339504,41.408392225
2023S007575    ,10,Sant Martí,71,Provençals del Poblenou,701414,C-31,020830000,Wednesday,2023,12,December,20,Afternoon,20,No és causa del  vianant,Motorcycle,Man,26,Driver,Desconegut                                                                                                                                            ,Unknown,En missió,Minor injury: Hospitalization up to 24 hours,433942.83,4585841.27,2.20839795,41.419566019
2023S007578    ,2,Eixample,10,Sant Antoni,308709,Sant Pau,0069 0069,Wednesday,2023,12,December,20,Morning,10,Transitar a peu per la calçada,Veh. mobilitat personal amb motor,Woman,52,Pedestrian,Fora del pas                                                                                                                                          ,Unknown,Unknown,Minor injury: Hospitalization up to 24 hours,430149.78,4581327.13,2.163533775,41.378587702
2023S007579    ,1,Ciutat Vella,3,la Barceloneta,325107,Trelawny,0004B0004B,Thursday,2023,12,December,21,Morning,6,Creuar per fora pas de vianants,Car,Man,42,Pedestrian,Fora del pas                                                                                                                                          ,Oci i entreteniment,Unknown,Serious injury: Hospitalization over 24 hours,432833.33,4582025.04,2.195545974,41.385102224
2023S007580    ,10,Sant Martí,66,el Parc i la Llacuna del Poblenou,242906,Pallars,0063 0063,Wednesday,2023,12,December,20,Night,22,No és causa del  vianant,Veh. mobilitat personal amb motor,Woman,16,Driver,Desconegut                                                                                                                                            ,Unknown,Oci i entreteniment,Minor injury: Medical assistance at accident site,432207.28,4583013.7,2.187948269,41.393954279